
*** Running vivado
    with args -log system_wrapper.vdi -applog -m64 -product Vivado -messageDb vivado.pb -mode batch -source system_wrapper.tcl -notrace


INFO: [Common 17-3922] A valid Vivado Design Suite BASIC license has been detected. Your current license is active and will expire on 22-jul-2027.
#-----------------------------------------------------------
# Vivado v2026.1 (64-bit)
# SW Build 6511674 on Tue Jun 16 11:02:23 MDT 2026
# IP Build 6504888 on Tue Jun 09 09:05:25 MDT 2026
# SharedData Build 6501428 on Mon Jun 08 17:34:18 MDT 2026
# Start of session at: Fri Oct  9 22:59:40 2026
# Process ID         : 36120
# Current directory  : D:/fft/fft_phase11_latency_opt/build/board/iq_board.runs/impl_1
# Command line       : vivado.exe -log system_wrapper.vdi -applog -product Vivado -messageDb vivado.pb -mode batch -source system_wrapper.tcl -notrace
# Log file           : D:/fft/fft_phase11_latency_opt/build/board/iq_board.runs/impl_1/system_wrapper.vdi
# Journal file       : D:/fft/fft_phase11_latency_opt/build/board/iq_board.runs/impl_1\vivado.jou
# Running On         : LAPTOP-ATE8I1GS
# Platform           : Windows 11
# Operating System   : 26100
# Processor Detail   : AMD Ryzen 9 7945HX with Radeon Graphics        
# CPU Frequency      : 2495 MHz
# CPU Physical cores : 16
# CPU Logical cores  : 32
# Host memory        : 16844 MB
# Swap memory        : 20779 MB
# Total Virtual      : 37624 MB
# Available Virtual  : 6228 MB
#-----------------------------------------------------------

****** Vivado v2026.1 (64-bit)
  **** SW Build 6511674 on Tue Jun 16 11:02:23 MDT 2026
  **** IP Build 6504888 on Tue Jun 09 09:05:25 MDT 2026
  **** SharedData Build 6501428 on Mon Jun 08 17:34:18 MDT 2026
  **** Start of session at: Fri Oct  9 22:59:40 2026
    ** Copyright 1986-2022 Xilinx, Inc. All Rights Reserved.
    ** Copyright 2022-2026 Advanced Micro Devices, Inc. All Rights Reserved.

Sourcing tcl script 'C:/Users/LENOVO/AppData/Roaming/Xilinx/Vivado/Vivado_init.tcl'
source system_wrapper.tcl -notrace
create_project: Time (s): cpu = 00:00:07 ; elapsed = 00:00:09 . Memory (MB): peak = 615.504 ; gain = 273.398
INFO: [IP_Flow 19-234] Refreshing IP repositories
INFO: [IP_Flow 19-1704] No user IP repositories specified
INFO: [IP_Flow 19-2313] Loaded Vivado IP repository 'D:/VivadoMM/2026.1/Vivado/data/ip'.
Command: link_design -top system_wrapper -part xc7z020clg400-1
Design is defaulting to srcset: sources_1
Design is defaulting to constrset: constrs_1
INFO: [Device 21-403] Loading part xc7z020clg400-1
INFO: [Project 1-5699] Read binary netlist with skipMacroContent - 1
INFO: [Project 1-454] Reading design checkpoint 'd:/fft/fft_phase11_latency_opt/build/board/iq_board.gen/sources_1/bd/system/ip/system_axi_dma_0_0/system_axi_dma_0_0.dcp' for cell 'system_i/axi_dma_0'
INFO: [Project 1-454] Reading design checkpoint 'd:/fft/fft_phase11_latency_opt/build/board/iq_board.gen/sources_1/bd/system/ip/system_fft_clock_0/system_fft_clock_0.dcp' for cell 'system_i/fft_clock'
INFO: [Project 1-454] Reading design checkpoint 'd:/fft/fft_phase11_latency_opt/build/board/iq_board.gen/sources_1/bd/system/ip/system_iq_0_0/system_iq_0_0.dcp' for cell 'system_i/iq_0'
INFO: [Project 1-454] Reading design checkpoint 'd:/fft/fft_phase11_latency_opt/build/board/iq_board.gen/sources_1/bd/system/ip/system_ps7_0/system_ps7_0.dcp' for cell 'system_i/ps7'
INFO: [Project 1-454] Reading design checkpoint 'd:/fft/fft_phase11_latency_opt/build/board/iq_board.gen/sources_1/bd/system/ip/system_rst_ps7_125M_0/system_rst_ps7_125M_0.dcp' for cell 'system_i/rst_ps7_125M'
INFO: [Project 1-454] Reading design checkpoint 'd:/fft/fft_phase11_latency_opt/build/board/iq_board.gen/sources_1/bd/system/ip/system_axi_mem_intercon_imp_auto_pc_0/system_axi_mem_intercon_imp_auto_pc_0.dcp' for cell 'system_i/axi_mem_intercon/s00_couplers/auto_pc'
INFO: [Project 1-454] Reading design checkpoint 'd:/fft/fft_phase11_latency_opt/build/board/iq_board.gen/sources_1/bd/system/ip/system_axi_mem_intercon_imp_auto_us_0/system_axi_mem_intercon_imp_auto_us_0.dcp' for cell 'system_i/axi_mem_intercon/s00_couplers/auto_us'
INFO: [Project 1-454] Reading design checkpoint 'd:/fft/fft_phase11_latency_opt/build/board/iq_board.gen/sources_1/bd/system/ip/system_ps7_axi_periph_imp_xbar_0/system_ps7_axi_periph_imp_xbar_0.dcp' for cell 'system_i/ps7_axi_periph/xbar'
INFO: [Project 1-454] Reading design checkpoint 'd:/fft/fft_phase11_latency_opt/build/board/iq_board.gen/sources_1/bd/system/ip/system_ps7_axi_periph_imp_auto_pc_0/system_ps7_axi_periph_imp_auto_pc_0.dcp' for cell 'system_i/ps7_axi_periph/s00_couplers/auto_pc'
INFO: [Project 1-454] Reading design checkpoint 'd:/fft/fft_phase11_latency_opt/build/vivado16k/iq_analyzer.gen/sources_1/ip/fft8192/fft8192.dcp' for cell 'system_i/iq_0/inst/core/transform/fft'
Netlist sorting complete. Time (s): cpu = 00:00:00 ; elapsed = 00:00:00.260 . Memory (MB): peak = 1021.527 ; gain = 0.000
INFO: [Netlist 29-17] Analyzing 4467 Unisim elements for replacement
INFO: [Netlist 29-28] Unisim Transformation completed in 1 CPU seconds
INFO: [Project 1-479] Netlist was created with Vivado 2026.1
INFO: [Project 1-570] Preparing netlist for logic optimization
Parsing XDC File [d:/fft/fft_phase11_latency_opt/build/board/iq_board.gen/sources_1/bd/system/ip/system_ps7_0/system_ps7_0.xdc] for cell 'system_i/ps7/inst'
Finished Parsing XDC File [d:/fft/fft_phase11_latency_opt/build/board/iq_board.gen/sources_1/bd/system/ip/system_ps7_0/system_ps7_0.xdc] for cell 'system_i/ps7/inst'
Parsing XDC File [d:/fft/fft_phase11_latency_opt/build/board/iq_board.gen/sources_1/bd/system/ip/system_axi_dma_0_0/system_axi_dma_0_0.xdc] for cell 'system_i/axi_dma_0/U0'
Finished Parsing XDC File [d:/fft/fft_phase11_latency_opt/build/board/iq_board.gen/sources_1/bd/system/ip/system_axi_dma_0_0/system_axi_dma_0_0.xdc] for cell 'system_i/axi_dma_0/U0'
Parsing XDC File [d:/fft/fft_phase11_latency_opt/build/board/iq_board.gen/sources_1/bd/system/ip/system_fft_clock_0/system_fft_clock_0_board.xdc] for cell 'system_i/fft_clock/inst'
Finished Parsing XDC File [d:/fft/fft_phase11_latency_opt/build/board/iq_board.gen/sources_1/bd/system/ip/system_fft_clock_0/system_fft_clock_0_board.xdc] for cell 'system_i/fft_clock/inst'
Parsing XDC File [d:/fft/fft_phase11_latency_opt/build/board/iq_board.gen/sources_1/bd/system/ip/system_fft_clock_0/system_fft_clock_0.xdc] for cell 'system_i/fft_clock/inst'
Finished Parsing XDC File [d:/fft/fft_phase11_latency_opt/build/board/iq_board.gen/sources_1/bd/system/ip/system_fft_clock_0/system_fft_clock_0.xdc] for cell 'system_i/fft_clock/inst'
Parsing XDC File [d:/fft/fft_phase11_latency_opt/build/board/iq_board.gen/sources_1/bd/system/ip/system_rst_ps7_125M_0/system_rst_ps7_125M_0_board.xdc] for cell 'system_i/rst_ps7_125M/U0'
Finished Parsing XDC File [d:/fft/fft_phase11_latency_opt/build/board/iq_board.gen/sources_1/bd/system/ip/system_rst_ps7_125M_0/system_rst_ps7_125M_0_board.xdc] for cell 'system_i/rst_ps7_125M/U0'
Parsing XDC File [D:/fft/fft_phase11_latency_opt/constraints/cdc.xdc]
Finished Parsing XDC File [D:/fft/fft_phase11_latency_opt/constraints/cdc.xdc]
Parsing XDC File [d:/fft/fft_phase11_latency_opt/build/board/iq_board.gen/sources_1/bd/system/ip/system_axi_dma_0_0/system_axi_dma_0_0_clocks.xdc] for cell 'system_i/axi_dma_0/U0'
Finished Parsing XDC File [d:/fft/fft_phase11_latency_opt/build/board/iq_board.gen/sources_1/bd/system/ip/system_axi_dma_0_0/system_axi_dma_0_0_clocks.xdc] for cell 'system_i/axi_dma_0/U0'
Parsing XDC File [d:/fft/fft_phase11_latency_opt/build/board/iq_board.gen/sources_1/bd/system/ip/system_fft_clock_0/system_fft_clock_0_late.xdc] for cell 'system_i/fft_clock/inst'
Finished Parsing XDC File [d:/fft/fft_phase11_latency_opt/build/board/iq_board.gen/sources_1/bd/system/ip/system_fft_clock_0/system_fft_clock_0_late.xdc] for cell 'system_i/fft_clock/inst'
Parsing XDC File [d:/fft/fft_phase11_latency_opt/build/board/iq_board.gen/sources_1/bd/system/ip/system_axi_mem_intercon_imp_auto_us_0/system_axi_mem_intercon_imp_auto_us_0_clocks.xdc] for cell 'system_i/axi_mem_intercon/s00_couplers/auto_us/inst'
Finished Parsing XDC File [d:/fft/fft_phase11_latency_opt/build/board/iq_board.gen/sources_1/bd/system/ip/system_axi_mem_intercon_imp_auto_us_0/system_axi_mem_intercon_imp_auto_us_0_clocks.xdc] for cell 'system_i/axi_mem_intercon/s00_couplers/auto_us/inst'
INFO: [Project 1-1714] 27 XPM XDC files have been applied to the design.
INFO: [Opt 31-138] Pushed 0 inverter(s) to 0 load pin(s).
Netlist sorting complete. Time (s): cpu = 00:00:00 ; elapsed = 00:00:00.030 . Memory (MB): peak = 1786.332 ; gain = 0.000
INFO: [Project 1-111] Unisim Transformation Summary:
  A total of 1046 instances were transformed.
  RAM16X1D => RAM32X1D (RAMD32(x2)): 1 instance 
  RAM16X1S => RAM32X1S (RAMS32): 32 instances
  RAM32M => RAM32M (RAMD32(x6), RAMS32(x2)): 135 instances
  RAM32X1D => RAM32X1D (RAMD32(x2)): 3 instances
  RAM64M => RAM64M (RAMD64E(x4)): 840 instances
  RAM64X1S => RAM64X1S (RAMS64E): 35 instances

22 Infos, 0 Warnings, 0 Critical Warnings and 0 Errors encountered.
link_design completed successfully
link_design: Time (s): cpu = 00:00:26 ; elapsed = 00:00:28 . Memory (MB): peak = 1786.332 ; gain = 1130.145
Command: opt_design
Attempting to get a license for feature 'Vivado_Implementation' and/or device 'xc7z020'
INFO: [Common 17-349] Got license for feature 'Vivado_Implementation' and/or device 'xc7z020'
Running DRC as a precondition to command opt_design

Starting DRC Task
INFO: [DRC 23-27] Running DRC with 4 threads
INFO: [Project 1-461] DRC finished with 0 Errors
INFO: [Project 1-462] Please refer to the DRC report (report_drc) for more information.

Time (s): cpu = 00:00:01 ; elapsed = 00:00:00.500 . Memory (MB): peak = 1786.332 ; gain = 0.000

Starting Cache Timing Information Task
INFO: [Timing 38-35] Done setting XDC timing constraints.
Ending Cache Timing Information Task | Checksum: 1847f5b2d

Time (s): cpu = 00:00:03 ; elapsed = 00:00:01 . Memory (MB): peak = 1786.332 ; gain = 0.000

Starting Logic Optimization Task

Phase 1 Initialization

Phase 1.1 Core Generation And Design Setup
Phase 1.1 Core Generation And Design Setup | Checksum: 1847f5b2d

Time (s): cpu = 00:00:00 ; elapsed = 00:00:00.048 . Memory (MB): peak = 2264.930 ; gain = 0.000

Phase 1.2 Setup Constraints And Sort Netlist
Phase 1.2 Setup Constraints And Sort Netlist | Checksum: 1847f5b2d

Time (s): cpu = 00:00:00 ; elapsed = 00:00:00.105 . Memory (MB): peak = 2264.930 ; gain = 0.000
Phase 1 Initialization | Checksum: 1847f5b2d

Time (s): cpu = 00:00:00 ; elapsed = 00:00:00.111 . Memory (MB): peak = 2264.930 ; gain = 0.000

Phase 2 Timer Update And Timing Data Collection

Phase 2.1 Detect if minReqCache needed
Phase 2.1 Detect if minReqCache needed | Checksum: 1847f5b2d

Time (s): cpu = 00:00:00 ; elapsed = 00:00:00.172 . Memory (MB): peak = 2267.090 ; gain = 2.160

Phase 2.2 Timer Update
Phase 2.2 Timer Update | Checksum: 1847f5b2d

Time (s): cpu = 00:00:02 ; elapsed = 00:00:00.847 . Memory (MB): peak = 2267.090 ; gain = 2.160

Phase 2.3 Timing Data Collection
Phase 2.3 Timing Data Collection | Checksum: 1847f5b2d

Time (s): cpu = 00:00:02 ; elapsed = 00:00:00.902 . Memory (MB): peak = 2267.090 ; gain = 2.160
Phase 2 Timer Update And Timing Data Collection | Checksum: 1847f5b2d

Time (s): cpu = 00:00:02 ; elapsed = 00:00:00.908 . Memory (MB): peak = 2267.090 ; gain = 2.160

Phase 3 Retarget
INFO: [Opt 31-1851] Number of loadless carry chains removed were: 0
INFO: [Opt 31-1834] Total Chains To Be Transformed Were: 0 AND Number of Transformed insts Created are: 0
INFO: [Opt 31-1566] Pulled 16 inverters resulting in an inversion of 261 pins
INFO: [Opt 31-138] Pushed 48 inverter(s) to 50 load pin(s).
INFO: [Opt 31-49] Retargeted 0 cell(s).
Phase 3 Retarget | Checksum: 14d94496a

Time (s): cpu = 00:00:03 ; elapsed = 00:00:02 . Memory (MB): peak = 2267.090 ; gain = 2.160
Retarget | Checksum: 14d94496a
INFO: [Opt 31-389] Phase Retarget created 367 cells and removed 496 cells
INFO: [Opt 31-1021] In phase Retarget, 24 netlist objects are constrained preventing optimization. Please run opt_design with -debug_log to get more detail. 

Phase 4 Constant propagation
INFO: [Opt 31-138] Pushed 3 inverter(s) to 7 load pin(s).
Phase 4 Constant propagation | Checksum: 19212019e

Time (s): cpu = 00:00:03 ; elapsed = 00:00:02 . Memory (MB): peak = 2267.090 ; gain = 2.160
Constant propagation | Checksum: 19212019e
INFO: [Opt 31-389] Phase Constant propagation created 472 cells and removed 833 cells
INFO: [Opt 31-1021] In phase Constant propagation, 51 netlist objects are constrained preventing optimization. Please run opt_design with -debug_log to get more detail. 

Phase 5 Sweep
INFO: [Constraints 18-11670] Building netlist checker database with flags, 0x8
Done building netlist checker database: Time (s): cpu = 00:00:00 ; elapsed = 00:00:00.025 . Memory (MB): peak = 2267.090 ; gain = 0.000
INFO: [Constraints 18-11670] Building netlist checker database with flags, 0x8
Done building netlist checker database: Time (s): cpu = 00:00:00 ; elapsed = 00:00:00.022 . Memory (MB): peak = 2267.090 ; gain = 0.000
Phase 5 Sweep | Checksum: 1dc52dfc9

Time (s): cpu = 00:00:04 ; elapsed = 00:00:03 . Memory (MB): peak = 2267.090 ; gain = 2.160
Sweep | Checksum: 1dc52dfc9
INFO: [Opt 31-389] Phase Sweep created 0 cells and removed 330 cells
INFO: [Opt 31-1021] In phase Sweep, 213 netlist objects are constrained preventing optimization. Please run opt_design with -debug_log to get more detail. 

Phase 6 BUFG optimization
Phase 6 BUFG optimization | Checksum: 1dc52dfc9

Time (s): cpu = 00:00:05 ; elapsed = 00:00:04 . Memory (MB): peak = 2267.090 ; gain = 2.160
BUFG optimization | Checksum: 1dc52dfc9
INFO: [Opt 31-662] Phase BUFG optimization created 0 cells of which 0 are BUFGs and removed 0 cells.

Phase 7 Shift Register Optimization
INFO: [Opt 31-1064] SRL Remap converted 0 SRLs to 0 registers and converted 0 registers of register chains to 0 SRLs
Phase 7 Shift Register Optimization | Checksum: 1dc52dfc9

Time (s): cpu = 00:00:06 ; elapsed = 00:00:04 . Memory (MB): peak = 2267.090 ; gain = 2.160
Shift Register Optimization | Checksum: 1dc52dfc9
INFO: [Opt 31-389] Phase Shift Register Optimization created 0 cells and removed 0 cells

Phase 8 Post Processing Netlist
Phase 8 Post Processing Netlist | Checksum: 1ce07f0c0

Time (s): cpu = 00:00:06 ; elapsed = 00:00:04 . Memory (MB): peak = 2267.090 ; gain = 2.160
Post Processing Netlist | Checksum: 1ce07f0c0
INFO: [Opt 31-389] Phase Post Processing Netlist created 0 cells and removed 0 cells
INFO: [Opt 31-1021] In phase Post Processing Netlist, 21 netlist objects are constrained preventing optimization. Please run opt_design with -debug_log to get more detail. 

Phase 9 Finalization

Phase 9.1 Finalizing Design Cores and Updating Shapes
Phase 9.1 Finalizing Design Cores and Updating Shapes | Checksum: 121ebed1e

Time (s): cpu = 00:00:07 ; elapsed = 00:00:05 . Memory (MB): peak = 2267.090 ; gain = 2.160

Phase 9.2 Verifying Netlist Connectivity

Starting Connectivity Check Task

Time (s): cpu = 00:00:00 ; elapsed = 00:00:00.073 . Memory (MB): peak = 2267.090 ; gain = 0.000
Phase 9.2 Verifying Netlist Connectivity | Checksum: 121ebed1e

Time (s): cpu = 00:00:07 ; elapsed = 00:00:05 . Memory (MB): peak = 2267.090 ; gain = 2.160
Phase 9 Finalization | Checksum: 121ebed1e

Time (s): cpu = 00:00:07 ; elapsed = 00:00:05 . Memory (MB): peak = 2267.090 ; gain = 2.160
Opt_design Change Summary
=========================


-------------------------------------------------------------------------------------------------------------------------
|  Phase                        |  #Cells created  |  #Cells Removed  |  #Constrained objects preventing optimizations  |
-------------------------------------------------------------------------------------------------------------------------
|  Retarget                     |             367  |             496  |                                             24  |
|  Constant propagation         |             472  |             833  |                                             51  |
|  Sweep                        |               0  |             330  |                                            213  |
|  BUFG optimization            |               0  |               0  |                                              0  |
|  Shift Register Optimization  |               0  |               0  |                                              0  |
|  Post Processing Netlist      |               0  |               0  |                                             21  |
-------------------------------------------------------------------------------------------------------------------------


Ending Logic Optimization Task | Checksum: 121ebed1e

Time (s): cpu = 00:00:07 ; elapsed = 00:00:05 . Memory (MB): peak = 2267.090 ; gain = 2.160

Starting Power Optimization Task
INFO: [Pwropt 34-132] Skipping clock gating for clocks with a period < 2.00 ns.
INFO: [Timing 38-35] Done setting XDC timing constraints.
Running Vector-less Activity Propagation...
INFO: [Pwropt 34-9] Applying IDT optimizations ...
INFO: [Pwropt 34-10] Applying ODC optimizations ...

Finished Running Vector-less Activity Propagation


Starting PowerOpt Patch Enables Task
INFO: [Pwropt 34-162] WRITE_MODE attribute of 44 BRAM(s) out of a total of 153 has been updated to save power. Run report_power_opt to get a complete listing of the BRAMs updated.
INFO: [Pwropt 34-201] Structural ODC has moved 0 WE to EN ports
Number of BRAM Ports augmented: 49 newly gated: 88 Total Ports: 306
Number of Flops added for Enable Generation: 4

Ending PowerOpt Patch Enables Task | Checksum: 19bb11f68

Time (s): cpu = 00:00:01 ; elapsed = 00:00:00.644 . Memory (MB): peak = 2564.750 ; gain = 0.000
Ending Power Optimization Task | Checksum: 19bb11f68

Time (s): cpu = 00:00:20 ; elapsed = 00:00:12 . Memory (MB): peak = 2564.750 ; gain = 297.660

Starting Final Cleanup Task

Starting Logic Optimization Task
INFO: [Timing 38-35] Done setting XDC timing constraints.
Ending Logic Optimization Task | Checksum: 24868fc8a

Time (s): cpu = 00:00:07 ; elapsed = 00:00:04 . Memory (MB): peak = 2564.750 ; gain = 0.000
Ending Final Cleanup Task | Checksum: 24868fc8a

Time (s): cpu = 00:00:10 ; elapsed = 00:00:08 . Memory (MB): peak = 2564.750 ; gain = 0.000
Netlist sorting complete. Time (s): cpu = 00:00:00 ; elapsed = 00:00:00.039 . Memory (MB): peak = 2564.750 ; gain = 0.000
INFO: [Common 17-83] Releasing license: Vivado_Implementation
54 Infos, 0 Warnings, 0 Critical Warnings and 0 Errors encountered.
opt_design completed successfully
opt_design: Time (s): cpu = 00:00:43 ; elapsed = 00:00:29 . Memory (MB): peak = 2564.750 ; gain = 778.418
INFO: [Vivado 12-24828] Executing command : report_drc -file system_wrapper_drc_opted.rpt -pb system_wrapper_drc_opted.pb -rpx system_wrapper_drc_opted.rpx
Command: report_drc -file system_wrapper_drc_opted.rpt -pb system_wrapper_drc_opted.pb -rpx system_wrapper_drc_opted.rpx
INFO: [IP_Flow 19-1839] IP Catalog is up to date.
INFO: [DRC 23-27] Running DRC with 4 threads
INFO: [Vivado_Tcl 2-168] The results of DRC are in file D:/fft/fft_phase11_latency_opt/build/board/iq_board.runs/impl_1/system_wrapper_drc_opted.rpt.
report_drc completed successfully
INFO: [Timing 38-480] Writing timing data to binary archive.
Wrote PlaceDB: Time (s): cpu = 00:00:00 ; elapsed = 00:00:00 . Memory (MB): peak = 2564.750 ; gain = 0.000
Wrote PulsedLatchDB: Time (s): cpu = 00:00:00 ; elapsed = 00:00:00 . Memory (MB): peak = 2564.750 ; gain = 0.000
Writing XDEF routing.
Writing XDEF routing logical nets.
Writing XDEF routing special nets.
Wrote RouteStorage: Time (s): cpu = 00:00:00 ; elapsed = 00:00:00.090 . Memory (MB): peak = 2564.750 ; gain = 0.000
Wrote PlaceStorage: Time (s): cpu = 00:00:00 ; elapsed = 00:00:00.009 . Memory (MB): peak = 2564.750 ; gain = 0.000
Wrote Netlist Cache: Time (s): cpu = 00:00:00 ; elapsed = 00:00:00.002 . Memory (MB): peak = 2564.750 ; gain = 0.000
Wrote Device Cache: Time (s): cpu = 00:00:00 ; elapsed = 00:00:00.009 . Memory (MB): peak = 2564.750 ; gain = 0.000
Write Physdb Complete: Time (s): cpu = 00:00:00 ; elapsed = 00:00:00.130 . Memory (MB): peak = 2564.750 ; gain = 0.000
Write ShapeDB Complete: Time (s): cpu = 00:00:00 ; elapsed = 00:00:00.139 . Memory (MB): peak = 2564.750 ; gain = 0.000
INFO: [Common 17-1381] The checkpoint 'D:/fft/fft_phase11_latency_opt/build/board/iq_board.runs/impl_1/system_wrapper_opt.dcp' has been generated.
Command: place_design
Attempting to get a license for feature 'Vivado_Implementation' and/or device 'xc7z020'
INFO: [Common 17-349] Got license for feature 'Vivado_Implementation' and/or device 'xc7z020'
INFO: [Common 17-83] Releasing license: Vivado_Implementation
INFO: [Timing 38-35] Done setting XDC timing constraints.
Running DRC as a precondition to command place_design
INFO: [DRC 23-27] Running DRC with 4 threads
INFO: [Vivado_Tcl 4-198] DRC finished with 0 Errors, 8 Warnings
INFO: [Vivado_Tcl 4-199] Please refer to the DRC report (report_drc) for more information.
INFO: [Place 30-611] Multithreading enabled for place_design using a maximum of 4 CPUs

Starting Placer Task

Phase 1 Placer Initialization

Phase 1.1 Placer Initialization Netlist Sorting
Netlist sorting complete. Time (s): cpu = 00:00:00 ; elapsed = 00:00:00.039 . Memory (MB): peak = 2564.750 ; gain = 0.000
Phase 1.1 Placer Initialization Netlist Sorting | Checksum: 14876b488

Time (s): cpu = 00:00:00 ; elapsed = 00:00:00.049 . Memory (MB): peak = 2564.750 ; gain = 0.000
Netlist sorting complete. Time (s): cpu = 00:00:00 ; elapsed = 00:00:00.040 . Memory (MB): peak = 2564.750 ; gain = 0.000

Phase 1.2 IO Placement/ Clock Placement/ Build Placer Device
Phase 1.2 IO Placement/ Clock Placement/ Build Placer Device | Checksum: 15e16ce32

Time (s): cpu = 00:00:04 ; elapsed = 00:00:03 . Memory (MB): peak = 2564.750 ; gain = 0.000

Phase 1.3 Build Placer Netlist Model
Phase 1.3 Build Placer Netlist Model | Checksum: 143cc5aa1

Time (s): cpu = 00:00:24 ; elapsed = 00:00:15 . Memory (MB): peak = 2564.750 ; gain = 0.000

Phase 1.4 Constrain Clocks/Macros
Phase 1.4 Constrain Clocks/Macros | Checksum: 143cc5aa1

Time (s): cpu = 00:00:24 ; elapsed = 00:00:15 . Memory (MB): peak = 2564.750 ; gain = 0.000
Phase 1 Placer Initialization | Checksum: 143cc5aa1

Time (s): cpu = 00:00:24 ; elapsed = 00:00:15 . Memory (MB): peak = 2564.750 ; gain = 0.000

Phase 2 Global Placement

Phase 2.1 Floorplanning
Phase 2.1 Floorplanning | Checksum: 134371ead

Time (s): cpu = 00:00:35 ; elapsed = 00:00:19 . Memory (MB): peak = 2564.750 ; gain = 0.000

Phase 2.2 Update Timing before SLR Path Opt
Phase 2.2 Update Timing before SLR Path Opt | Checksum: 11dd72a81

Time (s): cpu = 00:00:44 ; elapsed = 00:00:23 . Memory (MB): peak = 2564.750 ; gain = 0.000

Phase 2.3 Post-Processing in Floorplanning
Phase 2.3 Post-Processing in Floorplanning | Checksum: 17b55e21c

Time (s): cpu = 00:00:44 ; elapsed = 00:00:23 . Memory (MB): peak = 2564.750 ; gain = 0.000

Phase 2.4 Global Place Phase1
Phase 2.4 Global Place Phase1 | Checksum: 129b8826a

Time (s): cpu = 00:01:46 ; elapsed = 00:00:52 . Memory (MB): peak = 2564.750 ; gain = 0.000

Phase 2.5 Global Place Phase2

Phase 2.5.1 UpdateTiming Before Physical Synthesis
Phase 2.5.1 UpdateTiming Before Physical Synthesis | Checksum: 1668c19c1

Time (s): cpu = 00:01:56 ; elapsed = 00:00:55 . Memory (MB): peak = 2564.750 ; gain = 0.000

Phase 2.5.2 Physical Synthesis In Placer
INFO: [Physopt 32-1035] Found 20 LUTNM shape to break, 799 LUT instances to create LUTNM shape
INFO: [Physopt 32-1044] Break lutnm for timing: one critical 15, two critical 5, total 20, new lutff created 1
INFO: [Physopt 32-1138] End 1 Pass. Optimized 373 nets or LUTs. Breaked 20 LUTs, combined 353 existing LUTs and moved 0 existing LUT
INFO: [Physopt 32-1408] Pass 1. Identified 2 candidate nets for high-fanout optimization.
INFO: [Physopt 32-81] Processed net system_i/iq_0/inst/core/transform/fft/U0/i_synth/axi_wrapper/ce_w2c. Replicated 75 times.
INFO: [Physopt 32-81] Processed net system_i/iq_0/inst/freq_ring/freq_busy. Replicated 6 times.
INFO: [Physopt 32-232] Optimized 2 nets. Created 81 new instances.
INFO: [Physopt 32-775] End 1 Pass. Optimized 2 nets or cells. Created 81 new cells, deleted 0 existing cell and moved 0 existing cell
Netlist sorting complete. Time (s): cpu = 00:00:00 ; elapsed = 00:00:00.183 . Memory (MB): peak = 2564.750 ; gain = 0.000
INFO: [Physopt 32-76] Pass 1. Identified 1 candidate net for fanout optimization.
INFO: [Physopt 32-81] Processed net system_i/iq_0/inst/ra[6]. Replicated 8 times.
INFO: [Physopt 32-232] Optimized 1 net. Created 8 new instances.
INFO: [Physopt 32-775] End 1 Pass. Optimized 1 net or cell. Created 8 new cells, deleted 0 existing cell and moved 0 existing cell
Netlist sorting complete. Time (s): cpu = 00:00:00 ; elapsed = 00:00:00.092 . Memory (MB): peak = 2564.750 ; gain = 0.000
INFO: [Physopt 32-46] Identified 11 candidate nets for critical-cell optimization.
INFO: [Physopt 32-81] Processed net system_i/iq_0/inst/freq_ring/out[1]. Replicated 1 times.
INFO: [Physopt 32-81] Processed net system_i/iq_0/inst/freq_ring/out[5]. Replicated 1 times.
INFO: [Physopt 32-81] Processed net system_i/iq_0/inst/freq_ring/out[0]. Replicated 1 times.
INFO: [Physopt 32-81] Processed net system_i/iq_0/inst/freq_ring/out[2]. Replicated 1 times.
INFO: [Physopt 32-81] Processed net system_i/iq_0/inst/freq_ring/out[4]. Replicated 1 times.
INFO: [Physopt 32-81] Processed net system_i/iq_0/inst/freq_ring/out[6]. Replicated 1 times.
INFO: [Physopt 32-81] Processed net system_i/iq_0/inst/freq_ring/out[3]. Replicated 1 times.
INFO: [Physopt 32-571] Net system_i/iq_0/inst/burst_ring/burst_producer[1] was not replicated.
INFO: [Physopt 32-571] Net system_i/iq_0/inst/burst_ring/burst_producer[2] was not replicated.
INFO: [Physopt 32-571] Net system_i/iq_0/inst/burst_ring/burst_producer[0] was not replicated.
INFO: [Physopt 32-571] Net system_i/iq_0/inst/burst_ring/burst_producer[5] was not replicated.
INFO: [Physopt 32-232] Optimized 7 nets. Created 7 new instances.
INFO: [Physopt 32-775] End 1 Pass. Optimized 7 nets or cells. Created 7 new cells, deleted 0 existing cell and moved 0 existing cell
Netlist sorting complete. Time (s): cpu = 00:00:00 ; elapsed = 00:00:00.075 . Memory (MB): peak = 2564.750 ; gain = 0.000
INFO: [Physopt 32-457] Pass 1. Identified 7 candidate cells for DSP register optimization.
INFO: [Physopt 32-665] Processed cell system_i/iq_0/inst/core/transform/pi_reg. 18 registers were pushed out.
INFO: [Physopt 32-665] Processed cell system_i/iq_0/inst/core/transform/pq_reg. 18 registers were pushed out.
INFO: [Physopt 32-665] Processed cell system_i/iq_0/inst/core/tm/ii_reg. 16 registers were pushed out.
INFO: [Physopt 32-665] Processed cell system_i/iq_0/inst/core/tm/p_reg. 16 registers were pushed out.
INFO: [Physopt 32-665] Processed cell system_i/iq_0/inst/core/tm/p_reg. 32 registers were pushed out.
INFO: [Physopt 32-665] Processed cell system_i/iq_0/inst/core/tm/p_reg. 16 registers were pushed out.
INFO: [Physopt 32-665] Processed cell system_i/iq_0/inst/core/tm/ii_reg. 16 registers were pushed out.
INFO: [Physopt 32-775] End 2 Pass. Optimized 7 nets or cells. Created 132 new cells, deleted 0 existing cell and moved 0 existing cell
Netlist sorting complete. Time (s): cpu = 00:00:00 ; elapsed = 00:00:00.090 . Memory (MB): peak = 2564.750 ; gain = 0.000
INFO: [Physopt 32-1123] No candidate cells found for Shift Register to Pipeline optimization
INFO: [Physopt 32-775] End 2 Pass. Optimized 0 net or cell. Created 0 new cell, deleted 0 existing cell and moved 0 existing cell
INFO: [Physopt 32-1401] No candidate cells found for Shift Register optimization.
INFO: [Physopt 32-677] No candidate cells for Shift Register optimization found in the design
INFO: [Physopt 32-775] End 1 Pass. Optimized 0 net or cell. Created 0 new cell, deleted 0 existing cell and moved 0 existing cell
INFO: [Physopt 32-526] No candidate cells for BRAM register optimization found in the design
INFO: [Physopt 32-775] End 1 Pass. Optimized 0 net or cell. Created 0 new cell, deleted 0 existing cell and moved 0 existing cell
INFO: [Physopt 32-846] No candidate cells for URAM register optimization found in the design
INFO: [Physopt 32-775] End 1 Pass. Optimized 0 net or cell. Created 0 new cell, deleted 0 existing cell and moved 0 existing cell
INFO: [Physopt 32-846] No candidate cells for URAM register optimization found in the design
INFO: [Physopt 32-775] End 1 Pass. Optimized 0 net or cell. Created 0 new cell, deleted 0 existing cell and moved 0 existing cell
INFO: [Physopt 32-949] No candidate nets found for dynamic/static region interface net replication
INFO: [Physopt 32-775] End 1 Pass. Optimized 0 net or cell. Created 0 new cell, deleted 0 existing cell and moved 0 existing cell
Netlist sorting complete. Time (s): cpu = 00:00:00 ; elapsed = 00:00:00.041 . Memory (MB): peak = 2564.750 ; gain = 0.000
INFO: [Physopt 32-68] No nets found for critical-cell optimization.
INFO: [Physopt 32-232] Optimized 0 net. Created 0 new instance.
INFO: [Physopt 32-775] End 1 Pass. Optimized 0 net or cell. Created 0 new cell, deleted 0 existing cell and moved 0 existing cell
Netlist sorting complete. Time (s): cpu = 00:00:00 ; elapsed = 00:00:00.039 . Memory (MB): peak = 2564.750 ; gain = 0.000

Summary of Physical Synthesis Optimizations
============================================


-----------------------------------------------------------------------------------------------------------------------------------------------------------
|  Optimization                                     |  Added Cells  |  Removed Cells  |  Optimized Cells/Nets  |  Dont Touch  |  Iterations  |  Elapsed   |
-----------------------------------------------------------------------------------------------------------------------------------------------------------
|  LUT Combining                                    |           20  |            353  |                   373  |           0  |           1  |  00:00:01  |
|  Retime                                           |            0  |              0  |                     0  |           0  |           1  |  00:00:00  |
|  Very High Fanout                                 |           81  |              0  |                     2  |           0  |           1  |  00:00:03  |
|  Fanout                                           |            8  |              0  |                     1  |           0  |           1  |  00:00:00  |
|  Critical Cell                                    |            7  |              0  |                     7  |           0  |           1  |  00:00:00  |
|  DSP Register                                     |          132  |              0  |                     7  |           0  |           1  |  00:00:01  |
|  Shift Register to Pipeline                       |            0  |              0  |                     0  |           0  |           1  |  00:00:00  |
|  Shift Register                                   |            0  |              0  |                     0  |           0  |           1  |  00:00:00  |
|  BRAM Register                                    |            0  |              0  |                     0  |           0  |           1  |  00:00:00  |
|  URAM Register                                    |            0  |              0  |                     0  |           0  |           1  |  00:00:00  |
|  Dynamic/Static Region Interface Net Replication  |            0  |              0  |                     0  |           0  |           1  |  00:00:00  |
|  Critical Cell                                    |            0  |              0  |                     0  |           0  |           1  |  00:00:00  |
|  Total                                            |          248  |            353  |                   390  |           0  |          12  |  00:00:05  |
-----------------------------------------------------------------------------------------------------------------------------------------------------------


Phase 2.5.2 Physical Synthesis In Placer | Checksum: 194a6bdd7

Time (s): cpu = 00:02:11 ; elapsed = 00:01:06 . Memory (MB): peak = 2564.750 ; gain = 0.000
Phase 2.5 Global Place Phase2 | Checksum: 1218ae3fa

Time (s): cpu = 00:02:14 ; elapsed = 00:01:07 . Memory (MB): peak = 2564.750 ; gain = 0.000
Phase 2 Global Placement | Checksum: 1218ae3fa

Time (s): cpu = 00:02:14 ; elapsed = 00:01:07 . Memory (MB): peak = 2564.750 ; gain = 0.000

Phase 3 Detail Placement

Phase 3.1 Commit Multi Column Macros
Phase 3.1 Commit Multi Column Macros | Checksum: 148e07003

Time (s): cpu = 00:02:23 ; elapsed = 00:01:10 . Memory (MB): peak = 2564.750 ; gain = 0.000

Phase 3.2 Commit Most Macros & LUTRAMs
Phase 3.2 Commit Most Macros & LUTRAMs | Checksum: b2b61cde

Time (s): cpu = 00:02:46 ; elapsed = 00:01:25 . Memory (MB): peak = 2564.750 ; gain = 0.000

Phase 3.3 Area Swap Optimization
Phase 3.3 Area Swap Optimization | Checksum: 13d1fde3b

Time (s): cpu = 00:02:47 ; elapsed = 00:01:25 . Memory (MB): peak = 2564.750 ; gain = 0.000

Phase 3.4 Pipeline Register Optimization
Phase 3.4 Pipeline Register Optimization | Checksum: 7d017606

Time (s): cpu = 00:02:47 ; elapsed = 00:01:25 . Memory (MB): peak = 2564.750 ; gain = 0.000

Phase 3.5 Fast Optimization
Phase 3.5 Fast Optimization | Checksum: 153db8a0f

Time (s): cpu = 00:03:03 ; elapsed = 00:01:31 . Memory (MB): peak = 2564.750 ; gain = 0.000

Phase 3.6 Small Shape Detail Placement
Phase 3.6 Small Shape Detail Placement | Checksum: ed5d0f28

Time (s): cpu = 00:03:17 ; elapsed = 00:01:44 . Memory (MB): peak = 2564.750 ; gain = 0.000

Phase 3.7 Re-assign LUT pins
Phase 3.7 Re-assign LUT pins | Checksum: 179c5f875

Time (s): cpu = 00:03:19 ; elapsed = 00:01:46 . Memory (MB): peak = 2564.750 ; gain = 0.000

Phase 3.8 Pipeline Register Optimization
Phase 3.8 Pipeline Register Optimization | Checksum: 15d5a1b9f

Time (s): cpu = 00:03:19 ; elapsed = 00:01:46 . Memory (MB): peak = 2564.750 ; gain = 0.000

Phase 3.9 Fast Optimization
Phase 3.9 Fast Optimization | Checksum: 12e7949cb

Time (s): cpu = 00:03:39 ; elapsed = 00:01:54 . Memory (MB): peak = 2564.750 ; gain = 0.000
Phase 3 Detail Placement | Checksum: 12e7949cb

Time (s): cpu = 00:03:39 ; elapsed = 00:01:54 . Memory (MB): peak = 2564.750 ; gain = 0.000

Phase 4 Post Placement Optimization and Clean-Up

Phase 4.1 Post Commit Optimization
INFO: [Timing 38-35] Done setting XDC timing constraints.

Phase 4.1.1 Post Placement Optimization
Post Placement Optimization Initialization | Checksum: 232a1f4f9

Phase 4.1.1.1 BUFG Insertion

Starting Physical Synthesis Task

Phase 1 Physical Synthesis Initialization
INFO: [Physopt 32-721] Multithreading enabled for phys_opt_design using a maximum of 4 CPUs
INFO: [Physopt 32-619] Estimated Timing Summary | WNS=-0.848 | TNS=-46.245 |
Phase 1 Physical Synthesis Initialization | Checksum: 286a72f40

Time (s): cpu = 00:00:02 ; elapsed = 00:00:00.732 . Memory (MB): peak = 2564.750 ; gain = 0.000
INFO: [Place 46-33] Processed net system_i/iq_0/inst/core/rb/divide/run_state_reg[2], BUFG insertion was skipped due to placement/routing conflicts.
INFO: [Place 46-33] Processed net system_i/iq_0/inst/core/tm/s_axi_aresetn_0, BUFG insertion was skipped due to placement/routing conflicts.
INFO: [Place 46-56] BUFG insertion identified 2 candidate nets. Inserted BUFG: 0, Replicated BUFG Driver: 0, Skipped due to Placement/Routing Conflicts: 2, Skipped due to Timing Degradation: 0, Skipped due to netlist editing failed: 0.
Ending Physical Synthesis Task | Checksum: 1ebb03e18

Time (s): cpu = 00:00:02 ; elapsed = 00:00:01 . Memory (MB): peak = 2564.750 ; gain = 0.000
Phase 4.1.1.1 BUFG Insertion | Checksum: 232a1f4f9

Time (s): cpu = 00:03:58 ; elapsed = 00:02:02 . Memory (MB): peak = 2564.750 ; gain = 0.000

Phase 4.1.1.2 Post Placement Timing Optimization
INFO: [Place 30-746] Post Placement Timing Summary WNS=-0.290. For the most accurate timing information please run report_timing.
Phase 4.1.1.2 Post Placement Timing Optimization | Checksum: 1a73dbf66

Time (s): cpu = 00:04:39 ; elapsed = 00:02:35 . Memory (MB): peak = 2564.750 ; gain = 0.000

Time (s): cpu = 00:04:39 ; elapsed = 00:02:35 . Memory (MB): peak = 2564.750 ; gain = 0.000
Phase 4.1 Post Commit Optimization | Checksum: 1a73dbf66

Time (s): cpu = 00:04:39 ; elapsed = 00:02:35 . Memory (MB): peak = 2564.750 ; gain = 0.000

Phase 4.2 Post Placement Cleanup
Phase 4.2 Post Placement Cleanup | Checksum: 1a73dbf66

Time (s): cpu = 00:04:40 ; elapsed = 00:02:35 . Memory (MB): peak = 2564.750 ; gain = 0.000

Phase 4.3 Placer Reporting

Phase 4.3.1 Print Estimated Congestion
INFO: [Place 30-612] Post-Placement Estimated Congestion 
 ____________________________________________________
|           | Global Congestion | Short Congestion  |
| Direction | Region Size       | Region Size       |
|___________|___________________|___________________|
|      North|                2x2|                8x8|
|___________|___________________|___________________|
|      South|                2x2|                8x8|
|___________|___________________|___________________|
|       East|                2x2|                4x4|
|___________|___________________|___________________|
|       West|                4x4|                4x4|
|___________|___________________|___________________|

Phase 4.3.1 Print Estimated Congestion | Checksum: 1a73dbf66

Time (s): cpu = 00:04:40 ; elapsed = 00:02:35 . Memory (MB): peak = 2564.750 ; gain = 0.000
Phase 4.3 Placer Reporting | Checksum: 1a73dbf66

Time (s): cpu = 00:04:40 ; elapsed = 00:02:35 . Memory (MB): peak = 2564.750 ; gain = 0.000

Phase 4.4 Final Placement Cleanup
Netlist sorting complete. Time (s): cpu = 00:00:01 ; elapsed = 00:00:00.049 . Memory (MB): peak = 2564.750 ; gain = 0.000

Time (s): cpu = 00:04:41 ; elapsed = 00:02:36 . Memory (MB): peak = 2564.750 ; gain = 0.000
Phase 4 Post Placement Optimization and Clean-Up | Checksum: 1f8aa5e1c

Time (s): cpu = 00:04:41 ; elapsed = 00:02:36 . Memory (MB): peak = 2564.750 ; gain = 0.000
Ending Placer Task | Checksum: 1b0dd55fe

Time (s): cpu = 00:04:41 ; elapsed = 00:02:36 . Memory (MB): peak = 2564.750 ; gain = 0.000
126 Infos, 0 Warnings, 0 Critical Warnings and 0 Errors encountered.
place_design completed successfully
place_design: Time (s): cpu = 00:04:47 ; elapsed = 00:02:40 . Memory (MB): peak = 2564.750 ; gain = 0.000
INFO: [Vivado 12-24838] Running report commands "report_control_sets, report_io, report_utilization" in parallel.
Running report generation with 3 threads.
INFO: [Vivado 12-24828] Executing command : report_io -file system_wrapper_io_placed.rpt
report_io: Time (s): cpu = 00:00:00 ; elapsed = 00:00:00.074 . Memory (MB): peak = 2564.750 ; gain = 0.000
INFO: [Vivado 12-24828] Executing command : report_control_sets -verbose -file system_wrapper_control_sets_placed.rpt
report_control_sets: Time (s): cpu = 00:00:01 ; elapsed = 00:00:00.257 . Memory (MB): peak = 2564.750 ; gain = 0.000
INFO: [Vivado 12-24828] Executing command : report_utilization -file system_wrapper_utilization_placed.rpt -pb system_wrapper_utilization_placed.pb
INFO: [Timing 38-480] Writing timing data to binary archive.
Wrote PlaceDB: Time (s): cpu = 00:00:00 ; elapsed = 00:00:00 . Memory (MB): peak = 2564.750 ; gain = 0.000
Wrote PulsedLatchDB: Time (s): cpu = 00:00:00 ; elapsed = 00:00:00 . Memory (MB): peak = 2564.750 ; gain = 0.000
Writing XDEF routing.
Writing XDEF routing logical nets.
Writing XDEF routing special nets.
Wrote RouteStorage: Time (s): cpu = 00:00:00 ; elapsed = 00:00:00.100 . Memory (MB): peak = 2564.750 ; gain = 0.000
Write ShapeDB Complete: Time (s): cpu = 00:00:00 ; elapsed = 00:00:00.190 . Memory (MB): peak = 2564.750 ; gain = 0.000
Wrote PlaceStorage: Time (s): cpu = 00:00:04 ; elapsed = 00:00:01 . Memory (MB): peak = 2564.750 ; gain = 0.000
Wrote Netlist Cache: Time (s): cpu = 00:00:00 ; elapsed = 00:00:00.066 . Memory (MB): peak = 2564.750 ; gain = 0.000
Wrote Device Cache: Time (s): cpu = 00:00:00 ; elapsed = 00:00:00.011 . Memory (MB): peak = 2564.750 ; gain = 0.000
Write Physdb Complete: Time (s): cpu = 00:00:05 ; elapsed = 00:00:01 . Memory (MB): peak = 2564.750 ; gain = 0.000
INFO: [Common 17-1381] The checkpoint 'D:/fft/fft_phase11_latency_opt/build/board/iq_board.runs/impl_1/system_wrapper_placed.dcp' has been generated.
source D:/fft/fft_phase11_latency_opt/scripts/phase3_replication_hook.tcl
PHASE3_TARGETED_REPLICATION system_i/iq_0/inst/core/transform/fft/U0/i_synth/axi_wrapper/ce_w2c
Command: phys_opt_design -force_replication_on_nets [get_nets -hier -filter {NAME =~ */axi_wrapper/ce_w2c}]
Attempting to get a license for feature 'Vivado_Implementation' and/or device 'xc7z020'
INFO: [Common 17-349] Got license for feature 'Vivado_Implementation' and/or device 'xc7z020'

Starting Initial Update Timing Task

Time (s): cpu = 00:00:12 ; elapsed = 00:00:05 . Memory (MB): peak = 2564.750 ; gain = 0.000
INFO: [Vivado_Tcl 4-1435] PhysOpt_Tcl_Interface Runtime Before Starting Physical Synthesis Task | CPU: 13.00s |  WALL: 5.03s
Netlist sorting complete. Time (s): cpu = 00:00:00 ; elapsed = 00:00:00.044 . Memory (MB): peak = 2564.750 ; gain = 0.000

Starting Physical Synthesis Task

Phase 1 Physical Synthesis Initialization
INFO: [Physopt 32-721] Multithreading enabled for phys_opt_design using a maximum of 4 CPUs
INFO: [Physopt 32-619] Estimated Timing Summary | WNS=-0.290 | TNS=-1.835 |
Phase 1 Physical Synthesis Initialization | Checksum: 2225b3a07

Time (s): cpu = 00:00:08 ; elapsed = 00:00:06 . Memory (MB): peak = 2564.750 ; gain = 0.000
INFO: [Physopt 32-619] Estimated Timing Summary | WNS=0.000 | TNS=0.000 |

Phase 2 Critical Cell Optimization
INFO: [Physopt 32-46] Identified 1 candidate net for critical-cell optimization.
INFO: [Physopt 32-1353] Created system_i/iq_0/inst/core/transform/fft/U0/i_synth/axi_wrapper/gen_ce_non_real_time.ce_predicted_reg_replica_75 due to FORCE_MAX_FANOUT/MAX_FANOUT_MODE. 
INFO: [Physopt 32-1353] Created system_i/iq_0/inst/core/transform/fft/U0/i_synth/axi_wrapper/gen_ce_non_real_time.ce_predicted_reg_replica_76 due to FORCE_MAX_FANOUT/MAX_FANOUT_MODE. 
INFO: [Physopt 32-81] Processed net system_i/iq_0/inst/core/transform/fft/U0/i_synth/axi_wrapper/ce_w2c. Replicated 2 times.
INFO: [Physopt 32-232] Optimized 1 net. Created 2 new instances.
INFO: [Physopt 32-775] End 1 Pass. Optimized 1 net or cell. Created 2 new cells, deleted 0 existing cell and moved 0 existing cell
INFO: [Physopt 32-619] Estimated Timing Summary | WNS=0.000 | TNS=0.000 |
Netlist sorting complete. Time (s): cpu = 00:00:00 ; elapsed = 00:00:00.057 . Memory (MB): peak = 2564.750 ; gain = 0.000
Phase 2 Critical Cell Optimization | Checksum: 1b2b86078

Time (s): cpu = 00:00:09 ; elapsed = 00:00:06 . Memory (MB): peak = 2564.750 ; gain = 0.000
Netlist sorting complete. Time (s): cpu = 00:00:00 ; elapsed = 00:00:00.039 . Memory (MB): peak = 2564.750 ; gain = 0.000
INFO: [Physopt 32-603] Post Physical Optimization Timing Summary | WNS=-0.290 | TNS=-1.835 |

Summary of Physical Synthesis Optimizations
============================================


--------------------------------------------------------------------------------------------------------------------------------------------------------------
|  Optimization    |  WNS Gain (ns)  |  TNS Gain (ns)  |  Added Cells  |  Removed Cells  |  Optimized Cells/Nets  |  Dont Touch  |  Iterations  |  Elapsed   |
--------------------------------------------------------------------------------------------------------------------------------------------------------------
|  Critical Cell   |          0.000  |          0.000  |            2  |              0  |                     1  |           0  |           1  |  00:00:00  |
|  Total           |          0.000  |          0.000  |            2  |              0  |                     1  |           0  |           1  |  00:00:00  |
--------------------------------------------------------------------------------------------------------------------------------------------------------------


Netlist sorting complete. Time (s): cpu = 00:00:00 ; elapsed = 00:00:00.040 . Memory (MB): peak = 2564.750 ; gain = 0.000
Ending Physical Synthesis Task | Checksum: 1df89d092

Time (s): cpu = 00:00:09 ; elapsed = 00:00:07 . Memory (MB): peak = 2564.750 ; gain = 0.000
INFO: [Common 17-83] Releasing license: Vivado_Implementation
146 Infos, 0 Warnings, 0 Critical Warnings and 0 Errors encountered.
phys_opt_design completed successfully
phys_opt_design: Time (s): cpu = 00:00:23 ; elapsed = 00:00:12 . Memory (MB): peak = 2564.750 ; gain = 0.000
Command: phys_opt_design -directive AggressiveExplore
Attempting to get a license for feature 'Vivado_Implementation' and/or device 'xc7z020'
INFO: [Common 17-349] Got license for feature 'Vivado_Implementation' and/or device 'xc7z020'
INFO: [Vivado_Tcl 4-137] Directive used for phys_opt_design is: AggressiveExplore

Starting Initial Update Timing Task

Time (s): cpu = 00:00:04 ; elapsed = 00:00:02 . Memory (MB): peak = 2564.750 ; gain = 0.000
INFO: [Vivado_Tcl 4-1435] PhysOpt_Tcl_Interface Runtime Before Starting Physical Synthesis Task | CPU: 4.00s |  WALL: 2.09s
INFO: [DRC 23-27] Running DRC with 4 threads
INFO: [Vivado_Tcl 4-198] DRC finished with 0 Errors
INFO: [Vivado_Tcl 4-199] Please refer to the DRC report (report_drc) for more information.
Netlist sorting complete. Time (s): cpu = 00:00:00 ; elapsed = 00:00:00.041 . Memory (MB): peak = 2564.750 ; gain = 0.000

Starting Physical Synthesis Task

Phase 1 Physical Synthesis Initialization
INFO: [Physopt 32-721] Multithreading enabled for phys_opt_design using a maximum of 4 CPUs
INFO: [Physopt 32-619] Estimated Timing Summary | WNS=-0.290 | TNS=-1.835 |
Phase 1 Physical Synthesis Initialization | Checksum: eee46c26

Time (s): cpu = 00:00:08 ; elapsed = 00:00:05 . Memory (MB): peak = 2564.750 ; gain = 0.000

Phase 2 SLR Crossing Optimization
Phase 2 SLR Crossing Optimization | Checksum: eee46c26

Time (s): cpu = 00:00:08 ; elapsed = 00:00:06 . Memory (MB): peak = 2564.750 ; gain = 0.000
INFO: [Physopt 32-619] Estimated Timing Summary | WNS=-0.290 | TNS=-1.835 |

Phase 3 Fanout Optimization
INFO: [Physopt 32-76] Pass 1. Identified 9 candidate nets for fanout optimization.
INFO: [Physopt 32-81] Processed net system_i/iq_0/inst/loader_crc_state[31]_i_1_n_0. Replicated 1 times.
INFO: [Physopt 32-81] Processed net system_i/iq_0/inst/freq_ring/E[0]. Replicated 2 times.
INFO: [Physopt 32-572] Net system_i/iq_0/inst/core/tm/threshold_burst_data[95]_i_3_n_0 was not replicated.
Resolution: phys_opt_design can be forced to replicate a net driver using the option -force_replication_on_nets <list of net objects>.
INFO: [Physopt 32-572] Net system_i/iq_0/inst/loader_transfers[0] was not replicated.
Resolution: phys_opt_design can be forced to replicate a net driver using the option -force_replication_on_nets <list of net objects>.
INFO: [Physopt 32-81] Processed net system_i/iq_0/inst/core/tm/threshold_burst_data[159]_i_5_n_0. Replicated 3 times.
INFO: [Physopt 32-81] Processed net system_i/iq_0/inst/current_block_id[31]_i_7_n_0. Replicated 1 times.
INFO: [Physopt 32-572] Net system_i/iq_0/inst/core/tm/threshold_burst_valid_i_1_n_0 was not replicated.
Resolution: phys_opt_design can be forced to replicate a net driver using the option -force_replication_on_nets <list of net objects>.
INFO: [Physopt 32-572] Net system_i/iq_0/inst/core/tm/digital_detector/burst_id[0] was not replicated.
Resolution: phys_opt_design can be forced to replicate a net driver using the option -force_replication_on_nets <list of net objects>.
INFO: [Physopt 32-572] Net system_i/iq_0/inst/core/tm/digital_detector/peak[31]_i_1__0_n_0 was not replicated.
Resolution: phys_opt_design can be forced to replicate a net driver using the option -force_replication_on_nets <list of net objects>.
INFO: [Physopt 32-232] Optimized 4 nets. Created 7 new instances.
INFO: [Physopt 32-775] End 1 Pass. Optimized 4 nets or cells. Created 7 new cells, deleted 0 existing cell and moved 0 existing cell
INFO: [Physopt 32-619] Estimated Timing Summary | WNS=-0.290 | TNS=-1.835 |
Netlist sorting complete. Time (s): cpu = 00:00:00 ; elapsed = 00:00:00.089 . Memory (MB): peak = 2564.750 ; gain = 0.000
Phase 3 Fanout Optimization | Checksum: 5bb1db85

Time (s): cpu = 00:00:13 ; elapsed = 00:00:08 . Memory (MB): peak = 2564.750 ; gain = 0.000

Phase 4 Single Cell Placement Optimization
INFO: [Physopt 32-660] Identified 230 candidate nets for placement-based optimization.
INFO: [Physopt 32-662] Processed net system_i/iq_0/inst/core/sm/div200/remainder[2].  Did not re-place instance system_i/iq_0/inst/core/sm/div200/remainder_reg[2]
INFO: [Physopt 32-662] Processed net system_i/iq_0/inst/core/sm/div200/quotient[0]_i_73_n_0.  Did not re-place instance system_i/iq_0/inst/core/sm/div200/quotient[0]_i_73
INFO: [Physopt 32-662] Processed net system_i/iq_0/inst/core/sm/div200/remainder[6]_i_2_n_0.  Did not re-place instance system_i/iq_0/inst/core/sm/div200/remainder[6]_i_2
INFO: [Physopt 32-662] Processed net system_i/iq_0/inst/core/sm/div200/remainder[63].  Did not re-place instance system_i/iq_0/inst/core/sm/div200/remainder_reg[63]
INFO: [Physopt 32-662] Processed net system_i/iq_0/inst/core/sm/div200/remainder[60].  Did not re-place instance system_i/iq_0/inst/core/sm/div200/remainder_reg[60]
INFO: [Physopt 32-662] Processed net system_i/iq_0/inst/core/sm/div200/remainder[62].  Did not re-place instance system_i/iq_0/inst/core/sm/div200/remainder_reg[62]
INFO: [Physopt 32-662] Processed net system_i/iq_0/inst/core/sm/div200/quotient[0]_i_69_n_0.  Did not re-place instance system_i/iq_0/inst/core/sm/div200/quotient[0]_i_69
INFO: [Physopt 32-662] Processed net system_i/iq_0/inst/core/sm/div200/remainder[61].  Did not re-place instance system_i/iq_0/inst/core/sm/div200/remainder_reg[61]
INFO: [Physopt 32-662] Processed net system_i/iq_0/inst/core/sm/div200/remainder[6]_i_5_n_0.  Did not re-place instance system_i/iq_0/inst/core/sm/div200/remainder[6]_i_5
INFO: [Physopt 32-662] Processed net system_i/iq_0/inst/core/sm/div200/remainder[59].  Did not re-place instance system_i/iq_0/inst/core/sm/div200/remainder_reg[59]
INFO: [Physopt 32-662] Processed net system_i/iq_0/inst/core/sm/div200/remainder[56].  Did not re-place instance system_i/iq_0/inst/core/sm/div200/remainder_reg[56]
INFO: [Physopt 32-662] Processed net system_i/iq_0/inst/core/sm/div200/remainder[5].  Did not re-place instance system_i/iq_0/inst/core/sm/div200/remainder_reg[5]
INFO: [Physopt 32-662] Processed net system_i/iq_0/inst/core/sm/div200/quotient[0]_i_71_n_0.  Did not re-place instance system_i/iq_0/inst/core/sm/div200/quotient[0]_i_71
INFO: [Physopt 32-662] Processed net system_i/iq_0/inst/core/sm/div200/remainder[58].  Did not re-place instance system_i/iq_0/inst/core/sm/div200/remainder_reg[58]
INFO: [Physopt 32-662] Processed net system_i/iq_0/inst/core/sm/div200/quotient[0]_i_67_n_0.  Did not re-place instance system_i/iq_0/inst/core/sm/div200/quotient[0]_i_67
INFO: [Physopt 32-662] Processed net system_i/iq_0/inst/core/sm/div200/remainder[57].  Did not re-place instance system_i/iq_0/inst/core/sm/div200/remainder_reg[57]
INFO: [Physopt 32-662] Processed net system_i/iq_0/inst/core/sm/div200/remainder[3].  Did not re-place instance system_i/iq_0/inst/core/sm/div200/remainder_reg[3]
INFO: [Physopt 32-662] Processed net system_i/iq_0/inst/core/sm/div200/quotient[0]_i_72_n_0.  Did not re-place instance system_i/iq_0/inst/core/sm/div200/quotient[0]_i_72
INFO: [Physopt 32-662] Processed net system_i/iq_0/inst/core/sm/div200/dividend[63].  Did not re-place instance system_i/iq_0/inst/core/sm/div200/dividend_reg[63]
INFO: [Physopt 32-662] Processed net system_i/iq_0/inst/core/sm/div200/quotient[0]_i_74_n_0.  Did not re-place instance system_i/iq_0/inst/core/sm/div200/quotient[0]_i_74
INFO: [Physopt 32-662] Processed net system_i/iq_0/inst/core/sm/div200/remainder[55].  Did not re-place instance system_i/iq_0/inst/core/sm/div200/remainder_reg[55]
INFO: [Physopt 32-662] Processed net system_i/iq_0/inst/core/sm/div200/remainder[52].  Did not re-place instance system_i/iq_0/inst/core/sm/div200/remainder_reg[52]
INFO: [Physopt 32-663] Processed net system_i/iq_0/inst/core/sm/div200/quotient[0]_i_68_n_0.  Re-placed instance system_i/iq_0/inst/core/sm/div200/quotient[0]_i_68
INFO: [Physopt 32-662] Processed net system_i/iq_0/inst/core/sm/div200/remainder[1].  Did not re-place instance system_i/iq_0/inst/core/sm/div200/remainder_reg[1]
INFO: [Physopt 32-663] Processed net system_i/iq_0/inst/core/sm/div200/remainder[0].  Re-placed instance system_i/iq_0/inst/core/sm/div200/remainder_reg[0]
INFO: [Physopt 32-662] Processed net system_i/iq_0/inst/core/sm/div200/quotient[0]_i_70_n_0.  Did not re-place instance system_i/iq_0/inst/core/sm/div200/quotient[0]_i_70
INFO: [Physopt 32-662] Processed net system_i/iq_0/inst/core/sm/div200/remainder[54].  Did not re-place instance system_i/iq_0/inst/core/sm/div200/remainder_reg[54]
INFO: [Physopt 32-662] Processed net system_i/iq_0/inst/core/sm/div200/remainder[6]_i_6_n_0.  Did not re-place instance system_i/iq_0/inst/core/sm/div200/remainder[6]_i_6
INFO: [Physopt 32-662] Processed net system_i/iq_0/inst/freq_ring/wa_reg[17][0].  Did not re-place instance system_i/iq_0/inst/freq_ring/host_errors[19]_i_1
INFO: [Physopt 32-662] Processed net system_i/iq_0/inst/freq_ring/busy_reg_0.  Did not re-place instance system_i/iq_0/inst/freq_ring/host_errors[19]_i_16
INFO: [Physopt 32-662] Processed net system_i/iq_0/inst/freq_ring/out[0]_repN.  Did not re-place instance system_i/iq_0/inst/freq_ring/producer_reg[0]_replica
INFO: [Physopt 32-662] Processed net system_i/iq_0/inst/freq_ring/host_errors[19]_i_6_n_0.  Did not re-place instance system_i/iq_0/inst/freq_ring/host_errors[19]_i_6
INFO: [Physopt 32-662] Processed net system_i/iq_0/inst/core/rb/completed_reg[28]_0[0].  Did not re-place instance system_i/iq_0/inst/core/rb/host_errors[19]_i_32
INFO: [Physopt 32-662] Processed net system_i/iq_0/inst/freq_ring/host_errors[19]_i_13_n_0.  Did not re-place instance system_i/iq_0/inst/freq_ring/host_errors[19]_i_13
INFO: [Physopt 32-662] Processed net system_i/iq_0/inst/freq_ring/host_errors[19]_i_3_n_0.  Did not re-place instance system_i/iq_0/inst/freq_ring/host_errors[19]_i_3
INFO: [Physopt 32-662] Processed net system_i/iq_0/inst/freq_ring/host_errors[19]_i_99_n_0.  Did not re-place instance system_i/iq_0/inst/freq_ring/host_errors[19]_i_99
INFO: [Physopt 32-663] Processed net system_i/iq_0/inst/error_status[19].  Re-placed instance system_i/iq_0/inst/host_errors_reg[19]
INFO: [Physopt 32-663] Processed net system_i/iq_0/inst/error_status[12].  Re-placed instance system_i/iq_0/inst/host_errors_reg[12]
INFO: [Physopt 32-663] Processed net system_i/iq_0/inst/core/sm/div200/remainder[11].  Re-placed instance system_i/iq_0/inst/core/sm/div200/remainder_reg[11]
INFO: [Physopt 32-662] Processed net system_i/iq_0/inst/core/sm/div200/quotient[0]_i_64_n_0.  Did not re-place instance system_i/iq_0/inst/core/sm/div200/quotient[0]_i_64
INFO: [Physopt 32-662] Processed net system_i/iq_0/inst/core/sm/div200/remainder[10]_i_3_n_0.  Did not re-place instance system_i/iq_0/inst/core/sm/div200/remainder[10]_i_3
INFO: [Physopt 32-663] Processed net system_i/iq_0/inst/core/sm/div200/remainder[17].  Re-placed instance system_i/iq_0/inst/core/sm/div200/remainder_reg[17]
INFO: [Physopt 32-662] Processed net system_i/iq_0/inst/core/sm/div200/quotient[0]_i_56_n_0.  Did not re-place instance system_i/iq_0/inst/core/sm/div200/quotient[0]_i_56
INFO: [Physopt 32-662] Processed net system_i/iq_0/inst/freq_ring/out[1]_repN.  Did not re-place instance system_i/iq_0/inst/freq_ring/producer_reg[1]_replica
INFO: [Physopt 32-662] Processed net system_i/iq_0/inst/freq_ring/host_errors[19]_i_98_n_0.  Did not re-place instance system_i/iq_0/inst/freq_ring/host_errors[19]_i_98
INFO: [Physopt 32-662] Processed net system_i/iq_0/inst/core/sm/div200/quotient[0]_i_60_n_0.  Did not re-place instance system_i/iq_0/inst/core/sm/div200/quotient[0]_i_60
INFO: [Physopt 32-662] Processed net system_i/iq_0/inst/core/sm/div200/remainder[9].  Did not re-place instance system_i/iq_0/inst/core/sm/div200/remainder_reg[9]
INFO: [Physopt 32-662] Processed net system_i/iq_0/inst/core/sm/div200/quotient[0]_i_65_n_0.  Did not re-place instance system_i/iq_0/inst/core/sm/div200/quotient[0]_i_65
INFO: [Physopt 32-662] Processed net system_i/iq_0/inst/core/sm/div200/remainder[53].  Did not re-place instance system_i/iq_0/inst/core/sm/div200/remainder_reg[53]
INFO: [Physopt 32-662] Processed net system_i/iq_0/inst/freq_ring/out[8].  Did not re-place instance system_i/iq_0/inst/freq_ring/producer_reg[8]
INFO: [Physopt 32-662] Processed net system_i/iq_0/inst/freq_ring/host_errors[19]_i_91_n_0.  Did not re-place instance system_i/iq_0/inst/freq_ring/host_errors[19]_i_91
INFO: [Physopt 32-662] Processed net system_i/iq_0/inst/core/sm/div200/divisor[7].  Did not re-place instance system_i/iq_0/inst/core/sm/div200/divisor_reg[7]
INFO: [Physopt 32-662] Processed net system_i/iq_0/inst/core/sm/div200/remainder[7].  Did not re-place instance system_i/iq_0/inst/core/sm/div200/remainder_reg[7]
INFO: [Physopt 32-662] Processed net system_i/iq_0/inst/core/sm/div200/quotient[0]_i_66_n_0.  Did not re-place instance system_i/iq_0/inst/core/sm/div200/quotient[0]_i_66
INFO: [Physopt 32-662] Processed net system_i/iq_0/inst/core/sm/div200/remainder[4].  Did not re-place instance system_i/iq_0/inst/core/sm/div200/remainder_reg[4]
INFO: [Physopt 32-662] Processed net system_i/iq_0/inst/core/sm/div200/remainder[51].  Did not re-place instance system_i/iq_0/inst/core/sm/div200/remainder_reg[51]
INFO: [Physopt 32-662] Processed net system_i/iq_0/inst/core/sm/div200/remainder[48].  Did not re-place instance system_i/iq_0/inst/core/sm/div200/remainder_reg[48]
INFO: [Physopt 32-662] Processed net system_i/iq_0/inst/freq_ring/out[7].  Did not re-place instance system_i/iq_0/inst/freq_ring/producer_reg[7]
INFO: [Physopt 32-662] Processed net system_i/iq_0/inst/freq_ring/host_errors[19]_i_92_n_0.  Did not re-place instance system_i/iq_0/inst/freq_ring/host_errors[19]_i_92
INFO: [Physopt 32-662] Processed net system_i/iq_0/inst/core/sm/div200/remainder[10].  Did not re-place instance system_i/iq_0/inst/core/sm/div200/remainder_reg[10]
INFO: [Physopt 32-662] Processed net system_i/iq_0/inst/core/sm/div200/remainder[6].  Did not re-place instance system_i/iq_0/inst/core/sm/div200/remainder_reg[6]
INFO: [Physopt 32-662] Processed net system_i/iq_0/inst/core/sm/div200/quotient[0]_i_52_n_0.  Did not re-place instance system_i/iq_0/inst/core/sm/div200/quotient[0]_i_52
INFO: [Physopt 32-662] Processed net system_i/iq_0/inst/core/rb/completed_reg[18]_0[0].  Did not re-place instance system_i/iq_0/inst/core/rb/host_errors[19]_i_40
INFO: [Physopt 32-662] Processed net system_i/iq_0/inst/core/sm/div200/quotient[0]_i_62_n_0.  Did not re-place instance system_i/iq_0/inst/core/sm/div200/quotient[0]_i_62
INFO: [Physopt 32-662] Processed net system_i/iq_0/inst/core/sm/div200/remainder[50].  Did not re-place instance system_i/iq_0/inst/core/sm/div200/remainder_reg[50]
INFO: [Physopt 32-662] Processed net system_i/iq_0/inst/freq_ring/host_errors[19]_i_39_n_0.  Did not re-place instance system_i/iq_0/inst/freq_ring/host_errors[19]_i_39
INFO: [Physopt 32-662] Processed net system_i/iq_0/inst/core/sm/div200/quotient[0]_i_61_n_0.  Did not re-place instance system_i/iq_0/inst/core/sm/div200/quotient[0]_i_61
INFO: [Physopt 32-662] Processed net system_i/iq_0/inst/freq_ring/host_errors[19]_i_33_n_0.  Did not re-place instance system_i/iq_0/inst/freq_ring/host_errors[19]_i_33
INFO: [Physopt 32-662] Processed net system_i/iq_0/inst/core/sm/div200/remainder[6]_i_4_n_0.  Did not re-place instance system_i/iq_0/inst/core/sm/div200/remainder[6]_i_4
INFO: [Physopt 32-662] Processed net system_i/iq_0/inst/core/sm/div200/remainder[6]_i_3_n_0.  Did not re-place instance system_i/iq_0/inst/core/sm/div200/remainder[6]_i_3
INFO: [Physopt 32-663] Processed net system_i/iq_0/inst/core/sm/div200/remainder[19].  Re-placed instance system_i/iq_0/inst/core/sm/div200/remainder_reg[19]
INFO: [Physopt 32-662] Processed net system_i/iq_0/inst/core/sm/div200/quotient[0]_i_55_n_0.  Did not re-place instance system_i/iq_0/inst/core/sm/div200/quotient[0]_i_55
INFO: [Physopt 32-662] Processed net system_i/iq_0/inst/core/sm/div200/remainder[33].  Did not re-place instance system_i/iq_0/inst/core/sm/div200/remainder_reg[33]
INFO: [Physopt 32-662] Processed net system_i/iq_0/inst/core/sm/div200/quotient[0]_i_38_n_0.  Did not re-place instance system_i/iq_0/inst/core/sm/div200/quotient[0]_i_38
INFO: [Physopt 32-662] Processed net system_i/iq_0/inst/core/sm/div200/quotient[0]_i_51_n_0.  Did not re-place instance system_i/iq_0/inst/core/sm/div200/quotient[0]_i_51
INFO: [Physopt 32-662] Processed net system_i/iq_0/inst/core/sm/div200/remainder[27].  Did not re-place instance system_i/iq_0/inst/core/sm/div200/remainder_reg[27]
INFO: [Physopt 32-662] Processed net system_i/iq_0/inst/core/sm/div200/quotient[0]_i_46_n_0.  Did not re-place instance system_i/iq_0/inst/core/sm/div200/quotient[0]_i_46
INFO: [Physopt 32-662] Processed net system_i/iq_0/inst/error_status[8].  Did not re-place instance system_i/iq_0/inst/host_errors_reg[8]
INFO: [Physopt 32-662] Processed net system_i/iq_0/inst/error_status[9].  Did not re-place instance system_i/iq_0/inst/host_errors_reg[9]
INFO: [Physopt 32-662] Processed net system_i/iq_0/inst/freq_ring/host_errors[19]_i_31_n_0.  Did not re-place instance system_i/iq_0/inst/freq_ring/host_errors[19]_i_31
INFO: [Physopt 32-663] Processed net system_i/iq_0/inst/core/sm/div200/remainder[25].  Re-placed instance system_i/iq_0/inst/core/sm/div200/remainder_reg[25]
INFO: [Physopt 32-662] Processed net system_i/iq_0/inst/core/sm/div200/quotient[0]_i_47_n_0.  Did not re-place instance system_i/iq_0/inst/core/sm/div200/quotient[0]_i_47
INFO: [Physopt 32-662] Processed net system_i/iq_0/inst/freq_ring/host_errors[19]_i_37_n_0.  Did not re-place instance system_i/iq_0/inst/freq_ring/host_errors[19]_i_37
INFO: [Physopt 32-663] Processed net system_i/iq_0/inst/core/sm/div200/remainder[23].  Re-placed instance system_i/iq_0/inst/core/sm/div200/remainder_reg[23]
INFO: [Physopt 32-662] Processed net system_i/iq_0/inst/core/sm/div200/quotient[0]_i_48_n_0.  Did not re-place instance system_i/iq_0/inst/core/sm/div200/quotient[0]_i_48
INFO: [Physopt 32-662] Processed net system_i/iq_0/inst/freq_ring/out[5]_repN.  Did not re-place instance system_i/iq_0/inst/freq_ring/producer_reg[5]_replica
INFO: [Physopt 32-662] Processed net system_i/iq_0/inst/freq_ring/host_errors[19]_i_94_n_0.  Did not re-place instance system_i/iq_0/inst/freq_ring/host_errors[19]_i_94
INFO: [Physopt 32-662] Processed net system_i/iq_0/inst/core/sm/div200/remainder[10]_i_4_n_0.  Did not re-place instance system_i/iq_0/inst/core/sm/div200/remainder[10]_i_4
INFO: [Physopt 32-662] Processed net system_i/iq_0/inst/core/sm/div200/quotient[0]_i_42_n_0.  Did not re-place instance system_i/iq_0/inst/core/sm/div200/quotient[0]_i_42
INFO: [Physopt 32-662] Processed net system_i/iq_0/inst/freq_ring/out[4]_repN.  Did not re-place instance system_i/iq_0/inst/freq_ring/producer_reg[4]_replica
INFO: [Physopt 32-662] Processed net system_i/iq_0/inst/freq_ring/host_errors[19]_i_95_n_0.  Did not re-place instance system_i/iq_0/inst/freq_ring/host_errors[19]_i_95
INFO: [Physopt 32-663] Processed net system_i/iq_0/inst/core/sm/div200/remainder[21].  Re-placed instance system_i/iq_0/inst/core/sm/div200/remainder_reg[21]
INFO: [Physopt 32-662] Processed net system_i/iq_0/inst/core/sm/div200/quotient[0]_i_54_n_0.  Did not re-place instance system_i/iq_0/inst/core/sm/div200/quotient[0]_i_54
INFO: [Physopt 32-663] Processed net system_i/iq_0/inst/core/sm/div200/remainder[26].  Re-placed instance system_i/iq_0/inst/core/sm/div200/remainder_reg[26]
INFO: [Physopt 32-662] Processed net system_i/iq_0/inst/core/sm/div200/remainder[10]_i_5_n_0.  Did not re-place instance system_i/iq_0/inst/core/sm/div200/remainder[10]_i_5
INFO: [Physopt 32-662] Processed net system_i/iq_0/inst/core/sm/div200/remainder[49].  Did not re-place instance system_i/iq_0/inst/core/sm/div200/remainder_reg[49]
INFO: [Physopt 32-662] Processed net system_i/iq_0/inst/freq_ring/out[9].  Did not re-place instance system_i/iq_0/inst/freq_ring/producer_reg[9]
INFO: [Physopt 32-662] Processed net system_i/iq_0/inst/core/sm/div200/quotient[0]_i_44_n_0.  Did not re-place instance system_i/iq_0/inst/core/sm/div200/quotient[0]_i_44
INFO: [Physopt 32-662] Processed net system_i/iq_0/inst/freq_ring/host_errors[19]_i_90_n_0.  Did not re-place instance system_i/iq_0/inst/freq_ring/host_errors[19]_i_90
INFO: [Physopt 32-663] Processed net system_i/iq_0/inst/core/sm/div200/remainder[15].  Re-placed instance system_i/iq_0/inst/core/sm/div200/remainder_reg[15]
INFO: [Physopt 32-662] Processed net system_i/iq_0/inst/core/sm/div200/quotient[0]_i_57_n_0.  Did not re-place instance system_i/iq_0/inst/core/sm/div200/quotient[0]_i_57
INFO: [Physopt 32-662] Processed net system_i/iq_0/inst/core/sm/div200/quotient[0]_i_34_n_0.  Did not re-place instance system_i/iq_0/inst/core/sm/div200/quotient[0]_i_34
INFO: [Physopt 32-663] Processed net system_i/iq_0/inst/core/sm/div200/remainder[18].  Re-placed instance system_i/iq_0/inst/core/sm/div200/remainder_reg[18]
INFO: [Physopt 32-662] Processed net system_i/iq_0/inst/freq_ring/out[3]_repN.  Did not re-place instance system_i/iq_0/inst/freq_ring/producer_reg[3]_replica
INFO: [Physopt 32-662] Processed net system_i/iq_0/inst/freq_ring/host_errors[19]_i_96_n_0.  Did not re-place instance system_i/iq_0/inst/freq_ring/host_errors[19]_i_96
INFO: [Physopt 32-662] Processed net system_i/iq_0/inst/core/sm/div200/remainder[47].  Did not re-place instance system_i/iq_0/inst/core/sm/div200/remainder_reg[47]
INFO: [Physopt 32-662] Processed net system_i/iq_0/inst/freq_ring/out[2]_repN.  Did not re-place instance system_i/iq_0/inst/freq_ring/producer_reg[2]_replica
INFO: [Physopt 32-662] Processed net system_i/iq_0/inst/freq_ring/freq_dropped[1].  Did not re-place instance system_i/iq_0/inst/freq_ring/dropped_reg[1]
INFO: [Physopt 32-662] Processed net system_i/iq_0/inst/freq_ring/host_errors[19]_i_97_n_0.  Did not re-place instance system_i/iq_0/inst/freq_ring/host_errors[19]_i_97
INFO: [Physopt 32-662] Processed net system_i/iq_0/inst/core/sm/div200/quotient[0]_i_50_n_0.  Did not re-place instance system_i/iq_0/inst/core/sm/div200/quotient[0]_i_50
INFO: [Physopt 32-662] Processed net system_i/iq_0/inst/core/sm/div200/remainder[44].  Did not re-place instance system_i/iq_0/inst/core/sm/div200/remainder_reg[44]
INFO: [Physopt 32-662] Processed net system_i/iq_0/inst/core/sm/div200/remainder[13].  Did not re-place instance system_i/iq_0/inst/core/sm/div200/remainder_reg[13]
INFO: [Physopt 32-662] Processed net system_i/iq_0/inst/core/sm/div200/quotient[0]_i_63_n_0.  Did not re-place instance system_i/iq_0/inst/core/sm/div200/quotient[0]_i_63
INFO: [Physopt 32-662] Processed net system_i/iq_0/inst/core/sm/div200/quotient[0]_i_53_n_0.  Did not re-place instance system_i/iq_0/inst/core/sm/div200/quotient[0]_i_53
INFO: [Physopt 32-662] Processed net system_i/iq_0/inst/core/sm/div200/quotient[0]_i_43_n_0.  Did not re-place instance system_i/iq_0/inst/core/sm/div200/quotient[0]_i_43
INFO: [Physopt 32-662] Processed net system_i/iq_0/inst/freq_ring/freq_dropped[0].  Did not re-place instance system_i/iq_0/inst/freq_ring/dropped_reg[0]
INFO: [Physopt 32-662] Processed net system_i/iq_0/inst/core/sm/div200/remainder[46].  Did not re-place instance system_i/iq_0/inst/core/sm/div200/remainder_reg[46]
INFO: [Physopt 32-662] Processed net system_i/iq_0/inst/core/sm/div200/remainder[35].  Did not re-place instance system_i/iq_0/inst/core/sm/div200/remainder_reg[35]
INFO: [Physopt 32-662] Processed net system_i/iq_0/inst/core/sm/div200/quotient[0]_i_37_n_0.  Did not re-place instance system_i/iq_0/inst/core/sm/div200/quotient[0]_i_37
INFO: [Physopt 32-662] Processed net system_i/iq_0/inst/core/sm/div200/quotient[0]_i_59_n_0.  Did not re-place instance system_i/iq_0/inst/core/sm/div200/quotient[0]_i_59
INFO: [Physopt 32-662] Processed net system_i/iq_0/inst/core/sm/div200/remainder[16].  Did not re-place instance system_i/iq_0/inst/core/sm/div200/remainder_reg[16]
INFO: [Physopt 32-662] Processed net system_i/iq_0/inst/core/sm/div200/remainder[12].  Did not re-place instance system_i/iq_0/inst/core/sm/div200/remainder_reg[12]
INFO: [Physopt 32-662] Processed net system_i/iq_0/inst/core/sm/div200/quotient[0]_i_33_n_0.  Did not re-place instance system_i/iq_0/inst/core/sm/div200/quotient[0]_i_33
INFO: [Physopt 32-662] Processed net system_i/iq_0/inst/core/sm/div200/remainder[39].  Did not re-place instance system_i/iq_0/inst/core/sm/div200/remainder_reg[39]
INFO: [Physopt 32-662] Processed net system_i/iq_0/inst/core/sm/div200/quotient[0]_i_30_n_0.  Did not re-place instance system_i/iq_0/inst/core/sm/div200/quotient[0]_i_30
INFO: [Physopt 32-662] Processed net system_i/iq_0/inst/freq_ring/out[6]_repN.  Did not re-place instance system_i/iq_0/inst/freq_ring/producer_reg[6]_replica
INFO: [Physopt 32-662] Processed net system_i/iq_0/inst/freq_ring/host_errors[19]_i_93_n_0.  Did not re-place instance system_i/iq_0/inst/freq_ring/host_errors[19]_i_93
INFO: [Physopt 32-662] Processed net system_i/iq_0/inst/core/sm/div200/remainder[41].  Did not re-place instance system_i/iq_0/inst/core/sm/div200/remainder_reg[41]
INFO: [Physopt 32-662] Processed net system_i/iq_0/inst/core/sm/div200/quotient[0]_i_29_n_0.  Did not re-place instance system_i/iq_0/inst/core/sm/div200/quotient[0]_i_29
INFO: [Physopt 32-662] Processed net system_i/iq_0/inst/core/sm/div200/remainder[8].  Did not re-place instance system_i/iq_0/inst/core/sm/div200/remainder_reg[8]
INFO: [Physopt 32-662] Processed net system_i/iq_0/inst/loader_transfers[0].  Did not re-place instance system_i/iq_0/inst/loader_transfers[0]_i_1
INFO: [Physopt 32-662] Processed net system_i/iq_0/inst/bank_length13_out[0].  Did not re-place instance system_i/iq_0/inst/bank_length1[7]_i_1
INFO: [Physopt 32-663] Processed net system_i/iq_0/inst/loader_crc_byte_reg_n_0_[0].  Re-placed instance system_i/iq_0/inst/loader_crc_byte_reg[0]
INFO: [Physopt 32-662] Processed net system_i/iq_0/inst/loader_computed_crc[11]_i_2_n_0.  Did not re-place instance system_i/iq_0/inst/loader_computed_crc[11]_i_2
INFO: [Physopt 32-662] Processed net system_i/iq_0/inst/bank_ready168_out.  Did not re-place instance system_i/iq_0/inst/loader_errors[4]_i_4
INFO: [Physopt 32-662] Processed net system_i/iq_0/inst/loader_computed_crc[4]_i_2_n_0.  Did not re-place instance system_i/iq_0/inst/loader_computed_crc[4]_i_2
INFO: [Physopt 32-662] Processed net system_i/iq_0/inst/loader_computed_crc[11]_i_3_n_0.  Did not re-place instance system_i/iq_0/inst/loader_computed_crc[11]_i_3
INFO: [Physopt 32-662] Processed net system_i/iq_0/inst/loader_errors[4]_i_37_n_0.  Did not re-place instance system_i/iq_0/inst/loader_errors[4]_i_37
INFO: [Physopt 32-663] Processed net system_i/iq_0/inst/bank_length1_reg_n_0_[2].  Re-placed instance system_i/iq_0/inst/bank_length1_reg[2]
INFO: [Physopt 32-663] Processed net system_i/iq_0/inst/bank_length1_reg_n_0_[3].  Re-placed instance system_i/iq_0/inst/bank_length1_reg[3]
INFO: [Physopt 32-662] Processed net system_i/iq_0/inst/core/tm/threshold_burst_data[95]_i_3_n_0.  Did not re-place instance system_i/iq_0/inst/core/tm/threshold_burst_data[95]_i_3
INFO: [Physopt 32-662] Processed net system_i/iq_0/inst/core/tm/threshold_burst_data[159]_i_4_n_0.  Did not re-place instance system_i/iq_0/inst/core/tm/threshold_burst_data[159]_i_4
INFO: [Physopt 32-663] Processed net system_i/iq_0/inst/core/tm/confirm_reg_n_0_[6].  Re-placed instance system_i/iq_0/inst/core/tm/confirm_reg[6]
INFO: [Physopt 32-662] Processed net system_i/iq_0/inst/core/tm/tail_peak[31]_i_35_n_0.  Did not re-place instance system_i/iq_0/inst/core/tm/tail_peak[31]_i_35
INFO: [Physopt 32-662] Processed net system_i/iq_0/inst/core/tm/threshold_burst_data0_out[42].  Did not re-place instance system_i/iq_0/inst/core/tm/threshold_burst_data[42]_i_1
INFO: [Physopt 32-662] Processed net system_i/iq_0/inst/core/tm/threshold_burst_data[42]_i_2_n_0.  Did not re-place instance system_i/iq_0/inst/core/tm/threshold_burst_data[42]_i_2
INFO: [Physopt 32-662] Processed net system_i/iq_0/inst/core/tm/threshold_burst_data_reg_n_0_[42].  Did not re-place instance system_i/iq_0/inst/core/tm/threshold_burst_data_reg[42]
INFO: [Physopt 32-662] Processed net system_i/iq_0/inst/bank_crc1[15]_i_1_n_0.  Did not re-place instance system_i/iq_0/inst/bank_crc1[15]_i_1
INFO: [Physopt 32-663] Processed net system_i/iq_0/inst/core/tm/confirm_reg_n_0_[0].  Re-placed instance system_i/iq_0/inst/core/tm/confirm_reg[0]
INFO: [Physopt 32-663] Processed net system_i/iq_0/inst/bank_crc1[12].  Re-placed instance system_i/iq_0/inst/bank_crc1_reg[12]
INFO: [Physopt 32-662] Processed net system_i/iq_0/inst/bank_crc1[13].  Did not re-place instance system_i/iq_0/inst/bank_crc1_reg[13]
INFO: [Physopt 32-662] Processed net system_i/iq_0/inst/core/sm/div200/remainder[37].  Did not re-place instance system_i/iq_0/inst/core/sm/div200/remainder_reg[37]
INFO: [Physopt 32-662] Processed net system_i/iq_0/inst/core/sm/div200/quotient[0]_i_36_n_0.  Did not re-place instance system_i/iq_0/inst/core/sm/div200/quotient[0]_i_36
INFO: [Physopt 32-662] Processed net system_i/iq_0/inst/bank_crc1[7]_i_1_n_0.  Did not re-place instance system_i/iq_0/inst/bank_crc1[7]_i_1
INFO: [Physopt 32-662] Processed net system_i/iq_0/inst/bank_crc1[23]_i_1_n_0.  Did not re-place instance system_i/iq_0/inst/bank_crc1[23]_i_1
INFO: [Physopt 32-662] Processed net system_i/iq_0/inst/core/sm/div200/quotient[0]_i_26_n_0.  Did not re-place instance system_i/iq_0/inst/core/sm/div200/quotient[0]_i_26
INFO: [Physopt 32-663] Processed net system_i/iq_0/inst/bank_crc1[16].  Re-placed instance system_i/iq_0/inst/bank_crc1_reg[16]
INFO: [Physopt 32-663] Processed net system_i/iq_0/inst/bank_crc1[17].  Re-placed instance system_i/iq_0/inst/bank_crc1_reg[17]
INFO: [Physopt 32-663] Processed net system_i/iq_0/inst/bank_crc1[18].  Re-placed instance system_i/iq_0/inst/bank_crc1_reg[18]
INFO: [Physopt 32-663] Processed net system_i/iq_0/inst/bank_crc1[19].  Re-placed instance system_i/iq_0/inst/bank_crc1_reg[19]
INFO: [Physopt 32-663] Processed net system_i/iq_0/inst/bank_crc1[2].  Re-placed instance system_i/iq_0/inst/bank_crc1_reg[2]
INFO: [Physopt 32-663] Processed net system_i/iq_0/inst/bank_crc1[3].  Re-placed instance system_i/iq_0/inst/bank_crc1_reg[3]
INFO: [Physopt 32-663] Processed net system_i/iq_0/inst/bank_crc1[6].  Re-placed instance system_i/iq_0/inst/bank_crc1_reg[6]
INFO: [Physopt 32-663] Processed net system_i/iq_0/inst/bank_crc1[7].  Re-placed instance system_i/iq_0/inst/bank_crc1_reg[7]
INFO: [Physopt 32-663] Processed net system_i/iq_0/inst/bank1/dma_loader_write.  Re-placed instance system_i/iq_0/inst/bank1/mem_reg_0_0_0_i_19
INFO: [Physopt 32-663] Processed net system_i/iq_0/inst/loader_crc_byte_reg_n_0_[1].  Re-placed instance system_i/iq_0/inst/loader_crc_byte_reg[1]
INFO: [Physopt 32-663] Processed net system_i/iq_0/inst/bank1/iq[29].  Re-placed instance system_i/iq_0/inst/bank1/p_reg_i_3
INFO: [Physopt 32-662] Processed net system_i/iq_0/inst/bank1/ADDRARDADDR[4].  Did not re-place instance system_i/iq_0/inst/bank1/mem_reg_0_0_0_i_11
INFO: [Physopt 32-663] Processed net system_i/iq_0/inst/bank1/p_90_in.  Re-placed instance system_i/iq_0/inst/bank1/loader_word_last_i_1
INFO: [Physopt 32-663] Processed net system_i/iq_0/inst/core_iq[29].  Re-placed instance system_i/iq_0/inst/core_iq_reg[29]
INFO: [Physopt 32-662] Processed net system_i/iq_0/inst/core/sm/div200/remainder[31].  Did not re-place instance system_i/iq_0/inst/core/sm/div200/remainder_reg[31]
INFO: [Physopt 32-662] Processed net system_i/iq_0/inst/core/sm/div200/quotient[0]_i_39_n_0.  Did not re-place instance system_i/iq_0/inst/core/sm/div200/quotient[0]_i_39
INFO: [Physopt 32-662] Processed net system_i/iq_0/inst/bank1/D[1].  Did not re-place instance system_i/iq_0/inst/bank1/s_axi_rdata[3]_i_1
INFO: [Physopt 32-663] Processed net system_i/iq_0/inst/burst_ring/s_axi_rdata[3]_i_4_n_0.  Re-placed instance system_i/iq_0/inst/burst_ring/s_axi_rdata[3]_i_4
INFO: [Physopt 32-662] Processed net system_i/iq_0/inst/burst_ring/snapshot_mem_reg_0_0.  Did not re-place instance system_i/iq_0/inst/burst_ring/s_axi_rdata[3]_i_2
INFO: [Physopt 32-662] Processed net system_i/iq_0/inst/s_axi_rdata[3].  Did not re-place instance system_i/iq_0/inst/s_axi_rdata_reg[3]
INFO: [Physopt 32-663] Processed net system_i/iq_0/inst/bank_crc1[4].  Re-placed instance system_i/iq_0/inst/bank_crc1_reg[4]
INFO: [Physopt 32-663] Processed net system_i/iq_0/inst/bank_crc1[5].  Re-placed instance system_i/iq_0/inst/bank_crc1_reg[5]
INFO: [Physopt 32-662] Processed net system_i/iq_0/inst/core/tm/threshold_burst_data0_out[33].  Did not re-place instance system_i/iq_0/inst/core/tm/threshold_burst_data[33]_i_1
INFO: [Physopt 32-662] Processed net system_i/iq_0/inst/core/tm/threshold_burst_data[33]_i_2_n_0.  Did not re-place instance system_i/iq_0/inst/core/tm/threshold_burst_data[33]_i_2
INFO: [Physopt 32-662] Processed net system_i/iq_0/inst/core/tm/threshold_burst_data_reg_n_0_[33].  Did not re-place instance system_i/iq_0/inst/core/tm/threshold_burst_data_reg[33]
INFO: [Physopt 32-662] Processed net system_i/iq_0/inst/bank_block1[7]_i_1_n_0.  Did not re-place instance system_i/iq_0/inst/bank_block1[7]_i_1
INFO: [Physopt 32-663] Processed net system_i/iq_0/inst/bank_block1[0].  Re-placed instance system_i/iq_0/inst/bank_block1_reg[0]
INFO: [Physopt 32-663] Processed net system_i/iq_0/inst/bank_block1[1].  Re-placed instance system_i/iq_0/inst/bank_block1_reg[1]
INFO: [Physopt 32-663] Processed net system_i/iq_0/inst/bank_block1[2].  Re-placed instance system_i/iq_0/inst/bank_block1_reg[2]
INFO: [Physopt 32-663] Processed net system_i/iq_0/inst/bank_block1[3].  Re-placed instance system_i/iq_0/inst/bank_block1_reg[3]
INFO: [Physopt 32-663] Processed net system_i/iq_0/inst/bank_block1[4].  Re-placed instance system_i/iq_0/inst/bank_block1_reg[4]
INFO: [Physopt 32-663] Processed net system_i/iq_0/inst/bank_block1[5].  Re-placed instance system_i/iq_0/inst/bank_block1_reg[5]
INFO: [Physopt 32-662] Processed net system_i/iq_0/inst/core/tm/threshold_burst_data0_out[43].  Did not re-place instance system_i/iq_0/inst/core/tm/threshold_burst_data[43]_i_1
INFO: [Physopt 32-662] Processed net system_i/iq_0/inst/core/tm/threshold_burst_data[43]_i_2_n_0.  Did not re-place instance system_i/iq_0/inst/core/tm/threshold_burst_data[43]_i_2
INFO: [Physopt 32-663] Processed net system_i/iq_0/inst/bank_length1_reg_n_0_[4].  Re-placed instance system_i/iq_0/inst/bank_length1_reg[4]
INFO: [Physopt 32-663] Processed net system_i/iq_0/inst/bank_length1_reg_n_0_[7].  Re-placed instance system_i/iq_0/inst/bank_length1_reg[7]
INFO: [Physopt 32-663] Processed net system_i/iq_0/inst/bank_length1_reg_n_0_[0].  Re-placed instance system_i/iq_0/inst/bank_length1_reg[0]
INFO: [Physopt 32-663] Processed net system_i/iq_0/inst/bank_length1_reg_n_0_[1].  Re-placed instance system_i/iq_0/inst/bank_length1_reg[1]
INFO: [Physopt 32-663] Processed net system_i/iq_0/inst/bank_length1_reg_n_0_[5].  Re-placed instance system_i/iq_0/inst/bank_length1_reg[5]
INFO: [Physopt 32-663] Processed net system_i/iq_0/inst/bank_length1_reg_n_0_[6].  Re-placed instance system_i/iq_0/inst/bank_length1_reg[6]
INFO: [Physopt 32-662] Processed net system_i/iq_0/inst/core/tm/threshold_burst_data_reg_n_0_[43].  Did not re-place instance system_i/iq_0/inst/core/tm/threshold_burst_data_reg[43]
INFO: [Physopt 32-662] Processed net system_i/iq_0/inst/freq_ring/host_errors[19]_i_21_n_0.  Did not re-place instance system_i/iq_0/inst/freq_ring/host_errors[19]_i_21
INFO: [Physopt 32-662] Processed net system_i/iq_0/inst/freq_ring/host_errors[19]_i_14_n_0.  Did not re-place instance system_i/iq_0/inst/freq_ring/host_errors[19]_i_14
INFO: [Physopt 32-662] Processed net system_i/iq_0/inst/core/tm/threshold_burst_data0_out[41].  Did not re-place instance system_i/iq_0/inst/core/tm/threshold_burst_data[41]_i_1
INFO: [Physopt 32-663] Processed net system_i/iq_0/inst/core/tm/threshold_burst_data[41]_i_2_n_0.  Re-placed instance system_i/iq_0/inst/core/tm/threshold_burst_data[41]_i_2
INFO: [Physopt 32-662] Processed net system_i/iq_0/inst/core/tm/threshold_burst_data_reg_n_0_[41].  Did not re-place instance system_i/iq_0/inst/core/tm/threshold_burst_data_reg[41]
INFO: [Physopt 32-662] Processed net system_i/iq_0/inst/core/tm/threshold_burst_data0_out[37].  Did not re-place instance system_i/iq_0/inst/core/tm/threshold_burst_data[37]_i_1
INFO: [Physopt 32-663] Processed net system_i/iq_0/inst/core/tm/threshold_burst_data[37]_i_2_n_0.  Re-placed instance system_i/iq_0/inst/core/tm/threshold_burst_data[37]_i_2
INFO: [Physopt 32-662] Processed net system_i/iq_0/inst/core/tm/threshold_burst_data_reg_n_0_[37].  Did not re-place instance system_i/iq_0/inst/core/tm/threshold_burst_data_reg[37]
INFO: [Physopt 32-662] Processed net system_i/iq_0/inst/core/tm/tail_peak[31]_i_33_n_0.  Did not re-place instance system_i/iq_0/inst/core/tm/tail_peak[31]_i_33
INFO: [Physopt 32-663] Processed net system_i/iq_0/inst/bank1/s_axi_rdata[20]_i_10_n_0.  Re-placed instance system_i/iq_0/inst/bank1/s_axi_rdata[20]_i_10
INFO: [Physopt 32-663] Processed net system_i/iq_0/inst/bank1/snapshot_mem_reg_1_1.  Re-placed instance system_i/iq_0/inst/bank1/s_axi_rdata[20]_i_4
INFO: [Physopt 32-662] Processed net system_i/iq_0/inst/freq_ring/mem_reg_1_0[5].  Did not re-place instance system_i/iq_0/inst/freq_ring/s_axi_rdata[20]_i_1
INFO: [Physopt 32-662] Processed net system_i/iq_0/inst/s_axi_rdata[20].  Did not re-place instance system_i/iq_0/inst/s_axi_rdata_reg[20]
INFO: [Physopt 32-662] Processed net system_i/iq_0/inst/core/sm/div200/quotient[0]_i_32_n_0.  Did not re-place instance system_i/iq_0/inst/core/sm/div200/quotient[0]_i_32
INFO: [Physopt 32-663] Processed net system_i/iq_0/inst/bank1/iq[25].  Re-placed instance system_i/iq_0/inst/bank1/p_reg_i_7
INFO: [Physopt 32-662] Processed net system_i/iq_0/inst/bank1/p_reg_i_7_psdsp_n_1.  Did not re-place instance system_i/iq_0/inst/bank1/p_reg_i_7_psdsp_1
INFO: [Physopt 32-662] Processed net system_i/iq_0/inst/core/sm/div200/remainder[29].  Did not re-place instance system_i/iq_0/inst/core/sm/div200/remainder_reg[29]
INFO: [Physopt 32-662] Processed net system_i/iq_0/inst/core/sm/div200/remainder[45].  Did not re-place instance system_i/iq_0/inst/core/sm/div200/remainder_reg[45]
INFO: [Physopt 32-662] Processed net system_i/iq_0/inst/core/sm/div200/quotient[0]_i_45_n_0.  Did not re-place instance system_i/iq_0/inst/core/sm/div200/quotient[0]_i_45
INFO: [Physopt 32-663] Processed net system_i/iq_0/inst/core/rb/sqrt/p_0_in_0[1].  Re-placed instance system_i/iq_0/inst/core/rb/sqrt/bits_left_reg[63]
INFO: [Physopt 32-662] Processed net system_i/iq_0/inst/freq_ring/out[13].  Did not re-place instance system_i/iq_0/inst/freq_ring/producer_reg[13]
INFO: [Physopt 32-662] Processed net system_i/iq_0/inst/core/rb/sqrt/remnant[3]_i_2_n_0.  Did not re-place instance system_i/iq_0/inst/core/rb/sqrt/remnant[3]_i_2
INFO: [Physopt 32-662] Processed net system_i/iq_0/inst/core/rb/sqrt/root1_carry_i_7_n_0.  Did not re-place instance system_i/iq_0/inst/core/rb/sqrt/root1_carry_i_7
INFO: [Physopt 32-662] Processed net system_i/iq_0/inst/freq_ring/host_errors[19]_i_81_n_0.  Did not re-place instance system_i/iq_0/inst/freq_ring/host_errors[19]_i_81
INFO: [Physopt 32-662] Processed net system_i/iq_0/inst/core/rb/sqrt/remnant[61].  Did not re-place instance system_i/iq_0/inst/core/rb/sqrt/remnant_reg[61]
INFO: [Physopt 32-662] Processed net system_i/iq_0/inst/core/sm/div200/quotient[0]_i_35_n_0.  Did not re-place instance system_i/iq_0/inst/core/sm/div200/quotient[0]_i_35
INFO: [Physopt 32-662] Processed net system_i/iq_0/inst/core/tm/threshold_burst_valid_i_1_n_0.  Did not re-place instance system_i/iq_0/inst/core/tm/threshold_burst_valid_i_1
INFO: [Physopt 32-663] Processed net system_i/iq_0/inst/core/tm/threshold_burst_valid_i_12_n_0.  Re-placed instance system_i/iq_0/inst/core/tm/threshold_burst_valid_i_12
INFO: [Physopt 32-662] Processed net system_i/iq_0/inst/core/tm/threshold_burst_valid_i_5_n_0.  Did not re-place instance system_i/iq_0/inst/core/tm/threshold_burst_valid_i_5
INFO: [Physopt 32-662] Processed net system_i/iq_0/inst/core/tm/threshold_burst_data_reg_n_0_[38].  Did not re-place instance system_i/iq_0/inst/core/tm/threshold_burst_data_reg[38]
INFO: [Physopt 32-662] Processed net system_i/iq_0/inst/core/tm/threshold_burst_data_reg_n_0_[45].  Did not re-place instance system_i/iq_0/inst/core/tm/threshold_burst_data_reg[45]
INFO: [Physopt 32-662] Processed net system_i/iq_0/inst/freq_ring/freq_producer__0[16].  Did not re-place instance system_i/iq_0/inst/freq_ring/producer_reg[16]
INFO: [Physopt 32-662] Processed net system_i/iq_0/inst/freq_ring/host_errors[19]_i_78_n_0.  Did not re-place instance system_i/iq_0/inst/freq_ring/host_errors[19]_i_78
INFO: [Physopt 32-661] Optimized 54 nets.  Re-placed 54 instances.
INFO: [Physopt 32-775] End 1 Pass. Optimized 54 nets or cells. Created 0 new cell, deleted 0 existing cell and moved 54 existing cells
INFO: [Physopt 32-619] Estimated Timing Summary | WNS=-0.290 | TNS=-1.787 |
Netlist sorting complete. Time (s): cpu = 00:00:01 ; elapsed = 00:00:00.044 . Memory (MB): peak = 2564.750 ; gain = 0.000
Phase 4 Single Cell Placement Optimization | Checksum: 49acc45d

Time (s): cpu = 00:00:30 ; elapsed = 00:00:15 . Memory (MB): peak = 2564.750 ; gain = 0.000

Phase 5 Multi Cell Placement Optimization
INFO: [Physopt 32-660] Identified 100 candidate nets for placement-based optimization.
INFO: [Physopt 32-662] Processed net system_i/iq_0/inst/core/sm/div200/remainder[2].  Did not re-place instance system_i/iq_0/inst/core/sm/div200/remainder_reg[2]/Q
INFO: [Physopt 32-662] Processed net system_i/iq_0/inst/core/sm/div200/remainder[5].  Did not re-place instance system_i/iq_0/inst/core/sm/div200/remainder_reg[5]/Q
INFO: [Physopt 32-662] Processed net system_i/iq_0/inst/core/sm/div200/remainder[5].  Did not re-place instance system_i/iq_0/inst/core/sm/div200/remainder_reg[5]/Q
INFO: [Physopt 32-662] Processed net system_i/iq_0/inst/core/sm/div200/remainder[5].  Did not re-place instance system_i/iq_0/inst/core/sm/div200/remainder_reg[5]/Q
INFO: [Physopt 32-662] Processed net system_i/iq_0/inst/core/sm/div200/remainder[3].  Did not re-place instance system_i/iq_0/inst/core/sm/div200/remainder_reg[3]/Q
INFO: [Physopt 32-662] Processed net system_i/iq_0/inst/core/sm/div200/dividend[63].  Did not re-place instance system_i/iq_0/inst/core/sm/div200/dividend_reg[63]/Q
INFO: [Physopt 32-662] Processed net system_i/iq_0/inst/core/sm/div200/remainder[1].  Did not re-place instance system_i/iq_0/inst/core/sm/div200/remainder_reg[1]/Q
INFO: [Physopt 32-662] Processed net system_i/iq_0/inst/core/sm/div200/remainder[0].  Did not re-place instance system_i/iq_0/inst/core/sm/div200/remainder_reg[0]/Q
INFO: [Physopt 32-661] Optimized 0 net.  Re-placed 0 instance.
INFO: [Physopt 32-775] End 1 Pass. Optimized 0 net or cell. Created 0 new cell, deleted 0 existing cell and moved 0 existing cell
Netlist sorting complete. Time (s): cpu = 00:00:00 ; elapsed = 00:00:00.042 . Memory (MB): peak = 2564.750 ; gain = 0.000
Phase 5 Multi Cell Placement Optimization | Checksum: 7aac8586

Time (s): cpu = 00:00:32 ; elapsed = 00:00:16 . Memory (MB): peak = 2564.750 ; gain = 0.000

Phase 6 Rewire
INFO: [Physopt 32-246] Starting Signal Push optimization...
INFO: [Physopt 32-241] No nets found for rewiring () optimization.
INFO: [Physopt 32-232] Optimized 0 net. Created 0 new instance.
INFO: [Physopt 32-775] End 1 Pass. Optimized 0 net or cell. Created 0 new cell, deleted 0 existing cell and moved 0 existing cell
Netlist sorting complete. Time (s): cpu = 00:00:00 ; elapsed = 00:00:00.042 . Memory (MB): peak = 2564.750 ; gain = 0.000
Phase 6 Rewire | Checksum: 7aac8586

Time (s): cpu = 00:00:32 ; elapsed = 00:00:16 . Memory (MB): peak = 2564.750 ; gain = 0.000

Phase 7 Critical Cell Optimization
INFO: [Physopt 32-46] Identified 12 candidate nets for critical-cell optimization.
INFO: [Physopt 32-81] Processed net system_i/iq_0/inst/core/sm/div200/remainder[2]. Replicated 1 times.
INFO: [Physopt 32-572] Net system_i/iq_0/inst/core/sm/div200/remainder[5] was not replicated.
Resolution: phys_opt_design can be forced to replicate a net driver using the option -force_replication_on_nets <list of net objects>.
INFO: [Physopt 32-572] Net system_i/iq_0/inst/core/sm/div200/remainder[3] was not replicated.
Resolution: phys_opt_design can be forced to replicate a net driver using the option -force_replication_on_nets <list of net objects>.
INFO: [Physopt 32-572] Net system_i/iq_0/inst/core/sm/div200/dividend[63] was not replicated.
Resolution: phys_opt_design can be forced to replicate a net driver using the option -force_replication_on_nets <list of net objects>.
INFO: [Physopt 32-81] Processed net system_i/iq_0/inst/core/sm/div200/remainder[1]. Replicated 1 times.
INFO: [Physopt 32-572] Net system_i/iq_0/inst/core/sm/div200/remainder[0] was not replicated.
Resolution: phys_opt_design can be forced to replicate a net driver using the option -force_replication_on_nets <list of net objects>.
INFO: [Physopt 32-571] Net system_i/iq_0/inst/core/sm/div200/remainder[9] was not replicated.
INFO: [Physopt 32-571] Net system_i/iq_0/inst/core/sm/div200/divisor[7] was not replicated.
INFO: [Physopt 32-571] Net system_i/iq_0/inst/core/sm/div200/remainder[11] was not replicated.
INFO: [Physopt 32-571] Net system_i/iq_0/inst/core/sm/div200/remainder[7] was not replicated.
INFO: [Physopt 32-571] Net system_i/iq_0/inst/core/sm/div200/remainder[4] was not replicated.
INFO: [Physopt 32-571] Net system_i/iq_0/inst/core/sm/div200/remainder[10] was not replicated.
INFO: [Physopt 32-232] Optimized 2 nets. Created 2 new instances.
INFO: [Physopt 32-775] End 1 Pass. Optimized 2 nets or cells. Created 2 new cells, deleted 0 existing cell and moved 0 existing cell
INFO: [Physopt 32-619] Estimated Timing Summary | WNS=-0.277 | TNS=-1.644 |
Netlist sorting complete. Time (s): cpu = 00:00:00 ; elapsed = 00:00:00.053 . Memory (MB): peak = 2564.750 ; gain = 0.000
Phase 7 Critical Cell Optimization | Checksum: 10298df4a

Time (s): cpu = 00:00:37 ; elapsed = 00:00:18 . Memory (MB): peak = 2564.750 ; gain = 0.000

Phase 8 Fanout Optimization
INFO: [Physopt 32-76] Pass 1. Identified 5 candidate nets for fanout optimization.
INFO: [Physopt 32-572] Net system_i/iq_0/inst/core/tm/threshold_burst_data[95]_i_3_n_0 was not replicated.
Resolution: phys_opt_design can be forced to replicate a net driver using the option -force_replication_on_nets <list of net objects>.
INFO: [Physopt 32-572] Net system_i/iq_0/inst/core/tm/threshold_burst_data[95]_i_10_n_0 was not replicated.
Resolution: phys_opt_design can be forced to replicate a net driver using the option -force_replication_on_nets <list of net objects>.
INFO: [Physopt 32-572] Net system_i/iq_0/inst/core/tm/threshold_burst_valid_i_1_n_0 was not replicated.
Resolution: phys_opt_design can be forced to replicate a net driver using the option -force_replication_on_nets <list of net objects>.
INFO: [Physopt 32-572] Net system_i/iq_0/inst/core/tm/threshold_burst_data0_out[266] was not replicated.
Resolution: phys_opt_design can be forced to replicate a net driver using the option -force_replication_on_nets <list of net objects>.
INFO: [Physopt 32-572] Net system_i/iq_0/inst/loader_transfers[0] was not replicated.
Resolution: phys_opt_design can be forced to replicate a net driver using the option -force_replication_on_nets <list of net objects>.
INFO: [Physopt 32-232] Optimized 0 net. Created 0 new instance.
INFO: [Physopt 32-775] End 1 Pass. Optimized 0 net or cell. Created 0 new cell, deleted 0 existing cell and moved 0 existing cell
Netlist sorting complete. Time (s): cpu = 00:00:00 ; elapsed = 00:00:00.068 . Memory (MB): peak = 2564.750 ; gain = 0.000
Phase 8 Fanout Optimization | Checksum: 16cfa948e

Time (s): cpu = 00:00:41 ; elapsed = 00:00:20 . Memory (MB): peak = 2564.750 ; gain = 0.000

Phase 9 Single Cell Placement Optimization
INFO: [Physopt 32-660] Identified 200 candidate nets for placement-based optimization.
INFO: [Physopt 32-662] Processed net system_i/iq_0/inst/core/sm/div200/remainder[2]_repN.  Did not re-place instance system_i/iq_0/inst/core/sm/div200/remainder_reg[2]_replica
INFO: [Physopt 32-662] Processed net system_i/iq_0/inst/core/sm/div200/quotient[0]_i_73_n_0.  Did not re-place instance system_i/iq_0/inst/core/sm/div200/quotient[0]_i_73
INFO: [Physopt 32-662] Processed net system_i/iq_0/inst/core/sm/div200/remainder[6]_i_2_n_0.  Did not re-place instance system_i/iq_0/inst/core/sm/div200/remainder[6]_i_2
INFO: [Physopt 32-662] Processed net system_i/iq_0/inst/core/sm/div200/remainder[63].  Did not re-place instance system_i/iq_0/inst/core/sm/div200/remainder_reg[63]
INFO: [Physopt 32-662] Processed net system_i/iq_0/inst/core/sm/div200/remainder[60].  Did not re-place instance system_i/iq_0/inst/core/sm/div200/remainder_reg[60]
INFO: [Physopt 32-662] Processed net system_i/iq_0/inst/core/sm/div200/remainder[62].  Did not re-place instance system_i/iq_0/inst/core/sm/div200/remainder_reg[62]
INFO: [Physopt 32-662] Processed net system_i/iq_0/inst/core/sm/div200/quotient[0]_i_69_n_0.  Did not re-place instance system_i/iq_0/inst/core/sm/div200/quotient[0]_i_69
INFO: [Physopt 32-662] Processed net system_i/iq_0/inst/core/sm/div200/remainder[61].  Did not re-place instance system_i/iq_0/inst/core/sm/div200/remainder_reg[61]
INFO: [Physopt 32-662] Processed net system_i/iq_0/inst/core/sm/div200/remainder[6]_i_5_n_0.  Did not re-place instance system_i/iq_0/inst/core/sm/div200/remainder[6]_i_5
INFO: [Physopt 32-662] Processed net system_i/iq_0/inst/core/sm/div200/remainder[59].  Did not re-place instance system_i/iq_0/inst/core/sm/div200/remainder_reg[59]
INFO: [Physopt 32-662] Processed net system_i/iq_0/inst/core/sm/div200/remainder[5].  Did not re-place instance system_i/iq_0/inst/core/sm/div200/remainder_reg[5]
INFO: [Physopt 32-662] Processed net system_i/iq_0/inst/core/sm/div200/quotient[0]_i_71_n_0.  Did not re-place instance system_i/iq_0/inst/core/sm/div200/quotient[0]_i_71
INFO: [Physopt 32-662] Processed net system_i/iq_0/inst/core/sm/div200/remainder[56].  Did not re-place instance system_i/iq_0/inst/core/sm/div200/remainder_reg[56]
INFO: [Physopt 32-662] Processed net system_i/iq_0/inst/core/sm/div200/remainder[58].  Did not re-place instance system_i/iq_0/inst/core/sm/div200/remainder_reg[58]
INFO: [Physopt 32-662] Processed net system_i/iq_0/inst/core/sm/div200/quotient[0]_i_67_n_0.  Did not re-place instance system_i/iq_0/inst/core/sm/div200/quotient[0]_i_67
INFO: [Physopt 32-662] Processed net system_i/iq_0/inst/core/sm/div200/remainder[3].  Did not re-place instance system_i/iq_0/inst/core/sm/div200/remainder_reg[3]
INFO: [Physopt 32-662] Processed net system_i/iq_0/inst/core/sm/div200/quotient[0]_i_72_n_0.  Did not re-place instance system_i/iq_0/inst/core/sm/div200/quotient[0]_i_72
INFO: [Physopt 32-662] Processed net system_i/iq_0/inst/core/sm/div200/remainder[57].  Did not re-place instance system_i/iq_0/inst/core/sm/div200/remainder_reg[57]
INFO: [Physopt 32-662] Processed net system_i/iq_0/inst/core/sm/div200/dividend[63].  Did not re-place instance system_i/iq_0/inst/core/sm/div200/dividend_reg[63]
INFO: [Physopt 32-662] Processed net system_i/iq_0/inst/core/sm/div200/quotient[0]_i_74_n_0.  Did not re-place instance system_i/iq_0/inst/core/sm/div200/quotient[0]_i_74
INFO: [Physopt 32-662] Processed net system_i/iq_0/inst/core/sm/div200/remainder[1]_repN.  Did not re-place instance system_i/iq_0/inst/core/sm/div200/remainder_reg[1]_replica
INFO: [Physopt 32-662] Processed net system_i/iq_0/inst/core/sm/div200/remainder[55].  Did not re-place instance system_i/iq_0/inst/core/sm/div200/remainder_reg[55]
INFO: [Physopt 32-662] Processed net system_i/iq_0/inst/core/sm/div200/remainder[52].  Did not re-place instance system_i/iq_0/inst/core/sm/div200/remainder_reg[52]
INFO: [Physopt 32-662] Processed net system_i/iq_0/inst/core/sm/div200/remainder[0].  Did not re-place instance system_i/iq_0/inst/core/sm/div200/remainder_reg[0]
INFO: [Physopt 32-662] Processed net system_i/iq_0/inst/core/sm/div200/quotient[0]_i_70_n_0.  Did not re-place instance system_i/iq_0/inst/core/sm/div200/quotient[0]_i_70
INFO: [Physopt 32-662] Processed net system_i/iq_0/inst/core/sm/div200/remainder[54].  Did not re-place instance system_i/iq_0/inst/core/sm/div200/remainder_reg[54]
INFO: [Physopt 32-662] Processed net system_i/iq_0/inst/core/sm/div200/remainder[6]_i_6_n_0.  Did not re-place instance system_i/iq_0/inst/core/sm/div200/remainder[6]_i_6
INFO: [Physopt 32-662] Processed net system_i/iq_0/inst/core/sm/div200/quotient[0]_i_68_n_0.  Did not re-place instance system_i/iq_0/inst/core/sm/div200/quotient[0]_i_68
INFO: [Physopt 32-662] Processed net system_i/iq_0/inst/core/sm/div200/remainder[10]_i_3_n_0.  Did not re-place instance system_i/iq_0/inst/core/sm/div200/remainder[10]_i_3
INFO: [Physopt 32-662] Processed net system_i/iq_0/inst/core/sm/div200/remainder[9].  Did not re-place instance system_i/iq_0/inst/core/sm/div200/remainder_reg[9]
INFO: [Physopt 32-662] Processed net system_i/iq_0/inst/core/sm/div200/quotient[0]_i_65_n_0.  Did not re-place instance system_i/iq_0/inst/core/sm/div200/quotient[0]_i_65
INFO: [Physopt 32-662] Processed net system_i/iq_0/inst/core/sm/div200/divisor[7].  Did not re-place instance system_i/iq_0/inst/core/sm/div200/divisor_reg[7]
INFO: [Physopt 32-662] Processed net system_i/iq_0/inst/core/sm/div200/remainder[11].  Did not re-place instance system_i/iq_0/inst/core/sm/div200/remainder_reg[11]
INFO: [Physopt 32-662] Processed net system_i/iq_0/inst/core/sm/div200/quotient[0]_i_64_n_0.  Did not re-place instance system_i/iq_0/inst/core/sm/div200/quotient[0]_i_64
INFO: [Physopt 32-662] Processed net system_i/iq_0/inst/core/sm/div200/remainder[7].  Did not re-place instance system_i/iq_0/inst/core/sm/div200/remainder_reg[7]
INFO: [Physopt 32-662] Processed net system_i/iq_0/inst/core/sm/div200/quotient[0]_i_66_n_0.  Did not re-place instance system_i/iq_0/inst/core/sm/div200/quotient[0]_i_66
INFO: [Physopt 32-662] Processed net system_i/iq_0/inst/core/sm/div200/remainder[4].  Did not re-place instance system_i/iq_0/inst/core/sm/div200/remainder_reg[4]
INFO: [Physopt 32-662] Processed net system_i/iq_0/inst/core/sm/div200/remainder[53].  Did not re-place instance system_i/iq_0/inst/core/sm/div200/remainder_reg[53]
INFO: [Physopt 32-662] Processed net system_i/iq_0/inst/core/sm/div200/remainder[10].  Did not re-place instance system_i/iq_0/inst/core/sm/div200/remainder_reg[10]
INFO: [Physopt 32-662] Processed net system_i/iq_0/inst/core/sm/div200/quotient[0]_i_60_n_0.  Did not re-place instance system_i/iq_0/inst/core/sm/div200/quotient[0]_i_60
INFO: [Physopt 32-662] Processed net system_i/iq_0/inst/core/sm/div200/remainder[6].  Did not re-place instance system_i/iq_0/inst/core/sm/div200/remainder_reg[6]
INFO: [Physopt 32-662] Processed net system_i/iq_0/inst/core/sm/div200/remainder[51].  Did not re-place instance system_i/iq_0/inst/core/sm/div200/remainder_reg[51]
INFO: [Physopt 32-662] Processed net system_i/iq_0/inst/core/sm/div200/remainder[48].  Did not re-place instance system_i/iq_0/inst/core/sm/div200/remainder_reg[48]
INFO: [Physopt 32-662] Processed net system_i/iq_0/inst/core/sm/div200/quotient[0]_i_62_n_0.  Did not re-place instance system_i/iq_0/inst/core/sm/div200/quotient[0]_i_62
INFO: [Physopt 32-662] Processed net system_i/iq_0/inst/core/sm/div200/quotient[0]_i_61_n_0.  Did not re-place instance system_i/iq_0/inst/core/sm/div200/quotient[0]_i_61
INFO: [Physopt 32-662] Processed net system_i/iq_0/inst/core/sm/div200/remainder[50].  Did not re-place instance system_i/iq_0/inst/core/sm/div200/remainder_reg[50]
INFO: [Physopt 32-662] Processed net system_i/iq_0/inst/core/sm/div200/remainder[33].  Did not re-place instance system_i/iq_0/inst/core/sm/div200/remainder_reg[33]
INFO: [Physopt 32-662] Processed net system_i/iq_0/inst/core/sm/div200/quotient[0]_i_38_n_0.  Did not re-place instance system_i/iq_0/inst/core/sm/div200/quotient[0]_i_38
INFO: [Physopt 32-662] Processed net system_i/iq_0/inst/core/sm/div200/remainder[6]_i_4_n_0.  Did not re-place instance system_i/iq_0/inst/core/sm/div200/remainder[6]_i_4
INFO: [Physopt 32-662] Processed net system_i/iq_0/inst/core/sm/div200/remainder[6]_i_3_n_0.  Did not re-place instance system_i/iq_0/inst/core/sm/div200/remainder[6]_i_3
INFO: [Physopt 32-662] Processed net system_i/iq_0/inst/core/tm/threshold_burst_data[95]_i_3_n_0.  Did not re-place instance system_i/iq_0/inst/core/tm/threshold_burst_data[95]_i_3
INFO: [Physopt 32-662] Processed net system_i/iq_0/inst/core/tm/threshold_burst_data[159]_i_4_n_0.  Did not re-place instance system_i/iq_0/inst/core/tm/threshold_burst_data[159]_i_4
INFO: [Physopt 32-663] Processed net system_i/iq_0/inst/core/tm/confirm_reg_n_0_[2].  Re-placed instance system_i/iq_0/inst/core/tm/confirm_reg[2]
INFO: [Physopt 32-662] Processed net system_i/iq_0/inst/core/tm/tail_peak[31]_i_35_n_0.  Did not re-place instance system_i/iq_0/inst/core/tm/tail_peak[31]_i_35
INFO: [Physopt 32-662] Processed net system_i/iq_0/inst/core/tm/threshold_burst_data0_out[42].  Did not re-place instance system_i/iq_0/inst/core/tm/threshold_burst_data[42]_i_1
INFO: [Physopt 32-662] Processed net system_i/iq_0/inst/core/tm/threshold_burst_data[42]_i_2_n_0.  Did not re-place instance system_i/iq_0/inst/core/tm/threshold_burst_data[42]_i_2
INFO: [Physopt 32-662] Processed net system_i/iq_0/inst/core/tm/threshold_burst_data_reg_n_0_[42].  Did not re-place instance system_i/iq_0/inst/core/tm/threshold_burst_data_reg[42]
INFO: [Physopt 32-662] Processed net system_i/iq_0/inst/freq_ring/wa_reg[17][0].  Did not re-place instance system_i/iq_0/inst/freq_ring/host_errors[19]_i_1
INFO: [Physopt 32-663] Processed net system_i/iq_0/inst/core/sm/div200/remainder[27].  Re-placed instance system_i/iq_0/inst/core/sm/div200/remainder_reg[27]
INFO: [Physopt 32-662] Processed net system_i/iq_0/inst/freq_ring/busy_reg_0.  Did not re-place instance system_i/iq_0/inst/freq_ring/host_errors[19]_i_16
INFO: [Physopt 32-662] Processed net system_i/iq_0/inst/freq_ring/out[0]_repN.  Did not re-place instance system_i/iq_0/inst/freq_ring/producer_reg[0]_replica
INFO: [Physopt 32-662] Processed net system_i/iq_0/inst/freq_ring/host_errors[19]_i_6_n_0.  Did not re-place instance system_i/iq_0/inst/freq_ring/host_errors[19]_i_6
INFO: [Physopt 32-662] Processed net system_i/iq_0/inst/core/rb/completed_reg[28]_0[0].  Did not re-place instance system_i/iq_0/inst/core/rb/host_errors[19]_i_32
INFO: [Physopt 32-662] Processed net system_i/iq_0/inst/core/sm/div200/quotient[0]_i_46_n_0.  Did not re-place instance system_i/iq_0/inst/core/sm/div200/quotient[0]_i_46
INFO: [Physopt 32-662] Processed net system_i/iq_0/inst/freq_ring/host_errors[19]_i_13_n_0.  Did not re-place instance system_i/iq_0/inst/freq_ring/host_errors[19]_i_13
INFO: [Physopt 32-662] Processed net system_i/iq_0/inst/freq_ring/host_errors[19]_i_3_n_0.  Did not re-place instance system_i/iq_0/inst/freq_ring/host_errors[19]_i_3
INFO: [Physopt 32-662] Processed net system_i/iq_0/inst/freq_ring/host_errors[19]_i_99_n_0.  Did not re-place instance system_i/iq_0/inst/freq_ring/host_errors[19]_i_99
INFO: [Physopt 32-662] Processed net system_i/iq_0/inst/error_status[19].  Did not re-place instance system_i/iq_0/inst/host_errors_reg[19]
INFO: [Physopt 32-662] Processed net system_i/iq_0/inst/error_status[8].  Did not re-place instance system_i/iq_0/inst/host_errors_reg[8]
INFO: [Physopt 32-662] Processed net system_i/iq_0/inst/error_status[9].  Did not re-place instance system_i/iq_0/inst/host_errors_reg[9]
INFO: [Physopt 32-662] Processed net system_i/iq_0/inst/error_status[12].  Did not re-place instance system_i/iq_0/inst/host_errors_reg[12]
INFO: [Physopt 32-662] Processed net system_i/iq_0/inst/core/tm/threshold_burst_data0_out[33].  Did not re-place instance system_i/iq_0/inst/core/tm/threshold_burst_data[33]_i_1
INFO: [Physopt 32-662] Processed net system_i/iq_0/inst/core/tm/threshold_burst_data[33]_i_2_n_0.  Did not re-place instance system_i/iq_0/inst/core/tm/threshold_burst_data[33]_i_2
INFO: [Physopt 32-662] Processed net system_i/iq_0/inst/core/tm/threshold_burst_data_reg_n_0_[33].  Did not re-place instance system_i/iq_0/inst/core/tm/threshold_burst_data_reg[33]
INFO: [Physopt 32-662] Processed net system_i/iq_0/inst/core/sm/div200/remainder[23].  Did not re-place instance system_i/iq_0/inst/core/sm/div200/remainder_reg[23]
INFO: [Physopt 32-662] Processed net system_i/iq_0/inst/core/sm/div200/quotient[0]_i_48_n_0.  Did not re-place instance system_i/iq_0/inst/core/sm/div200/quotient[0]_i_48
INFO: [Physopt 32-662] Processed net system_i/iq_0/inst/core/tm/threshold_burst_data0_out[43].  Did not re-place instance system_i/iq_0/inst/core/tm/threshold_burst_data[43]_i_1
INFO: [Physopt 32-663] Processed net system_i/iq_0/inst/core/tm/threshold_burst_data[43]_i_2_n_0.  Re-placed instance system_i/iq_0/inst/core/tm/threshold_burst_data[43]_i_2
INFO: [Physopt 32-662] Processed net system_i/iq_0/inst/core/tm/threshold_burst_data_reg_n_0_[43].  Did not re-place instance system_i/iq_0/inst/core/tm/threshold_burst_data_reg[43]
INFO: [Physopt 32-662] Processed net system_i/iq_0/inst/core/sm/div200/quotient[0]_i_42_n_0.  Did not re-place instance system_i/iq_0/inst/core/sm/div200/quotient[0]_i_42
INFO: [Physopt 32-662] Processed net system_i/iq_0/inst/core/tm/tail_peak[31]_i_33_n_0.  Did not re-place instance system_i/iq_0/inst/core/tm/tail_peak[31]_i_33
INFO: [Physopt 32-662] Processed net system_i/iq_0/inst/core/sm/div200/remainder[10]_i_4_n_0.  Did not re-place instance system_i/iq_0/inst/core/sm/div200/remainder[10]_i_4
INFO: [Physopt 32-662] Processed net system_i/iq_0/inst/core/sm/div200/remainder[17].  Did not re-place instance system_i/iq_0/inst/core/sm/div200/remainder_reg[17]
INFO: [Physopt 32-662] Processed net system_i/iq_0/inst/core/sm/div200/quotient[0]_i_56_n_0.  Did not re-place instance system_i/iq_0/inst/core/sm/div200/quotient[0]_i_56
INFO: [Physopt 32-662] Processed net system_i/iq_0/inst/core/sm/div200/quotient[0]_i_44_n_0.  Did not re-place instance system_i/iq_0/inst/core/sm/div200/quotient[0]_i_44
INFO: [Physopt 32-662] Processed net system_i/iq_0/inst/freq_ring/out[1]_repN.  Did not re-place instance system_i/iq_0/inst/freq_ring/producer_reg[1]_replica
INFO: [Physopt 32-662] Processed net system_i/iq_0/inst/freq_ring/host_errors[19]_i_98_n_0.  Did not re-place instance system_i/iq_0/inst/freq_ring/host_errors[19]_i_98
INFO: [Physopt 32-662] Processed net system_i/iq_0/inst/core/tm/tail_peak[31]_i_29_n_0.  Did not re-place instance system_i/iq_0/inst/core/tm/tail_peak[31]_i_29
INFO: [Physopt 32-662] Processed net system_i/iq_0/inst/core/sm/div200/quotient[0]_i_34_n_0.  Did not re-place instance system_i/iq_0/inst/core/sm/div200/quotient[0]_i_34
INFO: [Physopt 32-662] Processed net system_i/iq_0/inst/core/sm/div200/remainder[15].  Did not re-place instance system_i/iq_0/inst/core/sm/div200/remainder_reg[15]
INFO: [Physopt 32-662] Processed net system_i/iq_0/inst/core/sm/div200/quotient[0]_i_57_n_0.  Did not re-place instance system_i/iq_0/inst/core/sm/div200/quotient[0]_i_57
INFO: [Physopt 32-662] Processed net system_i/iq_0/inst/core/sm/div200/remainder[10]_i_5_n_0.  Did not re-place instance system_i/iq_0/inst/core/sm/div200/remainder[10]_i_5
INFO: [Physopt 32-662] Processed net system_i/iq_0/inst/core/tm/threshold_burst_data0_out[46].  Did not re-place instance system_i/iq_0/inst/core/tm/threshold_burst_data[46]_i_1
INFO: [Physopt 32-663] Processed net system_i/iq_0/inst/core/tm/threshold_burst_data[46]_i_2_n_0.  Re-placed instance system_i/iq_0/inst/core/tm/threshold_burst_data[46]_i_2
INFO: [Physopt 32-662] Processed net system_i/iq_0/inst/core/tm/threshold_burst_data_reg_n_0_[46].  Did not re-place instance system_i/iq_0/inst/core/tm/threshold_burst_data_reg[46]
INFO: [Physopt 32-662] Processed net system_i/iq_0/inst/core/sm/div200/remainder[49].  Did not re-place instance system_i/iq_0/inst/core/sm/div200/remainder_reg[49]
INFO: [Physopt 32-663] Processed net system_i/iq_0/inst/core/tm/threshold_burst_data[95]_i_10_n_0.  Re-placed instance system_i/iq_0/inst/core/tm/threshold_burst_data[95]_i_10
INFO: [Physopt 32-662] Processed net system_i/iq_0/inst/core/tm/threshold_burst_data0_out[37].  Did not re-place instance system_i/iq_0/inst/core/tm/threshold_burst_data[37]_i_1
INFO: [Physopt 32-663] Processed net system_i/iq_0/inst/core/tm/threshold_burst_data[37]_i_2_n_0.  Re-placed instance system_i/iq_0/inst/core/tm/threshold_burst_data[37]_i_2
INFO: [Physopt 32-662] Processed net system_i/iq_0/inst/core/tm/threshold_burst_data_reg_n_0_[37].  Did not re-place instance system_i/iq_0/inst/core/tm/threshold_burst_data_reg[37]
INFO: [Physopt 32-662] Processed net system_i/iq_0/inst/core/tm/tail_peak[31]_i_31_n_0.  Did not re-place instance system_i/iq_0/inst/core/tm/tail_peak[31]_i_31
INFO: [Physopt 32-662] Processed net system_i/iq_0/inst/core/sm/div200/remainder[13].  Did not re-place instance system_i/iq_0/inst/core/sm/div200/remainder_reg[13]
INFO: [Physopt 32-662] Processed net system_i/iq_0/inst/core/sm/div200/quotient[0]_i_63_n_0.  Did not re-place instance system_i/iq_0/inst/core/sm/div200/quotient[0]_i_63
INFO: [Physopt 32-662] Processed net system_i/iq_0/inst/core/sm/div200/remainder[18].  Did not re-place instance system_i/iq_0/inst/core/sm/div200/remainder_reg[18]
INFO: [Physopt 32-662] Processed net system_i/iq_0/inst/core/sm/div200/remainder[47].  Did not re-place instance system_i/iq_0/inst/core/sm/div200/remainder_reg[47]
INFO: [Physopt 32-662] Processed net system_i/iq_0/inst/core/sm/div200/remainder[44].  Did not re-place instance system_i/iq_0/inst/core/sm/div200/remainder_reg[44]
INFO: [Physopt 32-662] Processed net system_i/iq_0/inst/freq_ring/out[8].  Did not re-place instance system_i/iq_0/inst/freq_ring/producer_reg[8]
INFO: [Physopt 32-662] Processed net system_i/iq_0/inst/freq_ring/host_errors[19]_i_91_n_0.  Did not re-place instance system_i/iq_0/inst/freq_ring/host_errors[19]_i_91
INFO: [Physopt 32-662] Processed net system_i/iq_0/inst/core/sm/div200/quotient[0]_i_53_n_0.  Did not re-place instance system_i/iq_0/inst/core/sm/div200/quotient[0]_i_53
INFO: [Physopt 32-662] Processed net system_i/iq_0/inst/core/sm/div200/remainder[21].  Did not re-place instance system_i/iq_0/inst/core/sm/div200/remainder_reg[21]
INFO: [Physopt 32-662] Processed net system_i/iq_0/inst/core/tm/threshold_burst_data0_out[32].  Did not re-place instance system_i/iq_0/inst/core/tm/threshold_burst_data[32]_i_1
INFO: [Physopt 32-663] Processed net system_i/iq_0/inst/core/tm/threshold_burst_data[32]_i_2_n_0.  Re-placed instance system_i/iq_0/inst/core/tm/threshold_burst_data[32]_i_2
INFO: [Physopt 32-662] Processed net system_i/iq_0/inst/core/tm/threshold_burst_data_reg_n_0_[32].  Did not re-place instance system_i/iq_0/inst/core/tm/threshold_burst_data_reg[32]
INFO: [Physopt 32-662] Processed net system_i/iq_0/inst/core/sm/div200/remainder[35].  Did not re-place instance system_i/iq_0/inst/core/sm/div200/remainder_reg[35]
INFO: [Physopt 32-662] Processed net system_i/iq_0/inst/core/sm/div200/quotient[0]_i_37_n_0.  Did not re-place instance system_i/iq_0/inst/core/sm/div200/quotient[0]_i_37
INFO: [Physopt 32-662] Processed net system_i/iq_0/inst/core/sm/div200/quotient[0]_i_59_n_0.  Did not re-place instance system_i/iq_0/inst/core/sm/div200/quotient[0]_i_59
INFO: [Physopt 32-662] Processed net system_i/iq_0/inst/core/tm/threshold_burst_data0_out[70].  Did not re-place instance system_i/iq_0/inst/core/tm/threshold_burst_data[70]_i_1
INFO: [Physopt 32-663] Processed net system_i/iq_0/inst/core/tm/threshold_burst_data[70]_i_2_n_0.  Re-placed instance system_i/iq_0/inst/core/tm/threshold_burst_data[70]_i_2
INFO: [Physopt 32-662] Processed net system_i/iq_0/inst/core/tm/threshold_burst_data_reg_n_0_[70].  Did not re-place instance system_i/iq_0/inst/core/tm/threshold_burst_data_reg[70]
INFO: [Physopt 32-662] Processed net system_i/iq_0/inst/freq_ring/out[7].  Did not re-place instance system_i/iq_0/inst/freq_ring/producer_reg[7]
INFO: [Physopt 32-662] Processed net system_i/iq_0/inst/core/tm/threshold_burst_data0_out[63].  Did not re-place instance system_i/iq_0/inst/core/tm/threshold_burst_data[63]_i_1
INFO: [Physopt 32-663] Processed net system_i/iq_0/inst/core/tm/threshold_burst_data[63]_i_2_n_0.  Re-placed instance system_i/iq_0/inst/core/tm/threshold_burst_data[63]_i_2
INFO: [Physopt 32-662] Processed net system_i/iq_0/inst/freq_ring/host_errors[19]_i_92_n_0.  Did not re-place instance system_i/iq_0/inst/freq_ring/host_errors[19]_i_92
INFO: [Physopt 32-662] Processed net system_i/iq_0/inst/core/tm/threshold_burst_data_reg_n_0_[63].  Did not re-place instance system_i/iq_0/inst/core/tm/threshold_burst_data_reg[63]
INFO: [Physopt 32-662] Processed net system_i/iq_0/inst/core/sm/div200/remainder[16].  Did not re-place instance system_i/iq_0/inst/core/sm/div200/remainder_reg[16]
INFO: [Physopt 32-662] Processed net system_i/iq_0/inst/core/sm/div200/quotient[0]_i_52_n_0.  Did not re-place instance system_i/iq_0/inst/core/sm/div200/quotient[0]_i_52
INFO: [Physopt 32-662] Processed net system_i/iq_0/inst/core/tm/threshold_burst_data0_out[53].  Did not re-place instance system_i/iq_0/inst/core/tm/threshold_burst_data[53]_i_1
INFO: [Physopt 32-663] Processed net system_i/iq_0/inst/core/tm/threshold_burst_data[53]_i_2_n_0.  Re-placed instance system_i/iq_0/inst/core/tm/threshold_burst_data[53]_i_2
INFO: [Physopt 32-662] Processed net system_i/iq_0/inst/core/tm/threshold_burst_data_reg_n_0_[53].  Did not re-place instance system_i/iq_0/inst/core/tm/threshold_burst_data_reg[53]
INFO: [Physopt 32-662] Processed net system_i/iq_0/inst/core/sm/div200/remainder[46].  Did not re-place instance system_i/iq_0/inst/core/sm/div200/remainder_reg[46]
INFO: [Physopt 32-662] Processed net system_i/iq_0/inst/core/sm/div200/remainder[12].  Did not re-place instance system_i/iq_0/inst/core/sm/div200/remainder_reg[12]
INFO: [Physopt 32-662] Processed net system_i/iq_0/inst/core/sm/div200/quotient[0]_i_33_n_0.  Did not re-place instance system_i/iq_0/inst/core/sm/div200/quotient[0]_i_33
INFO: [Physopt 32-662] Processed net system_i/iq_0/inst/core/rb/completed_reg[18]_0[0].  Did not re-place instance system_i/iq_0/inst/core/rb/host_errors[19]_i_40
INFO: [Physopt 32-662] Processed net system_i/iq_0/inst/core/sm/div200/remainder[39].  Did not re-place instance system_i/iq_0/inst/core/sm/div200/remainder_reg[39]
INFO: [Physopt 32-662] Processed net system_i/iq_0/inst/core/sm/div200/quotient[0]_i_30_n_0.  Did not re-place instance system_i/iq_0/inst/core/sm/div200/quotient[0]_i_30
INFO: [Physopt 32-662] Processed net system_i/iq_0/inst/core/sm/div200/remainder[41].  Did not re-place instance system_i/iq_0/inst/core/sm/div200/remainder_reg[41]
INFO: [Physopt 32-662] Processed net system_i/iq_0/inst/core/sm/div200/quotient[0]_i_29_n_0.  Did not re-place instance system_i/iq_0/inst/core/sm/div200/quotient[0]_i_29
INFO: [Physopt 32-662] Processed net system_i/iq_0/inst/core/tm/threshold_burst_data0_out[59].  Did not re-place instance system_i/iq_0/inst/core/tm/threshold_burst_data[59]_i_1
INFO: [Physopt 32-663] Processed net system_i/iq_0/inst/core/tm/threshold_burst_data[59]_i_2_n_0.  Re-placed instance system_i/iq_0/inst/core/tm/threshold_burst_data[59]_i_2
INFO: [Physopt 32-662] Processed net system_i/iq_0/inst/core/tm/threshold_burst_data_reg_n_0_[59].  Did not re-place instance system_i/iq_0/inst/core/tm/threshold_burst_data_reg[59]
INFO: [Physopt 32-662] Processed net system_i/iq_0/inst/core/sm/div200/remainder[8].  Did not re-place instance system_i/iq_0/inst/core/sm/div200/remainder_reg[8]
INFO: [Physopt 32-662] Processed net system_i/iq_0/inst/freq_ring/host_errors[19]_i_39_n_0.  Did not re-place instance system_i/iq_0/inst/freq_ring/host_errors[19]_i_39
INFO: [Physopt 32-662] Processed net system_i/iq_0/inst/freq_ring/host_errors[19]_i_33_n_0.  Did not re-place instance system_i/iq_0/inst/freq_ring/host_errors[19]_i_33
INFO: [Physopt 32-662] Processed net system_i/iq_0/inst/core/tm/threshold_burst_valid_i_1_n_0.  Did not re-place instance system_i/iq_0/inst/core/tm/threshold_burst_valid_i_1
INFO: [Physopt 32-662] Processed net system_i/iq_0/inst/core/sm/div200/remainder[37].  Did not re-place instance system_i/iq_0/inst/core/sm/div200/remainder_reg[37]
INFO: [Physopt 32-662] Processed net system_i/iq_0/inst/core/tm/threshold_burst_valid_i_12_n_0.  Did not re-place instance system_i/iq_0/inst/core/tm/threshold_burst_valid_i_12
INFO: [Physopt 32-662] Processed net system_i/iq_0/inst/core/sm/div200/quotient[0]_i_36_n_0.  Did not re-place instance system_i/iq_0/inst/core/sm/div200/quotient[0]_i_36
INFO: [Physopt 32-662] Processed net system_i/iq_0/inst/core/tm/threshold_burst_valid_i_5_n_0.  Did not re-place instance system_i/iq_0/inst/core/tm/threshold_burst_valid_i_5
INFO: [Physopt 32-662] Processed net system_i/iq_0/inst/core/tm/tail_peak[31]_i_34_n_0.  Did not re-place instance system_i/iq_0/inst/core/tm/tail_peak[31]_i_34
INFO: [Physopt 32-662] Processed net system_i/iq_0/inst/core/tm/threshold_burst_data0_out[62].  Did not re-place instance system_i/iq_0/inst/core/tm/threshold_burst_data[62]_i_1
INFO: [Physopt 32-663] Processed net system_i/iq_0/inst/core/tm/threshold_burst_data[62]_i_2_n_0.  Re-placed instance system_i/iq_0/inst/core/tm/threshold_burst_data[62]_i_2
INFO: [Physopt 32-662] Processed net system_i/iq_0/inst/core/tm/threshold_burst_data_reg_n_0_[38].  Did not re-place instance system_i/iq_0/inst/core/tm/threshold_burst_data_reg[38]
INFO: [Physopt 32-662] Processed net system_i/iq_0/inst/core/tm/threshold_burst_data_reg_n_0_[45].  Did not re-place instance system_i/iq_0/inst/core/tm/threshold_burst_data_reg[45]
INFO: [Physopt 32-662] Processed net system_i/iq_0/inst/core/tm/threshold_burst_data_reg_n_0_[62].  Did not re-place instance system_i/iq_0/inst/core/tm/threshold_burst_data_reg[62]
INFO: [Physopt 32-662] Processed net system_i/iq_0/inst/core/sm/div200/quotient[0]_i_26_n_0.  Did not re-place instance system_i/iq_0/inst/core/sm/div200/quotient[0]_i_26
INFO: [Physopt 32-662] Processed net system_i/iq_0/inst/core/sm/div200/remainder[31].  Did not re-place instance system_i/iq_0/inst/core/sm/div200/remainder_reg[31]
INFO: [Physopt 32-662] Processed net system_i/iq_0/inst/core/sm/div200/quotient[0]_i_39_n_0.  Did not re-place instance system_i/iq_0/inst/core/sm/div200/quotient[0]_i_39
INFO: [Physopt 32-662] Processed net system_i/iq_0/inst/core/tm/threshold_burst_data0_out[58].  Did not re-place instance system_i/iq_0/inst/core/tm/threshold_burst_data[58]_i_1
INFO: [Physopt 32-663] Processed net system_i/iq_0/inst/core/tm/threshold_burst_data[58]_i_2_n_0.  Re-placed instance system_i/iq_0/inst/core/tm/threshold_burst_data[58]_i_2
INFO: [Physopt 32-662] Processed net system_i/iq_0/inst/core/tm/threshold_burst_data_reg_n_0_[58].  Did not re-place instance system_i/iq_0/inst/core/tm/threshold_burst_data_reg[58]
INFO: [Physopt 32-662] Processed net system_i/iq_0/inst/core/tm/threshold_burst_data0_out[34].  Did not re-place instance system_i/iq_0/inst/core/tm/threshold_burst_data[34]_i_1
INFO: [Physopt 32-663] Processed net system_i/iq_0/inst/core/tm/threshold_burst_data[34]_i_2_n_0.  Re-placed instance system_i/iq_0/inst/core/tm/threshold_burst_data[34]_i_2
INFO: [Physopt 32-662] Processed net system_i/iq_0/inst/core/tm/threshold_burst_data_reg_n_0_[34].  Did not re-place instance system_i/iq_0/inst/core/tm/threshold_burst_data_reg[34]
INFO: [Physopt 32-662] Processed net system_i/iq_0/inst/core/sm/div200/remainder[25].  Did not re-place instance system_i/iq_0/inst/core/sm/div200/remainder_reg[25]
INFO: [Physopt 32-662] Processed net system_i/iq_0/inst/core/tm/threshold_burst_data0_out[36].  Did not re-place instance system_i/iq_0/inst/core/tm/threshold_burst_data[36]_i_1
INFO: [Physopt 32-663] Processed net system_i/iq_0/inst/core/tm/threshold_burst_data[36]_i_2_n_0.  Re-placed instance system_i/iq_0/inst/core/tm/threshold_burst_data[36]_i_2
INFO: [Physopt 32-662] Processed net system_i/iq_0/inst/core/tm/threshold_burst_data_reg_n_0_[36].  Did not re-place instance system_i/iq_0/inst/core/tm/threshold_burst_data_reg[36]
INFO: [Physopt 32-662] Processed net system_i/iq_0/inst/core/tm/tail_peak[31]_i_60_n_0.  Did not re-place instance system_i/iq_0/inst/core/tm/tail_peak[31]_i_60
INFO: [Physopt 32-662] Processed net system_i/iq_0/inst/core/tm/threshold_burst_data0_out[41].  Did not re-place instance system_i/iq_0/inst/core/tm/threshold_burst_data[41]_i_1
INFO: [Physopt 32-663] Processed net system_i/iq_0/inst/core/tm/threshold_burst_data[41]_i_2_n_0.  Re-placed instance system_i/iq_0/inst/core/tm/threshold_burst_data[41]_i_2
INFO: [Physopt 32-662] Processed net system_i/iq_0/inst/core/tm/threshold_burst_data_reg_n_0_[41].  Did not re-place instance system_i/iq_0/inst/core/tm/threshold_burst_data_reg[41]
INFO: [Physopt 32-662] Processed net system_i/iq_0/inst/core/sm/div200/quotient[0]_i_32_n_0.  Did not re-place instance system_i/iq_0/inst/core/sm/div200/quotient[0]_i_32
INFO: [Physopt 32-662] Processed net system_i/iq_0/inst/core/sm/div200/remainder[29].  Did not re-place instance system_i/iq_0/inst/core/sm/div200/remainder_reg[29]
INFO: [Physopt 32-662] Processed net system_i/iq_0/inst/core/sm/div200/quotient[0]_i_45_n_0.  Did not re-place instance system_i/iq_0/inst/core/sm/div200/quotient[0]_i_45
INFO: [Physopt 32-662] Processed net system_i/iq_0/inst/core/tm/tail_peak[31]_i_30_n_0.  Did not re-place instance system_i/iq_0/inst/core/tm/tail_peak[31]_i_30
INFO: [Physopt 32-662] Processed net system_i/iq_0/inst/core/tm/tail_peak[31]_i_56_n_0.  Did not re-place instance system_i/iq_0/inst/core/tm/tail_peak[31]_i_56
INFO: [Physopt 32-662] Processed net system_i/iq_0/inst/core/sm/div200/quotient[0]_i_35_n_0.  Did not re-place instance system_i/iq_0/inst/core/sm/div200/quotient[0]_i_35
INFO: [Physopt 32-662] Processed net system_i/iq_0/inst/freq_ring/host_errors[19]_i_31_n_0.  Did not re-place instance system_i/iq_0/inst/freq_ring/host_errors[19]_i_31
INFO: [Physopt 32-662] Processed net system_i/iq_0/inst/core/sm/div200/quotient[0]_i_47_n_0.  Did not re-place instance system_i/iq_0/inst/core/sm/div200/quotient[0]_i_47
INFO: [Physopt 32-662] Processed net system_i/iq_0/inst/core/tm/threshold_burst_data0_out[38].  Did not re-place instance system_i/iq_0/inst/core/tm/threshold_burst_data[38]_i_1
INFO: [Physopt 32-662] Processed net system_i/iq_0/inst/core/tm/threshold_burst_data[38]_i_2_n_0.  Did not re-place instance system_i/iq_0/inst/core/tm/threshold_burst_data[38]_i_2
INFO: [Physopt 32-662] Processed net system_i/iq_0/inst/freq_ring/host_errors[19]_i_37_n_0.  Did not re-place instance system_i/iq_0/inst/freq_ring/host_errors[19]_i_37
INFO: [Physopt 32-662] Processed net system_i/iq_0/inst/core/sm/div200/quotient[0]_i_20_n_0.  Did not re-place instance system_i/iq_0/inst/core/sm/div200/quotient[0]_i_20
INFO: [Physopt 32-662] Processed net system_i/iq_0/inst/freq_ring/out[5]_repN.  Did not re-place instance system_i/iq_0/inst/freq_ring/producer_reg[5]_replica
INFO: [Physopt 32-662] Processed net system_i/iq_0/inst/freq_ring/host_errors[19]_i_94_n_0.  Did not re-place instance system_i/iq_0/inst/freq_ring/host_errors[19]_i_94
INFO: [Physopt 32-662] Processed net system_i/iq_0/inst/core/sm/div200/quotient[0]_i_25_n_0.  Did not re-place instance system_i/iq_0/inst/core/sm/div200/quotient[0]_i_25
INFO: [Physopt 32-663] Processed net system_i/iq_0/inst/bank1/iq[27].  Re-placed instance system_i/iq_0/inst/bank1/p_reg_i_5
INFO: [Physopt 32-662] Processed net system_i/iq_0/inst/core_iq[27].  Did not re-place instance system_i/iq_0/inst/core_iq_reg[27]
INFO: [Physopt 32-662] Processed net system_i/iq_0/inst/core/sm/div200/remainder[45].  Did not re-place instance system_i/iq_0/inst/core/sm/div200/remainder_reg[45]
INFO: [Physopt 32-662] Processed net system_i/iq_0/inst/stream_errors[5]_i_1_n_0.  Did not re-place instance system_i/iq_0/inst/stream_errors[5]_i_1
INFO: [Physopt 32-662] Processed net system_i/iq_0/inst/freq_ring/bank_length0_reg[22].  Did not re-place instance system_i/iq_0/inst/freq_ring/stream_errors[3]_i_4
INFO: [Physopt 32-663] Processed net system_i/iq_0/inst/bank_length0_reg_n_0_[23].  Re-placed instance system_i/iq_0/inst/bank_length0_reg[23]
INFO: [Physopt 32-662] Processed net system_i/iq_0/inst/stream_errors[3]_i_3_n_0.  Did not re-place instance system_i/iq_0/inst/stream_errors[3]_i_3
INFO: [Physopt 32-662] Processed net system_i/iq_0/inst/freq_ring/current_block_id[31]_i_30_n_0.  Did not re-place instance system_i/iq_0/inst/freq_ring/current_block_id[31]_i_30
INFO: [Physopt 32-663] Processed net system_i/iq_0/inst/freq_ring/current_block_id[31]_i_43_n_0.  Re-placed instance system_i/iq_0/inst/freq_ring/current_block_id[31]_i_43
INFO: [Physopt 32-662] Processed net system_i/iq_0/inst/stream_errors[5]_i_4_n_0.  Did not re-place instance system_i/iq_0/inst/stream_errors[5]_i_4
INFO: [Physopt 32-662] Processed net system_i/iq_0/inst/stream_errors[5]_i_8_n_0.  Did not re-place instance system_i/iq_0/inst/stream_errors[5]_i_8
INFO: [Physopt 32-663] Processed net system_i/iq_0/inst/stream_errors_reg_n_0_[0].  Re-placed instance system_i/iq_0/inst/stream_errors_reg[0]
INFO: [Physopt 32-663] Processed net system_i/iq_0/inst/stream_errors_reg_n_0_[3].  Re-placed instance system_i/iq_0/inst/stream_errors_reg[3]
INFO: [Physopt 32-663] Processed net system_i/iq_0/inst/stream_errors_reg_n_0_[5].  Re-placed instance system_i/iq_0/inst/stream_errors_reg[5]
INFO: [Physopt 32-661] Optimized 22 nets.  Re-placed 22 instances.
INFO: [Physopt 32-775] End 1 Pass. Optimized 22 nets or cells. Created 0 new cell, deleted 0 existing cell and moved 22 existing cells
INFO: [Physopt 32-619] Estimated Timing Summary | WNS=-0.277 | TNS=-1.644 |
Netlist sorting complete. Time (s): cpu = 00:00:00 ; elapsed = 00:00:00.059 . Memory (MB): peak = 2564.750 ; gain = 0.000
Phase 9 Single Cell Placement Optimization | Checksum: 199e357aa

Time (s): cpu = 00:00:55 ; elapsed = 00:00:26 . Memory (MB): peak = 2564.750 ; gain = 0.000

Phase 10 Multi Cell Placement Optimization
INFO: [Physopt 32-660] Identified 100 candidate nets for placement-based optimization.
INFO: [Physopt 32-662] Processed net system_i/iq_0/inst/core/sm/div200/remainder[2]_repN.  Did not re-place instance system_i/iq_0/inst/core/sm/div200/remainder_reg[2]_replica/Q
INFO: [Physopt 32-662] Processed net system_i/iq_0/inst/core/sm/div200/remainder[5].  Did not re-place instance system_i/iq_0/inst/core/sm/div200/remainder_reg[5]/Q
INFO: [Physopt 32-662] Processed net system_i/iq_0/inst/core/sm/div200/remainder[5].  Did not re-place instance system_i/iq_0/inst/core/sm/div200/remainder_reg[5]/Q
INFO: [Physopt 32-662] Processed net system_i/iq_0/inst/core/sm/div200/remainder[5].  Did not re-place instance system_i/iq_0/inst/core/sm/div200/remainder_reg[5]/Q
INFO: [Physopt 32-662] Processed net system_i/iq_0/inst/core/sm/div200/remainder[3].  Did not re-place instance system_i/iq_0/inst/core/sm/div200/remainder_reg[3]/Q
INFO: [Physopt 32-662] Processed net system_i/iq_0/inst/core/sm/div200/dividend[63].  Did not re-place instance system_i/iq_0/inst/core/sm/div200/dividend_reg[63]/Q
INFO: [Physopt 32-662] Processed net system_i/iq_0/inst/core/sm/div200/remainder[1]_repN.  Did not re-place instance system_i/iq_0/inst/core/sm/div200/remainder_reg[1]_replica/Q
INFO: [Physopt 32-662] Processed net system_i/iq_0/inst/core/sm/div200/remainder[0].  Did not re-place instance system_i/iq_0/inst/core/sm/div200/remainder_reg[0]/Q
INFO: [Physopt 32-661] Optimized 0 net.  Re-placed 0 instance.
INFO: [Physopt 32-775] End 1 Pass. Optimized 0 net or cell. Created 0 new cell, deleted 0 existing cell and moved 0 existing cell
Netlist sorting complete. Time (s): cpu = 00:00:00 ; elapsed = 00:00:00.041 . Memory (MB): peak = 2564.750 ; gain = 0.000
Phase 10 Multi Cell Placement Optimization | Checksum: 140fb1f5f

Time (s): cpu = 00:00:57 ; elapsed = 00:00:27 . Memory (MB): peak = 2564.750 ; gain = 0.000

Phase 11 Rewire
INFO: [Physopt 32-246] Starting Signal Push optimization...
INFO: [Physopt 32-241] No nets found for rewiring () optimization.
INFO: [Physopt 32-232] Optimized 0 net. Created 0 new instance.
INFO: [Physopt 32-775] End 1 Pass. Optimized 0 net or cell. Created 0 new cell, deleted 0 existing cell and moved 0 existing cell
Netlist sorting complete. Time (s): cpu = 00:00:00 ; elapsed = 00:00:00.041 . Memory (MB): peak = 2564.750 ; gain = 0.000
Phase 11 Rewire | Checksum: 140fb1f5f

Time (s): cpu = 00:00:57 ; elapsed = 00:00:27 . Memory (MB): peak = 2564.750 ; gain = 0.000

Phase 12 Critical Cell Optimization
INFO: [Physopt 32-46] Identified 3 candidate nets for critical-cell optimization.
INFO: [Physopt 32-572] Net system_i/iq_0/inst/core/sm/div200/remainder[2]_repN was not replicated.
Resolution: phys_opt_design can be forced to replicate a net driver using the option -force_replication_on_nets <list of net objects>.
INFO: [Physopt 32-572] Net system_i/iq_0/inst/core/sm/div200/remainder[1]_repN was not replicated.
Resolution: phys_opt_design can be forced to replicate a net driver using the option -force_replication_on_nets <list of net objects>.
INFO: [Physopt 32-571] Net system_i/iq_0/inst/core/sm/div200/remainder[6] was not replicated.
INFO: [Physopt 32-232] Optimized 0 net. Created 0 new instance.
INFO: [Physopt 32-775] End 1 Pass. Optimized 0 net or cell. Created 0 new cell, deleted 0 existing cell and moved 0 existing cell
Netlist sorting complete. Time (s): cpu = 00:00:00 ; elapsed = 00:00:00.041 . Memory (MB): peak = 2564.750 ; gain = 0.000
Phase 12 Critical Cell Optimization | Checksum: e0ef0a89

Time (s): cpu = 00:00:59 ; elapsed = 00:00:28 . Memory (MB): peak = 2564.750 ; gain = 0.000

Phase 13 SLR Crossing Optimization
Phase 13 SLR Crossing Optimization | Checksum: e0ef0a89

Time (s): cpu = 00:00:59 ; elapsed = 00:00:28 . Memory (MB): peak = 2564.750 ; gain = 0.000

Phase 14 Fanout Optimization
INFO: [Physopt 32-76] Pass 1. Identified 3 candidate nets for fanout optimization.
INFO: [Physopt 32-81] Processed net system_i/iq_0/inst/host_bank_reg_n_0. Replicated 1 times.
INFO: [Physopt 32-572] Net system_i/iq_0/inst/core/tm/threshold_burst_data[95]_i_3_n_0 was not replicated.
Resolution: phys_opt_design can be forced to replicate a net driver using the option -force_replication_on_nets <list of net objects>.
INFO: [Physopt 32-572] Net system_i/iq_0/inst/core/tm/threshold_burst_valid_i_1_n_0 was not replicated.
Resolution: phys_opt_design can be forced to replicate a net driver using the option -force_replication_on_nets <list of net objects>.
INFO: [Physopt 32-232] Optimized 1 net. Created 1 new instance.
INFO: [Physopt 32-775] End 1 Pass. Optimized 1 net or cell. Created 1 new cell, deleted 0 existing cell and moved 0 existing cell
INFO: [Physopt 32-619] Estimated Timing Summary | WNS=-0.277 | TNS=-1.644 |
Netlist sorting complete. Time (s): cpu = 00:00:00 ; elapsed = 00:00:00.094 . Memory (MB): peak = 2564.750 ; gain = 0.000
Phase 14 Fanout Optimization | Checksum: cd90284e

Time (s): cpu = 00:01:01 ; elapsed = 00:00:28 . Memory (MB): peak = 2564.750 ; gain = 0.000

Phase 15 Single Cell Placement Optimization
INFO: [Physopt 32-660] Identified 154 candidate nets for placement-based optimization.
INFO: [Physopt 32-662] Processed net system_i/iq_0/inst/core/sm/div200/remainder[2]_repN.  Did not re-place instance system_i/iq_0/inst/core/sm/div200/remainder_reg[2]_replica
INFO: [Physopt 32-662] Processed net system_i/iq_0/inst/core/sm/div200/quotient[0]_i_73_n_0.  Did not re-place instance system_i/iq_0/inst/core/sm/div200/quotient[0]_i_73
INFO: [Physopt 32-662] Processed net system_i/iq_0/inst/core/sm/div200/remainder[6]_i_2_n_0.  Did not re-place instance system_i/iq_0/inst/core/sm/div200/remainder[6]_i_2
INFO: [Physopt 32-662] Processed net system_i/iq_0/inst/core/sm/div200/remainder[63].  Did not re-place instance system_i/iq_0/inst/core/sm/div200/remainder_reg[63]
INFO: [Physopt 32-662] Processed net system_i/iq_0/inst/core/sm/div200/remainder[60].  Did not re-place instance system_i/iq_0/inst/core/sm/div200/remainder_reg[60]
INFO: [Physopt 32-662] Processed net system_i/iq_0/inst/core/sm/div200/remainder[62].  Did not re-place instance system_i/iq_0/inst/core/sm/div200/remainder_reg[62]
INFO: [Physopt 32-662] Processed net system_i/iq_0/inst/core/sm/div200/quotient[0]_i_69_n_0.  Did not re-place instance system_i/iq_0/inst/core/sm/div200/quotient[0]_i_69
INFO: [Physopt 32-662] Processed net system_i/iq_0/inst/core/sm/div200/remainder[61].  Did not re-place instance system_i/iq_0/inst/core/sm/div200/remainder_reg[61]
INFO: [Physopt 32-662] Processed net system_i/iq_0/inst/core/sm/div200/remainder[6]_i_5_n_0.  Did not re-place instance system_i/iq_0/inst/core/sm/div200/remainder[6]_i_5
INFO: [Physopt 32-662] Processed net system_i/iq_0/inst/core/sm/div200/remainder[59].  Did not re-place instance system_i/iq_0/inst/core/sm/div200/remainder_reg[59]
INFO: [Physopt 32-662] Processed net system_i/iq_0/inst/core/sm/div200/remainder[5].  Did not re-place instance system_i/iq_0/inst/core/sm/div200/remainder_reg[5]
INFO: [Physopt 32-662] Processed net system_i/iq_0/inst/core/sm/div200/quotient[0]_i_71_n_0.  Did not re-place instance system_i/iq_0/inst/core/sm/div200/quotient[0]_i_71
INFO: [Physopt 32-662] Processed net system_i/iq_0/inst/core/sm/div200/remainder[56].  Did not re-place instance system_i/iq_0/inst/core/sm/div200/remainder_reg[56]
INFO: [Physopt 32-662] Processed net system_i/iq_0/inst/core/sm/div200/remainder[58].  Did not re-place instance system_i/iq_0/inst/core/sm/div200/remainder_reg[58]
INFO: [Physopt 32-662] Processed net system_i/iq_0/inst/core/sm/div200/quotient[0]_i_67_n_0.  Did not re-place instance system_i/iq_0/inst/core/sm/div200/quotient[0]_i_67
INFO: [Physopt 32-662] Processed net system_i/iq_0/inst/core/sm/div200/remainder[3].  Did not re-place instance system_i/iq_0/inst/core/sm/div200/remainder_reg[3]
INFO: [Physopt 32-662] Processed net system_i/iq_0/inst/core/sm/div200/quotient[0]_i_72_n_0.  Did not re-place instance system_i/iq_0/inst/core/sm/div200/quotient[0]_i_72
INFO: [Physopt 32-662] Processed net system_i/iq_0/inst/core/sm/div200/remainder[57].  Did not re-place instance system_i/iq_0/inst/core/sm/div200/remainder_reg[57]
INFO: [Physopt 32-662] Processed net system_i/iq_0/inst/core/sm/div200/dividend[63].  Did not re-place instance system_i/iq_0/inst/core/sm/div200/dividend_reg[63]
INFO: [Physopt 32-662] Processed net system_i/iq_0/inst/core/sm/div200/quotient[0]_i_74_n_0.  Did not re-place instance system_i/iq_0/inst/core/sm/div200/quotient[0]_i_74
INFO: [Physopt 32-662] Processed net system_i/iq_0/inst/core/sm/div200/remainder[1]_repN.  Did not re-place instance system_i/iq_0/inst/core/sm/div200/remainder_reg[1]_replica
INFO: [Physopt 32-662] Processed net system_i/iq_0/inst/core/sm/div200/remainder[55].  Did not re-place instance system_i/iq_0/inst/core/sm/div200/remainder_reg[55]
INFO: [Physopt 32-662] Processed net system_i/iq_0/inst/core/sm/div200/remainder[52].  Did not re-place instance system_i/iq_0/inst/core/sm/div200/remainder_reg[52]
INFO: [Physopt 32-662] Processed net system_i/iq_0/inst/core/sm/div200/remainder[0].  Did not re-place instance system_i/iq_0/inst/core/sm/div200/remainder_reg[0]
INFO: [Physopt 32-662] Processed net system_i/iq_0/inst/core/sm/div200/quotient[0]_i_70_n_0.  Did not re-place instance system_i/iq_0/inst/core/sm/div200/quotient[0]_i_70
INFO: [Physopt 32-662] Processed net system_i/iq_0/inst/core/sm/div200/remainder[54].  Did not re-place instance system_i/iq_0/inst/core/sm/div200/remainder_reg[54]
INFO: [Physopt 32-662] Processed net system_i/iq_0/inst/core/sm/div200/remainder[6]_i_6_n_0.  Did not re-place instance system_i/iq_0/inst/core/sm/div200/remainder[6]_i_6
INFO: [Physopt 32-662] Processed net system_i/iq_0/inst/core/sm/div200/quotient[0]_i_68_n_0.  Did not re-place instance system_i/iq_0/inst/core/sm/div200/quotient[0]_i_68
INFO: [Physopt 32-662] Processed net system_i/iq_0/inst/core/sm/div200/remainder[10]_i_3_n_0.  Did not re-place instance system_i/iq_0/inst/core/sm/div200/remainder[10]_i_3
INFO: [Physopt 32-662] Processed net system_i/iq_0/inst/core/sm/div200/remainder[9].  Did not re-place instance system_i/iq_0/inst/core/sm/div200/remainder_reg[9]
INFO: [Physopt 32-662] Processed net system_i/iq_0/inst/core/sm/div200/quotient[0]_i_65_n_0.  Did not re-place instance system_i/iq_0/inst/core/sm/div200/quotient[0]_i_65
INFO: [Physopt 32-662] Processed net system_i/iq_0/inst/core/sm/div200/divisor[7].  Did not re-place instance system_i/iq_0/inst/core/sm/div200/divisor_reg[7]
INFO: [Physopt 32-662] Processed net system_i/iq_0/inst/core/sm/div200/remainder[11].  Did not re-place instance system_i/iq_0/inst/core/sm/div200/remainder_reg[11]
INFO: [Physopt 32-662] Processed net system_i/iq_0/inst/core/sm/div200/quotient[0]_i_64_n_0.  Did not re-place instance system_i/iq_0/inst/core/sm/div200/quotient[0]_i_64
INFO: [Physopt 32-662] Processed net system_i/iq_0/inst/core/sm/div200/remainder[7].  Did not re-place instance system_i/iq_0/inst/core/sm/div200/remainder_reg[7]
INFO: [Physopt 32-662] Processed net system_i/iq_0/inst/core/sm/div200/quotient[0]_i_66_n_0.  Did not re-place instance system_i/iq_0/inst/core/sm/div200/quotient[0]_i_66
INFO: [Physopt 32-662] Processed net system_i/iq_0/inst/core/sm/div200/remainder[4].  Did not re-place instance system_i/iq_0/inst/core/sm/div200/remainder_reg[4]
INFO: [Physopt 32-662] Processed net system_i/iq_0/inst/core/sm/div200/remainder[53].  Did not re-place instance system_i/iq_0/inst/core/sm/div200/remainder_reg[53]
INFO: [Physopt 32-662] Processed net system_i/iq_0/inst/core/sm/div200/remainder[10].  Did not re-place instance system_i/iq_0/inst/core/sm/div200/remainder_reg[10]
INFO: [Physopt 32-662] Processed net system_i/iq_0/inst/core/sm/div200/quotient[0]_i_60_n_0.  Did not re-place instance system_i/iq_0/inst/core/sm/div200/quotient[0]_i_60
INFO: [Physopt 32-662] Processed net system_i/iq_0/inst/core/sm/div200/remainder[6].  Did not re-place instance system_i/iq_0/inst/core/sm/div200/remainder_reg[6]
INFO: [Physopt 32-662] Processed net system_i/iq_0/inst/core/sm/div200/remainder[51].  Did not re-place instance system_i/iq_0/inst/core/sm/div200/remainder_reg[51]
INFO: [Physopt 32-662] Processed net system_i/iq_0/inst/core/sm/div200/remainder[48].  Did not re-place instance system_i/iq_0/inst/core/sm/div200/remainder_reg[48]
INFO: [Physopt 32-662] Processed net system_i/iq_0/inst/core/sm/div200/quotient[0]_i_62_n_0.  Did not re-place instance system_i/iq_0/inst/core/sm/div200/quotient[0]_i_62
INFO: [Physopt 32-663] Processed net system_i/iq_0/inst/stream_errors[5]_i_7_n_0.  Re-placed instance system_i/iq_0/inst/stream_errors[5]_i_7
INFO: [Physopt 32-662] Processed net system_i/iq_0/inst/stream_errors[3]_i_3_n_0.  Did not re-place instance system_i/iq_0/inst/stream_errors[3]_i_3
INFO: [Physopt 32-663] Processed net system_i/iq_0/inst/bank_length0_reg_n_0_[5].  Re-placed instance system_i/iq_0/inst/bank_length0_reg[5]
INFO: [Physopt 32-662] Processed net system_i/iq_0/inst/freq_ring/bank_length0_reg[22].  Did not re-place instance system_i/iq_0/inst/freq_ring/stream_errors[3]_i_4
INFO: [Physopt 32-662] Processed net system_i/iq_0/inst/stream_errors[4]_i_4_n_0.  Did not re-place instance system_i/iq_0/inst/stream_errors[4]_i_4
INFO: [Physopt 32-662] Processed net system_i/iq_0/inst/core/sm/div200/quotient[0]_i_61_n_0.  Did not re-place instance system_i/iq_0/inst/core/sm/div200/quotient[0]_i_61
INFO: [Physopt 32-662] Processed net system_i/iq_0/inst/freq_ring/current_block_id[31]_i_41_n_0.  Did not re-place instance system_i/iq_0/inst/freq_ring/current_block_id[31]_i_41
INFO: [Physopt 32-663] Processed net system_i/iq_0/inst/freq_ring/current_block_id[31]_i_58_n_0.  Re-placed instance system_i/iq_0/inst/freq_ring/current_block_id[31]_i_58
INFO: [Physopt 32-662] Processed net system_i/iq_0/inst/p_0_in__0[0].  Did not re-place instance system_i/iq_0/inst/stream_errors[0]_i_1
INFO: [Physopt 32-663] Processed net system_i/iq_0/inst/stream_errors_reg_n_0_[0].  Re-placed instance system_i/iq_0/inst/stream_errors_reg[0]
INFO: [Physopt 32-662] Processed net system_i/iq_0/inst/core/sm/div200/remainder[50].  Did not re-place instance system_i/iq_0/inst/core/sm/div200/remainder_reg[50]
INFO: [Physopt 32-662] Processed net system_i/iq_0/inst/core/sm/div200/remainder[33].  Did not re-place instance system_i/iq_0/inst/core/sm/div200/remainder_reg[33]
INFO: [Physopt 32-662] Processed net system_i/iq_0/inst/core/sm/div200/quotient[0]_i_38_n_0.  Did not re-place instance system_i/iq_0/inst/core/sm/div200/quotient[0]_i_38
INFO: [Physopt 32-662] Processed net system_i/iq_0/inst/core/sm/div200/remainder[6]_i_4_n_0.  Did not re-place instance system_i/iq_0/inst/core/sm/div200/remainder[6]_i_4
INFO: [Physopt 32-662] Processed net system_i/iq_0/inst/core/sm/div200/remainder[6]_i_3_n_0.  Did not re-place instance system_i/iq_0/inst/core/sm/div200/remainder[6]_i_3
INFO: [Physopt 32-662] Processed net system_i/iq_0/inst/freq_ring/wa_reg[17][0].  Did not re-place instance system_i/iq_0/inst/freq_ring/host_errors[19]_i_1
INFO: [Physopt 32-662] Processed net system_i/iq_0/inst/freq_ring/busy_reg_0.  Did not re-place instance system_i/iq_0/inst/freq_ring/host_errors[19]_i_16
INFO: [Physopt 32-662] Processed net system_i/iq_0/inst/freq_ring/out[0]_repN.  Did not re-place instance system_i/iq_0/inst/freq_ring/producer_reg[0]_replica
INFO: [Physopt 32-662] Processed net system_i/iq_0/inst/freq_ring/host_errors[19]_i_6_n_0.  Did not re-place instance system_i/iq_0/inst/freq_ring/host_errors[19]_i_6
INFO: [Physopt 32-662] Processed net system_i/iq_0/inst/core/rb/completed_reg[28]_0[0].  Did not re-place instance system_i/iq_0/inst/core/rb/host_errors[19]_i_32
INFO: [Physopt 32-662] Processed net system_i/iq_0/inst/freq_ring/host_errors[19]_i_13_n_0.  Did not re-place instance system_i/iq_0/inst/freq_ring/host_errors[19]_i_13
INFO: [Physopt 32-662] Processed net system_i/iq_0/inst/freq_ring/host_errors[19]_i_3_n_0.  Did not re-place instance system_i/iq_0/inst/freq_ring/host_errors[19]_i_3
INFO: [Physopt 32-662] Processed net system_i/iq_0/inst/freq_ring/host_errors[19]_i_99_n_0.  Did not re-place instance system_i/iq_0/inst/freq_ring/host_errors[19]_i_99
INFO: [Physopt 32-662] Processed net system_i/iq_0/inst/error_status[19].  Did not re-place instance system_i/iq_0/inst/host_errors_reg[19]
INFO: [Physopt 32-662] Processed net system_i/iq_0/inst/error_status[8].  Did not re-place instance system_i/iq_0/inst/host_errors_reg[8]
INFO: [Physopt 32-662] Processed net system_i/iq_0/inst/error_status[9].  Did not re-place instance system_i/iq_0/inst/host_errors_reg[9]
INFO: [Physopt 32-662] Processed net system_i/iq_0/inst/error_status[12].  Did not re-place instance system_i/iq_0/inst/host_errors_reg[12]
INFO: [Physopt 32-662] Processed net system_i/iq_0/inst/core/sm/div200/remainder[23].  Did not re-place instance system_i/iq_0/inst/core/sm/div200/remainder_reg[23]
INFO: [Physopt 32-662] Processed net system_i/iq_0/inst/core/sm/div200/quotient[0]_i_48_n_0.  Did not re-place instance system_i/iq_0/inst/core/sm/div200/quotient[0]_i_48
INFO: [Physopt 32-662] Processed net system_i/iq_0/inst/core/sm/div200/remainder[10]_i_4_n_0.  Did not re-place instance system_i/iq_0/inst/core/sm/div200/remainder[10]_i_4
INFO: [Physopt 32-662] Processed net system_i/iq_0/inst/core/sm/div200/remainder[17].  Did not re-place instance system_i/iq_0/inst/core/sm/div200/remainder_reg[17]
INFO: [Physopt 32-662] Processed net system_i/iq_0/inst/core/sm/div200/quotient[0]_i_56_n_0.  Did not re-place instance system_i/iq_0/inst/core/sm/div200/quotient[0]_i_56
INFO: [Physopt 32-662] Processed net system_i/iq_0/inst/core/sm/div200/quotient[0]_i_44_n_0.  Did not re-place instance system_i/iq_0/inst/core/sm/div200/quotient[0]_i_44
INFO: [Physopt 32-662] Processed net system_i/iq_0/inst/freq_ring/out[1]_repN.  Did not re-place instance system_i/iq_0/inst/freq_ring/producer_reg[1]_replica
INFO: [Physopt 32-662] Processed net system_i/iq_0/inst/freq_ring/host_errors[19]_i_98_n_0.  Did not re-place instance system_i/iq_0/inst/freq_ring/host_errors[19]_i_98
INFO: [Physopt 32-662] Processed net system_i/iq_0/inst/core/sm/div200/quotient[0]_i_34_n_0.  Did not re-place instance system_i/iq_0/inst/core/sm/div200/quotient[0]_i_34
INFO: [Physopt 32-662] Processed net system_i/iq_0/inst/core/sm/div200/remainder[15].  Did not re-place instance system_i/iq_0/inst/core/sm/div200/remainder_reg[15]
INFO: [Physopt 32-662] Processed net system_i/iq_0/inst/core/sm/div200/quotient[0]_i_57_n_0.  Did not re-place instance system_i/iq_0/inst/core/sm/div200/quotient[0]_i_57
INFO: [Physopt 32-662] Processed net system_i/iq_0/inst/core/sm/div200/remainder[10]_i_5_n_0.  Did not re-place instance system_i/iq_0/inst/core/sm/div200/remainder[10]_i_5
INFO: [Physopt 32-662] Processed net system_i/iq_0/inst/core/sm/div200/remainder[27].  Did not re-place instance system_i/iq_0/inst/core/sm/div200/remainder_reg[27]
INFO: [Physopt 32-662] Processed net system_i/iq_0/inst/core/sm/div200/remainder[49].  Did not re-place instance system_i/iq_0/inst/core/sm/div200/remainder_reg[49]
INFO: [Physopt 32-663] Processed net system_i/iq_0/inst/bank_length1_reg_n_0_[11].  Re-placed instance system_i/iq_0/inst/bank_length1_reg[11]
INFO: [Physopt 32-662] Processed net system_i/iq_0/inst/freq_ring/current_block_id[31]_i_39_n_0.  Did not re-place instance system_i/iq_0/inst/freq_ring/current_block_id[31]_i_39
INFO: [Physopt 32-663] Processed net system_i/iq_0/inst/freq_ring/current_block_id[31]_i_52_n_0.  Re-placed instance system_i/iq_0/inst/freq_ring/current_block_id[31]_i_52
INFO: [Physopt 32-662] Processed net system_i/iq_0/inst/core/sm/div200/remainder[13].  Did not re-place instance system_i/iq_0/inst/core/sm/div200/remainder_reg[13]
INFO: [Physopt 32-662] Processed net system_i/iq_0/inst/core/sm/div200/quotient[0]_i_63_n_0.  Did not re-place instance system_i/iq_0/inst/core/sm/div200/quotient[0]_i_63
INFO: [Physopt 32-662] Processed net system_i/iq_0/inst/core/sm/div200/remainder[18].  Did not re-place instance system_i/iq_0/inst/core/sm/div200/remainder_reg[18]
INFO: [Physopt 32-662] Processed net system_i/iq_0/inst/core/sm/div200/remainder[47].  Did not re-place instance system_i/iq_0/inst/core/sm/div200/remainder_reg[47]
INFO: [Physopt 32-663] Processed net system_i/iq_0/inst/bank_length0_reg_n_0_[11].  Re-placed instance system_i/iq_0/inst/bank_length0_reg[11]
INFO: [Physopt 32-662] Processed net system_i/iq_0/inst/core/sm/div200/remainder[44].  Did not re-place instance system_i/iq_0/inst/core/sm/div200/remainder_reg[44]
INFO: [Physopt 32-662] Processed net system_i/iq_0/inst/freq_ring/out[8].  Did not re-place instance system_i/iq_0/inst/freq_ring/producer_reg[8]
INFO: [Physopt 32-662] Processed net system_i/iq_0/inst/freq_ring/host_errors[19]_i_91_n_0.  Did not re-place instance system_i/iq_0/inst/freq_ring/host_errors[19]_i_91
INFO: [Physopt 32-662] Processed net system_i/iq_0/inst/core/sm/div200/quotient[0]_i_53_n_0.  Did not re-place instance system_i/iq_0/inst/core/sm/div200/quotient[0]_i_53
INFO: [Physopt 32-662] Processed net system_i/iq_0/inst/core/sm/div200/remainder[21].  Did not re-place instance system_i/iq_0/inst/core/sm/div200/remainder_reg[21]
INFO: [Physopt 32-662] Processed net system_i/iq_0/inst/core/sm/div200/remainder[35].  Did not re-place instance system_i/iq_0/inst/core/sm/div200/remainder_reg[35]
INFO: [Physopt 32-662] Processed net system_i/iq_0/inst/core/sm/div200/quotient[0]_i_37_n_0.  Did not re-place instance system_i/iq_0/inst/core/sm/div200/quotient[0]_i_37
INFO: [Physopt 32-662] Processed net system_i/iq_0/inst/core/sm/div200/quotient[0]_i_59_n_0.  Did not re-place instance system_i/iq_0/inst/core/sm/div200/quotient[0]_i_59
INFO: [Physopt 32-662] Processed net system_i/iq_0/inst/freq_ring/out[7].  Did not re-place instance system_i/iq_0/inst/freq_ring/producer_reg[7]
INFO: [Physopt 32-662] Processed net system_i/iq_0/inst/freq_ring/host_errors[19]_i_92_n_0.  Did not re-place instance system_i/iq_0/inst/freq_ring/host_errors[19]_i_92
INFO: [Physopt 32-662] Processed net system_i/iq_0/inst/core/sm/div200/remainder[16].  Did not re-place instance system_i/iq_0/inst/core/sm/div200/remainder_reg[16]
INFO: [Physopt 32-662] Processed net system_i/iq_0/inst/core/sm/div200/quotient[0]_i_52_n_0.  Did not re-place instance system_i/iq_0/inst/core/sm/div200/quotient[0]_i_52
INFO: [Physopt 32-662] Processed net system_i/iq_0/inst/core/sm/div200/remainder[46].  Did not re-place instance system_i/iq_0/inst/core/sm/div200/remainder_reg[46]
INFO: [Physopt 32-662] Processed net system_i/iq_0/inst/core/sm/div200/remainder[12].  Did not re-place instance system_i/iq_0/inst/core/sm/div200/remainder_reg[12]
INFO: [Physopt 32-662] Processed net system_i/iq_0/inst/core/sm/div200/quotient[0]_i_33_n_0.  Did not re-place instance system_i/iq_0/inst/core/sm/div200/quotient[0]_i_33
INFO: [Physopt 32-662] Processed net system_i/iq_0/inst/core/rb/completed_reg[18]_0[0].  Did not re-place instance system_i/iq_0/inst/core/rb/host_errors[19]_i_40
INFO: [Physopt 32-662] Processed net system_i/iq_0/inst/core/sm/div200/remainder[39].  Did not re-place instance system_i/iq_0/inst/core/sm/div200/remainder_reg[39]
INFO: [Physopt 32-662] Processed net system_i/iq_0/inst/core/sm/div200/quotient[0]_i_30_n_0.  Did not re-place instance system_i/iq_0/inst/core/sm/div200/quotient[0]_i_30
INFO: [Physopt 32-662] Processed net system_i/iq_0/inst/core/sm/div200/remainder[41].  Did not re-place instance system_i/iq_0/inst/core/sm/div200/remainder_reg[41]
INFO: [Physopt 32-662] Processed net system_i/iq_0/inst/core/sm/div200/quotient[0]_i_29_n_0.  Did not re-place instance system_i/iq_0/inst/core/sm/div200/quotient[0]_i_29
INFO: [Physopt 32-662] Processed net system_i/iq_0/inst/core/sm/div200/remainder[8].  Did not re-place instance system_i/iq_0/inst/core/sm/div200/remainder_reg[8]
INFO: [Physopt 32-662] Processed net system_i/iq_0/inst/freq_ring/host_errors[19]_i_39_n_0.  Did not re-place instance system_i/iq_0/inst/freq_ring/host_errors[19]_i_39
INFO: [Physopt 32-662] Processed net system_i/iq_0/inst/freq_ring/host_errors[19]_i_33_n_0.  Did not re-place instance system_i/iq_0/inst/freq_ring/host_errors[19]_i_33
INFO: [Physopt 32-662] Processed net system_i/iq_0/inst/core/sm/div200/remainder[37].  Did not re-place instance system_i/iq_0/inst/core/sm/div200/remainder_reg[37]
INFO: [Physopt 32-662] Processed net system_i/iq_0/inst/core/sm/div200/quotient[0]_i_36_n_0.  Did not re-place instance system_i/iq_0/inst/core/sm/div200/quotient[0]_i_36
INFO: [Physopt 32-663] Processed net system_i/iq_0/inst/bank_length1_reg_n_0_[12].  Re-placed instance system_i/iq_0/inst/bank_length1_reg[12]
INFO: [Physopt 32-662] Processed net system_i/iq_0/inst/core/sm/div200/quotient[0]_i_26_n_0.  Did not re-place instance system_i/iq_0/inst/core/sm/div200/quotient[0]_i_26
INFO: [Physopt 32-662] Processed net system_i/iq_0/inst/freq_ring/current_block_id[31]_i_33_n_0.  Did not re-place instance system_i/iq_0/inst/freq_ring/current_block_id[31]_i_33
INFO: [Physopt 32-662] Processed net system_i/iq_0/inst/freq_ring/current_block_id[31]_i_50_n_0.  Did not re-place instance system_i/iq_0/inst/freq_ring/current_block_id[31]_i_50
INFO: [Physopt 32-662] Processed net system_i/iq_0/inst/core/sm/div200/remainder[31].  Did not re-place instance system_i/iq_0/inst/core/sm/div200/remainder_reg[31]
INFO: [Physopt 32-662] Processed net system_i/iq_0/inst/core/sm/div200/quotient[0]_i_39_n_0.  Did not re-place instance system_i/iq_0/inst/core/sm/div200/quotient[0]_i_39
INFO: [Physopt 32-662] Processed net system_i/iq_0/inst/bank_length1_reg_n_0_[0].  Did not re-place instance system_i/iq_0/inst/bank_length1_reg[0]
INFO: [Physopt 32-663] Processed net system_i/iq_0/inst/freq_ring/stream_errors[3]_i_14_n_0.  Re-placed instance system_i/iq_0/inst/freq_ring/stream_errors[3]_i_14
INFO: [Physopt 32-662] Processed net system_i/iq_0/inst/freq_ring/current_block_id[31]_i_42_n_0.  Did not re-place instance system_i/iq_0/inst/freq_ring/current_block_id[31]_i_42
INFO: [Physopt 32-662] Processed net system_i/iq_0/inst/bank_length1_reg_n_0_[5].  Did not re-place instance system_i/iq_0/inst/bank_length1_reg[5]
INFO: [Physopt 32-662] Processed net system_i/iq_0/inst/core/sm/div200/remainder[25].  Did not re-place instance system_i/iq_0/inst/core/sm/div200/remainder_reg[25]
INFO: [Physopt 32-662] Processed net system_i/iq_0/inst/core/sm/div200/quotient[0]_i_32_n_0.  Did not re-place instance system_i/iq_0/inst/core/sm/div200/quotient[0]_i_32
INFO: [Physopt 32-662] Processed net system_i/iq_0/inst/core/sm/div200/remainder[29].  Did not re-place instance system_i/iq_0/inst/core/sm/div200/remainder_reg[29]
INFO: [Physopt 32-662] Processed net system_i/iq_0/inst/core/sm/div200/quotient[0]_i_45_n_0.  Did not re-place instance system_i/iq_0/inst/core/sm/div200/quotient[0]_i_45
INFO: [Physopt 32-662] Processed net system_i/iq_0/inst/core/sm/div200/quotient[0]_i_35_n_0.  Did not re-place instance system_i/iq_0/inst/core/sm/div200/quotient[0]_i_35
INFO: [Physopt 32-662] Processed net system_i/iq_0/inst/freq_ring/host_errors[19]_i_31_n_0.  Did not re-place instance system_i/iq_0/inst/freq_ring/host_errors[19]_i_31
INFO: [Physopt 32-662] Processed net system_i/iq_0/inst/core/sm/div200/quotient[0]_i_46_n_0.  Did not re-place instance system_i/iq_0/inst/core/sm/div200/quotient[0]_i_46
INFO: [Physopt 32-662] Processed net system_i/iq_0/inst/core/sm/div200/quotient[0]_i_47_n_0.  Did not re-place instance system_i/iq_0/inst/core/sm/div200/quotient[0]_i_47
INFO: [Physopt 32-662] Processed net system_i/iq_0/inst/freq_ring/host_errors[19]_i_37_n_0.  Did not re-place instance system_i/iq_0/inst/freq_ring/host_errors[19]_i_37
INFO: [Physopt 32-662] Processed net system_i/iq_0/inst/core/sm/div200/quotient[0]_i_20_n_0.  Did not re-place instance system_i/iq_0/inst/core/sm/div200/quotient[0]_i_20
INFO: [Physopt 32-662] Processed net system_i/iq_0/inst/freq_ring/out[5]_repN.  Did not re-place instance system_i/iq_0/inst/freq_ring/producer_reg[5]_replica
INFO: [Physopt 32-662] Processed net system_i/iq_0/inst/freq_ring/host_errors[19]_i_94_n_0.  Did not re-place instance system_i/iq_0/inst/freq_ring/host_errors[19]_i_94
INFO: [Physopt 32-662] Processed net system_i/iq_0/inst/core/sm/div200/quotient[0]_i_25_n_0.  Did not re-place instance system_i/iq_0/inst/core/sm/div200/quotient[0]_i_25
INFO: [Physopt 32-662] Processed net system_i/iq_0/inst/core/sm/div200/remainder[45].  Did not re-place instance system_i/iq_0/inst/core/sm/div200/remainder_reg[45]
INFO: [Physopt 32-663] Processed net system_i/iq_0/inst/freq_ring/stream_errors[3]_i_11_n_0.  Re-placed instance system_i/iq_0/inst/freq_ring/stream_errors[3]_i_11
INFO: [Physopt 32-662] Processed net system_i/iq_0/inst/bank_length0_reg_n_0_[0].  Did not re-place instance system_i/iq_0/inst/bank_length0_reg[0]
INFO: [Physopt 32-662] Processed net system_i/iq_0/inst/bank_length0_reg_n_0_[16].  Did not re-place instance system_i/iq_0/inst/bank_length0_reg[16]
INFO: [Physopt 32-662] Processed net system_i/iq_0/inst/freq_ring/current_block_id[31]_i_32_n_0.  Did not re-place instance system_i/iq_0/inst/freq_ring/current_block_id[31]_i_32
INFO: [Physopt 32-662] Processed net system_i/iq_0/inst/core/tm/threshold_burst_data[95]_i_3_n_0.  Did not re-place instance system_i/iq_0/inst/core/tm/threshold_burst_data[95]_i_3
INFO: [Physopt 32-662] Processed net system_i/iq_0/inst/core/tm/threshold_burst_data[159]_i_4_n_0.  Did not re-place instance system_i/iq_0/inst/core/tm/threshold_burst_data[159]_i_4
INFO: [Physopt 32-662] Processed net system_i/iq_0/inst/core/tm/confirm_reg_n_0_[2].  Did not re-place instance system_i/iq_0/inst/core/tm/confirm_reg[2]
INFO: [Physopt 32-662] Processed net system_i/iq_0/inst/core/tm/tail_peak[31]_i_35_n_0.  Did not re-place instance system_i/iq_0/inst/core/tm/tail_peak[31]_i_35
INFO: [Physopt 32-662] Processed net system_i/iq_0/inst/core/tm/threshold_burst_data0_out[42].  Did not re-place instance system_i/iq_0/inst/core/tm/threshold_burst_data[42]_i_1
INFO: [Physopt 32-663] Processed net system_i/iq_0/inst/core/tm/threshold_burst_data[42]_i_2_n_0.  Re-placed instance system_i/iq_0/inst/core/tm/threshold_burst_data[42]_i_2
INFO: [Physopt 32-662] Processed net system_i/iq_0/inst/core/tm/threshold_burst_data_reg_n_0_[42].  Did not re-place instance system_i/iq_0/inst/core/tm/threshold_burst_data_reg[42]
INFO: [Physopt 32-662] Processed net system_i/iq_0/inst/core/sm/div200/quotient[0]_i_42_n_0.  Did not re-place instance system_i/iq_0/inst/core/sm/div200/quotient[0]_i_42
INFO: [Physopt 32-661] Optimized 11 nets.  Re-placed 11 instances.
INFO: [Physopt 32-775] End 1 Pass. Optimized 11 nets or cells. Created 0 new cell, deleted 0 existing cell and moved 11 existing cells
INFO: [Physopt 32-619] Estimated Timing Summary | WNS=-0.277 | TNS=-1.644 |
Netlist sorting complete. Time (s): cpu = 00:00:00 ; elapsed = 00:00:00.050 . Memory (MB): peak = 2564.750 ; gain = 0.000
Phase 15 Single Cell Placement Optimization | Checksum: 14e09be14

Time (s): cpu = 00:01:12 ; elapsed = 00:00:33 . Memory (MB): peak = 2564.750 ; gain = 0.000

Phase 16 Multi Cell Placement Optimization
INFO: [Physopt 32-660] Identified 100 candidate nets for placement-based optimization.
INFO: [Physopt 32-662] Processed net system_i/iq_0/inst/core/sm/div200/remainder[2]_repN.  Did not re-place instance system_i/iq_0/inst/core/sm/div200/remainder_reg[2]_replica/Q
INFO: [Physopt 32-662] Processed net system_i/iq_0/inst/core/sm/div200/remainder[5].  Did not re-place instance system_i/iq_0/inst/core/sm/div200/remainder_reg[5]/Q
INFO: [Physopt 32-662] Processed net system_i/iq_0/inst/core/sm/div200/remainder[5].  Did not re-place instance system_i/iq_0/inst/core/sm/div200/remainder_reg[5]/Q
INFO: [Physopt 32-662] Processed net system_i/iq_0/inst/core/sm/div200/remainder[5].  Did not re-place instance system_i/iq_0/inst/core/sm/div200/remainder_reg[5]/Q
INFO: [Physopt 32-662] Processed net system_i/iq_0/inst/core/sm/div200/remainder[3].  Did not re-place instance system_i/iq_0/inst/core/sm/div200/remainder_reg[3]/Q
INFO: [Physopt 32-662] Processed net system_i/iq_0/inst/core/sm/div200/dividend[63].  Did not re-place instance system_i/iq_0/inst/core/sm/div200/dividend_reg[63]/Q
INFO: [Physopt 32-662] Processed net system_i/iq_0/inst/core/sm/div200/remainder[1]_repN.  Did not re-place instance system_i/iq_0/inst/core/sm/div200/remainder_reg[1]_replica/Q
INFO: [Physopt 32-662] Processed net system_i/iq_0/inst/core/sm/div200/remainder[0].  Did not re-place instance system_i/iq_0/inst/core/sm/div200/remainder_reg[0]/Q
INFO: [Physopt 32-661] Optimized 0 net.  Re-placed 0 instance.
INFO: [Physopt 32-775] End 1 Pass. Optimized 0 net or cell. Created 0 new cell, deleted 0 existing cell and moved 0 existing cell
Netlist sorting complete. Time (s): cpu = 00:00:00 ; elapsed = 00:00:00.041 . Memory (MB): peak = 2564.750 ; gain = 0.000
Phase 16 Multi Cell Placement Optimization | Checksum: fc237515

Time (s): cpu = 00:01:14 ; elapsed = 00:00:34 . Memory (MB): peak = 2564.750 ; gain = 0.000

Phase 17 Rewire
INFO: [Physopt 32-246] Starting Signal Push optimization...
INFO: [Physopt 32-241] No nets found for rewiring () optimization.
INFO: [Physopt 32-232] Optimized 0 net. Created 0 new instance.
INFO: [Physopt 32-775] End 1 Pass. Optimized 0 net or cell. Created 0 new cell, deleted 0 existing cell and moved 0 existing cell
Netlist sorting complete. Time (s): cpu = 00:00:00 ; elapsed = 00:00:00.039 . Memory (MB): peak = 2564.750 ; gain = 0.000
Phase 17 Rewire | Checksum: fc237515

Time (s): cpu = 00:01:14 ; elapsed = 00:00:34 . Memory (MB): peak = 2564.750 ; gain = 0.000

Phase 18 Critical Cell Optimization
INFO: [Physopt 32-68] No nets found for critical-cell optimization.
INFO: [Physopt 32-232] Optimized 0 net. Created 0 new instance.
INFO: [Physopt 32-775] End 1 Pass. Optimized 0 net or cell. Created 0 new cell, deleted 0 existing cell and moved 0 existing cell
Phase 18 Critical Cell Optimization | Checksum: fc237515

Time (s): cpu = 00:01:14 ; elapsed = 00:00:35 . Memory (MB): peak = 2564.750 ; gain = 0.000

Phase 19 DSP Register Optimization
INFO: [Physopt 32-456] No candidate cells for DSP register optimization found in the design.
INFO: [Physopt 32-775] End 1 Pass. Optimized 0 net or cell. Created 0 new cell, deleted 0 existing cell and moved 0 existing cell
Phase 19 DSP Register Optimization | Checksum: fc237515

Time (s): cpu = 00:01:14 ; elapsed = 00:00:35 . Memory (MB): peak = 2564.750 ; gain = 0.000

Phase 20 BRAM Register Optimization
INFO: [Physopt 32-614] Property 'READ_WIDTH_A' on BRAM cell 'system_i/iq_0/inst/core/transform/fft/U0/i_synth/non_native_flt_non_ssr_fft.xfft_inst/non_floating_point.arch_d.xfft_inst/pe_gen[0].natural_order_input.PE/FB_1.BF_1/MEM/blk_ram.use_bram_only.mem/depth_13_s6_depth_12.main_ram_loop[0].use_RAMB18.ram_2k_loop[0].SDP_RAMB18_9x2048' Port 'A' is 0. Skip BRAM Register Optimization on the port
INFO: [Physopt 32-614] Property 'READ_WIDTH_A' on BRAM cell 'system_i/iq_0/inst/core/transform/fft/U0/i_synth/non_native_flt_non_ssr_fft.xfft_inst/non_floating_point.arch_d.xfft_inst/pe_gen[0].natural_order_input.PE/FB_1.BF_1/MEM/blk_ram.use_bram_only.mem/depth_13_s6_depth_12.main_ram_loop[0].use_RAMB18.ram_2k_loop[1].SDP_RAMB18_9x2048' Port 'A' is 0. Skip BRAM Register Optimization on the port
INFO: [Physopt 32-614] Property 'READ_WIDTH_A' on BRAM cell 'system_i/iq_0/inst/core/transform/fft/U0/i_synth/non_native_flt_non_ssr_fft.xfft_inst/non_floating_point.arch_d.xfft_inst/pe_gen[0].natural_order_input.PE/FB_1.BF_1/MEM/blk_ram.use_bram_only.mem/depth_13_s6_depth_12.main_ram_loop[0].use_RAMB18.ram_2k_loop[2].SDP_RAMB18_9x2048' Port 'A' is 0. Skip BRAM Register Optimization on the port
INFO: [Physopt 32-614] Property 'READ_WIDTH_A' on BRAM cell 'system_i/iq_0/inst/core/transform/fft/U0/i_synth/non_native_flt_non_ssr_fft.xfft_inst/non_floating_point.arch_d.xfft_inst/pe_gen[0].natural_order_input.PE/FB_1.BF_1/MEM/blk_ram.use_bram_only.mem/depth_13_s6_depth_12.main_ram_loop[0].use_RAMB18.ram_2k_loop[3].SDP_RAMB18_9x2048' Port 'A' is 0. Skip BRAM Register Optimization on the port
INFO: [Physopt 32-614] Property 'READ_WIDTH_A' on BRAM cell 'system_i/iq_0/inst/core/transform/fft/U0/i_synth/non_native_flt_non_ssr_fft.xfft_inst/non_floating_point.arch_d.xfft_inst/pe_gen[0].natural_order_input.PE/FB_1.BF_1/MEM/blk_ram.use_bram_only.mem/depth_13_s6_depth_12.main_ram_loop[1].use_RAMB18.ram_2k_loop[0].SDP_RAMB18_9x2048' Port 'A' is 0. Skip BRAM Register Optimization on the port
INFO: [Physopt 32-614] Property 'READ_WIDTH_A' on BRAM cell 'system_i/iq_0/inst/core/transform/fft/U0/i_synth/non_native_flt_non_ssr_fft.xfft_inst/non_floating_point.arch_d.xfft_inst/pe_gen[0].natural_order_input.PE/FB_1.BF_1/MEM/blk_ram.use_bram_only.mem/depth_13_s6_depth_12.main_ram_loop[1].use_RAMB18.ram_2k_loop[1].SDP_RAMB18_9x2048' Port 'A' is 0. Skip BRAM Register Optimization on the port
INFO: [Physopt 32-614] Property 'READ_WIDTH_A' on BRAM cell 'system_i/iq_0/inst/core/transform/fft/U0/i_synth/non_native_flt_non_ssr_fft.xfft_inst/non_floating_point.arch_d.xfft_inst/pe_gen[0].natural_order_input.PE/FB_1.BF_1/MEM/blk_ram.use_bram_only.mem/depth_13_s6_depth_12.main_ram_loop[1].use_RAMB18.ram_2k_loop[2].SDP_RAMB18_9x2048' Port 'A' is 0. Skip BRAM Register Optimization on the port
INFO: [Physopt 32-614] Property 'READ_WIDTH_A' on BRAM cell 'system_i/iq_0/inst/core/transform/fft/U0/i_synth/non_native_flt_non_ssr_fft.xfft_inst/non_floating_point.arch_d.xfft_inst/pe_gen[0].natural_order_input.PE/FB_1.BF_1/MEM/blk_ram.use_bram_only.mem/depth_13_s6_depth_12.main_ram_loop[1].use_RAMB18.ram_2k_loop[3].SDP_RAMB18_9x2048' Port 'A' is 0. Skip BRAM Register Optimization on the port
INFO: [Physopt 32-614] Property 'READ_WIDTH_A' on BRAM cell 'system_i/iq_0/inst/core/transform/fft/U0/i_synth/non_native_flt_non_ssr_fft.xfft_inst/non_floating_point.arch_d.xfft_inst/pe_gen[0].natural_order_input.PE/FB_1.BF_1/MEM/blk_ram.use_bram_only.mem/depth_13_s6_depth_12.main_ram_loop[2].use_RAMB18.ram_2k_loop[0].SDP_RAMB18_9x2048' Port 'A' is 0. Skip BRAM Register Optimization on the port
INFO: [Physopt 32-614] Property 'READ_WIDTH_A' on BRAM cell 'system_i/iq_0/inst/core/transform/fft/U0/i_synth/non_native_flt_non_ssr_fft.xfft_inst/non_floating_point.arch_d.xfft_inst/pe_gen[0].natural_order_input.PE/FB_1.BF_1/MEM/blk_ram.use_bram_only.mem/depth_13_s6_depth_12.main_ram_loop[2].use_RAMB18.ram_2k_loop[1].SDP_RAMB18_9x2048' Port 'A' is 0. Skip BRAM Register Optimization on the port
INFO: [Physopt 32-614] Property 'READ_WIDTH_A' on BRAM cell 'system_i/iq_0/inst/core/transform/fft/U0/i_synth/non_native_flt_non_ssr_fft.xfft_inst/non_floating_point.arch_d.xfft_inst/pe_gen[0].natural_order_input.PE/FB_1.BF_1/MEM/blk_ram.use_bram_only.mem/depth_13_s6_depth_12.main_ram_loop[2].use_RAMB18.ram_2k_loop[2].SDP_RAMB18_9x2048' Port 'A' is 0. Skip BRAM Register Optimization on the port
INFO: [Physopt 32-614] Property 'READ_WIDTH_A' on BRAM cell 'system_i/iq_0/inst/core/transform/fft/U0/i_synth/non_native_flt_non_ssr_fft.xfft_inst/non_floating_point.arch_d.xfft_inst/pe_gen[0].natural_order_input.PE/FB_1.BF_1/MEM/blk_ram.use_bram_only.mem/depth_13_s6_depth_12.main_ram_loop[2].use_RAMB18.ram_2k_loop[3].SDP_RAMB18_9x2048' Port 'A' is 0. Skip BRAM Register Optimization on the port
INFO: [Physopt 32-614] Property 'READ_WIDTH_A' on BRAM cell 'system_i/iq_0/inst/core/transform/fft/U0/i_synth/non_native_flt_non_ssr_fft.xfft_inst/non_floating_point.arch_d.xfft_inst/pe_gen[0].natural_order_input.PE/FB_1.BF_1/MEM/blk_ram.use_bram_only.mem/depth_13_s6_depth_12.main_ram_loop[3].use_RAMB18.ram_2k_loop[0].SDP_RAMB18_9x2048' Port 'A' is 0. Skip BRAM Register Optimization on the port
INFO: [Physopt 32-614] Property 'READ_WIDTH_A' on BRAM cell 'system_i/iq_0/inst/core/transform/fft/U0/i_synth/non_native_flt_non_ssr_fft.xfft_inst/non_floating_point.arch_d.xfft_inst/pe_gen[0].natural_order_input.PE/FB_1.BF_1/MEM/blk_ram.use_bram_only.mem/depth_13_s6_depth_12.main_ram_loop[3].use_RAMB18.ram_2k_loop[1].SDP_RAMB18_9x2048' Port 'A' is 0. Skip BRAM Register Optimization on the port
INFO: [Physopt 32-614] Property 'READ_WIDTH_A' on BRAM cell 'system_i/iq_0/inst/core/transform/fft/U0/i_synth/non_native_flt_non_ssr_fft.xfft_inst/non_floating_point.arch_d.xfft_inst/pe_gen[0].natural_order_input.PE/FB_1.BF_1/MEM/blk_ram.use_bram_only.mem/depth_13_s6_depth_12.main_ram_loop[3].use_RAMB18.ram_2k_loop[2].SDP_RAMB18_9x2048' Port 'A' is 0. Skip BRAM Register Optimization on the port
INFO: [Physopt 32-614] Property 'READ_WIDTH_A' on BRAM cell 'system_i/iq_0/inst/core/transform/fft/U0/i_synth/non_native_flt_non_ssr_fft.xfft_inst/non_floating_point.arch_d.xfft_inst/pe_gen[0].natural_order_input.PE/FB_1.BF_1/MEM/blk_ram.use_bram_only.mem/depth_13_s6_depth_12.main_ram_loop[3].use_RAMB18.ram_2k_loop[3].SDP_RAMB18_9x2048' Port 'A' is 0. Skip BRAM Register Optimization on the port
INFO: [Physopt 32-614] Property 'READ_WIDTH_A' on BRAM cell 'system_i/iq_0/inst/core/transform/fft/U0/i_synth/non_native_flt_non_ssr_fft.xfft_inst/non_floating_point.arch_d.xfft_inst/pe_gen[0].natural_order_input.PE/FB_1.BF_1/MEM/blk_ram.use_bram_only.mem/depth_13_s6_depth_12.main_ram_loop[4].use_RAMB18.ram_2k_loop[0].SDP_RAMB18_9x2048' Port 'A' is 0. Skip BRAM Register Optimization on the port
INFO: [Physopt 32-614] Property 'READ_WIDTH_A' on BRAM cell 'system_i/iq_0/inst/core/transform/fft/U0/i_synth/non_native_flt_non_ssr_fft.xfft_inst/non_floating_point.arch_d.xfft_inst/pe_gen[0].natural_order_input.PE/FB_1.BF_1/MEM/blk_ram.use_bram_only.mem/depth_13_s6_depth_12.main_ram_loop[4].use_RAMB18.ram_2k_loop[1].SDP_RAMB18_9x2048' Port 'A' is 0. Skip BRAM Register Optimization on the port
INFO: [Physopt 32-614] Property 'READ_WIDTH_A' on BRAM cell 'system_i/iq_0/inst/core/transform/fft/U0/i_synth/non_native_flt_non_ssr_fft.xfft_inst/non_floating_point.arch_d.xfft_inst/pe_gen[0].natural_order_input.PE/FB_1.BF_1/MEM/blk_ram.use_bram_only.mem/depth_13_s6_depth_12.main_ram_loop[4].use_RAMB18.ram_2k_loop[2].SDP_RAMB18_9x2048' Port 'A' is 0. Skip BRAM Register Optimization on the port
INFO: [Physopt 32-614] Property 'READ_WIDTH_A' on BRAM cell 'system_i/iq_0/inst/core/transform/fft/U0/i_synth/non_native_flt_non_ssr_fft.xfft_inst/non_floating_point.arch_d.xfft_inst/pe_gen[0].natural_order_input.PE/FB_1.BF_1/MEM/blk_ram.use_bram_only.mem/depth_13_s6_depth_12.main_ram_loop[4].use_RAMB18.ram_2k_loop[3].SDP_RAMB18_9x2048' Port 'A' is 0. Skip BRAM Register Optimization on the port
INFO: [Physopt 32-614] Property 'READ_WIDTH_A' on BRAM cell 'system_i/iq_0/inst/core/transform/fft/U0/i_synth/non_native_flt_non_ssr_fft.xfft_inst/non_floating_point.arch_d.xfft_inst/pe_gen[0].natural_order_input.PE/FB_1.BF_1/MEM/blk_ram.use_bram_only.mem/depth_13_s6_depth_12.need_extra_rams.extra_ram_loop[0].use_RAMB18.SDP_RAMB18_2x8192' Port 'A' is 0. Skip BRAM Register Optimization on the port
INFO: [Physopt 32-614] Property 'READ_WIDTH_A' on BRAM cell 'system_i/iq_0/inst/core/transform/fft/U0/i_synth/non_native_flt_non_ssr_fft.xfft_inst/non_floating_point.arch_d.xfft_inst/pe_gen[0].natural_order_input.PE/FB_1.BF_1/MEM/blk_ram.use_bram_only.mem/depth_13_s6_depth_12.need_extra_rams.extra_ram_loop[1].use_RAMB18.SDP_RAMB18_2x8192' Port 'A' is 0. Skip BRAM Register Optimization on the port
INFO: [Physopt 32-614] Property 'READ_WIDTH_A' on BRAM cell 'system_i/iq_0/inst/core/transform/fft/U0/i_synth/non_native_flt_non_ssr_fft.xfft_inst/non_floating_point.arch_d.xfft_inst/pe_gen[0].natural_order_input.PE/FB_1.BF_1/MEM/blk_ram.use_bram_only.mem/depth_13_s6_depth_12.need_extra_rams.extra_ram_loop[2].use_RAMB18.SDP_RAMB18_2x8192' Port 'A' is 0. Skip BRAM Register Optimization on the port
INFO: [Physopt 32-614] Property 'READ_WIDTH_A' on BRAM cell 'system_i/iq_0/inst/core/transform/fft/U0/i_synth/non_native_flt_non_ssr_fft.xfft_inst/non_floating_point.arch_d.xfft_inst/pe_gen[0].natural_order_input.PE/hasbf2.FB_2.BF_2/MEM/blk_ram.use_bram_only.mem/depth_12_s6_depth_11.main_ram_loop[0].use_RAMB18.ram_2k_loop[0].SDP_RAMB18_9x2048' Port 'A' is 0. Skip BRAM Register Optimization on the port
INFO: [Physopt 32-614] Property 'READ_WIDTH_A' on BRAM cell 'system_i/iq_0/inst/core/transform/fft/U0/i_synth/non_native_flt_non_ssr_fft.xfft_inst/non_floating_point.arch_d.xfft_inst/pe_gen[0].natural_order_input.PE/hasbf2.FB_2.BF_2/MEM/blk_ram.use_bram_only.mem/depth_12_s6_depth_11.main_ram_loop[0].use_RAMB18.ram_2k_loop[1].SDP_RAMB18_9x2048' Port 'A' is 0. Skip BRAM Register Optimization on the port
INFO: [Physopt 32-614] Property 'READ_WIDTH_A' on BRAM cell 'system_i/iq_0/inst/core/transform/fft/U0/i_synth/non_native_flt_non_ssr_fft.xfft_inst/non_floating_point.arch_d.xfft_inst/pe_gen[0].natural_order_input.PE/hasbf2.FB_2.BF_2/MEM/blk_ram.use_bram_only.mem/depth_12_s6_depth_11.main_ram_loop[1].use_RAMB18.ram_2k_loop[0].SDP_RAMB18_9x2048' Port 'A' is 0. Skip BRAM Register Optimization on the port
INFO: [Physopt 32-614] Property 'READ_WIDTH_A' on BRAM cell 'system_i/iq_0/inst/core/transform/fft/U0/i_synth/non_native_flt_non_ssr_fft.xfft_inst/non_floating_point.arch_d.xfft_inst/pe_gen[0].natural_order_input.PE/hasbf2.FB_2.BF_2/MEM/blk_ram.use_bram_only.mem/depth_12_s6_depth_11.main_ram_loop[1].use_RAMB18.ram_2k_loop[1].SDP_RAMB18_9x2048' Port 'A' is 0. Skip BRAM Register Optimization on the port
INFO: [Physopt 32-614] Property 'READ_WIDTH_A' on BRAM cell 'system_i/iq_0/inst/core/transform/fft/U0/i_synth/non_native_flt_non_ssr_fft.xfft_inst/non_floating_point.arch_d.xfft_inst/pe_gen[0].natural_order_input.PE/hasbf2.FB_2.BF_2/MEM/blk_ram.use_bram_only.mem/depth_12_s6_depth_11.main_ram_loop[2].use_RAMB18.ram_2k_loop[0].SDP_RAMB18_9x2048' Port 'A' is 0. Skip BRAM Register Optimization on the port
INFO: [Physopt 32-614] Property 'READ_WIDTH_A' on BRAM cell 'system_i/iq_0/inst/core/transform/fft/U0/i_synth/non_native_flt_non_ssr_fft.xfft_inst/non_floating_point.arch_d.xfft_inst/pe_gen[0].natural_order_input.PE/hasbf2.FB_2.BF_2/MEM/blk_ram.use_bram_only.mem/depth_12_s6_depth_11.main_ram_loop[2].use_RAMB18.ram_2k_loop[1].SDP_RAMB18_9x2048' Port 'A' is 0. Skip BRAM Register Optimization on the port
INFO: [Physopt 32-614] Property 'READ_WIDTH_A' on BRAM cell 'system_i/iq_0/inst/core/transform/fft/U0/i_synth/non_native_flt_non_ssr_fft.xfft_inst/non_floating_point.arch_d.xfft_inst/pe_gen[0].natural_order_input.PE/hasbf2.FB_2.BF_2/MEM/blk_ram.use_bram_only.mem/depth_12_s6_depth_11.main_ram_loop[3].use_RAMB18.ram_2k_loop[0].SDP_RAMB18_9x2048' Port 'A' is 0. Skip BRAM Register Optimization on the port
INFO: [Physopt 32-614] Property 'READ_WIDTH_A' on BRAM cell 'system_i/iq_0/inst/core/transform/fft/U0/i_synth/non_native_flt_non_ssr_fft.xfft_inst/non_floating_point.arch_d.xfft_inst/pe_gen[0].natural_order_input.PE/hasbf2.FB_2.BF_2/MEM/blk_ram.use_bram_only.mem/depth_12_s6_depth_11.main_ram_loop[3].use_RAMB18.ram_2k_loop[1].SDP_RAMB18_9x2048' Port 'A' is 0. Skip BRAM Register Optimization on the port
INFO: [Physopt 32-614] Property 'READ_WIDTH_A' on BRAM cell 'system_i/iq_0/inst/core/transform/fft/U0/i_synth/non_native_flt_non_ssr_fft.xfft_inst/non_floating_point.arch_d.xfft_inst/pe_gen[0].natural_order_input.PE/hasbf2.FB_2.BF_2/MEM/blk_ram.use_bram_only.mem/depth_12_s6_depth_11.main_ram_loop[4].use_RAMB18.ram_2k_loop[0].SDP_RAMB18_9x2048' Port 'A' is 0. Skip BRAM Register Optimization on the port
INFO: [Physopt 32-614] Property 'READ_WIDTH_A' on BRAM cell 'system_i/iq_0/inst/core/transform/fft/U0/i_synth/non_native_flt_non_ssr_fft.xfft_inst/non_floating_point.arch_d.xfft_inst/pe_gen[0].natural_order_input.PE/hasbf2.FB_2.BF_2/MEM/blk_ram.use_bram_only.mem/depth_12_s6_depth_11.main_ram_loop[4].use_RAMB18.ram_2k_loop[1].SDP_RAMB18_9x2048' Port 'A' is 0. Skip BRAM Register Optimization on the port
INFO: [Physopt 32-614] Property 'READ_WIDTH_A' on BRAM cell 'system_i/iq_0/inst/core/transform/fft/U0/i_synth/non_native_flt_non_ssr_fft.xfft_inst/non_floating_point.arch_d.xfft_inst/pe_gen[0].natural_order_input.PE/hasbf2.FB_2.BF_2/MEM/blk_ram.use_bram_only.mem/depth_12_s6_depth_11.need_extra_rams.extra_ram_loop[0].use_RAMB18.SDP_RAMB18_4x4096' Port 'A' is 0. Skip BRAM Register Optimization on the port
INFO: [Physopt 32-614] Property 'READ_WIDTH_A' on BRAM cell 'system_i/iq_0/inst/core/transform/fft/U0/i_synth/non_native_flt_non_ssr_fft.xfft_inst/non_floating_point.arch_d.xfft_inst/pe_gen[0].natural_order_input.PE/hasbf2.FB_2.BF_2/MEM/blk_ram.use_bram_only.mem/depth_12_s6_depth_11.need_extra_rams.extra_ram_loop[1].use_RAMB18.SDP_RAMB18_4x4096' Port 'A' is 0. Skip BRAM Register Optimization on the port
INFO: [Physopt 32-614] Property 'READ_WIDTH_A' on BRAM cell 'system_i/iq_0/inst/core/transform/fft/U0/i_synth/non_native_flt_non_ssr_fft.xfft_inst/non_floating_point.arch_d.xfft_inst/pe_gen[1].natural_order_input.PE/FB_1.BF_1/MEM/blk_ram.use_bram_only.mem/depth_11.ram_loop[0].use_RAMB18.SDP_RAMB18_9x2048' Port 'A' is 0. Skip BRAM Register Optimization on the port
INFO: [Physopt 32-614] Property 'READ_WIDTH_A' on BRAM cell 'system_i/iq_0/inst/core/transform/fft/U0/i_synth/non_native_flt_non_ssr_fft.xfft_inst/non_floating_point.arch_d.xfft_inst/pe_gen[1].natural_order_input.PE/FB_1.BF_1/MEM/blk_ram.use_bram_only.mem/depth_11.ram_loop[1].use_RAMB18.SDP_RAMB18_9x2048' Port 'A' is 0. Skip BRAM Register Optimization on the port
INFO: [Physopt 32-614] Property 'READ_WIDTH_A' on BRAM cell 'system_i/iq_0/inst/core/transform/fft/U0/i_synth/non_native_flt_non_ssr_fft.xfft_inst/non_floating_point.arch_d.xfft_inst/pe_gen[1].natural_order_input.PE/FB_1.BF_1/MEM/blk_ram.use_bram_only.mem/depth_11.ram_loop[2].use_RAMB18.SDP_RAMB18_9x2048' Port 'A' is 0. Skip BRAM Register Optimization on the port
INFO: [Physopt 32-614] Property 'READ_WIDTH_A' on BRAM cell 'system_i/iq_0/inst/core/transform/fft/U0/i_synth/non_native_flt_non_ssr_fft.xfft_inst/non_floating_point.arch_d.xfft_inst/pe_gen[1].natural_order_input.PE/FB_1.BF_1/MEM/blk_ram.use_bram_only.mem/depth_11.ram_loop[3].use_RAMB18.SDP_RAMB18_9x2048' Port 'A' is 0. Skip BRAM Register Optimization on the port
INFO: [Physopt 32-614] Property 'READ_WIDTH_A' on BRAM cell 'system_i/iq_0/inst/core/transform/fft/U0/i_synth/non_native_flt_non_ssr_fft.xfft_inst/non_floating_point.arch_d.xfft_inst/pe_gen[1].natural_order_input.PE/FB_1.BF_1/MEM/blk_ram.use_bram_only.mem/depth_11.ram_loop[4].use_RAMB18.SDP_RAMB18_9x2048' Port 'A' is 0. Skip BRAM Register Optimization on the port
INFO: [Physopt 32-614] Property 'READ_WIDTH_A' on BRAM cell 'system_i/iq_0/inst/core/transform/fft/U0/i_synth/non_native_flt_non_ssr_fft.xfft_inst/non_floating_point.arch_d.xfft_inst/pe_gen[1].natural_order_input.PE/FB_1.BF_1/MEM/blk_ram.use_bram_only.mem/depth_11.ram_loop[5].use_RAMB18.SDP_RAMB18_9x2048' Port 'A' is 0. Skip BRAM Register Optimization on the port
INFO: [Physopt 32-614] Property 'READ_WIDTH_A' on BRAM cell 'system_i/iq_0/inst/core/transform/fft/U0/i_synth/non_native_flt_non_ssr_fft.xfft_inst/non_floating_point.arch_d.xfft_inst/pe_gen[1].natural_order_input.PE/hasbf2.FB_2.BF_2/MEM/blk_ram.use_bram_only.mem/depth_10.ram_loop[0].use_RAMB18.SDP_RAMB18_18x1024' Port 'A' is 0. Skip BRAM Register Optimization on the port
INFO: [Physopt 32-614] Property 'READ_WIDTH_A' on BRAM cell 'system_i/iq_0/inst/core/transform/fft/U0/i_synth/non_native_flt_non_ssr_fft.xfft_inst/non_floating_point.arch_d.xfft_inst/pe_gen[1].natural_order_input.PE/hasbf2.FB_2.BF_2/MEM/blk_ram.use_bram_only.mem/depth_10.ram_loop[1].use_RAMB18.SDP_RAMB18_18x1024' Port 'A' is 0. Skip BRAM Register Optimization on the port
INFO: [Physopt 32-614] Property 'READ_WIDTH_A' on BRAM cell 'system_i/iq_0/inst/core/transform/fft/U0/i_synth/non_native_flt_non_ssr_fft.xfft_inst/non_floating_point.arch_d.xfft_inst/pe_gen[1].natural_order_input.PE/hasbf2.FB_2.BF_2/MEM/blk_ram.use_bram_only.mem/depth_10.ram_loop[2].use_RAMB18.SDP_RAMB18_18x1024' Port 'A' is 0. Skip BRAM Register Optimization on the port
INFO: [Physopt 32-526] No candidate cells for BRAM register optimization found in the design
INFO: [Physopt 32-775] End 1 Pass. Optimized 0 net or cell. Created 0 new cell, deleted 0 existing cell and moved 0 existing cell
Phase 20 BRAM Register Optimization | Checksum: fc237515

Time (s): cpu = 00:01:14 ; elapsed = 00:00:35 . Memory (MB): peak = 2564.750 ; gain = 0.000

Phase 21 URAM Register Optimization
INFO: [Physopt 32-846] No candidate cells for URAM register optimization found in the design
INFO: [Physopt 32-775] End 1 Pass. Optimized 0 net or cell. Created 0 new cell, deleted 0 existing cell and moved 0 existing cell
INFO: [Physopt 32-846] No candidate cells for URAM register optimization found in the design
INFO: [Physopt 32-775] End 1 Pass. Optimized 0 net or cell. Created 0 new cell, deleted 0 existing cell and moved 0 existing cell
Phase 21 URAM Register Optimization | Checksum: fc237515

Time (s): cpu = 00:01:14 ; elapsed = 00:00:35 . Memory (MB): peak = 2564.750 ; gain = 0.000

Phase 22 Shift Register Optimization
INFO: [Physopt 32-1401] No candidate cells found for Shift Register optimization.
INFO: [Physopt 32-677] No candidate cells for Shift Register optimization found in the design
INFO: [Physopt 32-775] End 1 Pass. Optimized 0 net or cell. Created 0 new cell, deleted 0 existing cell and moved 0 existing cell
Phase 22 Shift Register Optimization | Checksum: fc237515

Time (s): cpu = 00:01:15 ; elapsed = 00:00:35 . Memory (MB): peak = 2564.750 ; gain = 0.000

Phase 23 DSP Register Optimization
INFO: [Physopt 32-456] No candidate cells for DSP register optimization found in the design.
INFO: [Physopt 32-775] End 1 Pass. Optimized 0 net or cell. Created 0 new cell, deleted 0 existing cell and moved 0 existing cell
Phase 23 DSP Register Optimization | Checksum: fc237515

Time (s): cpu = 00:01:15 ; elapsed = 00:00:35 . Memory (MB): peak = 2564.750 ; gain = 0.000

Phase 24 BRAM Register Optimization
INFO: [Physopt 32-614] Property 'READ_WIDTH_A' on BRAM cell 'system_i/iq_0/inst/core/transform/fft/U0/i_synth/non_native_flt_non_ssr_fft.xfft_inst/non_floating_point.arch_d.xfft_inst/pe_gen[0].natural_order_input.PE/FB_1.BF_1/MEM/blk_ram.use_bram_only.mem/depth_13_s6_depth_12.main_ram_loop[0].use_RAMB18.ram_2k_loop[0].SDP_RAMB18_9x2048' Port 'A' is 0. Skip BRAM Register Optimization on the port
INFO: [Physopt 32-614] Property 'READ_WIDTH_A' on BRAM cell 'system_i/iq_0/inst/core/transform/fft/U0/i_synth/non_native_flt_non_ssr_fft.xfft_inst/non_floating_point.arch_d.xfft_inst/pe_gen[0].natural_order_input.PE/FB_1.BF_1/MEM/blk_ram.use_bram_only.mem/depth_13_s6_depth_12.main_ram_loop[0].use_RAMB18.ram_2k_loop[1].SDP_RAMB18_9x2048' Port 'A' is 0. Skip BRAM Register Optimization on the port
INFO: [Physopt 32-614] Property 'READ_WIDTH_A' on BRAM cell 'system_i/iq_0/inst/core/transform/fft/U0/i_synth/non_native_flt_non_ssr_fft.xfft_inst/non_floating_point.arch_d.xfft_inst/pe_gen[0].natural_order_input.PE/FB_1.BF_1/MEM/blk_ram.use_bram_only.mem/depth_13_s6_depth_12.main_ram_loop[0].use_RAMB18.ram_2k_loop[2].SDP_RAMB18_9x2048' Port 'A' is 0. Skip BRAM Register Optimization on the port
INFO: [Physopt 32-614] Property 'READ_WIDTH_A' on BRAM cell 'system_i/iq_0/inst/core/transform/fft/U0/i_synth/non_native_flt_non_ssr_fft.xfft_inst/non_floating_point.arch_d.xfft_inst/pe_gen[0].natural_order_input.PE/FB_1.BF_1/MEM/blk_ram.use_bram_only.mem/depth_13_s6_depth_12.main_ram_loop[0].use_RAMB18.ram_2k_loop[3].SDP_RAMB18_9x2048' Port 'A' is 0. Skip BRAM Register Optimization on the port
INFO: [Physopt 32-614] Property 'READ_WIDTH_A' on BRAM cell 'system_i/iq_0/inst/core/transform/fft/U0/i_synth/non_native_flt_non_ssr_fft.xfft_inst/non_floating_point.arch_d.xfft_inst/pe_gen[0].natural_order_input.PE/FB_1.BF_1/MEM/blk_ram.use_bram_only.mem/depth_13_s6_depth_12.main_ram_loop[1].use_RAMB18.ram_2k_loop[0].SDP_RAMB18_9x2048' Port 'A' is 0. Skip BRAM Register Optimization on the port
INFO: [Physopt 32-614] Property 'READ_WIDTH_A' on BRAM cell 'system_i/iq_0/inst/core/transform/fft/U0/i_synth/non_native_flt_non_ssr_fft.xfft_inst/non_floating_point.arch_d.xfft_inst/pe_gen[0].natural_order_input.PE/FB_1.BF_1/MEM/blk_ram.use_bram_only.mem/depth_13_s6_depth_12.main_ram_loop[1].use_RAMB18.ram_2k_loop[1].SDP_RAMB18_9x2048' Port 'A' is 0. Skip BRAM Register Optimization on the port
INFO: [Physopt 32-614] Property 'READ_WIDTH_A' on BRAM cell 'system_i/iq_0/inst/core/transform/fft/U0/i_synth/non_native_flt_non_ssr_fft.xfft_inst/non_floating_point.arch_d.xfft_inst/pe_gen[0].natural_order_input.PE/FB_1.BF_1/MEM/blk_ram.use_bram_only.mem/depth_13_s6_depth_12.main_ram_loop[1].use_RAMB18.ram_2k_loop[2].SDP_RAMB18_9x2048' Port 'A' is 0. Skip BRAM Register Optimization on the port
INFO: [Physopt 32-614] Property 'READ_WIDTH_A' on BRAM cell 'system_i/iq_0/inst/core/transform/fft/U0/i_synth/non_native_flt_non_ssr_fft.xfft_inst/non_floating_point.arch_d.xfft_inst/pe_gen[0].natural_order_input.PE/FB_1.BF_1/MEM/blk_ram.use_bram_only.mem/depth_13_s6_depth_12.main_ram_loop[1].use_RAMB18.ram_2k_loop[3].SDP_RAMB18_9x2048' Port 'A' is 0. Skip BRAM Register Optimization on the port
INFO: [Physopt 32-614] Property 'READ_WIDTH_A' on BRAM cell 'system_i/iq_0/inst/core/transform/fft/U0/i_synth/non_native_flt_non_ssr_fft.xfft_inst/non_floating_point.arch_d.xfft_inst/pe_gen[0].natural_order_input.PE/FB_1.BF_1/MEM/blk_ram.use_bram_only.mem/depth_13_s6_depth_12.main_ram_loop[2].use_RAMB18.ram_2k_loop[0].SDP_RAMB18_9x2048' Port 'A' is 0. Skip BRAM Register Optimization on the port
INFO: [Physopt 32-614] Property 'READ_WIDTH_A' on BRAM cell 'system_i/iq_0/inst/core/transform/fft/U0/i_synth/non_native_flt_non_ssr_fft.xfft_inst/non_floating_point.arch_d.xfft_inst/pe_gen[0].natural_order_input.PE/FB_1.BF_1/MEM/blk_ram.use_bram_only.mem/depth_13_s6_depth_12.main_ram_loop[2].use_RAMB18.ram_2k_loop[1].SDP_RAMB18_9x2048' Port 'A' is 0. Skip BRAM Register Optimization on the port
INFO: [Physopt 32-614] Property 'READ_WIDTH_A' on BRAM cell 'system_i/iq_0/inst/core/transform/fft/U0/i_synth/non_native_flt_non_ssr_fft.xfft_inst/non_floating_point.arch_d.xfft_inst/pe_gen[0].natural_order_input.PE/FB_1.BF_1/MEM/blk_ram.use_bram_only.mem/depth_13_s6_depth_12.main_ram_loop[2].use_RAMB18.ram_2k_loop[2].SDP_RAMB18_9x2048' Port 'A' is 0. Skip BRAM Register Optimization on the port
INFO: [Physopt 32-614] Property 'READ_WIDTH_A' on BRAM cell 'system_i/iq_0/inst/core/transform/fft/U0/i_synth/non_native_flt_non_ssr_fft.xfft_inst/non_floating_point.arch_d.xfft_inst/pe_gen[0].natural_order_input.PE/FB_1.BF_1/MEM/blk_ram.use_bram_only.mem/depth_13_s6_depth_12.main_ram_loop[2].use_RAMB18.ram_2k_loop[3].SDP_RAMB18_9x2048' Port 'A' is 0. Skip BRAM Register Optimization on the port
INFO: [Physopt 32-614] Property 'READ_WIDTH_A' on BRAM cell 'system_i/iq_0/inst/core/transform/fft/U0/i_synth/non_native_flt_non_ssr_fft.xfft_inst/non_floating_point.arch_d.xfft_inst/pe_gen[0].natural_order_input.PE/FB_1.BF_1/MEM/blk_ram.use_bram_only.mem/depth_13_s6_depth_12.main_ram_loop[3].use_RAMB18.ram_2k_loop[0].SDP_RAMB18_9x2048' Port 'A' is 0. Skip BRAM Register Optimization on the port
INFO: [Physopt 32-614] Property 'READ_WIDTH_A' on BRAM cell 'system_i/iq_0/inst/core/transform/fft/U0/i_synth/non_native_flt_non_ssr_fft.xfft_inst/non_floating_point.arch_d.xfft_inst/pe_gen[0].natural_order_input.PE/FB_1.BF_1/MEM/blk_ram.use_bram_only.mem/depth_13_s6_depth_12.main_ram_loop[3].use_RAMB18.ram_2k_loop[1].SDP_RAMB18_9x2048' Port 'A' is 0. Skip BRAM Register Optimization on the port
INFO: [Physopt 32-614] Property 'READ_WIDTH_A' on BRAM cell 'system_i/iq_0/inst/core/transform/fft/U0/i_synth/non_native_flt_non_ssr_fft.xfft_inst/non_floating_point.arch_d.xfft_inst/pe_gen[0].natural_order_input.PE/FB_1.BF_1/MEM/blk_ram.use_bram_only.mem/depth_13_s6_depth_12.main_ram_loop[3].use_RAMB18.ram_2k_loop[2].SDP_RAMB18_9x2048' Port 'A' is 0. Skip BRAM Register Optimization on the port
INFO: [Physopt 32-614] Property 'READ_WIDTH_A' on BRAM cell 'system_i/iq_0/inst/core/transform/fft/U0/i_synth/non_native_flt_non_ssr_fft.xfft_inst/non_floating_point.arch_d.xfft_inst/pe_gen[0].natural_order_input.PE/FB_1.BF_1/MEM/blk_ram.use_bram_only.mem/depth_13_s6_depth_12.main_ram_loop[3].use_RAMB18.ram_2k_loop[3].SDP_RAMB18_9x2048' Port 'A' is 0. Skip BRAM Register Optimization on the port
INFO: [Physopt 32-614] Property 'READ_WIDTH_A' on BRAM cell 'system_i/iq_0/inst/core/transform/fft/U0/i_synth/non_native_flt_non_ssr_fft.xfft_inst/non_floating_point.arch_d.xfft_inst/pe_gen[0].natural_order_input.PE/FB_1.BF_1/MEM/blk_ram.use_bram_only.mem/depth_13_s6_depth_12.main_ram_loop[4].use_RAMB18.ram_2k_loop[0].SDP_RAMB18_9x2048' Port 'A' is 0. Skip BRAM Register Optimization on the port
INFO: [Physopt 32-614] Property 'READ_WIDTH_A' on BRAM cell 'system_i/iq_0/inst/core/transform/fft/U0/i_synth/non_native_flt_non_ssr_fft.xfft_inst/non_floating_point.arch_d.xfft_inst/pe_gen[0].natural_order_input.PE/FB_1.BF_1/MEM/blk_ram.use_bram_only.mem/depth_13_s6_depth_12.main_ram_loop[4].use_RAMB18.ram_2k_loop[1].SDP_RAMB18_9x2048' Port 'A' is 0. Skip BRAM Register Optimization on the port
INFO: [Physopt 32-614] Property 'READ_WIDTH_A' on BRAM cell 'system_i/iq_0/inst/core/transform/fft/U0/i_synth/non_native_flt_non_ssr_fft.xfft_inst/non_floating_point.arch_d.xfft_inst/pe_gen[0].natural_order_input.PE/FB_1.BF_1/MEM/blk_ram.use_bram_only.mem/depth_13_s6_depth_12.main_ram_loop[4].use_RAMB18.ram_2k_loop[2].SDP_RAMB18_9x2048' Port 'A' is 0. Skip BRAM Register Optimization on the port
INFO: [Physopt 32-614] Property 'READ_WIDTH_A' on BRAM cell 'system_i/iq_0/inst/core/transform/fft/U0/i_synth/non_native_flt_non_ssr_fft.xfft_inst/non_floating_point.arch_d.xfft_inst/pe_gen[0].natural_order_input.PE/FB_1.BF_1/MEM/blk_ram.use_bram_only.mem/depth_13_s6_depth_12.main_ram_loop[4].use_RAMB18.ram_2k_loop[3].SDP_RAMB18_9x2048' Port 'A' is 0. Skip BRAM Register Optimization on the port
INFO: [Physopt 32-614] Property 'READ_WIDTH_A' on BRAM cell 'system_i/iq_0/inst/core/transform/fft/U0/i_synth/non_native_flt_non_ssr_fft.xfft_inst/non_floating_point.arch_d.xfft_inst/pe_gen[0].natural_order_input.PE/FB_1.BF_1/MEM/blk_ram.use_bram_only.mem/depth_13_s6_depth_12.need_extra_rams.extra_ram_loop[0].use_RAMB18.SDP_RAMB18_2x8192' Port 'A' is 0. Skip BRAM Register Optimization on the port
INFO: [Physopt 32-614] Property 'READ_WIDTH_A' on BRAM cell 'system_i/iq_0/inst/core/transform/fft/U0/i_synth/non_native_flt_non_ssr_fft.xfft_inst/non_floating_point.arch_d.xfft_inst/pe_gen[0].natural_order_input.PE/FB_1.BF_1/MEM/blk_ram.use_bram_only.mem/depth_13_s6_depth_12.need_extra_rams.extra_ram_loop[1].use_RAMB18.SDP_RAMB18_2x8192' Port 'A' is 0. Skip BRAM Register Optimization on the port
INFO: [Physopt 32-614] Property 'READ_WIDTH_A' on BRAM cell 'system_i/iq_0/inst/core/transform/fft/U0/i_synth/non_native_flt_non_ssr_fft.xfft_inst/non_floating_point.arch_d.xfft_inst/pe_gen[0].natural_order_input.PE/FB_1.BF_1/MEM/blk_ram.use_bram_only.mem/depth_13_s6_depth_12.need_extra_rams.extra_ram_loop[2].use_RAMB18.SDP_RAMB18_2x8192' Port 'A' is 0. Skip BRAM Register Optimization on the port
INFO: [Physopt 32-614] Property 'READ_WIDTH_A' on BRAM cell 'system_i/iq_0/inst/core/transform/fft/U0/i_synth/non_native_flt_non_ssr_fft.xfft_inst/non_floating_point.arch_d.xfft_inst/pe_gen[0].natural_order_input.PE/hasbf2.FB_2.BF_2/MEM/blk_ram.use_bram_only.mem/depth_12_s6_depth_11.main_ram_loop[0].use_RAMB18.ram_2k_loop[0].SDP_RAMB18_9x2048' Port 'A' is 0. Skip BRAM Register Optimization on the port
INFO: [Physopt 32-614] Property 'READ_WIDTH_A' on BRAM cell 'system_i/iq_0/inst/core/transform/fft/U0/i_synth/non_native_flt_non_ssr_fft.xfft_inst/non_floating_point.arch_d.xfft_inst/pe_gen[0].natural_order_input.PE/hasbf2.FB_2.BF_2/MEM/blk_ram.use_bram_only.mem/depth_12_s6_depth_11.main_ram_loop[0].use_RAMB18.ram_2k_loop[1].SDP_RAMB18_9x2048' Port 'A' is 0. Skip BRAM Register Optimization on the port
INFO: [Physopt 32-614] Property 'READ_WIDTH_A' on BRAM cell 'system_i/iq_0/inst/core/transform/fft/U0/i_synth/non_native_flt_non_ssr_fft.xfft_inst/non_floating_point.arch_d.xfft_inst/pe_gen[0].natural_order_input.PE/hasbf2.FB_2.BF_2/MEM/blk_ram.use_bram_only.mem/depth_12_s6_depth_11.main_ram_loop[1].use_RAMB18.ram_2k_loop[0].SDP_RAMB18_9x2048' Port 'A' is 0. Skip BRAM Register Optimization on the port
INFO: [Physopt 32-614] Property 'READ_WIDTH_A' on BRAM cell 'system_i/iq_0/inst/core/transform/fft/U0/i_synth/non_native_flt_non_ssr_fft.xfft_inst/non_floating_point.arch_d.xfft_inst/pe_gen[0].natural_order_input.PE/hasbf2.FB_2.BF_2/MEM/blk_ram.use_bram_only.mem/depth_12_s6_depth_11.main_ram_loop[1].use_RAMB18.ram_2k_loop[1].SDP_RAMB18_9x2048' Port 'A' is 0. Skip BRAM Register Optimization on the port
INFO: [Physopt 32-614] Property 'READ_WIDTH_A' on BRAM cell 'system_i/iq_0/inst/core/transform/fft/U0/i_synth/non_native_flt_non_ssr_fft.xfft_inst/non_floating_point.arch_d.xfft_inst/pe_gen[0].natural_order_input.PE/hasbf2.FB_2.BF_2/MEM/blk_ram.use_bram_only.mem/depth_12_s6_depth_11.main_ram_loop[2].use_RAMB18.ram_2k_loop[0].SDP_RAMB18_9x2048' Port 'A' is 0. Skip BRAM Register Optimization on the port
INFO: [Physopt 32-614] Property 'READ_WIDTH_A' on BRAM cell 'system_i/iq_0/inst/core/transform/fft/U0/i_synth/non_native_flt_non_ssr_fft.xfft_inst/non_floating_point.arch_d.xfft_inst/pe_gen[0].natural_order_input.PE/hasbf2.FB_2.BF_2/MEM/blk_ram.use_bram_only.mem/depth_12_s6_depth_11.main_ram_loop[2].use_RAMB18.ram_2k_loop[1].SDP_RAMB18_9x2048' Port 'A' is 0. Skip BRAM Register Optimization on the port
INFO: [Physopt 32-614] Property 'READ_WIDTH_A' on BRAM cell 'system_i/iq_0/inst/core/transform/fft/U0/i_synth/non_native_flt_non_ssr_fft.xfft_inst/non_floating_point.arch_d.xfft_inst/pe_gen[0].natural_order_input.PE/hasbf2.FB_2.BF_2/MEM/blk_ram.use_bram_only.mem/depth_12_s6_depth_11.main_ram_loop[3].use_RAMB18.ram_2k_loop[0].SDP_RAMB18_9x2048' Port 'A' is 0. Skip BRAM Register Optimization on the port
INFO: [Physopt 32-614] Property 'READ_WIDTH_A' on BRAM cell 'system_i/iq_0/inst/core/transform/fft/U0/i_synth/non_native_flt_non_ssr_fft.xfft_inst/non_floating_point.arch_d.xfft_inst/pe_gen[0].natural_order_input.PE/hasbf2.FB_2.BF_2/MEM/blk_ram.use_bram_only.mem/depth_12_s6_depth_11.main_ram_loop[3].use_RAMB18.ram_2k_loop[1].SDP_RAMB18_9x2048' Port 'A' is 0. Skip BRAM Register Optimization on the port
INFO: [Physopt 32-614] Property 'READ_WIDTH_A' on BRAM cell 'system_i/iq_0/inst/core/transform/fft/U0/i_synth/non_native_flt_non_ssr_fft.xfft_inst/non_floating_point.arch_d.xfft_inst/pe_gen[0].natural_order_input.PE/hasbf2.FB_2.BF_2/MEM/blk_ram.use_bram_only.mem/depth_12_s6_depth_11.main_ram_loop[4].use_RAMB18.ram_2k_loop[0].SDP_RAMB18_9x2048' Port 'A' is 0. Skip BRAM Register Optimization on the port
INFO: [Physopt 32-614] Property 'READ_WIDTH_A' on BRAM cell 'system_i/iq_0/inst/core/transform/fft/U0/i_synth/non_native_flt_non_ssr_fft.xfft_inst/non_floating_point.arch_d.xfft_inst/pe_gen[0].natural_order_input.PE/hasbf2.FB_2.BF_2/MEM/blk_ram.use_bram_only.mem/depth_12_s6_depth_11.main_ram_loop[4].use_RAMB18.ram_2k_loop[1].SDP_RAMB18_9x2048' Port 'A' is 0. Skip BRAM Register Optimization on the port
INFO: [Physopt 32-614] Property 'READ_WIDTH_A' on BRAM cell 'system_i/iq_0/inst/core/transform/fft/U0/i_synth/non_native_flt_non_ssr_fft.xfft_inst/non_floating_point.arch_d.xfft_inst/pe_gen[0].natural_order_input.PE/hasbf2.FB_2.BF_2/MEM/blk_ram.use_bram_only.mem/depth_12_s6_depth_11.need_extra_rams.extra_ram_loop[0].use_RAMB18.SDP_RAMB18_4x4096' Port 'A' is 0. Skip BRAM Register Optimization on the port
INFO: [Physopt 32-614] Property 'READ_WIDTH_A' on BRAM cell 'system_i/iq_0/inst/core/transform/fft/U0/i_synth/non_native_flt_non_ssr_fft.xfft_inst/non_floating_point.arch_d.xfft_inst/pe_gen[0].natural_order_input.PE/hasbf2.FB_2.BF_2/MEM/blk_ram.use_bram_only.mem/depth_12_s6_depth_11.need_extra_rams.extra_ram_loop[1].use_RAMB18.SDP_RAMB18_4x4096' Port 'A' is 0. Skip BRAM Register Optimization on the port
INFO: [Physopt 32-614] Property 'READ_WIDTH_A' on BRAM cell 'system_i/iq_0/inst/core/transform/fft/U0/i_synth/non_native_flt_non_ssr_fft.xfft_inst/non_floating_point.arch_d.xfft_inst/pe_gen[1].natural_order_input.PE/FB_1.BF_1/MEM/blk_ram.use_bram_only.mem/depth_11.ram_loop[0].use_RAMB18.SDP_RAMB18_9x2048' Port 'A' is 0. Skip BRAM Register Optimization on the port
INFO: [Physopt 32-614] Property 'READ_WIDTH_A' on BRAM cell 'system_i/iq_0/inst/core/transform/fft/U0/i_synth/non_native_flt_non_ssr_fft.xfft_inst/non_floating_point.arch_d.xfft_inst/pe_gen[1].natural_order_input.PE/FB_1.BF_1/MEM/blk_ram.use_bram_only.mem/depth_11.ram_loop[1].use_RAMB18.SDP_RAMB18_9x2048' Port 'A' is 0. Skip BRAM Register Optimization on the port
INFO: [Physopt 32-614] Property 'READ_WIDTH_A' on BRAM cell 'system_i/iq_0/inst/core/transform/fft/U0/i_synth/non_native_flt_non_ssr_fft.xfft_inst/non_floating_point.arch_d.xfft_inst/pe_gen[1].natural_order_input.PE/FB_1.BF_1/MEM/blk_ram.use_bram_only.mem/depth_11.ram_loop[2].use_RAMB18.SDP_RAMB18_9x2048' Port 'A' is 0. Skip BRAM Register Optimization on the port
INFO: [Physopt 32-614] Property 'READ_WIDTH_A' on BRAM cell 'system_i/iq_0/inst/core/transform/fft/U0/i_synth/non_native_flt_non_ssr_fft.xfft_inst/non_floating_point.arch_d.xfft_inst/pe_gen[1].natural_order_input.PE/FB_1.BF_1/MEM/blk_ram.use_bram_only.mem/depth_11.ram_loop[3].use_RAMB18.SDP_RAMB18_9x2048' Port 'A' is 0. Skip BRAM Register Optimization on the port
INFO: [Physopt 32-614] Property 'READ_WIDTH_A' on BRAM cell 'system_i/iq_0/inst/core/transform/fft/U0/i_synth/non_native_flt_non_ssr_fft.xfft_inst/non_floating_point.arch_d.xfft_inst/pe_gen[1].natural_order_input.PE/FB_1.BF_1/MEM/blk_ram.use_bram_only.mem/depth_11.ram_loop[4].use_RAMB18.SDP_RAMB18_9x2048' Port 'A' is 0. Skip BRAM Register Optimization on the port
INFO: [Physopt 32-614] Property 'READ_WIDTH_A' on BRAM cell 'system_i/iq_0/inst/core/transform/fft/U0/i_synth/non_native_flt_non_ssr_fft.xfft_inst/non_floating_point.arch_d.xfft_inst/pe_gen[1].natural_order_input.PE/FB_1.BF_1/MEM/blk_ram.use_bram_only.mem/depth_11.ram_loop[5].use_RAMB18.SDP_RAMB18_9x2048' Port 'A' is 0. Skip BRAM Register Optimization on the port
INFO: [Physopt 32-614] Property 'READ_WIDTH_A' on BRAM cell 'system_i/iq_0/inst/core/transform/fft/U0/i_synth/non_native_flt_non_ssr_fft.xfft_inst/non_floating_point.arch_d.xfft_inst/pe_gen[1].natural_order_input.PE/hasbf2.FB_2.BF_2/MEM/blk_ram.use_bram_only.mem/depth_10.ram_loop[0].use_RAMB18.SDP_RAMB18_18x1024' Port 'A' is 0. Skip BRAM Register Optimization on the port
INFO: [Physopt 32-614] Property 'READ_WIDTH_A' on BRAM cell 'system_i/iq_0/inst/core/transform/fft/U0/i_synth/non_native_flt_non_ssr_fft.xfft_inst/non_floating_point.arch_d.xfft_inst/pe_gen[1].natural_order_input.PE/hasbf2.FB_2.BF_2/MEM/blk_ram.use_bram_only.mem/depth_10.ram_loop[1].use_RAMB18.SDP_RAMB18_18x1024' Port 'A' is 0. Skip BRAM Register Optimization on the port
INFO: [Physopt 32-614] Property 'READ_WIDTH_A' on BRAM cell 'system_i/iq_0/inst/core/transform/fft/U0/i_synth/non_native_flt_non_ssr_fft.xfft_inst/non_floating_point.arch_d.xfft_inst/pe_gen[1].natural_order_input.PE/hasbf2.FB_2.BF_2/MEM/blk_ram.use_bram_only.mem/depth_10.ram_loop[2].use_RAMB18.SDP_RAMB18_18x1024' Port 'A' is 0. Skip BRAM Register Optimization on the port
INFO: [Physopt 32-526] No candidate cells for BRAM register optimization found in the design
INFO: [Physopt 32-775] End 1 Pass. Optimized 0 net or cell. Created 0 new cell, deleted 0 existing cell and moved 0 existing cell
Phase 24 BRAM Register Optimization | Checksum: fc237515

Time (s): cpu = 00:01:15 ; elapsed = 00:00:35 . Memory (MB): peak = 2564.750 ; gain = 0.000

Phase 25 URAM Register Optimization
INFO: [Physopt 32-846] No candidate cells for URAM register optimization found in the design
INFO: [Physopt 32-775] End 1 Pass. Optimized 0 net or cell. Created 0 new cell, deleted 0 existing cell and moved 0 existing cell
INFO: [Physopt 32-846] No candidate cells for URAM register optimization found in the design
INFO: [Physopt 32-775] End 1 Pass. Optimized 0 net or cell. Created 0 new cell, deleted 0 existing cell and moved 0 existing cell
Phase 25 URAM Register Optimization | Checksum: fc237515

Time (s): cpu = 00:01:15 ; elapsed = 00:00:35 . Memory (MB): peak = 2564.750 ; gain = 0.000

Phase 26 Shift Register Optimization
INFO: [Physopt 32-1401] No candidate cells found for Shift Register optimization.
INFO: [Physopt 32-677] No candidate cells for Shift Register optimization found in the design
INFO: [Physopt 32-775] End 1 Pass. Optimized 0 net or cell. Created 0 new cell, deleted 0 existing cell and moved 0 existing cell
Phase 26 Shift Register Optimization | Checksum: fc237515

Time (s): cpu = 00:01:15 ; elapsed = 00:00:35 . Memory (MB): peak = 2564.750 ; gain = 0.000

Phase 27 Critical Pin Optimization
INFO: [Physopt 32-606] Identified 7 candidate nets for critical-pin optimization.
INFO: [Physopt 32-608] Optimized 2 nets.  Swapped 36 pins.
INFO: [Physopt 32-775] End 1 Pass. Optimized 2 nets or cells. Created 0 new cell, deleted 0 existing cell and moved 36 existing cells
INFO: [Physopt 32-619] Estimated Timing Summary | WNS=-0.277 | TNS=-1.644 |
Netlist sorting complete. Time (s): cpu = 00:00:00 ; elapsed = 00:00:00.041 . Memory (MB): peak = 2564.750 ; gain = 0.000
Phase 27 Critical Pin Optimization | Checksum: fc237515

Time (s): cpu = 00:01:15 ; elapsed = 00:00:35 . Memory (MB): peak = 2564.750 ; gain = 0.000

Phase 28 Very High Fanout Optimization
INFO: [Physopt 32-1132] Very high fanout net 'system_i/iq_0/inst/core/bursts/mem_reg_0_15_0_5_i_1_n_0' is not considered as a candidate in VHFN optimization. The fanout considered for this optimization is changed from 352 to 45 due to a timing constraint or macro primitives that prevent optimization on all of the loads. To force replication, set the FORCE_MAX_FANOUT property on the net to a number less than 45.
INFO: [Physopt 32-1132] Very high fanout net 'system_i/iq_0/inst/core/bursts/rp_reg[0]' is not considered as a candidate in VHFN optimization. The fanout considered for this optimization is changed from 268 to 137 due to a timing constraint or macro primitives that prevent optimization on all of the loads. To force replication, set the FORCE_MAX_FANOUT property on the net to a number less than 137.
INFO: [Physopt 32-1132] Very high fanout net 'system_i/iq_0/inst/core/bursts/rp_reg[1]' is not considered as a candidate in VHFN optimization. The fanout considered for this optimization is changed from 267 to 136 due to a timing constraint or macro primitives that prevent optimization on all of the loads. To force replication, set the FORCE_MAX_FANOUT property on the net to a number less than 136.
INFO: [Physopt 32-1132] Very high fanout net 'system_i/iq_0/inst/core/bursts/rp_reg[2]' is not considered as a candidate in VHFN optimization. The fanout considered for this optimization is changed from 266 to 135 due to a timing constraint or macro primitives that prevent optimization on all of the loads. To force replication, set the FORCE_MAX_FANOUT property on the net to a number less than 135.
INFO: [Physopt 32-1132] Very high fanout net 'system_i/iq_0/inst/core/bursts/rp_reg[3]' is not considered as a candidate in VHFN optimization. The fanout considered for this optimization is changed from 265 to 134 due to a timing constraint or macro primitives that prevent optimization on all of the loads. To force replication, set the FORCE_MAX_FANOUT property on the net to a number less than 134.
INFO: [Physopt 32-1132] Very high fanout net 'system_i/iq_0/inst/core/bursts/wp_reg[0]' is not considered as a candidate in VHFN optimization. The fanout considered for this optimization is changed from 356 to 49 due to a timing constraint or macro primitives that prevent optimization on all of the loads. To force replication, set the FORCE_MAX_FANOUT property on the net to a number less than 49.
INFO: [Physopt 32-1132] Very high fanout net 'system_i/iq_0/inst/core/bursts/wp_reg[1]' is not considered as a candidate in VHFN optimization. The fanout considered for this optimization is changed from 355 to 48 due to a timing constraint or macro primitives that prevent optimization on all of the loads. To force replication, set the FORCE_MAX_FANOUT property on the net to a number less than 48.
INFO: [Physopt 32-1132] Very high fanout net 'system_i/iq_0/inst/core/bursts/wp_reg[2]' is not considered as a candidate in VHFN optimization. The fanout considered for this optimization is changed from 354 to 47 due to a timing constraint or macro primitives that prevent optimization on all of the loads. To force replication, set the FORCE_MAX_FANOUT property on the net to a number less than 47.
INFO: [Physopt 32-1132] Very high fanout net 'system_i/iq_0/inst/core/bursts/wp_reg[3]' is not considered as a candidate in VHFN optimization. The fanout considered for this optimization is changed from 353 to 46 due to a timing constraint or macro primitives that prevent optimization on all of the loads. To force replication, set the FORCE_MAX_FANOUT property on the net to a number less than 46.
INFO: [Physopt 32-1132] Very high fanout net 'system_i/iq_0/inst/core/contexts/mem_reg_0_15_0_5_i_1__0_n_0' is not considered as a candidate in VHFN optimization. The fanout considered for this optimization is changed from 256 to 33 due to a timing constraint or macro primitives that prevent optimization on all of the loads. To force replication, set the FORCE_MAX_FANOUT property on the net to a number less than 33.
INFO: [Physopt 32-1132] Very high fanout net 'system_i/iq_0/inst/core/contexts/wp_reg_n_0_[0]' is not considered as a candidate in VHFN optimization. The fanout considered for this optimization is changed from 260 to 37 due to a timing constraint or macro primitives that prevent optimization on all of the loads. To force replication, set the FORCE_MAX_FANOUT property on the net to a number less than 37.
INFO: [Physopt 32-1132] Very high fanout net 'system_i/iq_0/inst/core/contexts/wp_reg_n_0_[1]' is not considered as a candidate in VHFN optimization. The fanout considered for this optimization is changed from 259 to 36 due to a timing constraint or macro primitives that prevent optimization on all of the loads. To force replication, set the FORCE_MAX_FANOUT property on the net to a number less than 36.
INFO: [Physopt 32-1132] Very high fanout net 'system_i/iq_0/inst/core/contexts/wp_reg_n_0_[2]' is not considered as a candidate in VHFN optimization. The fanout considered for this optimization is changed from 258 to 35 due to a timing constraint or macro primitives that prevent optimization on all of the loads. To force replication, set the FORCE_MAX_FANOUT property on the net to a number less than 35.
INFO: [Physopt 32-1132] Very high fanout net 'system_i/iq_0/inst/core/contexts/wp_reg_n_0_[3]' is not considered as a candidate in VHFN optimization. The fanout considered for this optimization is changed from 257 to 34 due to a timing constraint or macro primitives that prevent optimization on all of the loads. To force replication, set the FORCE_MAX_FANOUT property on the net to a number less than 34.
INFO: [Physopt 32-1132] Very high fanout net 'system_i/iq_0/inst/core/freq_cdc/gnuram_async_fifo.xpm_fifo_base_inst/wrp_inst/Q[0]' is not considered as a candidate in VHFN optimization. The fanout considered for this optimization is changed from 269 to 39 due to a timing constraint or macro primitives that prevent optimization on all of the loads. To force replication, set the FORCE_MAX_FANOUT property on the net to a number less than 39.
INFO: [Physopt 32-1132] Very high fanout net 'system_i/iq_0/inst/core/freq_cdc/gnuram_async_fifo.xpm_fifo_base_inst/wrp_inst/Q[1]' is not considered as a candidate in VHFN optimization. The fanout considered for this optimization is changed from 269 to 39 due to a timing constraint or macro primitives that prevent optimization on all of the loads. To force replication, set the FORCE_MAX_FANOUT property on the net to a number less than 39.
INFO: [Physopt 32-1132] Very high fanout net 'system_i/iq_0/inst/core/freq_cdc/gnuram_async_fifo.xpm_fifo_base_inst/wrp_inst/Q[2]' is not considered as a candidate in VHFN optimization. The fanout considered for this optimization is changed from 268 to 38 due to a timing constraint or macro primitives that prevent optimization on all of the loads. To force replication, set the FORCE_MAX_FANOUT property on the net to a number less than 38.
INFO: [Physopt 32-1132] Very high fanout net 'system_i/iq_0/inst/core/freq_cdc/gnuram_async_fifo.xpm_fifo_base_inst/wrp_inst/Q[3]' is not considered as a candidate in VHFN optimization. The fanout considered for this optimization is changed from 267 to 37 due to a timing constraint or macro primitives that prevent optimization on all of the loads. To force replication, set the FORCE_MAX_FANOUT property on the net to a number less than 37.
INFO: [Physopt 32-1132] Very high fanout net 'system_i/iq_0/inst/core/freq_cdc/gnuram_async_fifo.xpm_fifo_base_inst/xpm_fifo_rst_inst/E[0]' is not considered as a candidate in VHFN optimization. The fanout considered for this optimization is changed from 277 to 47 due to a timing constraint or macro primitives that prevent optimization on all of the loads. To force replication, set the FORCE_MAX_FANOUT property on the net to a number less than 47.
INFO: [Physopt 32-1132] Very high fanout net 'system_i/iq_0/inst/core/sm/deferred/banks[0].write_offset[0]' is not considered as a candidate in VHFN optimization. The fanout considered for this optimization is changed from 847 to 176 due to a timing constraint or macro primitives that prevent optimization on all of the loads. To force replication, set the FORCE_MAX_FANOUT property on the net to a number less than 176.
INFO: [Physopt 32-1132] Very high fanout net 'system_i/iq_0/inst/core/sm/deferred/banks[0].write_offset[1]' is not considered as a candidate in VHFN optimization. The fanout considered for this optimization is changed from 846 to 175 due to a timing constraint or macro primitives that prevent optimization on all of the loads. To force replication, set the FORCE_MAX_FANOUT property on the net to a number less than 175.
INFO: [Physopt 32-1132] Very high fanout net 'system_i/iq_0/inst/core/sm/deferred/banks[0].write_offset[2]' is not considered as a candidate in VHFN optimization. The fanout considered for this optimization is changed from 845 to 174 due to a timing constraint or macro primitives that prevent optimization on all of the loads. To force replication, set the FORCE_MAX_FANOUT property on the net to a number less than 174.
INFO: [Physopt 32-1132] Very high fanout net 'system_i/iq_0/inst/core/sm/deferred/banks[0].write_offset[3]' is not considered as a candidate in VHFN optimization. The fanout considered for this optimization is changed from 844 to 173 due to a timing constraint or macro primitives that prevent optimization on all of the loads. To force replication, set the FORCE_MAX_FANOUT property on the net to a number less than 173.
INFO: [Physopt 32-1132] Very high fanout net 'system_i/iq_0/inst/core/sm/deferred/banks[0].write_offset[4]' is not considered as a candidate in VHFN optimization. The fanout considered for this optimization is changed from 843 to 172 due to a timing constraint or macro primitives that prevent optimization on all of the loads. To force replication, set the FORCE_MAX_FANOUT property on the net to a number less than 172.
INFO: [Physopt 32-1132] Very high fanout net 'system_i/iq_0/inst/core/sm/deferred/banks[0].write_offset[5]' is not considered as a candidate in VHFN optimization. The fanout considered for this optimization is changed from 842 to 171 due to a timing constraint or macro primitives that prevent optimization on all of the loads. To force replication, set the FORCE_MAX_FANOUT property on the net to a number less than 171.
INFO: [Physopt 32-1132] Very high fanout net 'system_i/iq_0/inst/core/sm/deferred/banks[1].write_offset[0]' is not considered as a candidate in VHFN optimization. The fanout considered for this optimization is changed from 847 to 176 due to a timing constraint or macro primitives that prevent optimization on all of the loads. To force replication, set the FORCE_MAX_FANOUT property on the net to a number less than 176.
INFO: [Physopt 32-1132] Very high fanout net 'system_i/iq_0/inst/core/sm/deferred/banks[1].write_offset[1]' is not considered as a candidate in VHFN optimization. The fanout considered for this optimization is changed from 846 to 175 due to a timing constraint or macro primitives that prevent optimization on all of the loads. To force replication, set the FORCE_MAX_FANOUT property on the net to a number less than 175.
INFO: [Physopt 32-1132] Very high fanout net 'system_i/iq_0/inst/core/sm/deferred/banks[1].write_offset[2]' is not considered as a candidate in VHFN optimization. The fanout considered for this optimization is changed from 845 to 174 due to a timing constraint or macro primitives that prevent optimization on all of the loads. To force replication, set the FORCE_MAX_FANOUT property on the net to a number less than 174.
INFO: [Physopt 32-1132] Very high fanout net 'system_i/iq_0/inst/core/sm/deferred/banks[1].write_offset[3]' is not considered as a candidate in VHFN optimization. The fanout considered for this optimization is changed from 844 to 173 due to a timing constraint or macro primitives that prevent optimization on all of the loads. To force replication, set the FORCE_MAX_FANOUT property on the net to a number less than 173.
INFO: [Physopt 32-1132] Very high fanout net 'system_i/iq_0/inst/core/sm/deferred/banks[1].write_offset[4]' is not considered as a candidate in VHFN optimization. The fanout considered for this optimization is changed from 843 to 172 due to a timing constraint or macro primitives that prevent optimization on all of the loads. To force replication, set the FORCE_MAX_FANOUT property on the net to a number less than 172.
INFO: [Physopt 32-1132] Very high fanout net 'system_i/iq_0/inst/core/sm/deferred/banks[1].write_offset[5]' is not considered as a candidate in VHFN optimization. The fanout considered for this optimization is changed from 842 to 171 due to a timing constraint or macro primitives that prevent optimization on all of the loads. To force replication, set the FORCE_MAX_FANOUT property on the net to a number less than 171.
INFO: [Physopt 32-1132] Very high fanout net 'system_i/iq_0/inst/core/sm/deferred/banks[2].write_offset[0]' is not considered as a candidate in VHFN optimization. The fanout considered for this optimization is changed from 847 to 176 due to a timing constraint or macro primitives that prevent optimization on all of the loads. To force replication, set the FORCE_MAX_FANOUT property on the net to a number less than 176.
INFO: [Physopt 32-1132] Very high fanout net 'system_i/iq_0/inst/core/sm/deferred/banks[2].write_offset[1]' is not considered as a candidate in VHFN optimization. The fanout considered for this optimization is changed from 846 to 175 due to a timing constraint or macro primitives that prevent optimization on all of the loads. To force replication, set the FORCE_MAX_FANOUT property on the net to a number less than 175.
INFO: [Physopt 32-1132] Very high fanout net 'system_i/iq_0/inst/core/sm/deferred/banks[2].write_offset[2]' is not considered as a candidate in VHFN optimization. The fanout considered for this optimization is changed from 845 to 174 due to a timing constraint or macro primitives that prevent optimization on all of the loads. To force replication, set the FORCE_MAX_FANOUT property on the net to a number less than 174.
INFO: [Physopt 32-1132] Very high fanout net 'system_i/iq_0/inst/core/sm/deferred/banks[2].write_offset[3]' is not considered as a candidate in VHFN optimization. The fanout considered for this optimization is changed from 844 to 173 due to a timing constraint or macro primitives that prevent optimization on all of the loads. To force replication, set the FORCE_MAX_FANOUT property on the net to a number less than 173.
INFO: [Physopt 32-1132] Very high fanout net 'system_i/iq_0/inst/core/sm/deferred/banks[2].write_offset[4]' is not considered as a candidate in VHFN optimization. The fanout considered for this optimization is changed from 843 to 172 due to a timing constraint or macro primitives that prevent optimization on all of the loads. To force replication, set the FORCE_MAX_FANOUT property on the net to a number less than 172.
INFO: [Physopt 32-1132] Very high fanout net 'system_i/iq_0/inst/core/sm/deferred/banks[2].write_offset[5]' is not considered as a candidate in VHFN optimization. The fanout considered for this optimization is changed from 842 to 171 due to a timing constraint or macro primitives that prevent optimization on all of the loads. To force replication, set the FORCE_MAX_FANOUT property on the net to a number less than 171.
INFO: [Physopt 32-1132] Very high fanout net 'system_i/iq_0/inst/core/sm/deferred/banks[3].write_offset[0]' is not considered as a candidate in VHFN optimization. The fanout considered for this optimization is changed from 847 to 176 due to a timing constraint or macro primitives that prevent optimization on all of the loads. To force replication, set the FORCE_MAX_FANOUT property on the net to a number less than 176.
INFO: [Physopt 32-1132] Very high fanout net 'system_i/iq_0/inst/core/sm/deferred/banks[3].write_offset[1]' is not considered as a candidate in VHFN optimization. The fanout considered for this optimization is changed from 846 to 175 due to a timing constraint or macro primitives that prevent optimization on all of the loads. To force replication, set the FORCE_MAX_FANOUT property on the net to a number less than 175.
INFO: [Physopt 32-1132] Very high fanout net 'system_i/iq_0/inst/core/sm/deferred/banks[3].write_offset[2]' is not considered as a candidate in VHFN optimization. The fanout considered for this optimization is changed from 845 to 174 due to a timing constraint or macro primitives that prevent optimization on all of the loads. To force replication, set the FORCE_MAX_FANOUT property on the net to a number less than 174.
INFO: [Physopt 32-1132] Very high fanout net 'system_i/iq_0/inst/core/sm/deferred/banks[3].write_offset[3]' is not considered as a candidate in VHFN optimization. The fanout considered for this optimization is changed from 844 to 173 due to a timing constraint or macro primitives that prevent optimization on all of the loads. To force replication, set the FORCE_MAX_FANOUT property on the net to a number less than 173.
INFO: [Physopt 32-1132] Very high fanout net 'system_i/iq_0/inst/core/sm/deferred/banks[3].write_offset[4]' is not considered as a candidate in VHFN optimization. The fanout considered for this optimization is changed from 843 to 172 due to a timing constraint or macro primitives that prevent optimization on all of the loads. To force replication, set the FORCE_MAX_FANOUT property on the net to a number less than 172.
INFO: [Physopt 32-1132] Very high fanout net 'system_i/iq_0/inst/core/sm/deferred/banks[3].write_offset[5]' is not considered as a candidate in VHFN optimization. The fanout considered for this optimization is changed from 842 to 171 due to a timing constraint or macro primitives that prevent optimization on all of the loads. To force replication, set the FORCE_MAX_FANOUT property on the net to a number less than 171.
INFO: [Physopt 32-1132] Very high fanout net 'system_i/iq_0/inst/core/sm/deferred/banks[4].write_offset[0]' is not considered as a candidate in VHFN optimization. The fanout considered for this optimization is changed from 847 to 176 due to a timing constraint or macro primitives that prevent optimization on all of the loads. To force replication, set the FORCE_MAX_FANOUT property on the net to a number less than 176.
INFO: [Physopt 32-1132] Very high fanout net 'system_i/iq_0/inst/core/sm/deferred/banks[4].write_offset[1]' is not considered as a candidate in VHFN optimization. The fanout considered for this optimization is changed from 846 to 175 due to a timing constraint or macro primitives that prevent optimization on all of the loads. To force replication, set the FORCE_MAX_FANOUT property on the net to a number less than 175.
INFO: [Physopt 32-1132] Very high fanout net 'system_i/iq_0/inst/core/sm/deferred/banks[4].write_offset[2]' is not considered as a candidate in VHFN optimization. The fanout considered for this optimization is changed from 845 to 174 due to a timing constraint or macro primitives that prevent optimization on all of the loads. To force replication, set the FORCE_MAX_FANOUT property on the net to a number less than 174.
INFO: [Physopt 32-1132] Very high fanout net 'system_i/iq_0/inst/core/sm/deferred/banks[4].write_offset[3]' is not considered as a candidate in VHFN optimization. The fanout considered for this optimization is changed from 844 to 173 due to a timing constraint or macro primitives that prevent optimization on all of the loads. To force replication, set the FORCE_MAX_FANOUT property on the net to a number less than 173.
INFO: [Physopt 32-1132] Very high fanout net 'system_i/iq_0/inst/core/sm/deferred/banks[4].write_offset[4]' is not considered as a candidate in VHFN optimization. The fanout considered for this optimization is changed from 843 to 172 due to a timing constraint or macro primitives that prevent optimization on all of the loads. To force replication, set the FORCE_MAX_FANOUT property on the net to a number less than 172.
INFO: [Physopt 32-1132] Very high fanout net 'system_i/iq_0/inst/core/sm/deferred/banks[4].write_offset[5]' is not considered as a candidate in VHFN optimization. The fanout considered for this optimization is changed from 842 to 171 due to a timing constraint or macro primitives that prevent optimization on all of the loads. To force replication, set the FORCE_MAX_FANOUT property on the net to a number less than 171.
INFO: [Physopt 32-1408] Pass 1. Identified 9 candidate nets for high-fanout optimization.
INFO: [Physopt 32-81] Processed net system_i/iq_0/inst/core/rb/divide/run_state_reg[2]. Replicated 8 times.
INFO: [Physopt 32-232] Optimized 1 net. Created 8 new instances.
INFO: [Physopt 32-775] End 1 Pass. Optimized 1 net or cell. Created 8 new cells, deleted 0 existing cell and moved 0 existing cell
INFO: [Physopt 32-619] Estimated Timing Summary | WNS=-0.277 | TNS=-1.644 |
Netlist sorting complete. Time (s): cpu = 00:00:00 ; elapsed = 00:00:00.116 . Memory (MB): peak = 2564.750 ; gain = 0.000
Phase 28 Very High Fanout Optimization | Checksum: 6bafdfbd

Time (s): cpu = 00:01:28 ; elapsed = 00:00:41 . Memory (MB): peak = 2564.750 ; gain = 0.000

Phase 29 Single Cell Placement Optimization
INFO: [Physopt 32-660] Identified 123 candidate nets for placement-based optimization.
INFO: [Physopt 32-662] Processed net system_i/iq_0/inst/core/sm/div200/remainder[2]_repN.  Did not re-place instance system_i/iq_0/inst/core/sm/div200/remainder_reg[2]_replica
INFO: [Physopt 32-662] Processed net system_i/iq_0/inst/core/sm/div200/quotient[0]_i_73_n_0.  Did not re-place instance system_i/iq_0/inst/core/sm/div200/quotient[0]_i_73
INFO: [Physopt 32-662] Processed net system_i/iq_0/inst/core/sm/div200/remainder[6]_i_2_n_0.  Did not re-place instance system_i/iq_0/inst/core/sm/div200/remainder[6]_i_2
INFO: [Physopt 32-662] Processed net system_i/iq_0/inst/core/sm/div200/remainder[63].  Did not re-place instance system_i/iq_0/inst/core/sm/div200/remainder_reg[63]
INFO: [Physopt 32-662] Processed net system_i/iq_0/inst/core/sm/div200/remainder[60].  Did not re-place instance system_i/iq_0/inst/core/sm/div200/remainder_reg[60]
INFO: [Physopt 32-662] Processed net system_i/iq_0/inst/core/sm/div200/remainder[62].  Did not re-place instance system_i/iq_0/inst/core/sm/div200/remainder_reg[62]
INFO: [Physopt 32-662] Processed net system_i/iq_0/inst/core/sm/div200/quotient[0]_i_69_n_0.  Did not re-place instance system_i/iq_0/inst/core/sm/div200/quotient[0]_i_69
INFO: [Physopt 32-662] Processed net system_i/iq_0/inst/core/sm/div200/remainder[61].  Did not re-place instance system_i/iq_0/inst/core/sm/div200/remainder_reg[61]
INFO: [Physopt 32-662] Processed net system_i/iq_0/inst/core/sm/div200/remainder[59].  Did not re-place instance system_i/iq_0/inst/core/sm/div200/remainder_reg[59]
INFO: [Physopt 32-662] Processed net system_i/iq_0/inst/core/sm/div200/remainder[56].  Did not re-place instance system_i/iq_0/inst/core/sm/div200/remainder_reg[56]
INFO: [Physopt 32-662] Processed net system_i/iq_0/inst/core/sm/div200/divisor[7].  Did not re-place instance system_i/iq_0/inst/core/sm/div200/divisor_reg[7]
INFO: [Physopt 32-662] Processed net system_i/iq_0/inst/core/sm/div200/quotient[0]_i_71_n_0.  Did not re-place instance system_i/iq_0/inst/core/sm/div200/quotient[0]_i_71
INFO: [Physopt 32-662] Processed net system_i/iq_0/inst/core/sm/div200/remainder[58].  Did not re-place instance system_i/iq_0/inst/core/sm/div200/remainder_reg[58]
INFO: [Physopt 32-662] Processed net system_i/iq_0/inst/core/sm/div200/quotient[0]_i_67_n_0.  Did not re-place instance system_i/iq_0/inst/core/sm/div200/quotient[0]_i_67
INFO: [Physopt 32-662] Processed net system_i/iq_0/inst/core/sm/div200/remainder[3].  Did not re-place instance system_i/iq_0/inst/core/sm/div200/remainder_reg[3]
INFO: [Physopt 32-662] Processed net system_i/iq_0/inst/core/sm/div200/quotient[0]_i_72_n_0.  Did not re-place instance system_i/iq_0/inst/core/sm/div200/quotient[0]_i_72
INFO: [Physopt 32-662] Processed net system_i/iq_0/inst/core/sm/div200/remainder[57].  Did not re-place instance system_i/iq_0/inst/core/sm/div200/remainder_reg[57]
INFO: [Physopt 32-662] Processed net system_i/iq_0/inst/core/sm/div200/dividend[63].  Did not re-place instance system_i/iq_0/inst/core/sm/div200/dividend_reg[63]
INFO: [Physopt 32-662] Processed net system_i/iq_0/inst/core/sm/div200/quotient[0]_i_74_n_0.  Did not re-place instance system_i/iq_0/inst/core/sm/div200/quotient[0]_i_74
INFO: [Physopt 32-662] Processed net system_i/iq_0/inst/core/sm/div200/remainder[1]_repN.  Did not re-place instance system_i/iq_0/inst/core/sm/div200/remainder_reg[1]_replica
INFO: [Physopt 32-662] Processed net system_i/iq_0/inst/core/sm/div200/remainder[55].  Did not re-place instance system_i/iq_0/inst/core/sm/div200/remainder_reg[55]
INFO: [Physopt 32-662] Processed net system_i/iq_0/inst/core/sm/div200/remainder[52].  Did not re-place instance system_i/iq_0/inst/core/sm/div200/remainder_reg[52]
INFO: [Physopt 32-662] Processed net system_i/iq_0/inst/core/sm/div200/remainder[0].  Did not re-place instance system_i/iq_0/inst/core/sm/div200/remainder_reg[0]
INFO: [Physopt 32-662] Processed net system_i/iq_0/inst/core/sm/div200/quotient[0]_i_70_n_0.  Did not re-place instance system_i/iq_0/inst/core/sm/div200/quotient[0]_i_70
INFO: [Physopt 32-662] Processed net system_i/iq_0/inst/core/sm/div200/remainder[54].  Did not re-place instance system_i/iq_0/inst/core/sm/div200/remainder_reg[54]
INFO: [Physopt 32-662] Processed net system_i/iq_0/inst/core/sm/div200/remainder[6]_i_6_n_0.  Did not re-place instance system_i/iq_0/inst/core/sm/div200/remainder[6]_i_6
INFO: [Physopt 32-662] Processed net system_i/iq_0/inst/core/sm/div200/remainder[6].  Did not re-place instance system_i/iq_0/inst/core/sm/div200/remainder_reg[6]
INFO: [Physopt 32-662] Processed net system_i/iq_0/inst/core/sm/div200/quotient[0]_i_68_n_0.  Did not re-place instance system_i/iq_0/inst/core/sm/div200/quotient[0]_i_68
INFO: [Physopt 32-662] Processed net system_i/iq_0/inst/core/sm/div200/remainder[10]_i_3_n_0.  Did not re-place instance system_i/iq_0/inst/core/sm/div200/remainder[10]_i_3
INFO: [Physopt 32-662] Processed net system_i/iq_0/inst/core/sm/div200/remainder[9].  Did not re-place instance system_i/iq_0/inst/core/sm/div200/remainder_reg[9]
INFO: [Physopt 32-662] Processed net system_i/iq_0/inst/core/sm/div200/quotient[0]_i_65_n_0.  Did not re-place instance system_i/iq_0/inst/core/sm/div200/quotient[0]_i_65
INFO: [Physopt 32-662] Processed net system_i/iq_0/inst/core/sm/div200/remainder[11].  Did not re-place instance system_i/iq_0/inst/core/sm/div200/remainder_reg[11]
INFO: [Physopt 32-662] Processed net system_i/iq_0/inst/core/sm/div200/quotient[0]_i_64_n_0.  Did not re-place instance system_i/iq_0/inst/core/sm/div200/quotient[0]_i_64
INFO: [Physopt 32-662] Processed net system_i/iq_0/inst/core/sm/div200/remainder[7].  Did not re-place instance system_i/iq_0/inst/core/sm/div200/remainder_reg[7]
INFO: [Physopt 32-662] Processed net system_i/iq_0/inst/core/sm/div200/quotient[0]_i_66_n_0.  Did not re-place instance system_i/iq_0/inst/core/sm/div200/quotient[0]_i_66
INFO: [Physopt 32-662] Processed net system_i/iq_0/inst/core/sm/div200/remainder[6]_i_5_n_0.  Did not re-place instance system_i/iq_0/inst/core/sm/div200/remainder[6]_i_5
INFO: [Physopt 32-662] Processed net system_i/iq_0/inst/core/sm/div200/remainder[4].  Did not re-place instance system_i/iq_0/inst/core/sm/div200/remainder_reg[4]
INFO: [Physopt 32-662] Processed net system_i/iq_0/inst/core/sm/div200/remainder[53].  Did not re-place instance system_i/iq_0/inst/core/sm/div200/remainder_reg[53]
INFO: [Physopt 32-662] Processed net system_i/iq_0/inst/core/sm/div200/remainder[10].  Did not re-place instance system_i/iq_0/inst/core/sm/div200/remainder_reg[10]
INFO: [Physopt 32-662] Processed net system_i/iq_0/inst/core/sm/div200/quotient[0]_i_60_n_0.  Did not re-place instance system_i/iq_0/inst/core/sm/div200/quotient[0]_i_60
INFO: [Physopt 32-662] Processed net system_i/iq_0/inst/core/sm/div200/remainder[51].  Did not re-place instance system_i/iq_0/inst/core/sm/div200/remainder_reg[51]
INFO: [Physopt 32-662] Processed net system_i/iq_0/inst/core/sm/div200/remainder[48].  Did not re-place instance system_i/iq_0/inst/core/sm/div200/remainder_reg[48]
INFO: [Physopt 32-662] Processed net system_i/iq_0/inst/core/sm/div200/quotient[0]_i_62_n_0.  Did not re-place instance system_i/iq_0/inst/core/sm/div200/quotient[0]_i_62
INFO: [Physopt 32-662] Processed net system_i/iq_0/inst/core/sm/div200/quotient[0]_i_61_n_0.  Did not re-place instance system_i/iq_0/inst/core/sm/div200/quotient[0]_i_61
INFO: [Physopt 32-662] Processed net system_i/iq_0/inst/core/sm/div200/remainder[50].  Did not re-place instance system_i/iq_0/inst/core/sm/div200/remainder_reg[50]
INFO: [Physopt 32-662] Processed net system_i/iq_0/inst/core/sm/div200/remainder[33].  Did not re-place instance system_i/iq_0/inst/core/sm/div200/remainder_reg[33]
INFO: [Physopt 32-662] Processed net system_i/iq_0/inst/core/sm/div200/quotient[0]_i_38_n_0.  Did not re-place instance system_i/iq_0/inst/core/sm/div200/quotient[0]_i_38
INFO: [Physopt 32-662] Processed net system_i/iq_0/inst/core/sm/div200/remainder[6]_i_4_n_0.  Did not re-place instance system_i/iq_0/inst/core/sm/div200/remainder[6]_i_4
INFO: [Physopt 32-662] Processed net system_i/iq_0/inst/core/sm/div200/remainder[6]_i_3_n_0.  Did not re-place instance system_i/iq_0/inst/core/sm/div200/remainder[6]_i_3
INFO: [Physopt 32-662] Processed net system_i/iq_0/inst/freq_ring/wa_reg[17][0].  Did not re-place instance system_i/iq_0/inst/freq_ring/host_errors[19]_i_1
INFO: [Physopt 32-662] Processed net system_i/iq_0/inst/freq_ring/busy_reg_0.  Did not re-place instance system_i/iq_0/inst/freq_ring/host_errors[19]_i_16
INFO: [Physopt 32-662] Processed net system_i/iq_0/inst/freq_ring/out[0]_repN.  Did not re-place instance system_i/iq_0/inst/freq_ring/producer_reg[0]_replica
INFO: [Physopt 32-662] Processed net system_i/iq_0/inst/freq_ring/host_errors[19]_i_6_n_0.  Did not re-place instance system_i/iq_0/inst/freq_ring/host_errors[19]_i_6
INFO: [Physopt 32-662] Processed net system_i/iq_0/inst/core/rb/completed_reg[28]_0[0].  Did not re-place instance system_i/iq_0/inst/core/rb/host_errors[19]_i_32
INFO: [Physopt 32-662] Processed net system_i/iq_0/inst/freq_ring/host_errors[19]_i_13_n_0.  Did not re-place instance system_i/iq_0/inst/freq_ring/host_errors[19]_i_13
INFO: [Physopt 32-662] Processed net system_i/iq_0/inst/freq_ring/host_errors[19]_i_3_n_0.  Did not re-place instance system_i/iq_0/inst/freq_ring/host_errors[19]_i_3
INFO: [Physopt 32-662] Processed net system_i/iq_0/inst/freq_ring/host_errors[19]_i_99_n_0.  Did not re-place instance system_i/iq_0/inst/freq_ring/host_errors[19]_i_99
INFO: [Physopt 32-662] Processed net system_i/iq_0/inst/error_status[19].  Did not re-place instance system_i/iq_0/inst/host_errors_reg[19]
INFO: [Physopt 32-662] Processed net system_i/iq_0/inst/error_status[8].  Did not re-place instance system_i/iq_0/inst/host_errors_reg[8]
INFO: [Physopt 32-662] Processed net system_i/iq_0/inst/error_status[9].  Did not re-place instance system_i/iq_0/inst/host_errors_reg[9]
INFO: [Physopt 32-662] Processed net system_i/iq_0/inst/error_status[12].  Did not re-place instance system_i/iq_0/inst/host_errors_reg[12]
INFO: [Physopt 32-662] Processed net system_i/iq_0/inst/core/sm/div200/remainder[23].  Did not re-place instance system_i/iq_0/inst/core/sm/div200/remainder_reg[23]
INFO: [Physopt 32-662] Processed net system_i/iq_0/inst/core/sm/div200/quotient[0]_i_48_n_0.  Did not re-place instance system_i/iq_0/inst/core/sm/div200/quotient[0]_i_48
INFO: [Physopt 32-662] Processed net system_i/iq_0/inst/core/sm/div200/remainder[10]_i_4_n_0.  Did not re-place instance system_i/iq_0/inst/core/sm/div200/remainder[10]_i_4
INFO: [Physopt 32-662] Processed net system_i/iq_0/inst/core/sm/div200/remainder[17].  Did not re-place instance system_i/iq_0/inst/core/sm/div200/remainder_reg[17]
INFO: [Physopt 32-662] Processed net system_i/iq_0/inst/core/sm/div200/quotient[0]_i_56_n_0.  Did not re-place instance system_i/iq_0/inst/core/sm/div200/quotient[0]_i_56
INFO: [Physopt 32-662] Processed net system_i/iq_0/inst/core/sm/div200/quotient[0]_i_44_n_0.  Did not re-place instance system_i/iq_0/inst/core/sm/div200/quotient[0]_i_44
INFO: [Physopt 32-662] Processed net system_i/iq_0/inst/freq_ring/out[1]_repN.  Did not re-place instance system_i/iq_0/inst/freq_ring/producer_reg[1]_replica
INFO: [Physopt 32-662] Processed net system_i/iq_0/inst/freq_ring/host_errors[19]_i_98_n_0.  Did not re-place instance system_i/iq_0/inst/freq_ring/host_errors[19]_i_98
INFO: [Physopt 32-662] Processed net system_i/iq_0/inst/core/sm/div200/quotient[0]_i_34_n_0.  Did not re-place instance system_i/iq_0/inst/core/sm/div200/quotient[0]_i_34
INFO: [Physopt 32-662] Processed net system_i/iq_0/inst/core/sm/div200/remainder[15].  Did not re-place instance system_i/iq_0/inst/core/sm/div200/remainder_reg[15]
INFO: [Physopt 32-662] Processed net system_i/iq_0/inst/core/sm/div200/quotient[0]_i_57_n_0.  Did not re-place instance system_i/iq_0/inst/core/sm/div200/quotient[0]_i_57
INFO: [Physopt 32-662] Processed net system_i/iq_0/inst/core/sm/div200/remainder[10]_i_5_n_0.  Did not re-place instance system_i/iq_0/inst/core/sm/div200/remainder[10]_i_5
INFO: [Physopt 32-662] Processed net system_i/iq_0/inst/core/sm/div200/remainder[27].  Did not re-place instance system_i/iq_0/inst/core/sm/div200/remainder_reg[27]
INFO: [Physopt 32-662] Processed net system_i/iq_0/inst/core/sm/div200/remainder[49].  Did not re-place instance system_i/iq_0/inst/core/sm/div200/remainder_reg[49]
INFO: [Physopt 32-662] Processed net system_i/iq_0/inst/core/sm/div200/remainder[13].  Did not re-place instance system_i/iq_0/inst/core/sm/div200/remainder_reg[13]
INFO: [Physopt 32-662] Processed net system_i/iq_0/inst/core/sm/div200/quotient[0]_i_63_n_0.  Did not re-place instance system_i/iq_0/inst/core/sm/div200/quotient[0]_i_63
INFO: [Physopt 32-662] Processed net system_i/iq_0/inst/core/sm/div200/remainder[18].  Did not re-place instance system_i/iq_0/inst/core/sm/div200/remainder_reg[18]
INFO: [Physopt 32-662] Processed net system_i/iq_0/inst/core/sm/div200/remainder[47].  Did not re-place instance system_i/iq_0/inst/core/sm/div200/remainder_reg[47]
INFO: [Physopt 32-662] Processed net system_i/iq_0/inst/core/sm/div200/remainder[44].  Did not re-place instance system_i/iq_0/inst/core/sm/div200/remainder_reg[44]
INFO: [Physopt 32-662] Processed net system_i/iq_0/inst/freq_ring/out[8].  Did not re-place instance system_i/iq_0/inst/freq_ring/producer_reg[8]
INFO: [Physopt 32-662] Processed net system_i/iq_0/inst/freq_ring/host_errors[19]_i_91_n_0.  Did not re-place instance system_i/iq_0/inst/freq_ring/host_errors[19]_i_91
INFO: [Physopt 32-662] Processed net system_i/iq_0/inst/core/sm/div200/quotient[0]_i_53_n_0.  Did not re-place instance system_i/iq_0/inst/core/sm/div200/quotient[0]_i_53
INFO: [Physopt 32-662] Processed net system_i/iq_0/inst/core/sm/div200/remainder[21].  Did not re-place instance system_i/iq_0/inst/core/sm/div200/remainder_reg[21]
INFO: [Physopt 32-662] Processed net system_i/iq_0/inst/core/sm/div200/remainder[35].  Did not re-place instance system_i/iq_0/inst/core/sm/div200/remainder_reg[35]
INFO: [Physopt 32-662] Processed net system_i/iq_0/inst/core/sm/div200/quotient[0]_i_37_n_0.  Did not re-place instance system_i/iq_0/inst/core/sm/div200/quotient[0]_i_37
INFO: [Physopt 32-662] Processed net system_i/iq_0/inst/core/sm/div200/quotient[0]_i_59_n_0.  Did not re-place instance system_i/iq_0/inst/core/sm/div200/quotient[0]_i_59
INFO: [Physopt 32-662] Processed net system_i/iq_0/inst/freq_ring/out[7].  Did not re-place instance system_i/iq_0/inst/freq_ring/producer_reg[7]
INFO: [Physopt 32-662] Processed net system_i/iq_0/inst/freq_ring/host_errors[19]_i_92_n_0.  Did not re-place instance system_i/iq_0/inst/freq_ring/host_errors[19]_i_92
INFO: [Physopt 32-662] Processed net system_i/iq_0/inst/core/sm/div200/remainder[16].  Did not re-place instance system_i/iq_0/inst/core/sm/div200/remainder_reg[16]
INFO: [Physopt 32-662] Processed net system_i/iq_0/inst/core/sm/div200/quotient[0]_i_52_n_0.  Did not re-place instance system_i/iq_0/inst/core/sm/div200/quotient[0]_i_52
INFO: [Physopt 32-662] Processed net system_i/iq_0/inst/core/sm/div200/remainder[46].  Did not re-place instance system_i/iq_0/inst/core/sm/div200/remainder_reg[46]
INFO: [Physopt 32-662] Processed net system_i/iq_0/inst/core/sm/div200/remainder[12].  Did not re-place instance system_i/iq_0/inst/core/sm/div200/remainder_reg[12]
INFO: [Physopt 32-662] Processed net system_i/iq_0/inst/core/sm/div200/quotient[0]_i_33_n_0.  Did not re-place instance system_i/iq_0/inst/core/sm/div200/quotient[0]_i_33
INFO: [Physopt 32-662] Processed net system_i/iq_0/inst/core/rb/completed_reg[18]_0[0].  Did not re-place instance system_i/iq_0/inst/core/rb/host_errors[19]_i_40
INFO: [Physopt 32-662] Processed net system_i/iq_0/inst/core/sm/div200/remainder[39].  Did not re-place instance system_i/iq_0/inst/core/sm/div200/remainder_reg[39]
INFO: [Physopt 32-662] Processed net system_i/iq_0/inst/core/sm/div200/quotient[0]_i_30_n_0.  Did not re-place instance system_i/iq_0/inst/core/sm/div200/quotient[0]_i_30
INFO: [Physopt 32-662] Processed net system_i/iq_0/inst/core/sm/div200/remainder[41].  Did not re-place instance system_i/iq_0/inst/core/sm/div200/remainder_reg[41]
INFO: [Physopt 32-662] Processed net system_i/iq_0/inst/core/sm/div200/quotient[0]_i_29_n_0.  Did not re-place instance system_i/iq_0/inst/core/sm/div200/quotient[0]_i_29
INFO: [Physopt 32-662] Processed net system_i/iq_0/inst/core/sm/div200/remainder[8].  Did not re-place instance system_i/iq_0/inst/core/sm/div200/remainder_reg[8]
INFO: [Physopt 32-662] Processed net system_i/iq_0/inst/freq_ring/host_errors[19]_i_39_n_0.  Did not re-place instance system_i/iq_0/inst/freq_ring/host_errors[19]_i_39
INFO: [Physopt 32-662] Processed net system_i/iq_0/inst/freq_ring/host_errors[19]_i_33_n_0.  Did not re-place instance system_i/iq_0/inst/freq_ring/host_errors[19]_i_33
INFO: [Physopt 32-662] Processed net system_i/iq_0/inst/core/sm/div200/remainder[5].  Did not re-place instance system_i/iq_0/inst/core/sm/div200/remainder_reg[5]
INFO: [Physopt 32-662] Processed net system_i/iq_0/inst/core/sm/div200/remainder[37].  Did not re-place instance system_i/iq_0/inst/core/sm/div200/remainder_reg[37]
INFO: [Physopt 32-662] Processed net system_i/iq_0/inst/core/sm/div200/quotient[0]_i_36_n_0.  Did not re-place instance system_i/iq_0/inst/core/sm/div200/quotient[0]_i_36
INFO: [Physopt 32-662] Processed net system_i/iq_0/inst/core/sm/div200/quotient[0]_i_26_n_0.  Did not re-place instance system_i/iq_0/inst/core/sm/div200/quotient[0]_i_26
INFO: [Physopt 32-662] Processed net system_i/iq_0/inst/core/sm/div200/remainder[31].  Did not re-place instance system_i/iq_0/inst/core/sm/div200/remainder_reg[31]
INFO: [Physopt 32-662] Processed net system_i/iq_0/inst/core/sm/div200/quotient[0]_i_39_n_0.  Did not re-place instance system_i/iq_0/inst/core/sm/div200/quotient[0]_i_39
INFO: [Physopt 32-662] Processed net system_i/iq_0/inst/core/sm/div200/remainder[25].  Did not re-place instance system_i/iq_0/inst/core/sm/div200/remainder_reg[25]
INFO: [Physopt 32-662] Processed net system_i/iq_0/inst/core/sm/div200/quotient[0]_i_32_n_0.  Did not re-place instance system_i/iq_0/inst/core/sm/div200/quotient[0]_i_32
INFO: [Physopt 32-662] Processed net system_i/iq_0/inst/core/sm/div200/remainder[29].  Did not re-place instance system_i/iq_0/inst/core/sm/div200/remainder_reg[29]
INFO: [Physopt 32-662] Processed net system_i/iq_0/inst/core/sm/div200/quotient[0]_i_45_n_0.  Did not re-place instance system_i/iq_0/inst/core/sm/div200/quotient[0]_i_45
INFO: [Physopt 32-662] Processed net system_i/iq_0/inst/core/sm/div200/quotient[0]_i_35_n_0.  Did not re-place instance system_i/iq_0/inst/core/sm/div200/quotient[0]_i_35
INFO: [Physopt 32-662] Processed net system_i/iq_0/inst/freq_ring/host_errors[19]_i_31_n_0.  Did not re-place instance system_i/iq_0/inst/freq_ring/host_errors[19]_i_31
INFO: [Physopt 32-662] Processed net system_i/iq_0/inst/core/sm/div200/quotient[0]_i_46_n_0.  Did not re-place instance system_i/iq_0/inst/core/sm/div200/quotient[0]_i_46
INFO: [Physopt 32-662] Processed net system_i/iq_0/inst/core/sm/div200/quotient[0]_i_47_n_0.  Did not re-place instance system_i/iq_0/inst/core/sm/div200/quotient[0]_i_47
INFO: [Physopt 32-662] Processed net system_i/iq_0/inst/freq_ring/host_errors[19]_i_37_n_0.  Did not re-place instance system_i/iq_0/inst/freq_ring/host_errors[19]_i_37
INFO: [Physopt 32-662] Processed net system_i/iq_0/inst/core/sm/div200/quotient[0]_i_20_n_0.  Did not re-place instance system_i/iq_0/inst/core/sm/div200/quotient[0]_i_20
INFO: [Physopt 32-662] Processed net system_i/iq_0/inst/freq_ring/out[5]_repN.  Did not re-place instance system_i/iq_0/inst/freq_ring/producer_reg[5]_replica
INFO: [Physopt 32-662] Processed net system_i/iq_0/inst/freq_ring/host_errors[19]_i_94_n_0.  Did not re-place instance system_i/iq_0/inst/freq_ring/host_errors[19]_i_94
INFO: [Physopt 32-662] Processed net system_i/iq_0/inst/core/sm/div200/quotient[0]_i_25_n_0.  Did not re-place instance system_i/iq_0/inst/core/sm/div200/quotient[0]_i_25
INFO: [Physopt 32-662] Processed net system_i/iq_0/inst/core/sm/div200/remainder[45].  Did not re-place instance system_i/iq_0/inst/core/sm/div200/remainder_reg[45]
INFO: [Physopt 32-662] Processed net system_i/iq_0/inst/core/sm/div200/quotient[0]_i_42_n_0.  Did not re-place instance system_i/iq_0/inst/core/sm/div200/quotient[0]_i_42
INFO: [Physopt 32-661] Optimized 0 net.  Re-placed 0 instance.
INFO: [Physopt 32-775] End 1 Pass. Optimized 0 net or cell. Created 0 new cell, deleted 0 existing cell and moved 0 existing cell
Netlist sorting complete. Time (s): cpu = 00:00:00 ; elapsed = 00:00:00.041 . Memory (MB): peak = 2564.750 ; gain = 0.000
Phase 29 Single Cell Placement Optimization | Checksum: 781266e3

Time (s): cpu = 00:01:38 ; elapsed = 00:00:45 . Memory (MB): peak = 2564.750 ; gain = 0.000

Phase 30 Multi Cell Placement Optimization
INFO: [Physopt 32-660] Identified 100 candidate nets for placement-based optimization.
INFO: [Physopt 32-662] Processed net system_i/iq_0/inst/core/sm/div200/remainder[2]_repN.  Did not re-place instance system_i/iq_0/inst/core/sm/div200/remainder_reg[2]_replica/Q
INFO: [Physopt 32-662] Processed net system_i/iq_0/inst/core/sm/div200/divisor[7].  Did not re-place instance system_i/iq_0/inst/core/sm/div200/divisor_reg[7]/Q
INFO: [Physopt 32-662] Processed net system_i/iq_0/inst/core/sm/div200/remainder[3].  Did not re-place instance system_i/iq_0/inst/core/sm/div200/remainder_reg[3]/Q
INFO: [Physopt 32-662] Processed net system_i/iq_0/inst/core/sm/div200/dividend[63].  Did not re-place instance system_i/iq_0/inst/core/sm/div200/dividend_reg[63]/Q
INFO: [Physopt 32-662] Processed net system_i/iq_0/inst/core/sm/div200/remainder[1]_repN.  Did not re-place instance system_i/iq_0/inst/core/sm/div200/remainder_reg[1]_replica/Q
INFO: [Physopt 32-662] Processed net system_i/iq_0/inst/core/sm/div200/remainder[0].  Did not re-place instance system_i/iq_0/inst/core/sm/div200/remainder_reg[0]/Q
INFO: [Physopt 32-662] Processed net system_i/iq_0/inst/core/sm/div200/remainder[6].  Did not re-place instance system_i/iq_0/inst/core/sm/div200/remainder_reg[6]/Q
INFO: [Physopt 32-662] Processed net system_i/iq_0/inst/core/sm/div200/remainder[6].  Did not re-place instance system_i/iq_0/inst/core/sm/div200/remainder_reg[6]/Q
INFO: [Physopt 32-661] Optimized 0 net.  Re-placed 0 instance.
INFO: [Physopt 32-775] End 1 Pass. Optimized 0 net or cell. Created 0 new cell, deleted 0 existing cell and moved 0 existing cell
Netlist sorting complete. Time (s): cpu = 00:00:00 ; elapsed = 00:00:00.040 . Memory (MB): peak = 2564.750 ; gain = 0.000
Phase 30 Multi Cell Placement Optimization | Checksum: 121f357ee

Time (s): cpu = 00:01:40 ; elapsed = 00:00:45 . Memory (MB): peak = 2564.750 ; gain = 0.000

Phase 31 SLR Crossing Optimization
Phase 31 SLR Crossing Optimization | Checksum: 121f357ee

Time (s): cpu = 00:01:40 ; elapsed = 00:00:45 . Memory (MB): peak = 2564.750 ; gain = 0.000

Phase 32 Critical Path Optimization
INFO: [Physopt 32-619] Estimated Timing Summary | WNS=-0.277 | TNS=-1.644 |
INFO: [Physopt 32-702] Processed net system_i/iq_0/inst/core/sm/div200/remainder[63]. Optimizations did not improve timing on the net.
INFO: [Physopt 32-702] Processed net system_i/fft_clock/inst/clk_out1_system_fft_clock_0. Optimizations did not improve timing on the net.
INFO: [Physopt 32-702] Processed net system_i/iq_0/inst/core/sm/div200/remainder_reg[62]_i_1_n_0. Optimizations did not improve timing on the net.
INFO: [Physopt 32-702] Processed net system_i/iq_0/inst/core/sm/div200/remainder_reg[58]_i_1_n_0. Optimizations did not improve timing on the net.
INFO: [Physopt 32-702] Processed net system_i/iq_0/inst/core/sm/div200/remainder_reg[54]_i_1_n_0. Optimizations did not improve timing on the net.
INFO: [Physopt 32-702] Processed net system_i/iq_0/inst/core/sm/div200/remainder_reg[50]_i_1_n_0. Optimizations did not improve timing on the net.
INFO: [Physopt 32-702] Processed net system_i/iq_0/inst/core/sm/div200/remainder_reg[46]_i_1_n_0. Optimizations did not improve timing on the net.
INFO: [Physopt 32-702] Processed net system_i/iq_0/inst/core/sm/div200/remainder_reg[42]_i_1_n_0. Optimizations did not improve timing on the net.
INFO: [Physopt 32-702] Processed net system_i/iq_0/inst/core/sm/div200/remainder_reg[38]_i_1_n_0. Optimizations did not improve timing on the net.
INFO: [Physopt 32-702] Processed net system_i/iq_0/inst/core/sm/div200/remainder_reg[34]_i_1_n_0. Optimizations did not improve timing on the net.
INFO: [Physopt 32-702] Processed net system_i/iq_0/inst/core/sm/div200/remainder_reg[30]_i_1_n_0. Optimizations did not improve timing on the net.
INFO: [Physopt 32-702] Processed net system_i/iq_0/inst/core/sm/div200/remainder_reg[26]_i_1_n_0. Optimizations did not improve timing on the net.
INFO: [Physopt 32-702] Processed net system_i/iq_0/inst/core/sm/div200/remainder_reg[22]_i_1_n_0. Optimizations did not improve timing on the net.
INFO: [Physopt 32-702] Processed net system_i/iq_0/inst/core/sm/div200/remainder_reg[18]_i_1_n_0. Optimizations did not improve timing on the net.
INFO: [Physopt 32-702] Processed net system_i/iq_0/inst/core/sm/div200/remainder_reg[14]_i_1_n_0. Optimizations did not improve timing on the net.
INFO: [Physopt 32-702] Processed net system_i/iq_0/inst/core/sm/div200/remainder_reg[10]_i_1_n_0. Optimizations did not improve timing on the net.
INFO: [Physopt 32-702] Processed net system_i/iq_0/inst/core/sm/div200/remainder_reg[6]_i_1_n_0. Optimizations did not improve timing on the net.
INFO: [Physopt 32-702] Processed net system_i/iq_0/inst/core/sm/div200/remainder[6]_i_2_n_0. Optimizations did not improve timing on the net.
INFO: [Physopt 32-702] Processed net system_i/iq_0/inst/core/sm/div200/quotient_reg[0]_i_1_n_6. Optimizations did not improve timing on the net.
INFO: [Physopt 32-702] Processed net system_i/iq_0/inst/core/sm/div200/quotient_reg[0]_i_2_n_0. Optimizations did not improve timing on the net.
INFO: [Physopt 32-702] Processed net system_i/iq_0/inst/core/sm/div200/quotient_reg[0]_i_4_n_0. Optimizations did not improve timing on the net.
INFO: [Physopt 32-702] Processed net system_i/iq_0/inst/core/sm/div200/quotient_reg[0]_i_13_n_0. Optimizations did not improve timing on the net.
INFO: [Physopt 32-702] Processed net system_i/iq_0/inst/core/sm/div200/quotient_reg[0]_i_22_n_0. Optimizations did not improve timing on the net.
INFO: [Physopt 32-702] Processed net system_i/iq_0/inst/core/sm/div200/quotient_reg[0]_i_31_n_0. Optimizations did not improve timing on the net.
INFO: [Physopt 32-702] Processed net system_i/iq_0/inst/core/sm/div200/quotient_reg[0]_i_40_n_0. Optimizations did not improve timing on the net.
INFO: [Physopt 32-702] Processed net system_i/iq_0/inst/core/sm/div200/quotient_reg[0]_i_49_n_0. Optimizations did not improve timing on the net.
INFO: [Physopt 32-702] Processed net system_i/iq_0/inst/core/sm/div200/quotient_reg[0]_i_58_n_0. Optimizations did not improve timing on the net.
INFO: [Physopt 32-702] Processed net system_i/iq_0/inst/core/sm/div200/quotient[0]_i_73_n_0. Optimizations did not improve timing on the net.
INFO: [Physopt 32-702] Processed net system_i/iq_0/inst/core/sm/div200/remainder_reg[63]_i_2_n_7. Optimizations did not improve timing on the net.
INFO: [Physopt 32-702] Processed net system_i/iq_0/inst/core/sm/div200/remainder[2]_repN. Optimizations did not improve timing on the net.
INFO: [Physopt 32-702] Processed net system_i/iq_0/inst/core/sm/div200/remainder[63]. Optimizations did not improve timing on the net.
INFO: [Physopt 32-702] Processed net system_i/fft_clock/inst/clk_out1_system_fft_clock_0. Optimizations did not improve timing on the net.
INFO: [Physopt 32-702] Processed net system_i/iq_0/inst/core/sm/div200/remainder[6]_i_2_n_0. Optimizations did not improve timing on the net.
INFO: [Physopt 32-702] Processed net system_i/iq_0/inst/core/sm/div200/quotient_reg[0]_i_1_n_6. Optimizations did not improve timing on the net.
INFO: [Physopt 32-702] Processed net system_i/iq_0/inst/core/sm/div200/quotient[0]_i_73_n_0. Optimizations did not improve timing on the net.
INFO: [Physopt 32-702] Processed net system_i/iq_0/inst/core/sm/div200/remainder_reg[63]_i_2_n_7. Optimizations did not improve timing on the net.
INFO: [Physopt 32-702] Processed net system_i/iq_0/inst/core/sm/div200/remainder[2]_repN. Optimizations did not improve timing on the net.
INFO: [Physopt 32-619] Estimated Timing Summary | WNS=-0.277 | TNS=-1.644 |
Netlist sorting complete. Time (s): cpu = 00:00:00 ; elapsed = 00:00:00.041 . Memory (MB): peak = 2564.750 ; gain = 0.000
Phase 32 Critical Path Optimization | Checksum: 121f357ee

Time (s): cpu = 00:01:48 ; elapsed = 00:00:48 . Memory (MB): peak = 2564.750 ; gain = 0.000

Phase 33 BRAM Enable Optimization
Phase 33 BRAM Enable Optimization | Checksum: 121f357ee

Time (s): cpu = 00:01:48 ; elapsed = 00:00:48 . Memory (MB): peak = 2564.750 ; gain = 0.000
INFO: [Physopt 32-960] Skip hold-fix as initial WHS does not violate hold threshold 250 ps
Netlist sorting complete. Time (s): cpu = 00:00:00 ; elapsed = 00:00:00.041 . Memory (MB): peak = 2564.750 ; gain = 0.000
INFO: [Physopt 32-603] Post Physical Optimization Timing Summary | WNS=-0.277 | TNS=-1.644 |

Summary of Physical Synthesis Optimizations
============================================


----------------------------------------------------------------------------------------------------------------------------------------------------------------------
|  Optimization            |  WNS Gain (ns)  |  TNS Gain (ns)  |  Added Cells  |  Removed Cells  |  Optimized Cells/Nets  |  Dont Touch  |  Iterations  |  Elapsed   |
----------------------------------------------------------------------------------------------------------------------------------------------------------------------
|  Fanout                  |          0.000  |          0.000  |            8  |              0  |                     5  |           0  |           3  |  00:00:04  |
|  Single Cell Placement   |          0.000  |          0.048  |            0  |              0  |                    87  |           0  |           4  |  00:00:22  |
|  Multi Cell Placement    |          0.000  |          0.000  |            0  |              0  |                     0  |           0  |           4  |  00:00:03  |
|  Rewire                  |          0.000  |          0.000  |            0  |              0  |                     0  |           0  |           3  |  00:00:00  |
|  Critical Cell           |          0.013  |          0.429  |            2  |              0  |                     2  |           0  |           3  |  00:00:03  |
|  SLR Crossing            |          0.000  |          0.000  |            0  |              0  |                     0  |           0  |           3  |  00:00:00  |
|  DSP Register            |          0.000  |          0.000  |            0  |              0  |                     0  |           0  |           2  |  00:00:00  |
|  BRAM Register           |          0.000  |          0.000  |            0  |              0  |                     0  |           0  |           2  |  00:00:00  |
|  URAM Register           |          0.000  |          0.000  |            0  |              0  |                     0  |           0  |           2  |  00:00:00  |
|  Shift Register          |          0.000  |          0.000  |            0  |              0  |                     0  |           0  |           2  |  00:00:00  |
|  Critical Pin            |          0.000  |          0.000  |            0  |              0  |                     2  |           0  |           1  |  00:00:00  |
|  Very High Fanout        |          0.000  |          0.000  |            8  |              0  |                     1  |          20  |           1  |  00:00:05  |
|  BRAM Enable             |          0.000  |          0.000  |            0  |              0  |                     0  |           0  |           1  |  00:00:00  |
|  Critical Path           |          0.000  |          0.000  |            0  |              0  |                     0  |           0  |           1  |  00:00:03  |
|  Total                   |          0.013  |          0.477  |           18  |              0  |                    97  |          20  |          32  |  00:00:41  |
----------------------------------------------------------------------------------------------------------------------------------------------------------------------


Netlist sorting complete. Time (s): cpu = 00:00:00 ; elapsed = 00:00:00.040 . Memory (MB): peak = 2564.750 ; gain = 0.000
Ending Physical Synthesis Task | Checksum: 15c0088ac

Time (s): cpu = 00:01:48 ; elapsed = 00:00:49 . Memory (MB): peak = 2564.750 ; gain = 0.000
INFO: [Common 17-83] Releasing license: Vivado_Implementation
1196 Infos, 0 Warnings, 0 Critical Warnings and 0 Errors encountered.
phys_opt_design completed successfully
phys_opt_design: Time (s): cpu = 00:01:53 ; elapsed = 00:00:51 . Memory (MB): peak = 2564.750 ; gain = 0.000
INFO: [Timing 38-480] Writing timing data to binary archive.
Wrote PlaceDB: Time (s): cpu = 00:00:00 ; elapsed = 00:00:00 . Memory (MB): peak = 2564.750 ; gain = 0.000
Wrote PulsedLatchDB: Time (s): cpu = 00:00:00 ; elapsed = 00:00:00.001 . Memory (MB): peak = 2564.750 ; gain = 0.000
Writing XDEF routing.
Writing XDEF routing logical nets.
Writing XDEF routing special nets.
Wrote RouteStorage: Time (s): cpu = 00:00:01 ; elapsed = 00:00:00.094 . Memory (MB): peak = 2564.750 ; gain = 0.000
Write ShapeDB Complete: Time (s): cpu = 00:00:01 ; elapsed = 00:00:00.114 . Memory (MB): peak = 2564.750 ; gain = 0.000
Wrote PlaceStorage: Time (s): cpu = 00:00:04 ; elapsed = 00:00:01 . Memory (MB): peak = 2564.750 ; gain = 0.000
Wrote Netlist Cache: Time (s): cpu = 00:00:00 ; elapsed = 00:00:00.076 . Memory (MB): peak = 2564.750 ; gain = 0.000
Wrote Device Cache: Time (s): cpu = 00:00:00 ; elapsed = 00:00:00.012 . Memory (MB): peak = 2564.750 ; gain = 0.000
Write Physdb Complete: Time (s): cpu = 00:00:05 ; elapsed = 00:00:01 . Memory (MB): peak = 2564.750 ; gain = 0.000
INFO: [Common 17-1381] The checkpoint 'D:/fft/fft_phase11_latency_opt/build/board/iq_board.runs/impl_1/system_wrapper_physopt.dcp' has been generated.
Command: route_design -directive NoTimingRelaxation
Attempting to get a license for feature 'Vivado_Implementation' and/or device 'xc7z020'
INFO: [Common 17-349] Got license for feature 'Vivado_Implementation' and/or device 'xc7z020'
INFO: [DRC 23-27] Running DRC with 4 threads
INFO: [Vivado_Tcl 4-198] DRC finished with 0 Errors
INFO: [Vivado_Tcl 4-199] Please refer to the DRC report (report_drc) for more information.


Starting Routing Task
INFO: [Route 35-270] Using Router directive 'NoTimingRelaxation'.
INFO: [Route 35-254] Multithreading enabled for route_design using a maximum of 4 CPUs

Phase 1 Build RT Design
Checksum: PlaceDB: 6f0ed1eb ConstDB: 0 ShapeSum: c047164b RouteDB: 15f972f0
Post Restoration Checksum: NetGraph: 58bfe766 | NumContArr: e249f91c | Constraints: c2a8fa9d | Timing: c2a8fa9d
Phase 1 Build RT Design | Checksum: 2c05bd5bc

Time (s): cpu = 00:00:35 ; elapsed = 00:00:21 . Memory (MB): peak = 2564.750 ; gain = 0.000

Phase 2 Router Initialization

Phase 2.1 Fix Topology Constraints
Phase 2.1 Fix Topology Constraints | Checksum: 2c05bd5bc

Time (s): cpu = 00:00:36 ; elapsed = 00:00:22 . Memory (MB): peak = 2564.750 ; gain = 0.000

Phase 2.2 Pre Route Cleanup
Phase 2.2 Pre Route Cleanup | Checksum: 2c05bd5bc

Time (s): cpu = 00:00:36 ; elapsed = 00:00:22 . Memory (MB): peak = 2564.750 ; gain = 0.000
 Number of Nodes with overlaps = 0

Phase 2.3 Update Timing
Phase 2.3 Update Timing | Checksum: 235aad242

Time (s): cpu = 00:00:56 ; elapsed = 00:00:29 . Memory (MB): peak = 2564.750 ; gain = 0.000
INFO: [Route 35-416] Intermediate Timing Summary | WNS=-0.294 | TNS=-1.827 | WHS=-0.358 | THS=-553.263|


Phase 2.4 Update Timing for Bus Skew

Phase 2.4.1 Update Timing
Phase 2.4.1 Update Timing | Checksum: 1ee43daf3

Time (s): cpu = 00:01:10 ; elapsed = 00:00:35 . Memory (MB): peak = 2628.934 ; gain = 64.184
INFO: [Route 35-416] Intermediate Timing Summary | WNS=-0.294 | TNS=-1.655 | WHS=-0.093 | THS=-3.318 |

Phase 2.4 Update Timing for Bus Skew | Checksum: 1e8075343

Time (s): cpu = 00:01:10 ; elapsed = 00:00:35 . Memory (MB): peak = 2628.934 ; gain = 64.184

Phase 2.5 Soft Constraint Pins - Fast Budgeting
Phase 2.5 Soft Constraint Pins - Fast Budgeting | Checksum: 1e8075343

Time (s): cpu = 00:01:11 ; elapsed = 00:00:35 . Memory (MB): peak = 2638.691 ; gain = 73.941

Router Utilization Summary
  Global Vertical Routing Utilization    = 0 %
  Global Horizontal Routing Utilization  = 0 %
  Routable Net Status*
  *Does not include unroutable nets such as driverless and loadless.
  Run report_route_status for detailed report.
  Number of Failed Nets               = 43325
    (Failed Nets is the sum of unrouted and partially routed nets)
  Number of Unrouted Nets             = 43325
  Number of Partially Routed Nets     = 0
  Number of Node Overlaps             = 0

Phase 2 Router Initialization | Checksum: 2340bad21

Time (s): cpu = 00:01:12 ; elapsed = 00:00:36 . Memory (MB): peak = 2638.691 ; gain = 73.941

Phase 3 Global Routing
Phase 3 Global Routing | Checksum: 2340bad21

Time (s): cpu = 00:01:12 ; elapsed = 00:00:36 . Memory (MB): peak = 2638.691 ; gain = 73.941

Phase 4 Initial Routing

Phase 4.1 Initial Net Routing Pass
Phase 4.1 Initial Net Routing Pass | Checksum: 2be3002c9

Time (s): cpu = 00:01:50 ; elapsed = 00:00:52 . Memory (MB): peak = 2707.547 ; gain = 142.797
Phase 4 Initial Routing | Checksum: 2be3002c9

Time (s): cpu = 00:01:51 ; elapsed = 00:00:52 . Memory (MB): peak = 2707.547 ; gain = 142.797

Phase 5 Rip-up And Reroute

Phase 5.1 Global Iteration 0
 Number of Nodes with overlaps = 7504
 Number of Nodes with overlaps = 2913
 Number of Nodes with overlaps = 1351
 Number of Nodes with overlaps = 630
 Number of Nodes with overlaps = 312
 Number of Nodes with overlaps = 161
 Number of Nodes with overlaps = 79
 Number of Nodes with overlaps = 37
 Number of Nodes with overlaps = 22
 Number of Nodes with overlaps = 13
 Number of Nodes with overlaps = 10
 Number of Nodes with overlaps = 10
 Number of Nodes with overlaps = 1
 Number of Nodes with overlaps = 1
 Number of Nodes with overlaps = 1
 Number of Nodes with overlaps = 1
 Number of Nodes with overlaps = 2
 Number of Nodes with overlaps = 4
 Number of Nodes with overlaps = 3
 Number of Nodes with overlaps = 0
INFO: [Route 35-416] Intermediate Timing Summary | WNS=-0.434 | TNS=-18.020| WHS=N/A    | THS=N/A    |

Phase 5.1 Global Iteration 0 | Checksum: 2e61c4e39

Time (s): cpu = 00:04:39 ; elapsed = 00:02:15 . Memory (MB): peak = 2707.547 ; gain = 142.797

Phase 5.2 Global Iteration 1
 Number of Nodes with overlaps = 426
 Number of Nodes with overlaps = 157
 Number of Nodes with overlaps = 109
 Number of Nodes with overlaps = 44
 Number of Nodes with overlaps = 29
 Number of Nodes with overlaps = 26
 Number of Nodes with overlaps = 19
 Number of Nodes with overlaps = 6
 Number of Nodes with overlaps = 5
 Number of Nodes with overlaps = 2
 Number of Nodes with overlaps = 1
 Number of Nodes with overlaps = 0
INFO: [Route 35-416] Intermediate Timing Summary | WNS=-0.446 | TNS=-22.157| WHS=N/A    | THS=N/A    |

Phase 5.2 Global Iteration 1 | Checksum: 230f8d345

Time (s): cpu = 00:05:00 ; elapsed = 00:02:27 . Memory (MB): peak = 2707.547 ; gain = 142.797
Phase 5 Rip-up And Reroute | Checksum: 230f8d345

Time (s): cpu = 00:05:00 ; elapsed = 00:02:27 . Memory (MB): peak = 2707.547 ; gain = 142.797

Phase 6 Delay and Skew Optimization

Phase 6.1 Delay CleanUp

Phase 6.1.1 Update Timing
Phase 6.1.1 Update Timing | Checksum: 28655bf3b

Time (s): cpu = 00:05:03 ; elapsed = 00:02:28 . Memory (MB): peak = 2707.547 ; gain = 142.797
INFO: [Route 35-416] Intermediate Timing Summary | WNS=-0.319 | TNS=-6.623 | WHS=N/A    | THS=N/A    |

 Number of Nodes with overlaps = 0
Phase 6.1 Delay CleanUp | Checksum: 1d78efe4a

Time (s): cpu = 00:05:04 ; elapsed = 00:02:28 . Memory (MB): peak = 2707.547 ; gain = 142.797

Phase 6.2 Clock Skew Optimization
Phase 6.2 Clock Skew Optimization | Checksum: 1d78efe4a

Time (s): cpu = 00:05:04 ; elapsed = 00:02:28 . Memory (MB): peak = 2707.547 ; gain = 142.797
Phase 6 Delay and Skew Optimization | Checksum: 1d78efe4a

Time (s): cpu = 00:05:04 ; elapsed = 00:02:28 . Memory (MB): peak = 2707.547 ; gain = 142.797

Phase 7 Post Hold Fix

Phase 7.1 Hold Fix Iter
INFO: [Route 35-416] Intermediate Timing Summary | WNS=-0.319 | TNS=-5.477 | WHS=-0.027 | THS=-0.027 |


Phase 7.1.1 Lut RouteThru Assignment for hold
Phase 7.1.1 Lut RouteThru Assignment for hold | Checksum: 21e4eeee2

Time (s): cpu = 00:05:07 ; elapsed = 00:02:29 . Memory (MB): peak = 2707.547 ; gain = 142.797
Phase 7.1 Hold Fix Iter | Checksum: 21e4eeee2

Time (s): cpu = 00:05:07 ; elapsed = 00:02:29 . Memory (MB): peak = 2707.547 ; gain = 142.797

Phase 7.2 Non Free Resource Hold Fix Iter
Phase 7.2 Non Free Resource Hold Fix Iter | Checksum: 174ac1e43

Time (s): cpu = 00:05:07 ; elapsed = 00:02:29 . Memory (MB): peak = 2707.547 ; gain = 142.797
Phase 7 Post Hold Fix | Checksum: 174ac1e43

Time (s): cpu = 00:05:07 ; elapsed = 00:02:29 . Memory (MB): peak = 2707.547 ; gain = 142.797

Phase 8 Timing Verification

Phase 8.1 Update Timing
Phase 8.1 Update Timing | Checksum: 1bee4d16c

Time (s): cpu = 00:05:13 ; elapsed = 00:02:31 . Memory (MB): peak = 2707.547 ; gain = 142.797
INFO: [Route 35-416] Intermediate Timing Summary | WNS=-0.319 | TNS=-5.477 | WHS=0.050  | THS=0.000  |

Phase 8 Timing Verification | Checksum: 1bee4d16c

Time (s): cpu = 00:05:13 ; elapsed = 00:02:31 . Memory (MB): peak = 2707.547 ; gain = 142.797

Phase 9 Route finalize

Router Utilization Summary
  Global Vertical Routing Utilization    = 18.9093 %
  Global Horizontal Routing Utilization  = 23.7957 %
  Routable Net Status*
  *Does not include unroutable nets such as driverless and loadless.
  Run report_route_status for detailed report.
  Number of Failed Nets               = 0
    (Failed Nets is the sum of unrouted and partially routed nets)
  Number of Unrouted Nets             = 0
  Number of Partially Routed Nets     = 0
  Number of Node Overlaps             = 0


--GLOBAL Congestion:
Utilization threshold used for congestion level computation: 0.85
Congestion Report
North Dir 1x1 Area, Max Cong = 93.6937%, Congestion bounded by tiles (Lower Left Tile -> Upper Right Tile):
   INT_L_X40Y75 -> INT_L_X40Y75
   INT_L_X34Y46 -> INT_L_X34Y46
South Dir 1x1 Area, Max Cong = 88.2883%, Congestion bounded by tiles (Lower Left Tile -> Upper Right Tile):
   INT_R_X25Y45 -> INT_R_X25Y45
   INT_R_X31Y34 -> INT_R_X31Y34
East Dir 1x1 Area, Max Cong = 98.5294%, Congestion bounded by tiles (Lower Left Tile -> Upper Right Tile):
   INT_L_X52Y89 -> INT_L_X52Y89
   INT_L_X52Y88 -> INT_L_X52Y88
   INT_R_X51Y87 -> INT_R_X51Y87
   INT_R_X53Y87 -> INT_R_X53Y87
   INT_R_X27Y82 -> INT_R_X27Y82
West Dir 1x1 Area, Max Cong = 100%, Congestion bounded by tiles (Lower Left Tile -> Upper Right Tile):
   INT_L_X32Y82 -> INT_L_X32Y82
   INT_R_X33Y82 -> INT_R_X33Y82
   INT_L_X34Y81 -> INT_L_X34Y81
   INT_L_X36Y81 -> INT_L_X36Y81
   INT_L_X42Y79 -> INT_L_X42Y79

------------------------------
Reporting congestion hotspots
------------------------------
Direction: North
----------------
Congested clusters found at Level 0
Effective congestion level: 0 Aspect Ratio: 1 Sparse Ratio: 1
Direction: South
----------------
Congested clusters found at Level 0
Effective congestion level: 0 Aspect Ratio: 1 Sparse Ratio: 1
Direction: East
----------------
Congested clusters found at Level 0
Effective congestion level: 1 Aspect Ratio: 1 Sparse Ratio: 1.5
Direction: West
----------------
Congested clusters found at Level 0
Effective congestion level: 1 Aspect Ratio: 1 Sparse Ratio: 1.25

Phase 9 Route finalize | Checksum: 1bee4d16c

Time (s): cpu = 00:05:14 ; elapsed = 00:02:31 . Memory (MB): peak = 2707.547 ; gain = 142.797

Phase 10 Verifying routed nets

 Verification completed successfully
Phase 10 Verifying routed nets | Checksum: 1bee4d16c

Time (s): cpu = 00:05:14 ; elapsed = 00:02:31 . Memory (MB): peak = 2707.547 ; gain = 142.797

Phase 11 Depositing Routes
Phase 11 Depositing Routes | Checksum: 1f5614050

Time (s): cpu = 00:05:17 ; elapsed = 00:02:34 . Memory (MB): peak = 2707.547 ; gain = 142.797

Phase 12 Incr Placement Change
Netlist sorting complete. Time (s): cpu = 00:00:00 ; elapsed = 00:00:00.040 . Memory (MB): peak = 2707.547 ; gain = 0.000
INFO: [Place 30-746] Post Placement Timing Summary WNS=-0.317. For the most accurate timing information please run report_timing.
Ending IncrPlace Task | Checksum: 24754b0d0

Time (s): cpu = 00:01:09 ; elapsed = 00:00:45 . Memory (MB): peak = 2707.547 ; gain = 0.000
Google Cpuprofiler is only supported on Linux.
Phase 12 Incr Placement Change | Checksum: 24754b0d0

Time (s): cpu = 00:06:27 ; elapsed = 00:03:19 . Memory (MB): peak = 2707.547 ; gain = 142.797

Phase 13 Build RT Design
Checksum: PlaceDB: 81e161ac ConstDB: 0 ShapeSum: cc694b14 RouteDB: f90a0410
Post Restoration Checksum: NetGraph: 348e4a26 | NumContArr: e4b6341e | Constraints: c2a8fa9d | Timing: c2a8fa9d
Phase 13 Build RT Design | Checksum: 29e96737e

Time (s): cpu = 00:06:50 ; elapsed = 00:03:27 . Memory (MB): peak = 2707.547 ; gain = 142.797

Phase 14 Router Initialization

Phase 14.1 Fix Topology Constraints
Phase 14.1 Fix Topology Constraints | Checksum: 29e96737e

Time (s): cpu = 00:06:50 ; elapsed = 00:03:27 . Memory (MB): peak = 2707.547 ; gain = 142.797

Phase 14.2 Pre Route Cleanup
Phase 14.2 Pre Route Cleanup | Checksum: 272a057b6

Time (s): cpu = 00:06:51 ; elapsed = 00:03:27 . Memory (MB): peak = 2707.547 ; gain = 142.797
 Number of Nodes with overlaps = 0
