Copyright 1986-2022 Xilinx, Inc. All Rights Reserved. Copyright 2022-2026 Advanced Micro Devices, Inc. All Rights Reserved.
---------------------------------------------------------------------------------------------------------------------------------------------
| Tool Version : Vivado v.2026.1 (win64) Build 6511674 Tue Jun 16 11:02:23 MDT 2026
| Date         : Thu Oct  1 18:56:17 2026
| Host         : LAPTOP-ATE8I1GS running 64-bit major release  (build 9200)
| Command      : report_timing -max_paths 20 -file D:/fft/fft_phase6_125m/reports/worst_paths.rpt
| Design       : system_wrapper
| Device       : 7z020-clg400
| Speed File   : -1  PRODUCTION 1.12 2019-11-22
| Design State : Routed
---------------------------------------------------------------------------------------------------------------------------------------------

Timing Report

Slack (MET) :             0.151ns  (required time - arrival time)
  Source:                 system_i/iq_0/inst/freq_consumer_reg[1]/C
                            (rising edge-triggered cell FDRE clocked by clk_fpga_0  {rise@0.000ns fall@4.000ns period=8.000ns})
  Destination:            system_i/iq_0/inst/freq_consumer_reg[21]/CE
                            (rising edge-triggered cell FDRE clocked by clk_fpga_0  {rise@0.000ns fall@4.000ns period=8.000ns})
  Path Group:             clk_fpga_0
  Path Type:              Setup (Max at Slow Process Corner)
  Requirement:            8.000ns  (clk_fpga_0 rise@8.000ns - clk_fpga_0 rise@0.000ns)
  Data Path Delay:        7.204ns  (logic 3.346ns (46.447%)  route 3.858ns (53.553%))
  Logic Levels:           14  (CARRY4=8 LUT2=1 LUT3=1 LUT4=1 LUT5=2 LUT6=1)
  Clock Path Skew:        -0.351ns (DCD - SCD + CPR)
    Destination Clock Delay (DCD):    2.659ns = ( 10.659 - 8.000 ) 
    Source Clock Delay      (SCD):    3.139ns
    Clock Pessimism Removal (CPR):    0.129ns
  Clock Uncertainty:      0.125ns  ((TSJ^2 + TIJ^2)^1/2 + DJ) / 2 + PE
    Total System Jitter     (TSJ):    0.071ns
    Total Input Jitter      (TIJ):    0.240ns
    Discrete Jitter          (DJ):    0.000ns
    Phase Error              (PE):    0.000ns

    Location             Delay type                Incr(ns)  Path(ns)    Netlist Resource(s)
  -------------------------------------------------------------------    -------------------
                         (clock clk_fpga_0 rise edge)
                                                      0.000     0.000 r  <hidden>
    PS7_X0Y0             PS7                          0.000     0.000 r  system_i/ps7/inst/PS7_i/FCLKCLK[0]
                         net (fo=1, routed)           1.193     1.193    system_i/ps7/inst/FCLK_CLK_unbuffered[0]
    BUFGCTRL_X0Y16       BUFG (Prop_bufg_I_O)         0.101     1.294 r  system_i/ps7/inst/buffer_fclk_clk_0.FCLK_CLK_0_BUFG/O
                         net (fo=11036, routed)       1.845     3.139    system_i/iq_0/inst/s_axi_aclk
    SLICE_X36Y100        FDRE                                         r  system_i/iq_0/inst/freq_consumer_reg[1]/C
  -------------------------------------------------------------------    -------------------
    SLICE_X36Y100        FDRE (Prop_fdre_C_Q)         0.518     3.657 r  system_i/iq_0/inst/freq_consumer_reg[1]/Q
                         net (fo=5, routed)           0.691     4.348    system_i/iq_0/inst/freq_ring/word_index_reg[4]_i_10_0[1]
    SLICE_X38Y100        LUT2 (Prop_lut2_I1_O)        0.124     4.472 r  system_i/iq_0/inst/freq_ring/s_axi_bresp[1]_i_187/O
                         net (fo=1, routed)           0.000     4.472    system_i/iq_0/inst/freq_ring/s_axi_bresp[1]_i_187_n_0
    SLICE_X38Y100        CARRY4 (Prop_carry4_S[1]_CO[3])
                                                      0.533     5.005 r  system_i/iq_0/inst/freq_ring/s_axi_bresp_reg[1]_i_152/CO[3]
                         net (fo=1, routed)           0.000     5.005    system_i/iq_0/inst/freq_ring/s_axi_bresp_reg[1]_i_152_n_0
    SLICE_X38Y101        CARRY4 (Prop_carry4_CI_CO[3])
                                                      0.117     5.122 r  system_i/iq_0/inst/freq_ring/s_axi_bresp_reg[1]_i_151/CO[3]
                         net (fo=1, routed)           0.000     5.122    system_i/iq_0/inst/freq_ring/s_axi_bresp_reg[1]_i_151_n_0
    SLICE_X38Y102        CARRY4 (Prop_carry4_CI_CO[3])
                                                      0.117     5.239 r  system_i/iq_0/inst/freq_ring/s_axi_bresp_reg[1]_i_114/CO[3]
                         net (fo=1, routed)           0.000     5.239    system_i/iq_0/inst/freq_ring/s_axi_bresp_reg[1]_i_114_n_0
    SLICE_X38Y103        CARRY4 (Prop_carry4_CI_CO[3])
                                                      0.117     5.356 r  system_i/iq_0/inst/freq_ring/s_axi_bresp_reg[1]_i_113/CO[3]
                         net (fo=1, routed)           0.000     5.356    system_i/iq_0/inst/freq_ring/s_axi_bresp_reg[1]_i_113_n_0
    SLICE_X38Y104        CARRY4 (Prop_carry4_CI_CO[3])
                                                      0.117     5.473 r  system_i/iq_0/inst/freq_ring/s_axi_bresp_reg[1]_i_67/CO[3]
                         net (fo=1, routed)           0.000     5.473    system_i/iq_0/inst/freq_ring/s_axi_bresp_reg[1]_i_67_n_0
    SLICE_X38Y105        CARRY4 (Prop_carry4_CI_CO[3])
                                                      0.117     5.590 r  system_i/iq_0/inst/freq_ring/s_axi_bresp_reg[1]_i_66/CO[3]
                         net (fo=1, routed)           0.000     5.590    system_i/iq_0/inst/freq_ring/s_axi_bresp_reg[1]_i_66_n_0
    SLICE_X38Y106        CARRY4 (Prop_carry4_CI_O[2])
                                                      0.239     5.829 r  system_i/iq_0/inst/freq_ring/s_axi_bresp_reg[1]_i_43/O[2]
                         net (fo=2, routed)           0.934     6.763    system_i/iq_0/inst/freq_ring/s_axi_bresp35_out[26]
    SLICE_X37Y105        LUT4 (Prop_lut4_I3_O)        0.301     7.064 r  system_i/iq_0/inst/freq_ring/s_axi_bresp[1]_i_22/O
                         net (fo=1, routed)           0.000     7.064    system_i/iq_0/inst/freq_ring/s_axi_bresp[1]_i_22_n_0
    SLICE_X37Y105        CARRY4 (Prop_carry4_S[1]_CO[3])
                                                      0.550     7.614 r  system_i/iq_0/inst/freq_ring/s_axi_bresp_reg[1]_i_11/CO[3]
                         net (fo=2, routed)           0.843     8.457    system_i/iq_0/inst/freq_ring/s_axi_bresp263_in
    SLICE_X36Y98         LUT5 (Prop_lut5_I4_O)        0.124     8.581 f  system_i/iq_0/inst/freq_ring/freq_consumer[31]_i_5/O
                         net (fo=1, routed)           0.441     9.022    system_i/iq_0/inst/freq_ring/freq_consumer[31]_i_5_n_0
    SLICE_X35Y98         LUT6 (Prop_lut6_I0_O)        0.124     9.146 f  system_i/iq_0/inst/freq_ring/freq_consumer[31]_i_4/O
                         net (fo=2, routed)           0.164     9.310    system_i/iq_0/inst/freq_ring/freq_consumer[31]_i_4_n_0
    SLICE_X35Y98         LUT5 (Prop_lut5_I4_O)        0.124     9.434 r  system_i/iq_0/inst/freq_ring/freq_consumer[31]_i_3/O
                         net (fo=31, routed)          0.240     9.674    system_i/iq_0/inst/freq_ring/freq_consumer[31]_i_3_n_0
    SLICE_X35Y98         LUT3 (Prop_lut3_I2_O)        0.124     9.798 r  system_i/iq_0/inst/freq_ring/freq_consumer[31]_i_1/O
                         net (fo=32, routed)          0.545    10.343    system_i/iq_0/inst/freq_ring_n_58
    SLICE_X36Y99         FDRE                                         r  system_i/iq_0/inst/freq_consumer_reg[21]/CE
  -------------------------------------------------------------------    -------------------

                         (clock clk_fpga_0 rise edge)
                                                      8.000     8.000 r  <hidden>
    PS7_X0Y0             PS7                          0.000     8.000 r  system_i/ps7/inst/PS7_i/FCLKCLK[0]
                         net (fo=1, routed)           1.088     9.088    system_i/ps7/inst/FCLK_CLK_unbuffered[0]
    BUFGCTRL_X0Y16       BUFG (Prop_bufg_I_O)         0.091     9.179 r  system_i/ps7/inst/buffer_fclk_clk_0.FCLK_CLK_0_BUFG/O
                         net (fo=11036, routed)       1.480    10.659    system_i/iq_0/inst/s_axi_aclk
    SLICE_X36Y99         FDRE                                         r  system_i/iq_0/inst/freq_consumer_reg[21]/C
                         clock pessimism              0.129    10.788    <hidden>
                         clock uncertainty           -0.125    10.663    <hidden>
    SLICE_X36Y99         FDRE (Setup_fdre_C_CE)      -0.169    10.494    system_i/iq_0/inst/freq_consumer_reg[21]
  -------------------------------------------------------------------
                         required time                         10.494    <hidden>
                         arrival time                         -10.343    <hidden>
  -------------------------------------------------------------------
                         slack                                  0.151    <hidden>

Slack (MET) :             0.151ns  (required time - arrival time)
  Source:                 system_i/iq_0/inst/freq_consumer_reg[1]/C
                            (rising edge-triggered cell FDRE clocked by clk_fpga_0  {rise@0.000ns fall@4.000ns period=8.000ns})
  Destination:            system_i/iq_0/inst/freq_consumer_reg[24]/CE
                            (rising edge-triggered cell FDRE clocked by clk_fpga_0  {rise@0.000ns fall@4.000ns period=8.000ns})
  Path Group:             clk_fpga_0
  Path Type:              Setup (Max at Slow Process Corner)
  Requirement:            8.000ns  (clk_fpga_0 rise@8.000ns - clk_fpga_0 rise@0.000ns)
  Data Path Delay:        7.204ns  (logic 3.346ns (46.447%)  route 3.858ns (53.553%))
  Logic Levels:           14  (CARRY4=8 LUT2=1 LUT3=1 LUT4=1 LUT5=2 LUT6=1)
  Clock Path Skew:        -0.351ns (DCD - SCD + CPR)
    Destination Clock Delay (DCD):    2.659ns = ( 10.659 - 8.000 ) 
    Source Clock Delay      (SCD):    3.139ns
    Clock Pessimism Removal (CPR):    0.129ns
  Clock Uncertainty:      0.125ns  ((TSJ^2 + TIJ^2)^1/2 + DJ) / 2 + PE
    Total System Jitter     (TSJ):    0.071ns
    Total Input Jitter      (TIJ):    0.240ns
    Discrete Jitter          (DJ):    0.000ns
    Phase Error              (PE):    0.000ns

    Location             Delay type                Incr(ns)  Path(ns)    Netlist Resource(s)
  -------------------------------------------------------------------    -------------------
                         (clock clk_fpga_0 rise edge)
                                                      0.000     0.000 r  <hidden>
    PS7_X0Y0             PS7                          0.000     0.000 r  system_i/ps7/inst/PS7_i/FCLKCLK[0]
                         net (fo=1, routed)           1.193     1.193    system_i/ps7/inst/FCLK_CLK_unbuffered[0]
    BUFGCTRL_X0Y16       BUFG (Prop_bufg_I_O)         0.101     1.294 r  system_i/ps7/inst/buffer_fclk_clk_0.FCLK_CLK_0_BUFG/O
                         net (fo=11036, routed)       1.845     3.139    system_i/iq_0/inst/s_axi_aclk
    SLICE_X36Y100        FDRE                                         r  system_i/iq_0/inst/freq_consumer_reg[1]/C
  -------------------------------------------------------------------    -------------------
    SLICE_X36Y100        FDRE (Prop_fdre_C_Q)         0.518     3.657 r  system_i/iq_0/inst/freq_consumer_reg[1]/Q
                         net (fo=5, routed)           0.691     4.348    system_i/iq_0/inst/freq_ring/word_index_reg[4]_i_10_0[1]
    SLICE_X38Y100        LUT2 (Prop_lut2_I1_O)        0.124     4.472 r  system_i/iq_0/inst/freq_ring/s_axi_bresp[1]_i_187/O
                         net (fo=1, routed)           0.000     4.472    system_i/iq_0/inst/freq_ring/s_axi_bresp[1]_i_187_n_0
    SLICE_X38Y100        CARRY4 (Prop_carry4_S[1]_CO[3])
                                                      0.533     5.005 r  system_i/iq_0/inst/freq_ring/s_axi_bresp_reg[1]_i_152/CO[3]
                         net (fo=1, routed)           0.000     5.005    system_i/iq_0/inst/freq_ring/s_axi_bresp_reg[1]_i_152_n_0
    SLICE_X38Y101        CARRY4 (Prop_carry4_CI_CO[3])
                                                      0.117     5.122 r  system_i/iq_0/inst/freq_ring/s_axi_bresp_reg[1]_i_151/CO[3]
                         net (fo=1, routed)           0.000     5.122    system_i/iq_0/inst/freq_ring/s_axi_bresp_reg[1]_i_151_n_0
    SLICE_X38Y102        CARRY4 (Prop_carry4_CI_CO[3])
                                                      0.117     5.239 r  system_i/iq_0/inst/freq_ring/s_axi_bresp_reg[1]_i_114/CO[3]
                         net (fo=1, routed)           0.000     5.239    system_i/iq_0/inst/freq_ring/s_axi_bresp_reg[1]_i_114_n_0
    SLICE_X38Y103        CARRY4 (Prop_carry4_CI_CO[3])
                                                      0.117     5.356 r  system_i/iq_0/inst/freq_ring/s_axi_bresp_reg[1]_i_113/CO[3]
                         net (fo=1, routed)           0.000     5.356    system_i/iq_0/inst/freq_ring/s_axi_bresp_reg[1]_i_113_n_0
    SLICE_X38Y104        CARRY4 (Prop_carry4_CI_CO[3])
                                                      0.117     5.473 r  system_i/iq_0/inst/freq_ring/s_axi_bresp_reg[1]_i_67/CO[3]
                         net (fo=1, routed)           0.000     5.473    system_i/iq_0/inst/freq_ring/s_axi_bresp_reg[1]_i_67_n_0
    SLICE_X38Y105        CARRY4 (Prop_carry4_CI_CO[3])
                                                      0.117     5.590 r  system_i/iq_0/inst/freq_ring/s_axi_bresp_reg[1]_i_66/CO[3]
                         net (fo=1, routed)           0.000     5.590    system_i/iq_0/inst/freq_ring/s_axi_bresp_reg[1]_i_66_n_0
    SLICE_X38Y106        CARRY4 (Prop_carry4_CI_O[2])
                                                      0.239     5.829 r  system_i/iq_0/inst/freq_ring/s_axi_bresp_reg[1]_i_43/O[2]
                         net (fo=2, routed)           0.934     6.763    system_i/iq_0/inst/freq_ring/s_axi_bresp35_out[26]
    SLICE_X37Y105        LUT4 (Prop_lut4_I3_O)        0.301     7.064 r  system_i/iq_0/inst/freq_ring/s_axi_bresp[1]_i_22/O
                         net (fo=1, routed)           0.000     7.064    system_i/iq_0/inst/freq_ring/s_axi_bresp[1]_i_22_n_0
    SLICE_X37Y105        CARRY4 (Prop_carry4_S[1]_CO[3])
                                                      0.550     7.614 r  system_i/iq_0/inst/freq_ring/s_axi_bresp_reg[1]_i_11/CO[3]
                         net (fo=2, routed)           0.843     8.457    system_i/iq_0/inst/freq_ring/s_axi_bresp263_in
    SLICE_X36Y98         LUT5 (Prop_lut5_I4_O)        0.124     8.581 f  system_i/iq_0/inst/freq_ring/freq_consumer[31]_i_5/O
                         net (fo=1, routed)           0.441     9.022    system_i/iq_0/inst/freq_ring/freq_consumer[31]_i_5_n_0
    SLICE_X35Y98         LUT6 (Prop_lut6_I0_O)        0.124     9.146 f  system_i/iq_0/inst/freq_ring/freq_consumer[31]_i_4/O
                         net (fo=2, routed)           0.164     9.310    system_i/iq_0/inst/freq_ring/freq_consumer[31]_i_4_n_0
    SLICE_X35Y98         LUT5 (Prop_lut5_I4_O)        0.124     9.434 r  system_i/iq_0/inst/freq_ring/freq_consumer[31]_i_3/O
                         net (fo=31, routed)          0.240     9.674    system_i/iq_0/inst/freq_ring/freq_consumer[31]_i_3_n_0
    SLICE_X35Y98         LUT3 (Prop_lut3_I2_O)        0.124     9.798 r  system_i/iq_0/inst/freq_ring/freq_consumer[31]_i_1/O
                         net (fo=32, routed)          0.545    10.343    system_i/iq_0/inst/freq_ring_n_58
    SLICE_X36Y99         FDRE                                         r  system_i/iq_0/inst/freq_consumer_reg[24]/CE
  -------------------------------------------------------------------    -------------------

                         (clock clk_fpga_0 rise edge)
                                                      8.000     8.000 r  <hidden>
    PS7_X0Y0             PS7                          0.000     8.000 r  system_i/ps7/inst/PS7_i/FCLKCLK[0]
                         net (fo=1, routed)           1.088     9.088    system_i/ps7/inst/FCLK_CLK_unbuffered[0]
    BUFGCTRL_X0Y16       BUFG (Prop_bufg_I_O)         0.091     9.179 r  system_i/ps7/inst/buffer_fclk_clk_0.FCLK_CLK_0_BUFG/O
                         net (fo=11036, routed)       1.480    10.659    system_i/iq_0/inst/s_axi_aclk
    SLICE_X36Y99         FDRE                                         r  system_i/iq_0/inst/freq_consumer_reg[24]/C
                         clock pessimism              0.129    10.788    <hidden>
                         clock uncertainty           -0.125    10.663    <hidden>
    SLICE_X36Y99         FDRE (Setup_fdre_C_CE)      -0.169    10.494    system_i/iq_0/inst/freq_consumer_reg[24]
  -------------------------------------------------------------------
                         required time                         10.494    <hidden>
                         arrival time                         -10.343    <hidden>
  -------------------------------------------------------------------
                         slack                                  0.151    <hidden>

Slack (MET) :             0.209ns  (required time - arrival time)
  Source:                 system_i/iq_0/inst/burst_consumer_reg[4]/C
                            (rising edge-triggered cell FDRE clocked by clk_fpga_0  {rise@0.000ns fall@4.000ns period=8.000ns})
  Destination:            system_i/iq_0/inst/burst_consumer_reg[14]/CE
                            (rising edge-triggered cell FDRE clocked by clk_fpga_0  {rise@0.000ns fall@4.000ns period=8.000ns})
  Path Group:             clk_fpga_0
  Path Type:              Setup (Max at Slow Process Corner)
  Requirement:            8.000ns  (clk_fpga_0 rise@8.000ns - clk_fpga_0 rise@0.000ns)
  Data Path Delay:        7.477ns  (logic 3.225ns (43.131%)  route 4.252ns (56.869%))
  Logic Levels:           12  (CARRY4=7 LUT2=1 LUT3=1 LUT4=1 LUT5=1 LUT6=1)
  Clock Path Skew:        0.016ns (DCD - SCD + CPR)
    Destination Clock Delay (DCD):    2.833ns = ( 10.833 - 8.000 ) 
    Source Clock Delay      (SCD):    2.946ns
    Clock Pessimism Removal (CPR):    0.129ns
  Clock Uncertainty:      0.125ns  ((TSJ^2 + TIJ^2)^1/2 + DJ) / 2 + PE
    Total System Jitter     (TSJ):    0.071ns
    Total Input Jitter      (TIJ):    0.240ns
    Discrete Jitter          (DJ):    0.000ns
    Phase Error              (PE):    0.000ns

    Location             Delay type                Incr(ns)  Path(ns)    Netlist Resource(s)
  -------------------------------------------------------------------    -------------------
                         (clock clk_fpga_0 rise edge)
                                                      0.000     0.000 r  <hidden>
    PS7_X0Y0             PS7                          0.000     0.000 r  system_i/ps7/inst/PS7_i/FCLKCLK[0]
                         net (fo=1, routed)           1.193     1.193    system_i/ps7/inst/FCLK_CLK_unbuffered[0]
    BUFGCTRL_X0Y16       BUFG (Prop_bufg_I_O)         0.101     1.294 r  system_i/ps7/inst/buffer_fclk_clk_0.FCLK_CLK_0_BUFG/O
                         net (fo=11036, routed)       1.652     2.946    system_i/iq_0/inst/s_axi_aclk
    SLICE_X43Y99         FDRE                                         r  system_i/iq_0/inst/burst_consumer_reg[4]/C
  -------------------------------------------------------------------    -------------------
    SLICE_X43Y99         FDRE (Prop_fdre_C_Q)         0.419     3.365 r  system_i/iq_0/inst/burst_consumer_reg[4]/Q
                         net (fo=5, routed)           0.890     4.255    system_i/iq_0/inst/burst_ring/word_index_reg[3]_i_10_0[4]
    SLICE_X49Y96         LUT2 (Prop_lut2_I1_O)        0.296     4.551 r  system_i/iq_0/inst/burst_ring/s_axi_bresp[1]_i_196/O
                         net (fo=1, routed)           0.000     4.551    system_i/iq_0/inst/burst_ring/s_axi_bresp[1]_i_196_n_0
    SLICE_X49Y96         CARRY4 (Prop_carry4_S[0]_CO[3])
                                                      0.532     5.083 r  system_i/iq_0/inst/burst_ring/s_axi_bresp_reg[1]_i_162/CO[3]
                         net (fo=1, routed)           0.000     5.083    system_i/iq_0/inst/burst_ring/s_axi_bresp_reg[1]_i_162_n_0
    SLICE_X49Y97         CARRY4 (Prop_carry4_CI_CO[3])
                                                      0.114     5.197 r  system_i/iq_0/inst/burst_ring/s_axi_bresp_reg[1]_i_134/CO[3]
                         net (fo=1, routed)           0.000     5.197    system_i/iq_0/inst/burst_ring/s_axi_bresp_reg[1]_i_134_n_0
    SLICE_X49Y98         CARRY4 (Prop_carry4_CI_CO[3])
                                                      0.114     5.311 r  system_i/iq_0/inst/burst_ring/s_axi_bresp_reg[1]_i_132/CO[3]
                         net (fo=1, routed)           0.000     5.311    system_i/iq_0/inst/burst_ring/s_axi_bresp_reg[1]_i_132_n_0
    SLICE_X49Y99         CARRY4 (Prop_carry4_CI_CO[3])
                                                      0.114     5.425 r  system_i/iq_0/inst/burst_ring/s_axi_bresp_reg[1]_i_88/CO[3]
                         net (fo=1, routed)           0.001     5.426    system_i/iq_0/inst/burst_ring/s_axi_bresp_reg[1]_i_88_n_0
    SLICE_X49Y100        CARRY4 (Prop_carry4_CI_CO[3])
                                                      0.114     5.540 r  system_i/iq_0/inst/burst_ring/s_axi_bresp_reg[1]_i_86/CO[3]
                         net (fo=1, routed)           0.000     5.540    system_i/iq_0/inst/burst_ring/s_axi_bresp_reg[1]_i_86_n_0
    SLICE_X49Y101        CARRY4 (Prop_carry4_CI_O[1])
                                                      0.334     5.874 r  system_i/iq_0/inst/burst_ring/s_axi_bresp_reg[1]_i_56/O[1]
                         net (fo=2, routed)           0.968     6.842    system_i/iq_0/inst/burst_ring/s_axi_bresp31_out[25]
    SLICE_X42Y102        LUT4 (Prop_lut4_I0_O)        0.303     7.145 r  system_i/iq_0/inst/burst_ring/s_axi_bresp[1]_i_32/O
                         net (fo=1, routed)           0.000     7.145    system_i/iq_0/inst/burst_ring/s_axi_bresp[1]_i_32_n_0
    SLICE_X42Y102        CARRY4 (Prop_carry4_S[0]_CO[3])
                                                      0.513     7.658 r  system_i/iq_0/inst/burst_ring/s_axi_bresp_reg[1]_i_12/CO[3]
                         net (fo=2, routed)           0.611     8.269    system_i/iq_0/inst/burst_ring/s_axi_bresp[1]_i_32_0[0]
    SLICE_X40Y102        LUT6 (Prop_lut6_I5_O)        0.124     8.393 f  system_i/iq_0/inst/burst_ring/burst_consumer[31]_i_5/O
                         net (fo=2, routed)           0.450     8.843    system_i/iq_0/inst/burst_ring/burst_consumer[31]_i_5_n_0
    SLICE_X39Y100        LUT5 (Prop_lut5_I0_O)        0.124     8.967 r  system_i/iq_0/inst/burst_ring/burst_consumer[31]_i_3/O
                         net (fo=27, routed)          0.561     9.528    system_i/iq_0/inst/burst_ring/burst_consumer[31]_i_3_n_0
    SLICE_X40Y99         LUT3 (Prop_lut3_I0_O)        0.124     9.652 r  system_i/iq_0/inst/burst_ring/burst_consumer[31]_i_1/O
                         net (fo=32, routed)          0.771    10.423    system_i/iq_0/inst/burst_ring_n_148
    SLICE_X43Y100        FDRE                                         r  system_i/iq_0/inst/burst_consumer_reg[14]/CE
  -------------------------------------------------------------------    -------------------

                         (clock clk_fpga_0 rise edge)
                                                      8.000     8.000 r  <hidden>
    PS7_X0Y0             PS7                          0.000     8.000 r  system_i/ps7/inst/PS7_i/FCLKCLK[0]
                         net (fo=1, routed)           1.088     9.088    system_i/ps7/inst/FCLK_CLK_unbuffered[0]
    BUFGCTRL_X0Y16       BUFG (Prop_bufg_I_O)         0.091     9.179 r  system_i/ps7/inst/buffer_fclk_clk_0.FCLK_CLK_0_BUFG/O
                         net (fo=11036, routed)       1.654    10.833    system_i/iq_0/inst/s_axi_aclk
    SLICE_X43Y100        FDRE                                         r  system_i/iq_0/inst/burst_consumer_reg[14]/C
                         clock pessimism              0.129    10.962    <hidden>
                         clock uncertainty           -0.125    10.837    <hidden>
    SLICE_X43Y100        FDRE (Setup_fdre_C_CE)      -0.205    10.632    system_i/iq_0/inst/burst_consumer_reg[14]
  -------------------------------------------------------------------
                         required time                         10.632    <hidden>
                         arrival time                         -10.423    <hidden>
  -------------------------------------------------------------------
                         slack                                  0.209    <hidden>

Slack (MET) :             0.209ns  (required time - arrival time)
  Source:                 system_i/iq_0/inst/burst_consumer_reg[4]/C
                            (rising edge-triggered cell FDRE clocked by clk_fpga_0  {rise@0.000ns fall@4.000ns period=8.000ns})
  Destination:            system_i/iq_0/inst/burst_consumer_reg[15]/CE
                            (rising edge-triggered cell FDRE clocked by clk_fpga_0  {rise@0.000ns fall@4.000ns period=8.000ns})
  Path Group:             clk_fpga_0
  Path Type:              Setup (Max at Slow Process Corner)
  Requirement:            8.000ns  (clk_fpga_0 rise@8.000ns - clk_fpga_0 rise@0.000ns)
  Data Path Delay:        7.477ns  (logic 3.225ns (43.131%)  route 4.252ns (56.869%))
  Logic Levels:           12  (CARRY4=7 LUT2=1 LUT3=1 LUT4=1 LUT5=1 LUT6=1)
  Clock Path Skew:        0.016ns (DCD - SCD + CPR)
    Destination Clock Delay (DCD):    2.833ns = ( 10.833 - 8.000 ) 
    Source Clock Delay      (SCD):    2.946ns
    Clock Pessimism Removal (CPR):    0.129ns
  Clock Uncertainty:      0.125ns  ((TSJ^2 + TIJ^2)^1/2 + DJ) / 2 + PE
    Total System Jitter     (TSJ):    0.071ns
    Total Input Jitter      (TIJ):    0.240ns
    Discrete Jitter          (DJ):    0.000ns
    Phase Error              (PE):    0.000ns

    Location             Delay type                Incr(ns)  Path(ns)    Netlist Resource(s)
  -------------------------------------------------------------------    -------------------
                         (clock clk_fpga_0 rise edge)
                                                      0.000     0.000 r  <hidden>
    PS7_X0Y0             PS7                          0.000     0.000 r  system_i/ps7/inst/PS7_i/FCLKCLK[0]
                         net (fo=1, routed)           1.193     1.193    system_i/ps7/inst/FCLK_CLK_unbuffered[0]
    BUFGCTRL_X0Y16       BUFG (Prop_bufg_I_O)         0.101     1.294 r  system_i/ps7/inst/buffer_fclk_clk_0.FCLK_CLK_0_BUFG/O
                         net (fo=11036, routed)       1.652     2.946    system_i/iq_0/inst/s_axi_aclk
    SLICE_X43Y99         FDRE                                         r  system_i/iq_0/inst/burst_consumer_reg[4]/C
  -------------------------------------------------------------------    -------------------
    SLICE_X43Y99         FDRE (Prop_fdre_C_Q)         0.419     3.365 r  system_i/iq_0/inst/burst_consumer_reg[4]/Q
                         net (fo=5, routed)           0.890     4.255    system_i/iq_0/inst/burst_ring/word_index_reg[3]_i_10_0[4]
    SLICE_X49Y96         LUT2 (Prop_lut2_I1_O)        0.296     4.551 r  system_i/iq_0/inst/burst_ring/s_axi_bresp[1]_i_196/O
                         net (fo=1, routed)           0.000     4.551    system_i/iq_0/inst/burst_ring/s_axi_bresp[1]_i_196_n_0
    SLICE_X49Y96         CARRY4 (Prop_carry4_S[0]_CO[3])
                                                      0.532     5.083 r  system_i/iq_0/inst/burst_ring/s_axi_bresp_reg[1]_i_162/CO[3]
                         net (fo=1, routed)           0.000     5.083    system_i/iq_0/inst/burst_ring/s_axi_bresp_reg[1]_i_162_n_0
    SLICE_X49Y97         CARRY4 (Prop_carry4_CI_CO[3])
                                                      0.114     5.197 r  system_i/iq_0/inst/burst_ring/s_axi_bresp_reg[1]_i_134/CO[3]
                         net (fo=1, routed)           0.000     5.197    system_i/iq_0/inst/burst_ring/s_axi_bresp_reg[1]_i_134_n_0
    SLICE_X49Y98         CARRY4 (Prop_carry4_CI_CO[3])
                                                      0.114     5.311 r  system_i/iq_0/inst/burst_ring/s_axi_bresp_reg[1]_i_132/CO[3]
                         net (fo=1, routed)           0.000     5.311    system_i/iq_0/inst/burst_ring/s_axi_bresp_reg[1]_i_132_n_0
    SLICE_X49Y99         CARRY4 (Prop_carry4_CI_CO[3])
                                                      0.114     5.425 r  system_i/iq_0/inst/burst_ring/s_axi_bresp_reg[1]_i_88/CO[3]
                         net (fo=1, routed)           0.001     5.426    system_i/iq_0/inst/burst_ring/s_axi_bresp_reg[1]_i_88_n_0
    SLICE_X49Y100        CARRY4 (Prop_carry4_CI_CO[3])
                                                      0.114     5.540 r  system_i/iq_0/inst/burst_ring/s_axi_bresp_reg[1]_i_86/CO[3]
                         net (fo=1, routed)           0.000     5.540    system_i/iq_0/inst/burst_ring/s_axi_bresp_reg[1]_i_86_n_0
    SLICE_X49Y101        CARRY4 (Prop_carry4_CI_O[1])
                                                      0.334     5.874 r  system_i/iq_0/inst/burst_ring/s_axi_bresp_reg[1]_i_56/O[1]
                         net (fo=2, routed)           0.968     6.842    system_i/iq_0/inst/burst_ring/s_axi_bresp31_out[25]
    SLICE_X42Y102        LUT4 (Prop_lut4_I0_O)        0.303     7.145 r  system_i/iq_0/inst/burst_ring/s_axi_bresp[1]_i_32/O
                         net (fo=1, routed)           0.000     7.145    system_i/iq_0/inst/burst_ring/s_axi_bresp[1]_i_32_n_0
    SLICE_X42Y102        CARRY4 (Prop_carry4_S[0]_CO[3])
                                                      0.513     7.658 r  system_i/iq_0/inst/burst_ring/s_axi_bresp_reg[1]_i_12/CO[3]
                         net (fo=2, routed)           0.611     8.269    system_i/iq_0/inst/burst_ring/s_axi_bresp[1]_i_32_0[0]
    SLICE_X40Y102        LUT6 (Prop_lut6_I5_O)        0.124     8.393 f  system_i/iq_0/inst/burst_ring/burst_consumer[31]_i_5/O
                         net (fo=2, routed)           0.450     8.843    system_i/iq_0/inst/burst_ring/burst_consumer[31]_i_5_n_0
    SLICE_X39Y100        LUT5 (Prop_lut5_I0_O)        0.124     8.967 r  system_i/iq_0/inst/burst_ring/burst_consumer[31]_i_3/O
                         net (fo=27, routed)          0.561     9.528    system_i/iq_0/inst/burst_ring/burst_consumer[31]_i_3_n_0
    SLICE_X40Y99         LUT3 (Prop_lut3_I0_O)        0.124     9.652 r  system_i/iq_0/inst/burst_ring/burst_consumer[31]_i_1/O
                         net (fo=32, routed)          0.771    10.423    system_i/iq_0/inst/burst_ring_n_148
    SLICE_X43Y100        FDRE                                         r  system_i/iq_0/inst/burst_consumer_reg[15]/CE
  -------------------------------------------------------------------    -------------------

                         (clock clk_fpga_0 rise edge)
                                                      8.000     8.000 r  <hidden>
    PS7_X0Y0             PS7                          0.000     8.000 r  system_i/ps7/inst/PS7_i/FCLKCLK[0]
                         net (fo=1, routed)           1.088     9.088    system_i/ps7/inst/FCLK_CLK_unbuffered[0]
    BUFGCTRL_X0Y16       BUFG (Prop_bufg_I_O)         0.091     9.179 r  system_i/ps7/inst/buffer_fclk_clk_0.FCLK_CLK_0_BUFG/O
                         net (fo=11036, routed)       1.654    10.833    system_i/iq_0/inst/s_axi_aclk
    SLICE_X43Y100        FDRE                                         r  system_i/iq_0/inst/burst_consumer_reg[15]/C
                         clock pessimism              0.129    10.962    <hidden>
                         clock uncertainty           -0.125    10.837    <hidden>
    SLICE_X43Y100        FDRE (Setup_fdre_C_CE)      -0.205    10.632    system_i/iq_0/inst/burst_consumer_reg[15]
  -------------------------------------------------------------------
                         required time                         10.632    <hidden>
                         arrival time                         -10.423    <hidden>
  -------------------------------------------------------------------
                         slack                                  0.209    <hidden>

Slack (MET) :             0.209ns  (required time - arrival time)
  Source:                 system_i/iq_0/inst/burst_consumer_reg[4]/C
                            (rising edge-triggered cell FDRE clocked by clk_fpga_0  {rise@0.000ns fall@4.000ns period=8.000ns})
  Destination:            system_i/iq_0/inst/burst_consumer_reg[16]/CE
                            (rising edge-triggered cell FDRE clocked by clk_fpga_0  {rise@0.000ns fall@4.000ns period=8.000ns})
  Path Group:             clk_fpga_0
  Path Type:              Setup (Max at Slow Process Corner)
  Requirement:            8.000ns  (clk_fpga_0 rise@8.000ns - clk_fpga_0 rise@0.000ns)
  Data Path Delay:        7.477ns  (logic 3.225ns (43.131%)  route 4.252ns (56.869%))
  Logic Levels:           12  (CARRY4=7 LUT2=1 LUT3=1 LUT4=1 LUT5=1 LUT6=1)
  Clock Path Skew:        0.016ns (DCD - SCD + CPR)
    Destination Clock Delay (DCD):    2.833ns = ( 10.833 - 8.000 ) 
    Source Clock Delay      (SCD):    2.946ns
    Clock Pessimism Removal (CPR):    0.129ns
  Clock Uncertainty:      0.125ns  ((TSJ^2 + TIJ^2)^1/2 + DJ) / 2 + PE
    Total System Jitter     (TSJ):    0.071ns
    Total Input Jitter      (TIJ):    0.240ns
    Discrete Jitter          (DJ):    0.000ns
    Phase Error              (PE):    0.000ns

    Location             Delay type                Incr(ns)  Path(ns)    Netlist Resource(s)
  -------------------------------------------------------------------    -------------------
                         (clock clk_fpga_0 rise edge)
                                                      0.000     0.000 r  <hidden>
    PS7_X0Y0             PS7                          0.000     0.000 r  system_i/ps7/inst/PS7_i/FCLKCLK[0]
                         net (fo=1, routed)           1.193     1.193    system_i/ps7/inst/FCLK_CLK_unbuffered[0]
    BUFGCTRL_X0Y16       BUFG (Prop_bufg_I_O)         0.101     1.294 r  system_i/ps7/inst/buffer_fclk_clk_0.FCLK_CLK_0_BUFG/O
                         net (fo=11036, routed)       1.652     2.946    system_i/iq_0/inst/s_axi_aclk
    SLICE_X43Y99         FDRE                                         r  system_i/iq_0/inst/burst_consumer_reg[4]/C
  -------------------------------------------------------------------    -------------------
    SLICE_X43Y99         FDRE (Prop_fdre_C_Q)         0.419     3.365 r  system_i/iq_0/inst/burst_consumer_reg[4]/Q
                         net (fo=5, routed)           0.890     4.255    system_i/iq_0/inst/burst_ring/word_index_reg[3]_i_10_0[4]
    SLICE_X49Y96         LUT2 (Prop_lut2_I1_O)        0.296     4.551 r  system_i/iq_0/inst/burst_ring/s_axi_bresp[1]_i_196/O
                         net (fo=1, routed)           0.000     4.551    system_i/iq_0/inst/burst_ring/s_axi_bresp[1]_i_196_n_0
    SLICE_X49Y96         CARRY4 (Prop_carry4_S[0]_CO[3])
                                                      0.532     5.083 r  system_i/iq_0/inst/burst_ring/s_axi_bresp_reg[1]_i_162/CO[3]
                         net (fo=1, routed)           0.000     5.083    system_i/iq_0/inst/burst_ring/s_axi_bresp_reg[1]_i_162_n_0
    SLICE_X49Y97         CARRY4 (Prop_carry4_CI_CO[3])
                                                      0.114     5.197 r  system_i/iq_0/inst/burst_ring/s_axi_bresp_reg[1]_i_134/CO[3]
                         net (fo=1, routed)           0.000     5.197    system_i/iq_0/inst/burst_ring/s_axi_bresp_reg[1]_i_134_n_0
    SLICE_X49Y98         CARRY4 (Prop_carry4_CI_CO[3])
                                                      0.114     5.311 r  system_i/iq_0/inst/burst_ring/s_axi_bresp_reg[1]_i_132/CO[3]
                         net (fo=1, routed)           0.000     5.311    system_i/iq_0/inst/burst_ring/s_axi_bresp_reg[1]_i_132_n_0
    SLICE_X49Y99         CARRY4 (Prop_carry4_CI_CO[3])
                                                      0.114     5.425 r  system_i/iq_0/inst/burst_ring/s_axi_bresp_reg[1]_i_88/CO[3]
                         net (fo=1, routed)           0.001     5.426    system_i/iq_0/inst/burst_ring/s_axi_bresp_reg[1]_i_88_n_0
    SLICE_X49Y100        CARRY4 (Prop_carry4_CI_CO[3])
                                                      0.114     5.540 r  system_i/iq_0/inst/burst_ring/s_axi_bresp_reg[1]_i_86/CO[3]
                         net (fo=1, routed)           0.000     5.540    system_i/iq_0/inst/burst_ring/s_axi_bresp_reg[1]_i_86_n_0
    SLICE_X49Y101        CARRY4 (Prop_carry4_CI_O[1])
                                                      0.334     5.874 r  system_i/iq_0/inst/burst_ring/s_axi_bresp_reg[1]_i_56/O[1]
                         net (fo=2, routed)           0.968     6.842    system_i/iq_0/inst/burst_ring/s_axi_bresp31_out[25]
    SLICE_X42Y102        LUT4 (Prop_lut4_I0_O)        0.303     7.145 r  system_i/iq_0/inst/burst_ring/s_axi_bresp[1]_i_32/O
                         net (fo=1, routed)           0.000     7.145    system_i/iq_0/inst/burst_ring/s_axi_bresp[1]_i_32_n_0
    SLICE_X42Y102        CARRY4 (Prop_carry4_S[0]_CO[3])
                                                      0.513     7.658 r  system_i/iq_0/inst/burst_ring/s_axi_bresp_reg[1]_i_12/CO[3]
                         net (fo=2, routed)           0.611     8.269    system_i/iq_0/inst/burst_ring/s_axi_bresp[1]_i_32_0[0]
    SLICE_X40Y102        LUT6 (Prop_lut6_I5_O)        0.124     8.393 f  system_i/iq_0/inst/burst_ring/burst_consumer[31]_i_5/O
                         net (fo=2, routed)           0.450     8.843    system_i/iq_0/inst/burst_ring/burst_consumer[31]_i_5_n_0
    SLICE_X39Y100        LUT5 (Prop_lut5_I0_O)        0.124     8.967 r  system_i/iq_0/inst/burst_ring/burst_consumer[31]_i_3/O
                         net (fo=27, routed)          0.561     9.528    system_i/iq_0/inst/burst_ring/burst_consumer[31]_i_3_n_0
    SLICE_X40Y99         LUT3 (Prop_lut3_I0_O)        0.124     9.652 r  system_i/iq_0/inst/burst_ring/burst_consumer[31]_i_1/O
                         net (fo=32, routed)          0.771    10.423    system_i/iq_0/inst/burst_ring_n_148
    SLICE_X43Y100        FDRE                                         r  system_i/iq_0/inst/burst_consumer_reg[16]/CE
  -------------------------------------------------------------------    -------------------

                         (clock clk_fpga_0 rise edge)
                                                      8.000     8.000 r  <hidden>
    PS7_X0Y0             PS7                          0.000     8.000 r  system_i/ps7/inst/PS7_i/FCLKCLK[0]
                         net (fo=1, routed)           1.088     9.088    system_i/ps7/inst/FCLK_CLK_unbuffered[0]
    BUFGCTRL_X0Y16       BUFG (Prop_bufg_I_O)         0.091     9.179 r  system_i/ps7/inst/buffer_fclk_clk_0.FCLK_CLK_0_BUFG/O
                         net (fo=11036, routed)       1.654    10.833    system_i/iq_0/inst/s_axi_aclk
    SLICE_X43Y100        FDRE                                         r  system_i/iq_0/inst/burst_consumer_reg[16]/C
                         clock pessimism              0.129    10.962    <hidden>
                         clock uncertainty           -0.125    10.837    <hidden>
    SLICE_X43Y100        FDRE (Setup_fdre_C_CE)      -0.205    10.632    system_i/iq_0/inst/burst_consumer_reg[16]
  -------------------------------------------------------------------
                         required time                         10.632    <hidden>
                         arrival time                         -10.423    <hidden>
  -------------------------------------------------------------------
                         slack                                  0.209    <hidden>

Slack (MET) :             0.209ns  (required time - arrival time)
  Source:                 system_i/iq_0/inst/burst_consumer_reg[4]/C
                            (rising edge-triggered cell FDRE clocked by clk_fpga_0  {rise@0.000ns fall@4.000ns period=8.000ns})
  Destination:            system_i/iq_0/inst/burst_consumer_reg[17]/CE
                            (rising edge-triggered cell FDRE clocked by clk_fpga_0  {rise@0.000ns fall@4.000ns period=8.000ns})
  Path Group:             clk_fpga_0
  Path Type:              Setup (Max at Slow Process Corner)
  Requirement:            8.000ns  (clk_fpga_0 rise@8.000ns - clk_fpga_0 rise@0.000ns)
  Data Path Delay:        7.477ns  (logic 3.225ns (43.131%)  route 4.252ns (56.869%))
  Logic Levels:           12  (CARRY4=7 LUT2=1 LUT3=1 LUT4=1 LUT5=1 LUT6=1)
  Clock Path Skew:        0.016ns (DCD - SCD + CPR)
    Destination Clock Delay (DCD):    2.833ns = ( 10.833 - 8.000 ) 
    Source Clock Delay      (SCD):    2.946ns
    Clock Pessimism Removal (CPR):    0.129ns
  Clock Uncertainty:      0.125ns  ((TSJ^2 + TIJ^2)^1/2 + DJ) / 2 + PE
    Total System Jitter     (TSJ):    0.071ns
    Total Input Jitter      (TIJ):    0.240ns
    Discrete Jitter          (DJ):    0.000ns
    Phase Error              (PE):    0.000ns

    Location             Delay type                Incr(ns)  Path(ns)    Netlist Resource(s)
  -------------------------------------------------------------------    -------------------
                         (clock clk_fpga_0 rise edge)
                                                      0.000     0.000 r  <hidden>
    PS7_X0Y0             PS7                          0.000     0.000 r  system_i/ps7/inst/PS7_i/FCLKCLK[0]
                         net (fo=1, routed)           1.193     1.193    system_i/ps7/inst/FCLK_CLK_unbuffered[0]
    BUFGCTRL_X0Y16       BUFG (Prop_bufg_I_O)         0.101     1.294 r  system_i/ps7/inst/buffer_fclk_clk_0.FCLK_CLK_0_BUFG/O
                         net (fo=11036, routed)       1.652     2.946    system_i/iq_0/inst/s_axi_aclk
    SLICE_X43Y99         FDRE                                         r  system_i/iq_0/inst/burst_consumer_reg[4]/C
  -------------------------------------------------------------------    -------------------
    SLICE_X43Y99         FDRE (Prop_fdre_C_Q)         0.419     3.365 r  system_i/iq_0/inst/burst_consumer_reg[4]/Q
                         net (fo=5, routed)           0.890     4.255    system_i/iq_0/inst/burst_ring/word_index_reg[3]_i_10_0[4]
    SLICE_X49Y96         LUT2 (Prop_lut2_I1_O)        0.296     4.551 r  system_i/iq_0/inst/burst_ring/s_axi_bresp[1]_i_196/O
                         net (fo=1, routed)           0.000     4.551    system_i/iq_0/inst/burst_ring/s_axi_bresp[1]_i_196_n_0
    SLICE_X49Y96         CARRY4 (Prop_carry4_S[0]_CO[3])
                                                      0.532     5.083 r  system_i/iq_0/inst/burst_ring/s_axi_bresp_reg[1]_i_162/CO[3]
                         net (fo=1, routed)           0.000     5.083    system_i/iq_0/inst/burst_ring/s_axi_bresp_reg[1]_i_162_n_0
    SLICE_X49Y97         CARRY4 (Prop_carry4_CI_CO[3])
                                                      0.114     5.197 r  system_i/iq_0/inst/burst_ring/s_axi_bresp_reg[1]_i_134/CO[3]
                         net (fo=1, routed)           0.000     5.197    system_i/iq_0/inst/burst_ring/s_axi_bresp_reg[1]_i_134_n_0
    SLICE_X49Y98         CARRY4 (Prop_carry4_CI_CO[3])
                                                      0.114     5.311 r  system_i/iq_0/inst/burst_ring/s_axi_bresp_reg[1]_i_132/CO[3]
                         net (fo=1, routed)           0.000     5.311    system_i/iq_0/inst/burst_ring/s_axi_bresp_reg[1]_i_132_n_0
    SLICE_X49Y99         CARRY4 (Prop_carry4_CI_CO[3])
                                                      0.114     5.425 r  system_i/iq_0/inst/burst_ring/s_axi_bresp_reg[1]_i_88/CO[3]
                         net (fo=1, routed)           0.001     5.426    system_i/iq_0/inst/burst_ring/s_axi_bresp_reg[1]_i_88_n_0
    SLICE_X49Y100        CARRY4 (Prop_carry4_CI_CO[3])
                                                      0.114     5.540 r  system_i/iq_0/inst/burst_ring/s_axi_bresp_reg[1]_i_86/CO[3]
                         net (fo=1, routed)           0.000     5.540    system_i/iq_0/inst/burst_ring/s_axi_bresp_reg[1]_i_86_n_0
    SLICE_X49Y101        CARRY4 (Prop_carry4_CI_O[1])
                                                      0.334     5.874 r  system_i/iq_0/inst/burst_ring/s_axi_bresp_reg[1]_i_56/O[1]
                         net (fo=2, routed)           0.968     6.842    system_i/iq_0/inst/burst_ring/s_axi_bresp31_out[25]
    SLICE_X42Y102        LUT4 (Prop_lut4_I0_O)        0.303     7.145 r  system_i/iq_0/inst/burst_ring/s_axi_bresp[1]_i_32/O
                         net (fo=1, routed)           0.000     7.145    system_i/iq_0/inst/burst_ring/s_axi_bresp[1]_i_32_n_0
    SLICE_X42Y102        CARRY4 (Prop_carry4_S[0]_CO[3])
                                                      0.513     7.658 r  system_i/iq_0/inst/burst_ring/s_axi_bresp_reg[1]_i_12/CO[3]
                         net (fo=2, routed)           0.611     8.269    system_i/iq_0/inst/burst_ring/s_axi_bresp[1]_i_32_0[0]
    SLICE_X40Y102        LUT6 (Prop_lut6_I5_O)        0.124     8.393 f  system_i/iq_0/inst/burst_ring/burst_consumer[31]_i_5/O
                         net (fo=2, routed)           0.450     8.843    system_i/iq_0/inst/burst_ring/burst_consumer[31]_i_5_n_0
    SLICE_X39Y100        LUT5 (Prop_lut5_I0_O)        0.124     8.967 r  system_i/iq_0/inst/burst_ring/burst_consumer[31]_i_3/O
                         net (fo=27, routed)          0.561     9.528    system_i/iq_0/inst/burst_ring/burst_consumer[31]_i_3_n_0
    SLICE_X40Y99         LUT3 (Prop_lut3_I0_O)        0.124     9.652 r  system_i/iq_0/inst/burst_ring/burst_consumer[31]_i_1/O
                         net (fo=32, routed)          0.771    10.423    system_i/iq_0/inst/burst_ring_n_148
    SLICE_X43Y100        FDRE                                         r  system_i/iq_0/inst/burst_consumer_reg[17]/CE
  -------------------------------------------------------------------    -------------------

                         (clock clk_fpga_0 rise edge)
                                                      8.000     8.000 r  <hidden>
    PS7_X0Y0             PS7                          0.000     8.000 r  system_i/ps7/inst/PS7_i/FCLKCLK[0]
                         net (fo=1, routed)           1.088     9.088    system_i/ps7/inst/FCLK_CLK_unbuffered[0]
    BUFGCTRL_X0Y16       BUFG (Prop_bufg_I_O)         0.091     9.179 r  system_i/ps7/inst/buffer_fclk_clk_0.FCLK_CLK_0_BUFG/O
                         net (fo=11036, routed)       1.654    10.833    system_i/iq_0/inst/s_axi_aclk
    SLICE_X43Y100        FDRE                                         r  system_i/iq_0/inst/burst_consumer_reg[17]/C
                         clock pessimism              0.129    10.962    <hidden>
                         clock uncertainty           -0.125    10.837    <hidden>
    SLICE_X43Y100        FDRE (Setup_fdre_C_CE)      -0.205    10.632    system_i/iq_0/inst/burst_consumer_reg[17]
  -------------------------------------------------------------------
                         required time                         10.632    <hidden>
                         arrival time                         -10.423    <hidden>
  -------------------------------------------------------------------
                         slack                                  0.209    <hidden>

Slack (MET) :             0.209ns  (required time - arrival time)
  Source:                 system_i/iq_0/inst/burst_consumer_reg[4]/C
                            (rising edge-triggered cell FDRE clocked by clk_fpga_0  {rise@0.000ns fall@4.000ns period=8.000ns})
  Destination:            system_i/iq_0/inst/burst_consumer_reg[18]/CE
                            (rising edge-triggered cell FDRE clocked by clk_fpga_0  {rise@0.000ns fall@4.000ns period=8.000ns})
  Path Group:             clk_fpga_0
  Path Type:              Setup (Max at Slow Process Corner)
  Requirement:            8.000ns  (clk_fpga_0 rise@8.000ns - clk_fpga_0 rise@0.000ns)
  Data Path Delay:        7.477ns  (logic 3.225ns (43.131%)  route 4.252ns (56.869%))
  Logic Levels:           12  (CARRY4=7 LUT2=1 LUT3=1 LUT4=1 LUT5=1 LUT6=1)
  Clock Path Skew:        0.016ns (DCD - SCD + CPR)
    Destination Clock Delay (DCD):    2.833ns = ( 10.833 - 8.000 ) 
    Source Clock Delay      (SCD):    2.946ns
    Clock Pessimism Removal (CPR):    0.129ns
  Clock Uncertainty:      0.125ns  ((TSJ^2 + TIJ^2)^1/2 + DJ) / 2 + PE
    Total System Jitter     (TSJ):    0.071ns
    Total Input Jitter      (TIJ):    0.240ns
    Discrete Jitter          (DJ):    0.000ns
    Phase Error              (PE):    0.000ns

    Location             Delay type                Incr(ns)  Path(ns)    Netlist Resource(s)
  -------------------------------------------------------------------    -------------------
                         (clock clk_fpga_0 rise edge)
                                                      0.000     0.000 r  <hidden>
    PS7_X0Y0             PS7                          0.000     0.000 r  system_i/ps7/inst/PS7_i/FCLKCLK[0]
                         net (fo=1, routed)           1.193     1.193    system_i/ps7/inst/FCLK_CLK_unbuffered[0]
    BUFGCTRL_X0Y16       BUFG (Prop_bufg_I_O)         0.101     1.294 r  system_i/ps7/inst/buffer_fclk_clk_0.FCLK_CLK_0_BUFG/O
                         net (fo=11036, routed)       1.652     2.946    system_i/iq_0/inst/s_axi_aclk
    SLICE_X43Y99         FDRE                                         r  system_i/iq_0/inst/burst_consumer_reg[4]/C
  -------------------------------------------------------------------    -------------------
    SLICE_X43Y99         FDRE (Prop_fdre_C_Q)         0.419     3.365 r  system_i/iq_0/inst/burst_consumer_reg[4]/Q
                         net (fo=5, routed)           0.890     4.255    system_i/iq_0/inst/burst_ring/word_index_reg[3]_i_10_0[4]
    SLICE_X49Y96         LUT2 (Prop_lut2_I1_O)        0.296     4.551 r  system_i/iq_0/inst/burst_ring/s_axi_bresp[1]_i_196/O
                         net (fo=1, routed)           0.000     4.551    system_i/iq_0/inst/burst_ring/s_axi_bresp[1]_i_196_n_0
    SLICE_X49Y96         CARRY4 (Prop_carry4_S[0]_CO[3])
                                                      0.532     5.083 r  system_i/iq_0/inst/burst_ring/s_axi_bresp_reg[1]_i_162/CO[3]
                         net (fo=1, routed)           0.000     5.083    system_i/iq_0/inst/burst_ring/s_axi_bresp_reg[1]_i_162_n_0
    SLICE_X49Y97         CARRY4 (Prop_carry4_CI_CO[3])
                                                      0.114     5.197 r  system_i/iq_0/inst/burst_ring/s_axi_bresp_reg[1]_i_134/CO[3]
                         net (fo=1, routed)           0.000     5.197    system_i/iq_0/inst/burst_ring/s_axi_bresp_reg[1]_i_134_n_0
    SLICE_X49Y98         CARRY4 (Prop_carry4_CI_CO[3])
                                                      0.114     5.311 r  system_i/iq_0/inst/burst_ring/s_axi_bresp_reg[1]_i_132/CO[3]
                         net (fo=1, routed)           0.000     5.311    system_i/iq_0/inst/burst_ring/s_axi_bresp_reg[1]_i_132_n_0
    SLICE_X49Y99         CARRY4 (Prop_carry4_CI_CO[3])
                                                      0.114     5.425 r  system_i/iq_0/inst/burst_ring/s_axi_bresp_reg[1]_i_88/CO[3]
                         net (fo=1, routed)           0.001     5.426    system_i/iq_0/inst/burst_ring/s_axi_bresp_reg[1]_i_88_n_0
    SLICE_X49Y100        CARRY4 (Prop_carry4_CI_CO[3])
                                                      0.114     5.540 r  system_i/iq_0/inst/burst_ring/s_axi_bresp_reg[1]_i_86/CO[3]
                         net (fo=1, routed)           0.000     5.540    system_i/iq_0/inst/burst_ring/s_axi_bresp_reg[1]_i_86_n_0
    SLICE_X49Y101        CARRY4 (Prop_carry4_CI_O[1])
                                                      0.334     5.874 r  system_i/iq_0/inst/burst_ring/s_axi_bresp_reg[1]_i_56/O[1]
                         net (fo=2, routed)           0.968     6.842    system_i/iq_0/inst/burst_ring/s_axi_bresp31_out[25]
    SLICE_X42Y102        LUT4 (Prop_lut4_I0_O)        0.303     7.145 r  system_i/iq_0/inst/burst_ring/s_axi_bresp[1]_i_32/O
                         net (fo=1, routed)           0.000     7.145    system_i/iq_0/inst/burst_ring/s_axi_bresp[1]_i_32_n_0
    SLICE_X42Y102        CARRY4 (Prop_carry4_S[0]_CO[3])
                                                      0.513     7.658 r  system_i/iq_0/inst/burst_ring/s_axi_bresp_reg[1]_i_12/CO[3]
                         net (fo=2, routed)           0.611     8.269    system_i/iq_0/inst/burst_ring/s_axi_bresp[1]_i_32_0[0]
    SLICE_X40Y102        LUT6 (Prop_lut6_I5_O)        0.124     8.393 f  system_i/iq_0/inst/burst_ring/burst_consumer[31]_i_5/O
                         net (fo=2, routed)           0.450     8.843    system_i/iq_0/inst/burst_ring/burst_consumer[31]_i_5_n_0
    SLICE_X39Y100        LUT5 (Prop_lut5_I0_O)        0.124     8.967 r  system_i/iq_0/inst/burst_ring/burst_consumer[31]_i_3/O
                         net (fo=27, routed)          0.561     9.528    system_i/iq_0/inst/burst_ring/burst_consumer[31]_i_3_n_0
    SLICE_X40Y99         LUT3 (Prop_lut3_I0_O)        0.124     9.652 r  system_i/iq_0/inst/burst_ring/burst_consumer[31]_i_1/O
                         net (fo=32, routed)          0.771    10.423    system_i/iq_0/inst/burst_ring_n_148
    SLICE_X43Y100        FDRE                                         r  system_i/iq_0/inst/burst_consumer_reg[18]/CE
  -------------------------------------------------------------------    -------------------

                         (clock clk_fpga_0 rise edge)
                                                      8.000     8.000 r  <hidden>
    PS7_X0Y0             PS7                          0.000     8.000 r  system_i/ps7/inst/PS7_i/FCLKCLK[0]
                         net (fo=1, routed)           1.088     9.088    system_i/ps7/inst/FCLK_CLK_unbuffered[0]
    BUFGCTRL_X0Y16       BUFG (Prop_bufg_I_O)         0.091     9.179 r  system_i/ps7/inst/buffer_fclk_clk_0.FCLK_CLK_0_BUFG/O
                         net (fo=11036, routed)       1.654    10.833    system_i/iq_0/inst/s_axi_aclk
    SLICE_X43Y100        FDRE                                         r  system_i/iq_0/inst/burst_consumer_reg[18]/C
                         clock pessimism              0.129    10.962    <hidden>
                         clock uncertainty           -0.125    10.837    <hidden>
    SLICE_X43Y100        FDRE (Setup_fdre_C_CE)      -0.205    10.632    system_i/iq_0/inst/burst_consumer_reg[18]
  -------------------------------------------------------------------
                         required time                         10.632    <hidden>
                         arrival time                         -10.423    <hidden>
  -------------------------------------------------------------------
                         slack                                  0.209    <hidden>

Slack (MET) :             0.209ns  (required time - arrival time)
  Source:                 system_i/iq_0/inst/burst_consumer_reg[4]/C
                            (rising edge-triggered cell FDRE clocked by clk_fpga_0  {rise@0.000ns fall@4.000ns period=8.000ns})
  Destination:            system_i/iq_0/inst/burst_consumer_reg[19]/CE
                            (rising edge-triggered cell FDRE clocked by clk_fpga_0  {rise@0.000ns fall@4.000ns period=8.000ns})
  Path Group:             clk_fpga_0
  Path Type:              Setup (Max at Slow Process Corner)
  Requirement:            8.000ns  (clk_fpga_0 rise@8.000ns - clk_fpga_0 rise@0.000ns)
  Data Path Delay:        7.477ns  (logic 3.225ns (43.131%)  route 4.252ns (56.869%))
  Logic Levels:           12  (CARRY4=7 LUT2=1 LUT3=1 LUT4=1 LUT5=1 LUT6=1)
  Clock Path Skew:        0.016ns (DCD - SCD + CPR)
    Destination Clock Delay (DCD):    2.833ns = ( 10.833 - 8.000 ) 
    Source Clock Delay      (SCD):    2.946ns
    Clock Pessimism Removal (CPR):    0.129ns
  Clock Uncertainty:      0.125ns  ((TSJ^2 + TIJ^2)^1/2 + DJ) / 2 + PE
    Total System Jitter     (TSJ):    0.071ns
    Total Input Jitter      (TIJ):    0.240ns
    Discrete Jitter          (DJ):    0.000ns
    Phase Error              (PE):    0.000ns

    Location             Delay type                Incr(ns)  Path(ns)    Netlist Resource(s)
  -------------------------------------------------------------------    -------------------
                         (clock clk_fpga_0 rise edge)
                                                      0.000     0.000 r  <hidden>
    PS7_X0Y0             PS7                          0.000     0.000 r  system_i/ps7/inst/PS7_i/FCLKCLK[0]
                         net (fo=1, routed)           1.193     1.193    system_i/ps7/inst/FCLK_CLK_unbuffered[0]
    BUFGCTRL_X0Y16       BUFG (Prop_bufg_I_O)         0.101     1.294 r  system_i/ps7/inst/buffer_fclk_clk_0.FCLK_CLK_0_BUFG/O
                         net (fo=11036, routed)       1.652     2.946    system_i/iq_0/inst/s_axi_aclk
    SLICE_X43Y99         FDRE                                         r  system_i/iq_0/inst/burst_consumer_reg[4]/C
  -------------------------------------------------------------------    -------------------
    SLICE_X43Y99         FDRE (Prop_fdre_C_Q)         0.419     3.365 r  system_i/iq_0/inst/burst_consumer_reg[4]/Q
                         net (fo=5, routed)           0.890     4.255    system_i/iq_0/inst/burst_ring/word_index_reg[3]_i_10_0[4]
    SLICE_X49Y96         LUT2 (Prop_lut2_I1_O)        0.296     4.551 r  system_i/iq_0/inst/burst_ring/s_axi_bresp[1]_i_196/O
                         net (fo=1, routed)           0.000     4.551    system_i/iq_0/inst/burst_ring/s_axi_bresp[1]_i_196_n_0
    SLICE_X49Y96         CARRY4 (Prop_carry4_S[0]_CO[3])
                                                      0.532     5.083 r  system_i/iq_0/inst/burst_ring/s_axi_bresp_reg[1]_i_162/CO[3]
                         net (fo=1, routed)           0.000     5.083    system_i/iq_0/inst/burst_ring/s_axi_bresp_reg[1]_i_162_n_0
    SLICE_X49Y97         CARRY4 (Prop_carry4_CI_CO[3])
                                                      0.114     5.197 r  system_i/iq_0/inst/burst_ring/s_axi_bresp_reg[1]_i_134/CO[3]
                         net (fo=1, routed)           0.000     5.197    system_i/iq_0/inst/burst_ring/s_axi_bresp_reg[1]_i_134_n_0
    SLICE_X49Y98         CARRY4 (Prop_carry4_CI_CO[3])
                                                      0.114     5.311 r  system_i/iq_0/inst/burst_ring/s_axi_bresp_reg[1]_i_132/CO[3]
                         net (fo=1, routed)           0.000     5.311    system_i/iq_0/inst/burst_ring/s_axi_bresp_reg[1]_i_132_n_0
    SLICE_X49Y99         CARRY4 (Prop_carry4_CI_CO[3])
                                                      0.114     5.425 r  system_i/iq_0/inst/burst_ring/s_axi_bresp_reg[1]_i_88/CO[3]
                         net (fo=1, routed)           0.001     5.426    system_i/iq_0/inst/burst_ring/s_axi_bresp_reg[1]_i_88_n_0
    SLICE_X49Y100        CARRY4 (Prop_carry4_CI_CO[3])
                                                      0.114     5.540 r  system_i/iq_0/inst/burst_ring/s_axi_bresp_reg[1]_i_86/CO[3]
                         net (fo=1, routed)           0.000     5.540    system_i/iq_0/inst/burst_ring/s_axi_bresp_reg[1]_i_86_n_0
    SLICE_X49Y101        CARRY4 (Prop_carry4_CI_O[1])
                                                      0.334     5.874 r  system_i/iq_0/inst/burst_ring/s_axi_bresp_reg[1]_i_56/O[1]
                         net (fo=2, routed)           0.968     6.842    system_i/iq_0/inst/burst_ring/s_axi_bresp31_out[25]
    SLICE_X42Y102        LUT4 (Prop_lut4_I0_O)        0.303     7.145 r  system_i/iq_0/inst/burst_ring/s_axi_bresp[1]_i_32/O
                         net (fo=1, routed)           0.000     7.145    system_i/iq_0/inst/burst_ring/s_axi_bresp[1]_i_32_n_0
    SLICE_X42Y102        CARRY4 (Prop_carry4_S[0]_CO[3])
                                                      0.513     7.658 r  system_i/iq_0/inst/burst_ring/s_axi_bresp_reg[1]_i_12/CO[3]
                         net (fo=2, routed)           0.611     8.269    system_i/iq_0/inst/burst_ring/s_axi_bresp[1]_i_32_0[0]
    SLICE_X40Y102        LUT6 (Prop_lut6_I5_O)        0.124     8.393 f  system_i/iq_0/inst/burst_ring/burst_consumer[31]_i_5/O
                         net (fo=2, routed)           0.450     8.843    system_i/iq_0/inst/burst_ring/burst_consumer[31]_i_5_n_0
    SLICE_X39Y100        LUT5 (Prop_lut5_I0_O)        0.124     8.967 r  system_i/iq_0/inst/burst_ring/burst_consumer[31]_i_3/O
                         net (fo=27, routed)          0.561     9.528    system_i/iq_0/inst/burst_ring/burst_consumer[31]_i_3_n_0
    SLICE_X40Y99         LUT3 (Prop_lut3_I0_O)        0.124     9.652 r  system_i/iq_0/inst/burst_ring/burst_consumer[31]_i_1/O
                         net (fo=32, routed)          0.771    10.423    system_i/iq_0/inst/burst_ring_n_148
    SLICE_X43Y100        FDRE                                         r  system_i/iq_0/inst/burst_consumer_reg[19]/CE
  -------------------------------------------------------------------    -------------------

                         (clock clk_fpga_0 rise edge)
                                                      8.000     8.000 r  <hidden>
    PS7_X0Y0             PS7                          0.000     8.000 r  system_i/ps7/inst/PS7_i/FCLKCLK[0]
                         net (fo=1, routed)           1.088     9.088    system_i/ps7/inst/FCLK_CLK_unbuffered[0]
    BUFGCTRL_X0Y16       BUFG (Prop_bufg_I_O)         0.091     9.179 r  system_i/ps7/inst/buffer_fclk_clk_0.FCLK_CLK_0_BUFG/O
                         net (fo=11036, routed)       1.654    10.833    system_i/iq_0/inst/s_axi_aclk
    SLICE_X43Y100        FDRE                                         r  system_i/iq_0/inst/burst_consumer_reg[19]/C
                         clock pessimism              0.129    10.962    <hidden>
                         clock uncertainty           -0.125    10.837    <hidden>
    SLICE_X43Y100        FDRE (Setup_fdre_C_CE)      -0.205    10.632    system_i/iq_0/inst/burst_consumer_reg[19]
  -------------------------------------------------------------------
                         required time                         10.632    <hidden>
                         arrival time                         -10.423    <hidden>
  -------------------------------------------------------------------
                         slack                                  0.209    <hidden>

Slack (MET) :             0.209ns  (required time - arrival time)
  Source:                 system_i/iq_0/inst/burst_consumer_reg[4]/C
                            (rising edge-triggered cell FDRE clocked by clk_fpga_0  {rise@0.000ns fall@4.000ns period=8.000ns})
  Destination:            system_i/iq_0/inst/burst_consumer_reg[26]/CE
                            (rising edge-triggered cell FDRE clocked by clk_fpga_0  {rise@0.000ns fall@4.000ns period=8.000ns})
  Path Group:             clk_fpga_0
  Path Type:              Setup (Max at Slow Process Corner)
  Requirement:            8.000ns  (clk_fpga_0 rise@8.000ns - clk_fpga_0 rise@0.000ns)
  Data Path Delay:        7.477ns  (logic 3.225ns (43.131%)  route 4.252ns (56.869%))
  Logic Levels:           12  (CARRY4=7 LUT2=1 LUT3=1 LUT4=1 LUT5=1 LUT6=1)
  Clock Path Skew:        0.016ns (DCD - SCD + CPR)
    Destination Clock Delay (DCD):    2.833ns = ( 10.833 - 8.000 ) 
    Source Clock Delay      (SCD):    2.946ns
    Clock Pessimism Removal (CPR):    0.129ns
  Clock Uncertainty:      0.125ns  ((TSJ^2 + TIJ^2)^1/2 + DJ) / 2 + PE
    Total System Jitter     (TSJ):    0.071ns
    Total Input Jitter      (TIJ):    0.240ns
    Discrete Jitter          (DJ):    0.000ns
    Phase Error              (PE):    0.000ns

    Location             Delay type                Incr(ns)  Path(ns)    Netlist Resource(s)
  -------------------------------------------------------------------    -------------------
                         (clock clk_fpga_0 rise edge)
                                                      0.000     0.000 r  <hidden>
    PS7_X0Y0             PS7                          0.000     0.000 r  system_i/ps7/inst/PS7_i/FCLKCLK[0]
                         net (fo=1, routed)           1.193     1.193    system_i/ps7/inst/FCLK_CLK_unbuffered[0]
    BUFGCTRL_X0Y16       BUFG (Prop_bufg_I_O)         0.101     1.294 r  system_i/ps7/inst/buffer_fclk_clk_0.FCLK_CLK_0_BUFG/O
                         net (fo=11036, routed)       1.652     2.946    system_i/iq_0/inst/s_axi_aclk
    SLICE_X43Y99         FDRE                                         r  system_i/iq_0/inst/burst_consumer_reg[4]/C
  -------------------------------------------------------------------    -------------------
    SLICE_X43Y99         FDRE (Prop_fdre_C_Q)         0.419     3.365 r  system_i/iq_0/inst/burst_consumer_reg[4]/Q
                         net (fo=5, routed)           0.890     4.255    system_i/iq_0/inst/burst_ring/word_index_reg[3]_i_10_0[4]
    SLICE_X49Y96         LUT2 (Prop_lut2_I1_O)        0.296     4.551 r  system_i/iq_0/inst/burst_ring/s_axi_bresp[1]_i_196/O
                         net (fo=1, routed)           0.000     4.551    system_i/iq_0/inst/burst_ring/s_axi_bresp[1]_i_196_n_0
    SLICE_X49Y96         CARRY4 (Prop_carry4_S[0]_CO[3])
                                                      0.532     5.083 r  system_i/iq_0/inst/burst_ring/s_axi_bresp_reg[1]_i_162/CO[3]
                         net (fo=1, routed)           0.000     5.083    system_i/iq_0/inst/burst_ring/s_axi_bresp_reg[1]_i_162_n_0
    SLICE_X49Y97         CARRY4 (Prop_carry4_CI_CO[3])
                                                      0.114     5.197 r  system_i/iq_0/inst/burst_ring/s_axi_bresp_reg[1]_i_134/CO[3]
                         net (fo=1, routed)           0.000     5.197    system_i/iq_0/inst/burst_ring/s_axi_bresp_reg[1]_i_134_n_0
    SLICE_X49Y98         CARRY4 (Prop_carry4_CI_CO[3])
                                                      0.114     5.311 r  system_i/iq_0/inst/burst_ring/s_axi_bresp_reg[1]_i_132/CO[3]
                         net (fo=1, routed)           0.000     5.311    system_i/iq_0/inst/burst_ring/s_axi_bresp_reg[1]_i_132_n_0
    SLICE_X49Y99         CARRY4 (Prop_carry4_CI_CO[3])
                                                      0.114     5.425 r  system_i/iq_0/inst/burst_ring/s_axi_bresp_reg[1]_i_88/CO[3]
                         net (fo=1, routed)           0.001     5.426    system_i/iq_0/inst/burst_ring/s_axi_bresp_reg[1]_i_88_n_0
    SLICE_X49Y100        CARRY4 (Prop_carry4_CI_CO[3])
                                                      0.114     5.540 r  system_i/iq_0/inst/burst_ring/s_axi_bresp_reg[1]_i_86/CO[3]
                         net (fo=1, routed)           0.000     5.540    system_i/iq_0/inst/burst_ring/s_axi_bresp_reg[1]_i_86_n_0
    SLICE_X49Y101        CARRY4 (Prop_carry4_CI_O[1])
                                                      0.334     5.874 r  system_i/iq_0/inst/burst_ring/s_axi_bresp_reg[1]_i_56/O[1]
                         net (fo=2, routed)           0.968     6.842    system_i/iq_0/inst/burst_ring/s_axi_bresp31_out[25]
    SLICE_X42Y102        LUT4 (Prop_lut4_I0_O)        0.303     7.145 r  system_i/iq_0/inst/burst_ring/s_axi_bresp[1]_i_32/O
                         net (fo=1, routed)           0.000     7.145    system_i/iq_0/inst/burst_ring/s_axi_bresp[1]_i_32_n_0
    SLICE_X42Y102        CARRY4 (Prop_carry4_S[0]_CO[3])
                                                      0.513     7.658 r  system_i/iq_0/inst/burst_ring/s_axi_bresp_reg[1]_i_12/CO[3]
                         net (fo=2, routed)           0.611     8.269    system_i/iq_0/inst/burst_ring/s_axi_bresp[1]_i_32_0[0]
    SLICE_X40Y102        LUT6 (Prop_lut6_I5_O)        0.124     8.393 f  system_i/iq_0/inst/burst_ring/burst_consumer[31]_i_5/O
                         net (fo=2, routed)           0.450     8.843    system_i/iq_0/inst/burst_ring/burst_consumer[31]_i_5_n_0
    SLICE_X39Y100        LUT5 (Prop_lut5_I0_O)        0.124     8.967 r  system_i/iq_0/inst/burst_ring/burst_consumer[31]_i_3/O
                         net (fo=27, routed)          0.561     9.528    system_i/iq_0/inst/burst_ring/burst_consumer[31]_i_3_n_0
    SLICE_X40Y99         LUT3 (Prop_lut3_I0_O)        0.124     9.652 r  system_i/iq_0/inst/burst_ring/burst_consumer[31]_i_1/O
                         net (fo=32, routed)          0.771    10.423    system_i/iq_0/inst/burst_ring_n_148
    SLICE_X43Y100        FDRE                                         r  system_i/iq_0/inst/burst_consumer_reg[26]/CE
  -------------------------------------------------------------------    -------------------

                         (clock clk_fpga_0 rise edge)
                                                      8.000     8.000 r  <hidden>
    PS7_X0Y0             PS7                          0.000     8.000 r  system_i/ps7/inst/PS7_i/FCLKCLK[0]
                         net (fo=1, routed)           1.088     9.088    system_i/ps7/inst/FCLK_CLK_unbuffered[0]
    BUFGCTRL_X0Y16       BUFG (Prop_bufg_I_O)         0.091     9.179 r  system_i/ps7/inst/buffer_fclk_clk_0.FCLK_CLK_0_BUFG/O
                         net (fo=11036, routed)       1.654    10.833    system_i/iq_0/inst/s_axi_aclk
    SLICE_X43Y100        FDRE                                         r  system_i/iq_0/inst/burst_consumer_reg[26]/C
                         clock pessimism              0.129    10.962    <hidden>
                         clock uncertainty           -0.125    10.837    <hidden>
    SLICE_X43Y100        FDRE (Setup_fdre_C_CE)      -0.205    10.632    system_i/iq_0/inst/burst_consumer_reg[26]
  -------------------------------------------------------------------
                         required time                         10.632    <hidden>
                         arrival time                         -10.423    <hidden>
  -------------------------------------------------------------------
                         slack                                  0.209    <hidden>

Slack (MET) :             0.209ns  (required time - arrival time)
  Source:                 system_i/iq_0/inst/burst_consumer_reg[4]/C
                            (rising edge-triggered cell FDRE clocked by clk_fpga_0  {rise@0.000ns fall@4.000ns period=8.000ns})
  Destination:            system_i/iq_0/inst/burst_consumer_reg[27]/CE
                            (rising edge-triggered cell FDRE clocked by clk_fpga_0  {rise@0.000ns fall@4.000ns period=8.000ns})
  Path Group:             clk_fpga_0
  Path Type:              Setup (Max at Slow Process Corner)
  Requirement:            8.000ns  (clk_fpga_0 rise@8.000ns - clk_fpga_0 rise@0.000ns)
  Data Path Delay:        7.477ns  (logic 3.225ns (43.131%)  route 4.252ns (56.869%))
  Logic Levels:           12  (CARRY4=7 LUT2=1 LUT3=1 LUT4=1 LUT5=1 LUT6=1)
  Clock Path Skew:        0.016ns (DCD - SCD + CPR)
    Destination Clock Delay (DCD):    2.833ns = ( 10.833 - 8.000 ) 
    Source Clock Delay      (SCD):    2.946ns
    Clock Pessimism Removal (CPR):    0.129ns
  Clock Uncertainty:      0.125ns  ((TSJ^2 + TIJ^2)^1/2 + DJ) / 2 + PE
    Total System Jitter     (TSJ):    0.071ns
    Total Input Jitter      (TIJ):    0.240ns
    Discrete Jitter          (DJ):    0.000ns
    Phase Error              (PE):    0.000ns

    Location             Delay type                Incr(ns)  Path(ns)    Netlist Resource(s)
  -------------------------------------------------------------------    -------------------
                         (clock clk_fpga_0 rise edge)
                                                      0.000     0.000 r  <hidden>
    PS7_X0Y0             PS7                          0.000     0.000 r  system_i/ps7/inst/PS7_i/FCLKCLK[0]
                         net (fo=1, routed)           1.193     1.193    system_i/ps7/inst/FCLK_CLK_unbuffered[0]
    BUFGCTRL_X0Y16       BUFG (Prop_bufg_I_O)         0.101     1.294 r  system_i/ps7/inst/buffer_fclk_clk_0.FCLK_CLK_0_BUFG/O
                         net (fo=11036, routed)       1.652     2.946    system_i/iq_0/inst/s_axi_aclk
    SLICE_X43Y99         FDRE                                         r  system_i/iq_0/inst/burst_consumer_reg[4]/C
  -------------------------------------------------------------------    -------------------
    SLICE_X43Y99         FDRE (Prop_fdre_C_Q)         0.419     3.365 r  system_i/iq_0/inst/burst_consumer_reg[4]/Q
                         net (fo=5, routed)           0.890     4.255    system_i/iq_0/inst/burst_ring/word_index_reg[3]_i_10_0[4]
    SLICE_X49Y96         LUT2 (Prop_lut2_I1_O)        0.296     4.551 r  system_i/iq_0/inst/burst_ring/s_axi_bresp[1]_i_196/O
                         net (fo=1, routed)           0.000     4.551    system_i/iq_0/inst/burst_ring/s_axi_bresp[1]_i_196_n_0
    SLICE_X49Y96         CARRY4 (Prop_carry4_S[0]_CO[3])
                                                      0.532     5.083 r  system_i/iq_0/inst/burst_ring/s_axi_bresp_reg[1]_i_162/CO[3]
                         net (fo=1, routed)           0.000     5.083    system_i/iq_0/inst/burst_ring/s_axi_bresp_reg[1]_i_162_n_0
    SLICE_X49Y97         CARRY4 (Prop_carry4_CI_CO[3])
                                                      0.114     5.197 r  system_i/iq_0/inst/burst_ring/s_axi_bresp_reg[1]_i_134/CO[3]
                         net (fo=1, routed)           0.000     5.197    system_i/iq_0/inst/burst_ring/s_axi_bresp_reg[1]_i_134_n_0
    SLICE_X49Y98         CARRY4 (Prop_carry4_CI_CO[3])
                                                      0.114     5.311 r  system_i/iq_0/inst/burst_ring/s_axi_bresp_reg[1]_i_132/CO[3]
                         net (fo=1, routed)           0.000     5.311    system_i/iq_0/inst/burst_ring/s_axi_bresp_reg[1]_i_132_n_0
    SLICE_X49Y99         CARRY4 (Prop_carry4_CI_CO[3])
                                                      0.114     5.425 r  system_i/iq_0/inst/burst_ring/s_axi_bresp_reg[1]_i_88/CO[3]
                         net (fo=1, routed)           0.001     5.426    system_i/iq_0/inst/burst_ring/s_axi_bresp_reg[1]_i_88_n_0
    SLICE_X49Y100        CARRY4 (Prop_carry4_CI_CO[3])
                                                      0.114     5.540 r  system_i/iq_0/inst/burst_ring/s_axi_bresp_reg[1]_i_86/CO[3]
                         net (fo=1, routed)           0.000     5.540    system_i/iq_0/inst/burst_ring/s_axi_bresp_reg[1]_i_86_n_0
    SLICE_X49Y101        CARRY4 (Prop_carry4_CI_O[1])
                                                      0.334     5.874 r  system_i/iq_0/inst/burst_ring/s_axi_bresp_reg[1]_i_56/O[1]
                         net (fo=2, routed)           0.968     6.842    system_i/iq_0/inst/burst_ring/s_axi_bresp31_out[25]
    SLICE_X42Y102        LUT4 (Prop_lut4_I0_O)        0.303     7.145 r  system_i/iq_0/inst/burst_ring/s_axi_bresp[1]_i_32/O
                         net (fo=1, routed)           0.000     7.145    system_i/iq_0/inst/burst_ring/s_axi_bresp[1]_i_32_n_0
    SLICE_X42Y102        CARRY4 (Prop_carry4_S[0]_CO[3])
                                                      0.513     7.658 r  system_i/iq_0/inst/burst_ring/s_axi_bresp_reg[1]_i_12/CO[3]
                         net (fo=2, routed)           0.611     8.269    system_i/iq_0/inst/burst_ring/s_axi_bresp[1]_i_32_0[0]
    SLICE_X40Y102        LUT6 (Prop_lut6_I5_O)        0.124     8.393 f  system_i/iq_0/inst/burst_ring/burst_consumer[31]_i_5/O
                         net (fo=2, routed)           0.450     8.843    system_i/iq_0/inst/burst_ring/burst_consumer[31]_i_5_n_0
    SLICE_X39Y100        LUT5 (Prop_lut5_I0_O)        0.124     8.967 r  system_i/iq_0/inst/burst_ring/burst_consumer[31]_i_3/O
                         net (fo=27, routed)          0.561     9.528    system_i/iq_0/inst/burst_ring/burst_consumer[31]_i_3_n_0
    SLICE_X40Y99         LUT3 (Prop_lut3_I0_O)        0.124     9.652 r  system_i/iq_0/inst/burst_ring/burst_consumer[31]_i_1/O
                         net (fo=32, routed)          0.771    10.423    system_i/iq_0/inst/burst_ring_n_148
    SLICE_X43Y100        FDRE                                         r  system_i/iq_0/inst/burst_consumer_reg[27]/CE
  -------------------------------------------------------------------    -------------------

                         (clock clk_fpga_0 rise edge)
                                                      8.000     8.000 r  <hidden>
    PS7_X0Y0             PS7                          0.000     8.000 r  system_i/ps7/inst/PS7_i/FCLKCLK[0]
                         net (fo=1, routed)           1.088     9.088    system_i/ps7/inst/FCLK_CLK_unbuffered[0]
    BUFGCTRL_X0Y16       BUFG (Prop_bufg_I_O)         0.091     9.179 r  system_i/ps7/inst/buffer_fclk_clk_0.FCLK_CLK_0_BUFG/O
                         net (fo=11036, routed)       1.654    10.833    system_i/iq_0/inst/s_axi_aclk
    SLICE_X43Y100        FDRE                                         r  system_i/iq_0/inst/burst_consumer_reg[27]/C
                         clock pessimism              0.129    10.962    <hidden>
                         clock uncertainty           -0.125    10.837    <hidden>
    SLICE_X43Y100        FDRE (Setup_fdre_C_CE)      -0.205    10.632    system_i/iq_0/inst/burst_consumer_reg[27]
  -------------------------------------------------------------------
                         required time                         10.632    <hidden>
                         arrival time                         -10.423    <hidden>
  -------------------------------------------------------------------
                         slack                                  0.209    <hidden>

Slack (MET) :             0.220ns  (required time - arrival time)
  Source:                 system_i/iq_0/inst/freq_consumer_reg[1]/C
                            (rising edge-triggered cell FDRE clocked by clk_fpga_0  {rise@0.000ns fall@4.000ns period=8.000ns})
  Destination:            system_i/iq_0/inst/freq_consumer_reg[16]/CE
                            (rising edge-triggered cell FDRE clocked by clk_fpga_0  {rise@0.000ns fall@4.000ns period=8.000ns})
  Path Group:             clk_fpga_0
  Path Type:              Setup (Max at Slow Process Corner)
  Requirement:            8.000ns  (clk_fpga_0 rise@8.000ns - clk_fpga_0 rise@0.000ns)
  Data Path Delay:        7.391ns  (logic 3.346ns (45.270%)  route 4.045ns (54.730%))
  Logic Levels:           14  (CARRY4=8 LUT2=1 LUT3=1 LUT4=1 LUT5=2 LUT6=1)
  Clock Path Skew:        -0.059ns (DCD - SCD + CPR)
    Destination Clock Delay (DCD):    2.833ns = ( 10.833 - 8.000 ) 
    Source Clock Delay      (SCD):    3.139ns
    Clock Pessimism Removal (CPR):    0.247ns
  Clock Uncertainty:      0.125ns  ((TSJ^2 + TIJ^2)^1/2 + DJ) / 2 + PE
    Total System Jitter     (TSJ):    0.071ns
    Total Input Jitter      (TIJ):    0.240ns
    Discrete Jitter          (DJ):    0.000ns
    Phase Error              (PE):    0.000ns

    Location             Delay type                Incr(ns)  Path(ns)    Netlist Resource(s)
  -------------------------------------------------------------------    -------------------
                         (clock clk_fpga_0 rise edge)
                                                      0.000     0.000 r  <hidden>
    PS7_X0Y0             PS7                          0.000     0.000 r  system_i/ps7/inst/PS7_i/FCLKCLK[0]
                         net (fo=1, routed)           1.193     1.193    system_i/ps7/inst/FCLK_CLK_unbuffered[0]
    BUFGCTRL_X0Y16       BUFG (Prop_bufg_I_O)         0.101     1.294 r  system_i/ps7/inst/buffer_fclk_clk_0.FCLK_CLK_0_BUFG/O
                         net (fo=11036, routed)       1.845     3.139    system_i/iq_0/inst/s_axi_aclk
    SLICE_X36Y100        FDRE                                         r  system_i/iq_0/inst/freq_consumer_reg[1]/C
  -------------------------------------------------------------------    -------------------
    SLICE_X36Y100        FDRE (Prop_fdre_C_Q)         0.518     3.657 r  system_i/iq_0/inst/freq_consumer_reg[1]/Q
                         net (fo=5, routed)           0.691     4.348    system_i/iq_0/inst/freq_ring/word_index_reg[4]_i_10_0[1]
    SLICE_X38Y100        LUT2 (Prop_lut2_I1_O)        0.124     4.472 r  system_i/iq_0/inst/freq_ring/s_axi_bresp[1]_i_187/O
                         net (fo=1, routed)           0.000     4.472    system_i/iq_0/inst/freq_ring/s_axi_bresp[1]_i_187_n_0
    SLICE_X38Y100        CARRY4 (Prop_carry4_S[1]_CO[3])
                                                      0.533     5.005 r  system_i/iq_0/inst/freq_ring/s_axi_bresp_reg[1]_i_152/CO[3]
                         net (fo=1, routed)           0.000     5.005    system_i/iq_0/inst/freq_ring/s_axi_bresp_reg[1]_i_152_n_0
    SLICE_X38Y101        CARRY4 (Prop_carry4_CI_CO[3])
                                                      0.117     5.122 r  system_i/iq_0/inst/freq_ring/s_axi_bresp_reg[1]_i_151/CO[3]
                         net (fo=1, routed)           0.000     5.122    system_i/iq_0/inst/freq_ring/s_axi_bresp_reg[1]_i_151_n_0
    SLICE_X38Y102        CARRY4 (Prop_carry4_CI_CO[3])
                                                      0.117     5.239 r  system_i/iq_0/inst/freq_ring/s_axi_bresp_reg[1]_i_114/CO[3]
                         net (fo=1, routed)           0.000     5.239    system_i/iq_0/inst/freq_ring/s_axi_bresp_reg[1]_i_114_n_0
    SLICE_X38Y103        CARRY4 (Prop_carry4_CI_CO[3])
                                                      0.117     5.356 r  system_i/iq_0/inst/freq_ring/s_axi_bresp_reg[1]_i_113/CO[3]
                         net (fo=1, routed)           0.000     5.356    system_i/iq_0/inst/freq_ring/s_axi_bresp_reg[1]_i_113_n_0
    SLICE_X38Y104        CARRY4 (Prop_carry4_CI_CO[3])
                                                      0.117     5.473 r  system_i/iq_0/inst/freq_ring/s_axi_bresp_reg[1]_i_67/CO[3]
                         net (fo=1, routed)           0.000     5.473    system_i/iq_0/inst/freq_ring/s_axi_bresp_reg[1]_i_67_n_0
    SLICE_X38Y105        CARRY4 (Prop_carry4_CI_CO[3])
                                                      0.117     5.590 r  system_i/iq_0/inst/freq_ring/s_axi_bresp_reg[1]_i_66/CO[3]
                         net (fo=1, routed)           0.000     5.590    system_i/iq_0/inst/freq_ring/s_axi_bresp_reg[1]_i_66_n_0
    SLICE_X38Y106        CARRY4 (Prop_carry4_CI_O[2])
                                                      0.239     5.829 r  system_i/iq_0/inst/freq_ring/s_axi_bresp_reg[1]_i_43/O[2]
                         net (fo=2, routed)           0.934     6.763    system_i/iq_0/inst/freq_ring/s_axi_bresp35_out[26]
    SLICE_X37Y105        LUT4 (Prop_lut4_I3_O)        0.301     7.064 r  system_i/iq_0/inst/freq_ring/s_axi_bresp[1]_i_22/O
                         net (fo=1, routed)           0.000     7.064    system_i/iq_0/inst/freq_ring/s_axi_bresp[1]_i_22_n_0
    SLICE_X37Y105        CARRY4 (Prop_carry4_S[1]_CO[3])
                                                      0.550     7.614 r  system_i/iq_0/inst/freq_ring/s_axi_bresp_reg[1]_i_11/CO[3]
                         net (fo=2, routed)           0.843     8.457    system_i/iq_0/inst/freq_ring/s_axi_bresp263_in
    SLICE_X36Y98         LUT5 (Prop_lut5_I4_O)        0.124     8.581 f  system_i/iq_0/inst/freq_ring/freq_consumer[31]_i_5/O
                         net (fo=1, routed)           0.441     9.022    system_i/iq_0/inst/freq_ring/freq_consumer[31]_i_5_n_0
    SLICE_X35Y98         LUT6 (Prop_lut6_I0_O)        0.124     9.146 f  system_i/iq_0/inst/freq_ring/freq_consumer[31]_i_4/O
                         net (fo=2, routed)           0.164     9.310    system_i/iq_0/inst/freq_ring/freq_consumer[31]_i_4_n_0
    SLICE_X35Y98         LUT5 (Prop_lut5_I4_O)        0.124     9.434 r  system_i/iq_0/inst/freq_ring/freq_consumer[31]_i_3/O
                         net (fo=31, routed)          0.240     9.674    system_i/iq_0/inst/freq_ring/freq_consumer[31]_i_3_n_0
    SLICE_X35Y98         LUT3 (Prop_lut3_I2_O)        0.124     9.798 r  system_i/iq_0/inst/freq_ring/freq_consumer[31]_i_1/O
                         net (fo=32, routed)          0.733    10.530    system_i/iq_0/inst/freq_ring_n_58
    SLICE_X40Y101        FDRE                                         r  system_i/iq_0/inst/freq_consumer_reg[16]/CE
  -------------------------------------------------------------------    -------------------

                         (clock clk_fpga_0 rise edge)
                                                      8.000     8.000 r  <hidden>
    PS7_X0Y0             PS7                          0.000     8.000 r  system_i/ps7/inst/PS7_i/FCLKCLK[0]
                         net (fo=1, routed)           1.088     9.088    system_i/ps7/inst/FCLK_CLK_unbuffered[0]
    BUFGCTRL_X0Y16       BUFG (Prop_bufg_I_O)         0.091     9.179 r  system_i/ps7/inst/buffer_fclk_clk_0.FCLK_CLK_0_BUFG/O
                         net (fo=11036, routed)       1.654    10.833    system_i/iq_0/inst/s_axi_aclk
    SLICE_X40Y101        FDRE                                         r  system_i/iq_0/inst/freq_consumer_reg[16]/C
                         clock pessimism              0.247    11.080    <hidden>
                         clock uncertainty           -0.125    10.955    <hidden>
    SLICE_X40Y101        FDRE (Setup_fdre_C_CE)      -0.205    10.750    system_i/iq_0/inst/freq_consumer_reg[16]
  -------------------------------------------------------------------
                         required time                         10.750    <hidden>
                         arrival time                         -10.530    <hidden>
  -------------------------------------------------------------------
                         slack                                  0.220    <hidden>

Slack (MET) :             0.273ns  (required time - arrival time)
  Source:                 system_i/iq_0/inst/freq_consumer_reg[1]/C
                            (rising edge-triggered cell FDRE clocked by clk_fpga_0  {rise@0.000ns fall@4.000ns period=8.000ns})
  Destination:            system_i/iq_0/inst/freq_consumer_reg[5]/CE
                            (rising edge-triggered cell FDRE clocked by clk_fpga_0  {rise@0.000ns fall@4.000ns period=8.000ns})
  Path Group:             clk_fpga_0
  Path Type:              Setup (Max at Slow Process Corner)
  Requirement:            8.000ns  (clk_fpga_0 rise@8.000ns - clk_fpga_0 rise@0.000ns)
  Data Path Delay:        7.407ns  (logic 3.346ns (45.175%)  route 4.061ns (54.825%))
  Logic Levels:           14  (CARRY4=8 LUT2=1 LUT3=1 LUT4=1 LUT5=2 LUT6=1)
  Clock Path Skew:        -0.026ns (DCD - SCD + CPR)
    Destination Clock Delay (DCD):    2.832ns = ( 10.832 - 8.000 ) 
    Source Clock Delay      (SCD):    3.139ns
    Clock Pessimism Removal (CPR):    0.281ns
  Clock Uncertainty:      0.125ns  ((TSJ^2 + TIJ^2)^1/2 + DJ) / 2 + PE
    Total System Jitter     (TSJ):    0.071ns
    Total Input Jitter      (TIJ):    0.240ns
    Discrete Jitter          (DJ):    0.000ns
    Phase Error              (PE):    0.000ns

    Location             Delay type                Incr(ns)  Path(ns)    Netlist Resource(s)
  -------------------------------------------------------------------    -------------------
                         (clock clk_fpga_0 rise edge)
                                                      0.000     0.000 r  <hidden>
    PS7_X0Y0             PS7                          0.000     0.000 r  system_i/ps7/inst/PS7_i/FCLKCLK[0]
                         net (fo=1, routed)           1.193     1.193    system_i/ps7/inst/FCLK_CLK_unbuffered[0]
    BUFGCTRL_X0Y16       BUFG (Prop_bufg_I_O)         0.101     1.294 r  system_i/ps7/inst/buffer_fclk_clk_0.FCLK_CLK_0_BUFG/O
                         net (fo=11036, routed)       1.845     3.139    system_i/iq_0/inst/s_axi_aclk
    SLICE_X36Y100        FDRE                                         r  system_i/iq_0/inst/freq_consumer_reg[1]/C
  -------------------------------------------------------------------    -------------------
    SLICE_X36Y100        FDRE (Prop_fdre_C_Q)         0.518     3.657 r  system_i/iq_0/inst/freq_consumer_reg[1]/Q
                         net (fo=5, routed)           0.691     4.348    system_i/iq_0/inst/freq_ring/word_index_reg[4]_i_10_0[1]
    SLICE_X38Y100        LUT2 (Prop_lut2_I1_O)        0.124     4.472 r  system_i/iq_0/inst/freq_ring/s_axi_bresp[1]_i_187/O
                         net (fo=1, routed)           0.000     4.472    system_i/iq_0/inst/freq_ring/s_axi_bresp[1]_i_187_n_0
    SLICE_X38Y100        CARRY4 (Prop_carry4_S[1]_CO[3])
                                                      0.533     5.005 r  system_i/iq_0/inst/freq_ring/s_axi_bresp_reg[1]_i_152/CO[3]
                         net (fo=1, routed)           0.000     5.005    system_i/iq_0/inst/freq_ring/s_axi_bresp_reg[1]_i_152_n_0
    SLICE_X38Y101        CARRY4 (Prop_carry4_CI_CO[3])
                                                      0.117     5.122 r  system_i/iq_0/inst/freq_ring/s_axi_bresp_reg[1]_i_151/CO[3]
                         net (fo=1, routed)           0.000     5.122    system_i/iq_0/inst/freq_ring/s_axi_bresp_reg[1]_i_151_n_0
    SLICE_X38Y102        CARRY4 (Prop_carry4_CI_CO[3])
                                                      0.117     5.239 r  system_i/iq_0/inst/freq_ring/s_axi_bresp_reg[1]_i_114/CO[3]
                         net (fo=1, routed)           0.000     5.239    system_i/iq_0/inst/freq_ring/s_axi_bresp_reg[1]_i_114_n_0
    SLICE_X38Y103        CARRY4 (Prop_carry4_CI_CO[3])
                                                      0.117     5.356 r  system_i/iq_0/inst/freq_ring/s_axi_bresp_reg[1]_i_113/CO[3]
                         net (fo=1, routed)           0.000     5.356    system_i/iq_0/inst/freq_ring/s_axi_bresp_reg[1]_i_113_n_0
    SLICE_X38Y104        CARRY4 (Prop_carry4_CI_CO[3])
                                                      0.117     5.473 r  system_i/iq_0/inst/freq_ring/s_axi_bresp_reg[1]_i_67/CO[3]
                         net (fo=1, routed)           0.000     5.473    system_i/iq_0/inst/freq_ring/s_axi_bresp_reg[1]_i_67_n_0
    SLICE_X38Y105        CARRY4 (Prop_carry4_CI_CO[3])
                                                      0.117     5.590 r  system_i/iq_0/inst/freq_ring/s_axi_bresp_reg[1]_i_66/CO[3]
                         net (fo=1, routed)           0.000     5.590    system_i/iq_0/inst/freq_ring/s_axi_bresp_reg[1]_i_66_n_0
    SLICE_X38Y106        CARRY4 (Prop_carry4_CI_O[2])
                                                      0.239     5.829 r  system_i/iq_0/inst/freq_ring/s_axi_bresp_reg[1]_i_43/O[2]
                         net (fo=2, routed)           0.934     6.763    system_i/iq_0/inst/freq_ring/s_axi_bresp35_out[26]
    SLICE_X37Y105        LUT4 (Prop_lut4_I3_O)        0.301     7.064 r  system_i/iq_0/inst/freq_ring/s_axi_bresp[1]_i_22/O
                         net (fo=1, routed)           0.000     7.064    system_i/iq_0/inst/freq_ring/s_axi_bresp[1]_i_22_n_0
    SLICE_X37Y105        CARRY4 (Prop_carry4_S[1]_CO[3])
                                                      0.550     7.614 r  system_i/iq_0/inst/freq_ring/s_axi_bresp_reg[1]_i_11/CO[3]
                         net (fo=2, routed)           0.843     8.457    system_i/iq_0/inst/freq_ring/s_axi_bresp263_in
    SLICE_X36Y98         LUT5 (Prop_lut5_I4_O)        0.124     8.581 f  system_i/iq_0/inst/freq_ring/freq_consumer[31]_i_5/O
                         net (fo=1, routed)           0.441     9.022    system_i/iq_0/inst/freq_ring/freq_consumer[31]_i_5_n_0
    SLICE_X35Y98         LUT6 (Prop_lut6_I0_O)        0.124     9.146 f  system_i/iq_0/inst/freq_ring/freq_consumer[31]_i_4/O
                         net (fo=2, routed)           0.164     9.310    system_i/iq_0/inst/freq_ring/freq_consumer[31]_i_4_n_0
    SLICE_X35Y98         LUT5 (Prop_lut5_I4_O)        0.124     9.434 r  system_i/iq_0/inst/freq_ring/freq_consumer[31]_i_3/O
                         net (fo=31, routed)          0.240     9.674    system_i/iq_0/inst/freq_ring/freq_consumer[31]_i_3_n_0
    SLICE_X35Y98         LUT3 (Prop_lut3_I2_O)        0.124     9.798 r  system_i/iq_0/inst/freq_ring/freq_consumer[31]_i_1/O
                         net (fo=32, routed)          0.748    10.546    system_i/iq_0/inst/freq_ring_n_58
    SLICE_X36Y104        FDRE                                         r  system_i/iq_0/inst/freq_consumer_reg[5]/CE
  -------------------------------------------------------------------    -------------------

                         (clock clk_fpga_0 rise edge)
                                                      8.000     8.000 r  <hidden>
    PS7_X0Y0             PS7                          0.000     8.000 r  system_i/ps7/inst/PS7_i/FCLKCLK[0]
                         net (fo=1, routed)           1.088     9.088    system_i/ps7/inst/FCLK_CLK_unbuffered[0]
    BUFGCTRL_X0Y16       BUFG (Prop_bufg_I_O)         0.091     9.179 r  system_i/ps7/inst/buffer_fclk_clk_0.FCLK_CLK_0_BUFG/O
                         net (fo=11036, routed)       1.653    10.832    system_i/iq_0/inst/s_axi_aclk
    SLICE_X36Y104        FDRE                                         r  system_i/iq_0/inst/freq_consumer_reg[5]/C
                         clock pessimism              0.281    11.113    <hidden>
                         clock uncertainty           -0.125    10.988    <hidden>
    SLICE_X36Y104        FDRE (Setup_fdre_C_CE)      -0.169    10.819    system_i/iq_0/inst/freq_consumer_reg[5]
  -------------------------------------------------------------------
                         required time                         10.819    <hidden>
                         arrival time                         -10.546    <hidden>
  -------------------------------------------------------------------
                         slack                                  0.273    <hidden>

Slack (MET) :             0.273ns  (required time - arrival time)
  Source:                 system_i/iq_0/inst/freq_consumer_reg[1]/C
                            (rising edge-triggered cell FDRE clocked by clk_fpga_0  {rise@0.000ns fall@4.000ns period=8.000ns})
  Destination:            system_i/iq_0/inst/freq_consumer_reg[6]/CE
                            (rising edge-triggered cell FDRE clocked by clk_fpga_0  {rise@0.000ns fall@4.000ns period=8.000ns})
  Path Group:             clk_fpga_0
  Path Type:              Setup (Max at Slow Process Corner)
  Requirement:            8.000ns  (clk_fpga_0 rise@8.000ns - clk_fpga_0 rise@0.000ns)
  Data Path Delay:        7.407ns  (logic 3.346ns (45.175%)  route 4.061ns (54.825%))
  Logic Levels:           14  (CARRY4=8 LUT2=1 LUT3=1 LUT4=1 LUT5=2 LUT6=1)
  Clock Path Skew:        -0.026ns (DCD - SCD + CPR)
    Destination Clock Delay (DCD):    2.832ns = ( 10.832 - 8.000 ) 
    Source Clock Delay      (SCD):    3.139ns
    Clock Pessimism Removal (CPR):    0.281ns
  Clock Uncertainty:      0.125ns  ((TSJ^2 + TIJ^2)^1/2 + DJ) / 2 + PE
    Total System Jitter     (TSJ):    0.071ns
    Total Input Jitter      (TIJ):    0.240ns
    Discrete Jitter          (DJ):    0.000ns
    Phase Error              (PE):    0.000ns

    Location             Delay type                Incr(ns)  Path(ns)    Netlist Resource(s)
  -------------------------------------------------------------------    -------------------
                         (clock clk_fpga_0 rise edge)
                                                      0.000     0.000 r  <hidden>
    PS7_X0Y0             PS7                          0.000     0.000 r  system_i/ps7/inst/PS7_i/FCLKCLK[0]
                         net (fo=1, routed)           1.193     1.193    system_i/ps7/inst/FCLK_CLK_unbuffered[0]
    BUFGCTRL_X0Y16       BUFG (Prop_bufg_I_O)         0.101     1.294 r  system_i/ps7/inst/buffer_fclk_clk_0.FCLK_CLK_0_BUFG/O
                         net (fo=11036, routed)       1.845     3.139    system_i/iq_0/inst/s_axi_aclk
    SLICE_X36Y100        FDRE                                         r  system_i/iq_0/inst/freq_consumer_reg[1]/C
  -------------------------------------------------------------------    -------------------
    SLICE_X36Y100        FDRE (Prop_fdre_C_Q)         0.518     3.657 r  system_i/iq_0/inst/freq_consumer_reg[1]/Q
                         net (fo=5, routed)           0.691     4.348    system_i/iq_0/inst/freq_ring/word_index_reg[4]_i_10_0[1]
    SLICE_X38Y100        LUT2 (Prop_lut2_I1_O)        0.124     4.472 r  system_i/iq_0/inst/freq_ring/s_axi_bresp[1]_i_187/O
                         net (fo=1, routed)           0.000     4.472    system_i/iq_0/inst/freq_ring/s_axi_bresp[1]_i_187_n_0
    SLICE_X38Y100        CARRY4 (Prop_carry4_S[1]_CO[3])
                                                      0.533     5.005 r  system_i/iq_0/inst/freq_ring/s_axi_bresp_reg[1]_i_152/CO[3]
                         net (fo=1, routed)           0.000     5.005    system_i/iq_0/inst/freq_ring/s_axi_bresp_reg[1]_i_152_n_0
    SLICE_X38Y101        CARRY4 (Prop_carry4_CI_CO[3])
                                                      0.117     5.122 r  system_i/iq_0/inst/freq_ring/s_axi_bresp_reg[1]_i_151/CO[3]
                         net (fo=1, routed)           0.000     5.122    system_i/iq_0/inst/freq_ring/s_axi_bresp_reg[1]_i_151_n_0
    SLICE_X38Y102        CARRY4 (Prop_carry4_CI_CO[3])
                                                      0.117     5.239 r  system_i/iq_0/inst/freq_ring/s_axi_bresp_reg[1]_i_114/CO[3]
                         net (fo=1, routed)           0.000     5.239    system_i/iq_0/inst/freq_ring/s_axi_bresp_reg[1]_i_114_n_0
    SLICE_X38Y103        CARRY4 (Prop_carry4_CI_CO[3])
                                                      0.117     5.356 r  system_i/iq_0/inst/freq_ring/s_axi_bresp_reg[1]_i_113/CO[3]
                         net (fo=1, routed)           0.000     5.356    system_i/iq_0/inst/freq_ring/s_axi_bresp_reg[1]_i_113_n_0
    SLICE_X38Y104        CARRY4 (Prop_carry4_CI_CO[3])
                                                      0.117     5.473 r  system_i/iq_0/inst/freq_ring/s_axi_bresp_reg[1]_i_67/CO[3]
                         net (fo=1, routed)           0.000     5.473    system_i/iq_0/inst/freq_ring/s_axi_bresp_reg[1]_i_67_n_0
    SLICE_X38Y105        CARRY4 (Prop_carry4_CI_CO[3])
                                                      0.117     5.590 r  system_i/iq_0/inst/freq_ring/s_axi_bresp_reg[1]_i_66/CO[3]
                         net (fo=1, routed)           0.000     5.590    system_i/iq_0/inst/freq_ring/s_axi_bresp_reg[1]_i_66_n_0
    SLICE_X38Y106        CARRY4 (Prop_carry4_CI_O[2])
                                                      0.239     5.829 r  system_i/iq_0/inst/freq_ring/s_axi_bresp_reg[1]_i_43/O[2]
                         net (fo=2, routed)           0.934     6.763    system_i/iq_0/inst/freq_ring/s_axi_bresp35_out[26]
    SLICE_X37Y105        LUT4 (Prop_lut4_I3_O)        0.301     7.064 r  system_i/iq_0/inst/freq_ring/s_axi_bresp[1]_i_22/O
                         net (fo=1, routed)           0.000     7.064    system_i/iq_0/inst/freq_ring/s_axi_bresp[1]_i_22_n_0
    SLICE_X37Y105        CARRY4 (Prop_carry4_S[1]_CO[3])
                                                      0.550     7.614 r  system_i/iq_0/inst/freq_ring/s_axi_bresp_reg[1]_i_11/CO[3]
                         net (fo=2, routed)           0.843     8.457    system_i/iq_0/inst/freq_ring/s_axi_bresp263_in
    SLICE_X36Y98         LUT5 (Prop_lut5_I4_O)        0.124     8.581 f  system_i/iq_0/inst/freq_ring/freq_consumer[31]_i_5/O
                         net (fo=1, routed)           0.441     9.022    system_i/iq_0/inst/freq_ring/freq_consumer[31]_i_5_n_0
    SLICE_X35Y98         LUT6 (Prop_lut6_I0_O)        0.124     9.146 f  system_i/iq_0/inst/freq_ring/freq_consumer[31]_i_4/O
                         net (fo=2, routed)           0.164     9.310    system_i/iq_0/inst/freq_ring/freq_consumer[31]_i_4_n_0
    SLICE_X35Y98         LUT5 (Prop_lut5_I4_O)        0.124     9.434 r  system_i/iq_0/inst/freq_ring/freq_consumer[31]_i_3/O
                         net (fo=31, routed)          0.240     9.674    system_i/iq_0/inst/freq_ring/freq_consumer[31]_i_3_n_0
    SLICE_X35Y98         LUT3 (Prop_lut3_I2_O)        0.124     9.798 r  system_i/iq_0/inst/freq_ring/freq_consumer[31]_i_1/O
                         net (fo=32, routed)          0.748    10.546    system_i/iq_0/inst/freq_ring_n_58
    SLICE_X36Y104        FDRE                                         r  system_i/iq_0/inst/freq_consumer_reg[6]/CE
  -------------------------------------------------------------------    -------------------

                         (clock clk_fpga_0 rise edge)
                                                      8.000     8.000 r  <hidden>
    PS7_X0Y0             PS7                          0.000     8.000 r  system_i/ps7/inst/PS7_i/FCLKCLK[0]
                         net (fo=1, routed)           1.088     9.088    system_i/ps7/inst/FCLK_CLK_unbuffered[0]
    BUFGCTRL_X0Y16       BUFG (Prop_bufg_I_O)         0.091     9.179 r  system_i/ps7/inst/buffer_fclk_clk_0.FCLK_CLK_0_BUFG/O
                         net (fo=11036, routed)       1.653    10.832    system_i/iq_0/inst/s_axi_aclk
    SLICE_X36Y104        FDRE                                         r  system_i/iq_0/inst/freq_consumer_reg[6]/C
                         clock pessimism              0.281    11.113    <hidden>
                         clock uncertainty           -0.125    10.988    <hidden>
    SLICE_X36Y104        FDRE (Setup_fdre_C_CE)      -0.169    10.819    system_i/iq_0/inst/freq_consumer_reg[6]
  -------------------------------------------------------------------
                         required time                         10.819    <hidden>
                         arrival time                         -10.546    <hidden>
  -------------------------------------------------------------------
                         slack                                  0.273    <hidden>

Slack (MET) :             0.273ns  (required time - arrival time)
  Source:                 system_i/iq_0/inst/freq_consumer_reg[1]/C
                            (rising edge-triggered cell FDRE clocked by clk_fpga_0  {rise@0.000ns fall@4.000ns period=8.000ns})
  Destination:            system_i/iq_0/inst/freq_consumer_reg[8]/CE
                            (rising edge-triggered cell FDRE clocked by clk_fpga_0  {rise@0.000ns fall@4.000ns period=8.000ns})
  Path Group:             clk_fpga_0
  Path Type:              Setup (Max at Slow Process Corner)
  Requirement:            8.000ns  (clk_fpga_0 rise@8.000ns - clk_fpga_0 rise@0.000ns)
  Data Path Delay:        7.407ns  (logic 3.346ns (45.175%)  route 4.061ns (54.825%))
  Logic Levels:           14  (CARRY4=8 LUT2=1 LUT3=1 LUT4=1 LUT5=2 LUT6=1)
  Clock Path Skew:        -0.026ns (DCD - SCD + CPR)
    Destination Clock Delay (DCD):    2.832ns = ( 10.832 - 8.000 ) 
    Source Clock Delay      (SCD):    3.139ns
    Clock Pessimism Removal (CPR):    0.281ns
  Clock Uncertainty:      0.125ns  ((TSJ^2 + TIJ^2)^1/2 + DJ) / 2 + PE
    Total System Jitter     (TSJ):    0.071ns
    Total Input Jitter      (TIJ):    0.240ns
    Discrete Jitter          (DJ):    0.000ns
    Phase Error              (PE):    0.000ns

    Location             Delay type                Incr(ns)  Path(ns)    Netlist Resource(s)
  -------------------------------------------------------------------    -------------------
                         (clock clk_fpga_0 rise edge)
                                                      0.000     0.000 r  <hidden>
    PS7_X0Y0             PS7                          0.000     0.000 r  system_i/ps7/inst/PS7_i/FCLKCLK[0]
                         net (fo=1, routed)           1.193     1.193    system_i/ps7/inst/FCLK_CLK_unbuffered[0]
    BUFGCTRL_X0Y16       BUFG (Prop_bufg_I_O)         0.101     1.294 r  system_i/ps7/inst/buffer_fclk_clk_0.FCLK_CLK_0_BUFG/O
                         net (fo=11036, routed)       1.845     3.139    system_i/iq_0/inst/s_axi_aclk
    SLICE_X36Y100        FDRE                                         r  system_i/iq_0/inst/freq_consumer_reg[1]/C
  -------------------------------------------------------------------    -------------------
    SLICE_X36Y100        FDRE (Prop_fdre_C_Q)         0.518     3.657 r  system_i/iq_0/inst/freq_consumer_reg[1]/Q
                         net (fo=5, routed)           0.691     4.348    system_i/iq_0/inst/freq_ring/word_index_reg[4]_i_10_0[1]
    SLICE_X38Y100        LUT2 (Prop_lut2_I1_O)        0.124     4.472 r  system_i/iq_0/inst/freq_ring/s_axi_bresp[1]_i_187/O
                         net (fo=1, routed)           0.000     4.472    system_i/iq_0/inst/freq_ring/s_axi_bresp[1]_i_187_n_0
    SLICE_X38Y100        CARRY4 (Prop_carry4_S[1]_CO[3])
                                                      0.533     5.005 r  system_i/iq_0/inst/freq_ring/s_axi_bresp_reg[1]_i_152/CO[3]
                         net (fo=1, routed)           0.000     5.005    system_i/iq_0/inst/freq_ring/s_axi_bresp_reg[1]_i_152_n_0
    SLICE_X38Y101        CARRY4 (Prop_carry4_CI_CO[3])
                                                      0.117     5.122 r  system_i/iq_0/inst/freq_ring/s_axi_bresp_reg[1]_i_151/CO[3]
                         net (fo=1, routed)           0.000     5.122    system_i/iq_0/inst/freq_ring/s_axi_bresp_reg[1]_i_151_n_0
    SLICE_X38Y102        CARRY4 (Prop_carry4_CI_CO[3])
                                                      0.117     5.239 r  system_i/iq_0/inst/freq_ring/s_axi_bresp_reg[1]_i_114/CO[3]
                         net (fo=1, routed)           0.000     5.239    system_i/iq_0/inst/freq_ring/s_axi_bresp_reg[1]_i_114_n_0
    SLICE_X38Y103        CARRY4 (Prop_carry4_CI_CO[3])
                                                      0.117     5.356 r  system_i/iq_0/inst/freq_ring/s_axi_bresp_reg[1]_i_113/CO[3]
                         net (fo=1, routed)           0.000     5.356    system_i/iq_0/inst/freq_ring/s_axi_bresp_reg[1]_i_113_n_0
    SLICE_X38Y104        CARRY4 (Prop_carry4_CI_CO[3])
                                                      0.117     5.473 r  system_i/iq_0/inst/freq_ring/s_axi_bresp_reg[1]_i_67/CO[3]
                         net (fo=1, routed)           0.000     5.473    system_i/iq_0/inst/freq_ring/s_axi_bresp_reg[1]_i_67_n_0
    SLICE_X38Y105        CARRY4 (Prop_carry4_CI_CO[3])
                                                      0.117     5.590 r  system_i/iq_0/inst/freq_ring/s_axi_bresp_reg[1]_i_66/CO[3]
                         net (fo=1, routed)           0.000     5.590    system_i/iq_0/inst/freq_ring/s_axi_bresp_reg[1]_i_66_n_0
    SLICE_X38Y106        CARRY4 (Prop_carry4_CI_O[2])
                                                      0.239     5.829 r  system_i/iq_0/inst/freq_ring/s_axi_bresp_reg[1]_i_43/O[2]
                         net (fo=2, routed)           0.934     6.763    system_i/iq_0/inst/freq_ring/s_axi_bresp35_out[26]
    SLICE_X37Y105        LUT4 (Prop_lut4_I3_O)        0.301     7.064 r  system_i/iq_0/inst/freq_ring/s_axi_bresp[1]_i_22/O
                         net (fo=1, routed)           0.000     7.064    system_i/iq_0/inst/freq_ring/s_axi_bresp[1]_i_22_n_0
    SLICE_X37Y105        CARRY4 (Prop_carry4_S[1]_CO[3])
                                                      0.550     7.614 r  system_i/iq_0/inst/freq_ring/s_axi_bresp_reg[1]_i_11/CO[3]
                         net (fo=2, routed)           0.843     8.457    system_i/iq_0/inst/freq_ring/s_axi_bresp263_in
    SLICE_X36Y98         LUT5 (Prop_lut5_I4_O)        0.124     8.581 f  system_i/iq_0/inst/freq_ring/freq_consumer[31]_i_5/O
                         net (fo=1, routed)           0.441     9.022    system_i/iq_0/inst/freq_ring/freq_consumer[31]_i_5_n_0
    SLICE_X35Y98         LUT6 (Prop_lut6_I0_O)        0.124     9.146 f  system_i/iq_0/inst/freq_ring/freq_consumer[31]_i_4/O
                         net (fo=2, routed)           0.164     9.310    system_i/iq_0/inst/freq_ring/freq_consumer[31]_i_4_n_0
    SLICE_X35Y98         LUT5 (Prop_lut5_I4_O)        0.124     9.434 r  system_i/iq_0/inst/freq_ring/freq_consumer[31]_i_3/O
                         net (fo=31, routed)          0.240     9.674    system_i/iq_0/inst/freq_ring/freq_consumer[31]_i_3_n_0
    SLICE_X35Y98         LUT3 (Prop_lut3_I2_O)        0.124     9.798 r  system_i/iq_0/inst/freq_ring/freq_consumer[31]_i_1/O
                         net (fo=32, routed)          0.748    10.546    system_i/iq_0/inst/freq_ring_n_58
    SLICE_X36Y104        FDRE                                         r  system_i/iq_0/inst/freq_consumer_reg[8]/CE
  -------------------------------------------------------------------    -------------------

                         (clock clk_fpga_0 rise edge)
                                                      8.000     8.000 r  <hidden>
    PS7_X0Y0             PS7                          0.000     8.000 r  system_i/ps7/inst/PS7_i/FCLKCLK[0]
                         net (fo=1, routed)           1.088     9.088    system_i/ps7/inst/FCLK_CLK_unbuffered[0]
    BUFGCTRL_X0Y16       BUFG (Prop_bufg_I_O)         0.091     9.179 r  system_i/ps7/inst/buffer_fclk_clk_0.FCLK_CLK_0_BUFG/O
                         net (fo=11036, routed)       1.653    10.832    system_i/iq_0/inst/s_axi_aclk
    SLICE_X36Y104        FDRE                                         r  system_i/iq_0/inst/freq_consumer_reg[8]/C
                         clock pessimism              0.281    11.113    <hidden>
                         clock uncertainty           -0.125    10.988    <hidden>
    SLICE_X36Y104        FDRE (Setup_fdre_C_CE)      -0.169    10.819    system_i/iq_0/inst/freq_consumer_reg[8]
  -------------------------------------------------------------------
                         required time                         10.819    <hidden>
                         arrival time                         -10.546    <hidden>
  -------------------------------------------------------------------
                         slack                                  0.273    <hidden>

Slack (MET) :             0.273ns  (required time - arrival time)
  Source:                 system_i/iq_0/inst/freq_consumer_reg[1]/C
                            (rising edge-triggered cell FDRE clocked by clk_fpga_0  {rise@0.000ns fall@4.000ns period=8.000ns})
  Destination:            system_i/iq_0/inst/freq_consumer_reg[9]/CE
                            (rising edge-triggered cell FDRE clocked by clk_fpga_0  {rise@0.000ns fall@4.000ns period=8.000ns})
  Path Group:             clk_fpga_0
  Path Type:              Setup (Max at Slow Process Corner)
  Requirement:            8.000ns  (clk_fpga_0 rise@8.000ns - clk_fpga_0 rise@0.000ns)
  Data Path Delay:        7.407ns  (logic 3.346ns (45.175%)  route 4.061ns (54.825%))
  Logic Levels:           14  (CARRY4=8 LUT2=1 LUT3=1 LUT4=1 LUT5=2 LUT6=1)
  Clock Path Skew:        -0.026ns (DCD - SCD + CPR)
    Destination Clock Delay (DCD):    2.832ns = ( 10.832 - 8.000 ) 
    Source Clock Delay      (SCD):    3.139ns
    Clock Pessimism Removal (CPR):    0.281ns
  Clock Uncertainty:      0.125ns  ((TSJ^2 + TIJ^2)^1/2 + DJ) / 2 + PE
    Total System Jitter     (TSJ):    0.071ns
    Total Input Jitter      (TIJ):    0.240ns
    Discrete Jitter          (DJ):    0.000ns
    Phase Error              (PE):    0.000ns

    Location             Delay type                Incr(ns)  Path(ns)    Netlist Resource(s)
  -------------------------------------------------------------------    -------------------
                         (clock clk_fpga_0 rise edge)
                                                      0.000     0.000 r  <hidden>
    PS7_X0Y0             PS7                          0.000     0.000 r  system_i/ps7/inst/PS7_i/FCLKCLK[0]
                         net (fo=1, routed)           1.193     1.193    system_i/ps7/inst/FCLK_CLK_unbuffered[0]
    BUFGCTRL_X0Y16       BUFG (Prop_bufg_I_O)         0.101     1.294 r  system_i/ps7/inst/buffer_fclk_clk_0.FCLK_CLK_0_BUFG/O
                         net (fo=11036, routed)       1.845     3.139    system_i/iq_0/inst/s_axi_aclk
    SLICE_X36Y100        FDRE                                         r  system_i/iq_0/inst/freq_consumer_reg[1]/C
  -------------------------------------------------------------------    -------------------
    SLICE_X36Y100        FDRE (Prop_fdre_C_Q)         0.518     3.657 r  system_i/iq_0/inst/freq_consumer_reg[1]/Q
                         net (fo=5, routed)           0.691     4.348    system_i/iq_0/inst/freq_ring/word_index_reg[4]_i_10_0[1]
    SLICE_X38Y100        LUT2 (Prop_lut2_I1_O)        0.124     4.472 r  system_i/iq_0/inst/freq_ring/s_axi_bresp[1]_i_187/O
                         net (fo=1, routed)           0.000     4.472    system_i/iq_0/inst/freq_ring/s_axi_bresp[1]_i_187_n_0
    SLICE_X38Y100        CARRY4 (Prop_carry4_S[1]_CO[3])
                                                      0.533     5.005 r  system_i/iq_0/inst/freq_ring/s_axi_bresp_reg[1]_i_152/CO[3]
                         net (fo=1, routed)           0.000     5.005    system_i/iq_0/inst/freq_ring/s_axi_bresp_reg[1]_i_152_n_0
    SLICE_X38Y101        CARRY4 (Prop_carry4_CI_CO[3])
                                                      0.117     5.122 r  system_i/iq_0/inst/freq_ring/s_axi_bresp_reg[1]_i_151/CO[3]
                         net (fo=1, routed)           0.000     5.122    system_i/iq_0/inst/freq_ring/s_axi_bresp_reg[1]_i_151_n_0
    SLICE_X38Y102        CARRY4 (Prop_carry4_CI_CO[3])
                                                      0.117     5.239 r  system_i/iq_0/inst/freq_ring/s_axi_bresp_reg[1]_i_114/CO[3]
                         net (fo=1, routed)           0.000     5.239    system_i/iq_0/inst/freq_ring/s_axi_bresp_reg[1]_i_114_n_0
    SLICE_X38Y103        CARRY4 (Prop_carry4_CI_CO[3])
                                                      0.117     5.356 r  system_i/iq_0/inst/freq_ring/s_axi_bresp_reg[1]_i_113/CO[3]
                         net (fo=1, routed)           0.000     5.356    system_i/iq_0/inst/freq_ring/s_axi_bresp_reg[1]_i_113_n_0
    SLICE_X38Y104        CARRY4 (Prop_carry4_CI_CO[3])
                                                      0.117     5.473 r  system_i/iq_0/inst/freq_ring/s_axi_bresp_reg[1]_i_67/CO[3]
                         net (fo=1, routed)           0.000     5.473    system_i/iq_0/inst/freq_ring/s_axi_bresp_reg[1]_i_67_n_0
    SLICE_X38Y105        CARRY4 (Prop_carry4_CI_CO[3])
                                                      0.117     5.590 r  system_i/iq_0/inst/freq_ring/s_axi_bresp_reg[1]_i_66/CO[3]
                         net (fo=1, routed)           0.000     5.590    system_i/iq_0/inst/freq_ring/s_axi_bresp_reg[1]_i_66_n_0
    SLICE_X38Y106        CARRY4 (Prop_carry4_CI_O[2])
                                                      0.239     5.829 r  system_i/iq_0/inst/freq_ring/s_axi_bresp_reg[1]_i_43/O[2]
                         net (fo=2, routed)           0.934     6.763    system_i/iq_0/inst/freq_ring/s_axi_bresp35_out[26]
    SLICE_X37Y105        LUT4 (Prop_lut4_I3_O)        0.301     7.064 r  system_i/iq_0/inst/freq_ring/s_axi_bresp[1]_i_22/O
                         net (fo=1, routed)           0.000     7.064    system_i/iq_0/inst/freq_ring/s_axi_bresp[1]_i_22_n_0
    SLICE_X37Y105        CARRY4 (Prop_carry4_S[1]_CO[3])
                                                      0.550     7.614 r  system_i/iq_0/inst/freq_ring/s_axi_bresp_reg[1]_i_11/CO[3]
                         net (fo=2, routed)           0.843     8.457    system_i/iq_0/inst/freq_ring/s_axi_bresp263_in
    SLICE_X36Y98         LUT5 (Prop_lut5_I4_O)        0.124     8.581 f  system_i/iq_0/inst/freq_ring/freq_consumer[31]_i_5/O
                         net (fo=1, routed)           0.441     9.022    system_i/iq_0/inst/freq_ring/freq_consumer[31]_i_5_n_0
    SLICE_X35Y98         LUT6 (Prop_lut6_I0_O)        0.124     9.146 f  system_i/iq_0/inst/freq_ring/freq_consumer[31]_i_4/O
                         net (fo=2, routed)           0.164     9.310    system_i/iq_0/inst/freq_ring/freq_consumer[31]_i_4_n_0
    SLICE_X35Y98         LUT5 (Prop_lut5_I4_O)        0.124     9.434 r  system_i/iq_0/inst/freq_ring/freq_consumer[31]_i_3/O
                         net (fo=31, routed)          0.240     9.674    system_i/iq_0/inst/freq_ring/freq_consumer[31]_i_3_n_0
    SLICE_X35Y98         LUT3 (Prop_lut3_I2_O)        0.124     9.798 r  system_i/iq_0/inst/freq_ring/freq_consumer[31]_i_1/O
                         net (fo=32, routed)          0.748    10.546    system_i/iq_0/inst/freq_ring_n_58
    SLICE_X36Y104        FDRE                                         r  system_i/iq_0/inst/freq_consumer_reg[9]/CE
  -------------------------------------------------------------------    -------------------

                         (clock clk_fpga_0 rise edge)
                                                      8.000     8.000 r  <hidden>
    PS7_X0Y0             PS7                          0.000     8.000 r  system_i/ps7/inst/PS7_i/FCLKCLK[0]
                         net (fo=1, routed)           1.088     9.088    system_i/ps7/inst/FCLK_CLK_unbuffered[0]
    BUFGCTRL_X0Y16       BUFG (Prop_bufg_I_O)         0.091     9.179 r  system_i/ps7/inst/buffer_fclk_clk_0.FCLK_CLK_0_BUFG/O
                         net (fo=11036, routed)       1.653    10.832    system_i/iq_0/inst/s_axi_aclk
    SLICE_X36Y104        FDRE                                         r  system_i/iq_0/inst/freq_consumer_reg[9]/C
                         clock pessimism              0.281    11.113    <hidden>
                         clock uncertainty           -0.125    10.988    <hidden>
    SLICE_X36Y104        FDRE (Setup_fdre_C_CE)      -0.169    10.819    system_i/iq_0/inst/freq_consumer_reg[9]
  -------------------------------------------------------------------
                         required time                         10.819    <hidden>
                         arrival time                         -10.546    <hidden>
  -------------------------------------------------------------------
                         slack                                  0.273    <hidden>

Slack (MET) :             0.280ns  (required time - arrival time)
  Source:                 system_i/iq_0/inst/freq_consumer_reg[1]/C
                            (rising edge-triggered cell FDRE clocked by clk_fpga_0  {rise@0.000ns fall@4.000ns period=8.000ns})
  Destination:            system_i/iq_0/inst/freq_consumer_reg[13]/CE
                            (rising edge-triggered cell FDRE clocked by clk_fpga_0  {rise@0.000ns fall@4.000ns period=8.000ns})
  Path Group:             clk_fpga_0
  Path Type:              Setup (Max at Slow Process Corner)
  Requirement:            8.000ns  (clk_fpga_0 rise@8.000ns - clk_fpga_0 rise@0.000ns)
  Data Path Delay:        7.426ns  (logic 3.346ns (45.060%)  route 4.080ns (54.940%))
  Logic Levels:           14  (CARRY4=8 LUT2=1 LUT3=1 LUT4=1 LUT5=2 LUT6=1)
  Clock Path Skew:        0.000ns (DCD - SCD + CPR)
    Destination Clock Delay (DCD):    2.833ns = ( 10.833 - 8.000 ) 
    Source Clock Delay      (SCD):    3.139ns
    Clock Pessimism Removal (CPR):    0.306ns
  Clock Uncertainty:      0.125ns  ((TSJ^2 + TIJ^2)^1/2 + DJ) / 2 + PE
    Total System Jitter     (TSJ):    0.071ns
    Total Input Jitter      (TIJ):    0.240ns
    Discrete Jitter          (DJ):    0.000ns
    Phase Error              (PE):    0.000ns

    Location             Delay type                Incr(ns)  Path(ns)    Netlist Resource(s)
  -------------------------------------------------------------------    -------------------
                         (clock clk_fpga_0 rise edge)
                                                      0.000     0.000 r  <hidden>
    PS7_X0Y0             PS7                          0.000     0.000 r  system_i/ps7/inst/PS7_i/FCLKCLK[0]
                         net (fo=1, routed)           1.193     1.193    system_i/ps7/inst/FCLK_CLK_unbuffered[0]
    BUFGCTRL_X0Y16       BUFG (Prop_bufg_I_O)         0.101     1.294 r  system_i/ps7/inst/buffer_fclk_clk_0.FCLK_CLK_0_BUFG/O
                         net (fo=11036, routed)       1.845     3.139    system_i/iq_0/inst/s_axi_aclk
    SLICE_X36Y100        FDRE                                         r  system_i/iq_0/inst/freq_consumer_reg[1]/C
  -------------------------------------------------------------------    -------------------
    SLICE_X36Y100        FDRE (Prop_fdre_C_Q)         0.518     3.657 r  system_i/iq_0/inst/freq_consumer_reg[1]/Q
                         net (fo=5, routed)           0.691     4.348    system_i/iq_0/inst/freq_ring/word_index_reg[4]_i_10_0[1]
    SLICE_X38Y100        LUT2 (Prop_lut2_I1_O)        0.124     4.472 r  system_i/iq_0/inst/freq_ring/s_axi_bresp[1]_i_187/O
                         net (fo=1, routed)           0.000     4.472    system_i/iq_0/inst/freq_ring/s_axi_bresp[1]_i_187_n_0
    SLICE_X38Y100        CARRY4 (Prop_carry4_S[1]_CO[3])
                                                      0.533     5.005 r  system_i/iq_0/inst/freq_ring/s_axi_bresp_reg[1]_i_152/CO[3]
                         net (fo=1, routed)           0.000     5.005    system_i/iq_0/inst/freq_ring/s_axi_bresp_reg[1]_i_152_n_0
    SLICE_X38Y101        CARRY4 (Prop_carry4_CI_CO[3])
                                                      0.117     5.122 r  system_i/iq_0/inst/freq_ring/s_axi_bresp_reg[1]_i_151/CO[3]
                         net (fo=1, routed)           0.000     5.122    system_i/iq_0/inst/freq_ring/s_axi_bresp_reg[1]_i_151_n_0
    SLICE_X38Y102        CARRY4 (Prop_carry4_CI_CO[3])
                                                      0.117     5.239 r  system_i/iq_0/inst/freq_ring/s_axi_bresp_reg[1]_i_114/CO[3]
                         net (fo=1, routed)           0.000     5.239    system_i/iq_0/inst/freq_ring/s_axi_bresp_reg[1]_i_114_n_0
    SLICE_X38Y103        CARRY4 (Prop_carry4_CI_CO[3])
                                                      0.117     5.356 r  system_i/iq_0/inst/freq_ring/s_axi_bresp_reg[1]_i_113/CO[3]
                         net (fo=1, routed)           0.000     5.356    system_i/iq_0/inst/freq_ring/s_axi_bresp_reg[1]_i_113_n_0
    SLICE_X38Y104        CARRY4 (Prop_carry4_CI_CO[3])
                                                      0.117     5.473 r  system_i/iq_0/inst/freq_ring/s_axi_bresp_reg[1]_i_67/CO[3]
                         net (fo=1, routed)           0.000     5.473    system_i/iq_0/inst/freq_ring/s_axi_bresp_reg[1]_i_67_n_0
    SLICE_X38Y105        CARRY4 (Prop_carry4_CI_CO[3])
                                                      0.117     5.590 r  system_i/iq_0/inst/freq_ring/s_axi_bresp_reg[1]_i_66/CO[3]
                         net (fo=1, routed)           0.000     5.590    system_i/iq_0/inst/freq_ring/s_axi_bresp_reg[1]_i_66_n_0
    SLICE_X38Y106        CARRY4 (Prop_carry4_CI_O[2])
                                                      0.239     5.829 r  system_i/iq_0/inst/freq_ring/s_axi_bresp_reg[1]_i_43/O[2]
                         net (fo=2, routed)           0.934     6.763    system_i/iq_0/inst/freq_ring/s_axi_bresp35_out[26]
    SLICE_X37Y105        LUT4 (Prop_lut4_I3_O)        0.301     7.064 r  system_i/iq_0/inst/freq_ring/s_axi_bresp[1]_i_22/O
                         net (fo=1, routed)           0.000     7.064    system_i/iq_0/inst/freq_ring/s_axi_bresp[1]_i_22_n_0
    SLICE_X37Y105        CARRY4 (Prop_carry4_S[1]_CO[3])
                                                      0.550     7.614 r  system_i/iq_0/inst/freq_ring/s_axi_bresp_reg[1]_i_11/CO[3]
                         net (fo=2, routed)           0.843     8.457    system_i/iq_0/inst/freq_ring/s_axi_bresp263_in
    SLICE_X36Y98         LUT5 (Prop_lut5_I4_O)        0.124     8.581 f  system_i/iq_0/inst/freq_ring/freq_consumer[31]_i_5/O
                         net (fo=1, routed)           0.441     9.022    system_i/iq_0/inst/freq_ring/freq_consumer[31]_i_5_n_0
    SLICE_X35Y98         LUT6 (Prop_lut6_I0_O)        0.124     9.146 f  system_i/iq_0/inst/freq_ring/freq_consumer[31]_i_4/O
                         net (fo=2, routed)           0.164     9.310    system_i/iq_0/inst/freq_ring/freq_consumer[31]_i_4_n_0
    SLICE_X35Y98         LUT5 (Prop_lut5_I4_O)        0.124     9.434 r  system_i/iq_0/inst/freq_ring/freq_consumer[31]_i_3/O
                         net (fo=31, routed)          0.240     9.674    system_i/iq_0/inst/freq_ring/freq_consumer[31]_i_3_n_0
    SLICE_X35Y98         LUT3 (Prop_lut3_I2_O)        0.124     9.798 r  system_i/iq_0/inst/freq_ring/freq_consumer[31]_i_1/O
                         net (fo=32, routed)          0.767    10.565    system_i/iq_0/inst/freq_ring_n_58
    SLICE_X36Y100        FDRE                                         r  system_i/iq_0/inst/freq_consumer_reg[13]/CE
  -------------------------------------------------------------------    -------------------

                         (clock clk_fpga_0 rise edge)
                                                      8.000     8.000 r  <hidden>
    PS7_X0Y0             PS7                          0.000     8.000 r  system_i/ps7/inst/PS7_i/FCLKCLK[0]
                         net (fo=1, routed)           1.088     9.088    system_i/ps7/inst/FCLK_CLK_unbuffered[0]
    BUFGCTRL_X0Y16       BUFG (Prop_bufg_I_O)         0.091     9.179 r  system_i/ps7/inst/buffer_fclk_clk_0.FCLK_CLK_0_BUFG/O
                         net (fo=11036, routed)       1.654    10.833    system_i/iq_0/inst/s_axi_aclk
    SLICE_X36Y100        FDRE                                         r  system_i/iq_0/inst/freq_consumer_reg[13]/C
                         clock pessimism              0.306    11.139    <hidden>
                         clock uncertainty           -0.125    11.014    <hidden>
    SLICE_X36Y100        FDRE (Setup_fdre_C_CE)      -0.169    10.845    system_i/iq_0/inst/freq_consumer_reg[13]
  -------------------------------------------------------------------
                         required time                         10.845    <hidden>
                         arrival time                         -10.565    <hidden>
  -------------------------------------------------------------------
                         slack                                  0.280    <hidden>

Slack (MET) :             0.280ns  (required time - arrival time)
  Source:                 system_i/iq_0/inst/freq_consumer_reg[1]/C
                            (rising edge-triggered cell FDRE clocked by clk_fpga_0  {rise@0.000ns fall@4.000ns period=8.000ns})
  Destination:            system_i/iq_0/inst/freq_consumer_reg[1]/CE
                            (rising edge-triggered cell FDRE clocked by clk_fpga_0  {rise@0.000ns fall@4.000ns period=8.000ns})
  Path Group:             clk_fpga_0
  Path Type:              Setup (Max at Slow Process Corner)
  Requirement:            8.000ns  (clk_fpga_0 rise@8.000ns - clk_fpga_0 rise@0.000ns)
  Data Path Delay:        7.426ns  (logic 3.346ns (45.060%)  route 4.080ns (54.940%))
  Logic Levels:           14  (CARRY4=8 LUT2=1 LUT3=1 LUT4=1 LUT5=2 LUT6=1)
  Clock Path Skew:        0.000ns (DCD - SCD + CPR)
    Destination Clock Delay (DCD):    2.833ns = ( 10.833 - 8.000 ) 
    Source Clock Delay      (SCD):    3.139ns
    Clock Pessimism Removal (CPR):    0.306ns
  Clock Uncertainty:      0.125ns  ((TSJ^2 + TIJ^2)^1/2 + DJ) / 2 + PE
    Total System Jitter     (TSJ):    0.071ns
    Total Input Jitter      (TIJ):    0.240ns
    Discrete Jitter          (DJ):    0.000ns
    Phase Error              (PE):    0.000ns

    Location             Delay type                Incr(ns)  Path(ns)    Netlist Resource(s)
  -------------------------------------------------------------------    -------------------
                         (clock clk_fpga_0 rise edge)
                                                      0.000     0.000 r  <hidden>
    PS7_X0Y0             PS7                          0.000     0.000 r  system_i/ps7/inst/PS7_i/FCLKCLK[0]
                         net (fo=1, routed)           1.193     1.193    system_i/ps7/inst/FCLK_CLK_unbuffered[0]
    BUFGCTRL_X0Y16       BUFG (Prop_bufg_I_O)         0.101     1.294 r  system_i/ps7/inst/buffer_fclk_clk_0.FCLK_CLK_0_BUFG/O
                         net (fo=11036, routed)       1.845     3.139    system_i/iq_0/inst/s_axi_aclk
    SLICE_X36Y100        FDRE                                         r  system_i/iq_0/inst/freq_consumer_reg[1]/C
  -------------------------------------------------------------------    -------------------
    SLICE_X36Y100        FDRE (Prop_fdre_C_Q)         0.518     3.657 r  system_i/iq_0/inst/freq_consumer_reg[1]/Q
                         net (fo=5, routed)           0.691     4.348    system_i/iq_0/inst/freq_ring/word_index_reg[4]_i_10_0[1]
    SLICE_X38Y100        LUT2 (Prop_lut2_I1_O)        0.124     4.472 r  system_i/iq_0/inst/freq_ring/s_axi_bresp[1]_i_187/O
                         net (fo=1, routed)           0.000     4.472    system_i/iq_0/inst/freq_ring/s_axi_bresp[1]_i_187_n_0
    SLICE_X38Y100        CARRY4 (Prop_carry4_S[1]_CO[3])
                                                      0.533     5.005 r  system_i/iq_0/inst/freq_ring/s_axi_bresp_reg[1]_i_152/CO[3]
                         net (fo=1, routed)           0.000     5.005    system_i/iq_0/inst/freq_ring/s_axi_bresp_reg[1]_i_152_n_0
    SLICE_X38Y101        CARRY4 (Prop_carry4_CI_CO[3])
                                                      0.117     5.122 r  system_i/iq_0/inst/freq_ring/s_axi_bresp_reg[1]_i_151/CO[3]
                         net (fo=1, routed)           0.000     5.122    system_i/iq_0/inst/freq_ring/s_axi_bresp_reg[1]_i_151_n_0
    SLICE_X38Y102        CARRY4 (Prop_carry4_CI_CO[3])
                                                      0.117     5.239 r  system_i/iq_0/inst/freq_ring/s_axi_bresp_reg[1]_i_114/CO[3]
                         net (fo=1, routed)           0.000     5.239    system_i/iq_0/inst/freq_ring/s_axi_bresp_reg[1]_i_114_n_0
    SLICE_X38Y103        CARRY4 (Prop_carry4_CI_CO[3])
                                                      0.117     5.356 r  system_i/iq_0/inst/freq_ring/s_axi_bresp_reg[1]_i_113/CO[3]
                         net (fo=1, routed)           0.000     5.356    system_i/iq_0/inst/freq_ring/s_axi_bresp_reg[1]_i_113_n_0
    SLICE_X38Y104        CARRY4 (Prop_carry4_CI_CO[3])
                                                      0.117     5.473 r  system_i/iq_0/inst/freq_ring/s_axi_bresp_reg[1]_i_67/CO[3]
                         net (fo=1, routed)           0.000     5.473    system_i/iq_0/inst/freq_ring/s_axi_bresp_reg[1]_i_67_n_0
    SLICE_X38Y105        CARRY4 (Prop_carry4_CI_CO[3])
                                                      0.117     5.590 r  system_i/iq_0/inst/freq_ring/s_axi_bresp_reg[1]_i_66/CO[3]
                         net (fo=1, routed)           0.000     5.590    system_i/iq_0/inst/freq_ring/s_axi_bresp_reg[1]_i_66_n_0
    SLICE_X38Y106        CARRY4 (Prop_carry4_CI_O[2])
                                                      0.239     5.829 r  system_i/iq_0/inst/freq_ring/s_axi_bresp_reg[1]_i_43/O[2]
                         net (fo=2, routed)           0.934     6.763    system_i/iq_0/inst/freq_ring/s_axi_bresp35_out[26]
    SLICE_X37Y105        LUT4 (Prop_lut4_I3_O)        0.301     7.064 r  system_i/iq_0/inst/freq_ring/s_axi_bresp[1]_i_22/O
                         net (fo=1, routed)           0.000     7.064    system_i/iq_0/inst/freq_ring/s_axi_bresp[1]_i_22_n_0
    SLICE_X37Y105        CARRY4 (Prop_carry4_S[1]_CO[3])
                                                      0.550     7.614 r  system_i/iq_0/inst/freq_ring/s_axi_bresp_reg[1]_i_11/CO[3]
                         net (fo=2, routed)           0.843     8.457    system_i/iq_0/inst/freq_ring/s_axi_bresp263_in
    SLICE_X36Y98         LUT5 (Prop_lut5_I4_O)        0.124     8.581 f  system_i/iq_0/inst/freq_ring/freq_consumer[31]_i_5/O
                         net (fo=1, routed)           0.441     9.022    system_i/iq_0/inst/freq_ring/freq_consumer[31]_i_5_n_0
    SLICE_X35Y98         LUT6 (Prop_lut6_I0_O)        0.124     9.146 f  system_i/iq_0/inst/freq_ring/freq_consumer[31]_i_4/O
                         net (fo=2, routed)           0.164     9.310    system_i/iq_0/inst/freq_ring/freq_consumer[31]_i_4_n_0
    SLICE_X35Y98         LUT5 (Prop_lut5_I4_O)        0.124     9.434 r  system_i/iq_0/inst/freq_ring/freq_consumer[31]_i_3/O
                         net (fo=31, routed)          0.240     9.674    system_i/iq_0/inst/freq_ring/freq_consumer[31]_i_3_n_0
    SLICE_X35Y98         LUT3 (Prop_lut3_I2_O)        0.124     9.798 r  system_i/iq_0/inst/freq_ring/freq_consumer[31]_i_1/O
                         net (fo=32, routed)          0.767    10.565    system_i/iq_0/inst/freq_ring_n_58
    SLICE_X36Y100        FDRE                                         r  system_i/iq_0/inst/freq_consumer_reg[1]/CE
  -------------------------------------------------------------------    -------------------

                         (clock clk_fpga_0 rise edge)
                                                      8.000     8.000 r  <hidden>
    PS7_X0Y0             PS7                          0.000     8.000 r  system_i/ps7/inst/PS7_i/FCLKCLK[0]
                         net (fo=1, routed)           1.088     9.088    system_i/ps7/inst/FCLK_CLK_unbuffered[0]
    BUFGCTRL_X0Y16       BUFG (Prop_bufg_I_O)         0.091     9.179 r  system_i/ps7/inst/buffer_fclk_clk_0.FCLK_CLK_0_BUFG/O
                         net (fo=11036, routed)       1.654    10.833    system_i/iq_0/inst/s_axi_aclk
    SLICE_X36Y100        FDRE                                         r  system_i/iq_0/inst/freq_consumer_reg[1]/C
                         clock pessimism              0.306    11.139    <hidden>
                         clock uncertainty           -0.125    11.014    <hidden>
    SLICE_X36Y100        FDRE (Setup_fdre_C_CE)      -0.169    10.845    system_i/iq_0/inst/freq_consumer_reg[1]
  -------------------------------------------------------------------
                         required time                         10.845    <hidden>
                         arrival time                         -10.565    <hidden>
  -------------------------------------------------------------------
                         slack                                  0.280    <hidden>

Slack (MET) :             0.280ns  (required time - arrival time)
  Source:                 system_i/iq_0/inst/freq_consumer_reg[1]/C
                            (rising edge-triggered cell FDRE clocked by clk_fpga_0  {rise@0.000ns fall@4.000ns period=8.000ns})
  Destination:            system_i/iq_0/inst/freq_consumer_reg[27]/CE
                            (rising edge-triggered cell FDRE clocked by clk_fpga_0  {rise@0.000ns fall@4.000ns period=8.000ns})
  Path Group:             clk_fpga_0
  Path Type:              Setup (Max at Slow Process Corner)
  Requirement:            8.000ns  (clk_fpga_0 rise@8.000ns - clk_fpga_0 rise@0.000ns)
  Data Path Delay:        7.426ns  (logic 3.346ns (45.060%)  route 4.080ns (54.940%))
  Logic Levels:           14  (CARRY4=8 LUT2=1 LUT3=1 LUT4=1 LUT5=2 LUT6=1)
  Clock Path Skew:        0.000ns (DCD - SCD + CPR)
    Destination Clock Delay (DCD):    2.833ns = ( 10.833 - 8.000 ) 
    Source Clock Delay      (SCD):    3.139ns
    Clock Pessimism Removal (CPR):    0.306ns
  Clock Uncertainty:      0.125ns  ((TSJ^2 + TIJ^2)^1/2 + DJ) / 2 + PE
    Total System Jitter     (TSJ):    0.071ns
    Total Input Jitter      (TIJ):    0.240ns
    Discrete Jitter          (DJ):    0.000ns
    Phase Error              (PE):    0.000ns

    Location             Delay type                Incr(ns)  Path(ns)    Netlist Resource(s)
  -------------------------------------------------------------------    -------------------
                         (clock clk_fpga_0 rise edge)
                                                      0.000     0.000 r  <hidden>
    PS7_X0Y0             PS7                          0.000     0.000 r  system_i/ps7/inst/PS7_i/FCLKCLK[0]
                         net (fo=1, routed)           1.193     1.193    system_i/ps7/inst/FCLK_CLK_unbuffered[0]
    BUFGCTRL_X0Y16       BUFG (Prop_bufg_I_O)         0.101     1.294 r  system_i/ps7/inst/buffer_fclk_clk_0.FCLK_CLK_0_BUFG/O
                         net (fo=11036, routed)       1.845     3.139    system_i/iq_0/inst/s_axi_aclk
    SLICE_X36Y100        FDRE                                         r  system_i/iq_0/inst/freq_consumer_reg[1]/C
  -------------------------------------------------------------------    -------------------
    SLICE_X36Y100        FDRE (Prop_fdre_C_Q)         0.518     3.657 r  system_i/iq_0/inst/freq_consumer_reg[1]/Q
                         net (fo=5, routed)           0.691     4.348    system_i/iq_0/inst/freq_ring/word_index_reg[4]_i_10_0[1]
    SLICE_X38Y100        LUT2 (Prop_lut2_I1_O)        0.124     4.472 r  system_i/iq_0/inst/freq_ring/s_axi_bresp[1]_i_187/O
                         net (fo=1, routed)           0.000     4.472    system_i/iq_0/inst/freq_ring/s_axi_bresp[1]_i_187_n_0
    SLICE_X38Y100        CARRY4 (Prop_carry4_S[1]_CO[3])
                                                      0.533     5.005 r  system_i/iq_0/inst/freq_ring/s_axi_bresp_reg[1]_i_152/CO[3]
                         net (fo=1, routed)           0.000     5.005    system_i/iq_0/inst/freq_ring/s_axi_bresp_reg[1]_i_152_n_0
    SLICE_X38Y101        CARRY4 (Prop_carry4_CI_CO[3])
                                                      0.117     5.122 r  system_i/iq_0/inst/freq_ring/s_axi_bresp_reg[1]_i_151/CO[3]
                         net (fo=1, routed)           0.000     5.122    system_i/iq_0/inst/freq_ring/s_axi_bresp_reg[1]_i_151_n_0
    SLICE_X38Y102        CARRY4 (Prop_carry4_CI_CO[3])
                                                      0.117     5.239 r  system_i/iq_0/inst/freq_ring/s_axi_bresp_reg[1]_i_114/CO[3]
                         net (fo=1, routed)           0.000     5.239    system_i/iq_0/inst/freq_ring/s_axi_bresp_reg[1]_i_114_n_0
    SLICE_X38Y103        CARRY4 (Prop_carry4_CI_CO[3])
                                                      0.117     5.356 r  system_i/iq_0/inst/freq_ring/s_axi_bresp_reg[1]_i_113/CO[3]
                         net (fo=1, routed)           0.000     5.356    system_i/iq_0/inst/freq_ring/s_axi_bresp_reg[1]_i_113_n_0
    SLICE_X38Y104        CARRY4 (Prop_carry4_CI_CO[3])
                                                      0.117     5.473 r  system_i/iq_0/inst/freq_ring/s_axi_bresp_reg[1]_i_67/CO[3]
                         net (fo=1, routed)           0.000     5.473    system_i/iq_0/inst/freq_ring/s_axi_bresp_reg[1]_i_67_n_0
    SLICE_X38Y105        CARRY4 (Prop_carry4_CI_CO[3])
                                                      0.117     5.590 r  system_i/iq_0/inst/freq_ring/s_axi_bresp_reg[1]_i_66/CO[3]
                         net (fo=1, routed)           0.000     5.590    system_i/iq_0/inst/freq_ring/s_axi_bresp_reg[1]_i_66_n_0
    SLICE_X38Y106        CARRY4 (Prop_carry4_CI_O[2])
                                                      0.239     5.829 r  system_i/iq_0/inst/freq_ring/s_axi_bresp_reg[1]_i_43/O[2]
                         net (fo=2, routed)           0.934     6.763    system_i/iq_0/inst/freq_ring/s_axi_bresp35_out[26]
    SLICE_X37Y105        LUT4 (Prop_lut4_I3_O)        0.301     7.064 r  system_i/iq_0/inst/freq_ring/s_axi_bresp[1]_i_22/O
                         net (fo=1, routed)           0.000     7.064    system_i/iq_0/inst/freq_ring/s_axi_bresp[1]_i_22_n_0
    SLICE_X37Y105        CARRY4 (Prop_carry4_S[1]_CO[3])
                                                      0.550     7.614 r  system_i/iq_0/inst/freq_ring/s_axi_bresp_reg[1]_i_11/CO[3]
                         net (fo=2, routed)           0.843     8.457    system_i/iq_0/inst/freq_ring/s_axi_bresp263_in
    SLICE_X36Y98         LUT5 (Prop_lut5_I4_O)        0.124     8.581 f  system_i/iq_0/inst/freq_ring/freq_consumer[31]_i_5/O
                         net (fo=1, routed)           0.441     9.022    system_i/iq_0/inst/freq_ring/freq_consumer[31]_i_5_n_0
    SLICE_X35Y98         LUT6 (Prop_lut6_I0_O)        0.124     9.146 f  system_i/iq_0/inst/freq_ring/freq_consumer[31]_i_4/O
                         net (fo=2, routed)           0.164     9.310    system_i/iq_0/inst/freq_ring/freq_consumer[31]_i_4_n_0
    SLICE_X35Y98         LUT5 (Prop_lut5_I4_O)        0.124     9.434 r  system_i/iq_0/inst/freq_ring/freq_consumer[31]_i_3/O
                         net (fo=31, routed)          0.240     9.674    system_i/iq_0/inst/freq_ring/freq_consumer[31]_i_3_n_0
    SLICE_X35Y98         LUT3 (Prop_lut3_I2_O)        0.124     9.798 r  system_i/iq_0/inst/freq_ring/freq_consumer[31]_i_1/O
                         net (fo=32, routed)          0.767    10.565    system_i/iq_0/inst/freq_ring_n_58
    SLICE_X36Y100        FDRE                                         r  system_i/iq_0/inst/freq_consumer_reg[27]/CE
  -------------------------------------------------------------------    -------------------

                         (clock clk_fpga_0 rise edge)
                                                      8.000     8.000 r  <hidden>
    PS7_X0Y0             PS7                          0.000     8.000 r  system_i/ps7/inst/PS7_i/FCLKCLK[0]
                         net (fo=1, routed)           1.088     9.088    system_i/ps7/inst/FCLK_CLK_unbuffered[0]
    BUFGCTRL_X0Y16       BUFG (Prop_bufg_I_O)         0.091     9.179 r  system_i/ps7/inst/buffer_fclk_clk_0.FCLK_CLK_0_BUFG/O
                         net (fo=11036, routed)       1.654    10.833    system_i/iq_0/inst/s_axi_aclk
    SLICE_X36Y100        FDRE                                         r  system_i/iq_0/inst/freq_consumer_reg[27]/C
                         clock pessimism              0.306    11.139    <hidden>
                         clock uncertainty           -0.125    11.014    <hidden>
    SLICE_X36Y100        FDRE (Setup_fdre_C_CE)      -0.169    10.845    system_i/iq_0/inst/freq_consumer_reg[27]
  -------------------------------------------------------------------
                         required time                         10.845    <hidden>
                         arrival time                         -10.565    <hidden>
  -------------------------------------------------------------------
                         slack                                  0.280    <hidden>

Slack (MET) :             0.280ns  (required time - arrival time)
  Source:                 system_i/iq_0/inst/freq_consumer_reg[1]/C
                            (rising edge-triggered cell FDRE clocked by clk_fpga_0  {rise@0.000ns fall@4.000ns period=8.000ns})
  Destination:            system_i/iq_0/inst/freq_consumer_reg[28]/CE
                            (rising edge-triggered cell FDRE clocked by clk_fpga_0  {rise@0.000ns fall@4.000ns period=8.000ns})
  Path Group:             clk_fpga_0
  Path Type:              Setup (Max at Slow Process Corner)
  Requirement:            8.000ns  (clk_fpga_0 rise@8.000ns - clk_fpga_0 rise@0.000ns)
  Data Path Delay:        7.426ns  (logic 3.346ns (45.060%)  route 4.080ns (54.940%))
  Logic Levels:           14  (CARRY4=8 LUT2=1 LUT3=1 LUT4=1 LUT5=2 LUT6=1)
  Clock Path Skew:        0.000ns (DCD - SCD + CPR)
    Destination Clock Delay (DCD):    2.833ns = ( 10.833 - 8.000 ) 
    Source Clock Delay      (SCD):    3.139ns
    Clock Pessimism Removal (CPR):    0.306ns
  Clock Uncertainty:      0.125ns  ((TSJ^2 + TIJ^2)^1/2 + DJ) / 2 + PE
    Total System Jitter     (TSJ):    0.071ns
    Total Input Jitter      (TIJ):    0.240ns
    Discrete Jitter          (DJ):    0.000ns
    Phase Error              (PE):    0.000ns

    Location             Delay type                Incr(ns)  Path(ns)    Netlist Resource(s)
  -------------------------------------------------------------------    -------------------
                         (clock clk_fpga_0 rise edge)
                                                      0.000     0.000 r  <hidden>
    PS7_X0Y0             PS7                          0.000     0.000 r  system_i/ps7/inst/PS7_i/FCLKCLK[0]
                         net (fo=1, routed)           1.193     1.193    system_i/ps7/inst/FCLK_CLK_unbuffered[0]
    BUFGCTRL_X0Y16       BUFG (Prop_bufg_I_O)         0.101     1.294 r  system_i/ps7/inst/buffer_fclk_clk_0.FCLK_CLK_0_BUFG/O
                         net (fo=11036, routed)       1.845     3.139    system_i/iq_0/inst/s_axi_aclk
    SLICE_X36Y100        FDRE                                         r  system_i/iq_0/inst/freq_consumer_reg[1]/C
  -------------------------------------------------------------------    -------------------
    SLICE_X36Y100        FDRE (Prop_fdre_C_Q)         0.518     3.657 r  system_i/iq_0/inst/freq_consumer_reg[1]/Q
                         net (fo=5, routed)           0.691     4.348    system_i/iq_0/inst/freq_ring/word_index_reg[4]_i_10_0[1]
    SLICE_X38Y100        LUT2 (Prop_lut2_I1_O)        0.124     4.472 r  system_i/iq_0/inst/freq_ring/s_axi_bresp[1]_i_187/O
                         net (fo=1, routed)           0.000     4.472    system_i/iq_0/inst/freq_ring/s_axi_bresp[1]_i_187_n_0
    SLICE_X38Y100        CARRY4 (Prop_carry4_S[1]_CO[3])
                                                      0.533     5.005 r  system_i/iq_0/inst/freq_ring/s_axi_bresp_reg[1]_i_152/CO[3]
                         net (fo=1, routed)           0.000     5.005    system_i/iq_0/inst/freq_ring/s_axi_bresp_reg[1]_i_152_n_0
    SLICE_X38Y101        CARRY4 (Prop_carry4_CI_CO[3])
                                                      0.117     5.122 r  system_i/iq_0/inst/freq_ring/s_axi_bresp_reg[1]_i_151/CO[3]
                         net (fo=1, routed)           0.000     5.122    system_i/iq_0/inst/freq_ring/s_axi_bresp_reg[1]_i_151_n_0
    SLICE_X38Y102        CARRY4 (Prop_carry4_CI_CO[3])
                                                      0.117     5.239 r  system_i/iq_0/inst/freq_ring/s_axi_bresp_reg[1]_i_114/CO[3]
                         net (fo=1, routed)           0.000     5.239    system_i/iq_0/inst/freq_ring/s_axi_bresp_reg[1]_i_114_n_0
    SLICE_X38Y103        CARRY4 (Prop_carry4_CI_CO[3])
                                                      0.117     5.356 r  system_i/iq_0/inst/freq_ring/s_axi_bresp_reg[1]_i_113/CO[3]
                         net (fo=1, routed)           0.000     5.356    system_i/iq_0/inst/freq_ring/s_axi_bresp_reg[1]_i_113_n_0
    SLICE_X38Y104        CARRY4 (Prop_carry4_CI_CO[3])
                                                      0.117     5.473 r  system_i/iq_0/inst/freq_ring/s_axi_bresp_reg[1]_i_67/CO[3]
                         net (fo=1, routed)           0.000     5.473    system_i/iq_0/inst/freq_ring/s_axi_bresp_reg[1]_i_67_n_0
    SLICE_X38Y105        CARRY4 (Prop_carry4_CI_CO[3])
                                                      0.117     5.590 r  system_i/iq_0/inst/freq_ring/s_axi_bresp_reg[1]_i_66/CO[3]
                         net (fo=1, routed)           0.000     5.590    system_i/iq_0/inst/freq_ring/s_axi_bresp_reg[1]_i_66_n_0
    SLICE_X38Y106        CARRY4 (Prop_carry4_CI_O[2])
                                                      0.239     5.829 r  system_i/iq_0/inst/freq_ring/s_axi_bresp_reg[1]_i_43/O[2]
                         net (fo=2, routed)           0.934     6.763    system_i/iq_0/inst/freq_ring/s_axi_bresp35_out[26]
    SLICE_X37Y105        LUT4 (Prop_lut4_I3_O)        0.301     7.064 r  system_i/iq_0/inst/freq_ring/s_axi_bresp[1]_i_22/O
                         net (fo=1, routed)           0.000     7.064    system_i/iq_0/inst/freq_ring/s_axi_bresp[1]_i_22_n_0
    SLICE_X37Y105        CARRY4 (Prop_carry4_S[1]_CO[3])
                                                      0.550     7.614 r  system_i/iq_0/inst/freq_ring/s_axi_bresp_reg[1]_i_11/CO[3]
                         net (fo=2, routed)           0.843     8.457    system_i/iq_0/inst/freq_ring/s_axi_bresp263_in
    SLICE_X36Y98         LUT5 (Prop_lut5_I4_O)        0.124     8.581 f  system_i/iq_0/inst/freq_ring/freq_consumer[31]_i_5/O
                         net (fo=1, routed)           0.441     9.022    system_i/iq_0/inst/freq_ring/freq_consumer[31]_i_5_n_0
    SLICE_X35Y98         LUT6 (Prop_lut6_I0_O)        0.124     9.146 f  system_i/iq_0/inst/freq_ring/freq_consumer[31]_i_4/O
                         net (fo=2, routed)           0.164     9.310    system_i/iq_0/inst/freq_ring/freq_consumer[31]_i_4_n_0
    SLICE_X35Y98         LUT5 (Prop_lut5_I4_O)        0.124     9.434 r  system_i/iq_0/inst/freq_ring/freq_consumer[31]_i_3/O
                         net (fo=31, routed)          0.240     9.674    system_i/iq_0/inst/freq_ring/freq_consumer[31]_i_3_n_0
    SLICE_X35Y98         LUT3 (Prop_lut3_I2_O)        0.124     9.798 r  system_i/iq_0/inst/freq_ring/freq_consumer[31]_i_1/O
                         net (fo=32, routed)          0.767    10.565    system_i/iq_0/inst/freq_ring_n_58
    SLICE_X36Y100        FDRE                                         r  system_i/iq_0/inst/freq_consumer_reg[28]/CE
  -------------------------------------------------------------------    -------------------

                         (clock clk_fpga_0 rise edge)
                                                      8.000     8.000 r  <hidden>
    PS7_X0Y0             PS7                          0.000     8.000 r  system_i/ps7/inst/PS7_i/FCLKCLK[0]
                         net (fo=1, routed)           1.088     9.088    system_i/ps7/inst/FCLK_CLK_unbuffered[0]
    BUFGCTRL_X0Y16       BUFG (Prop_bufg_I_O)         0.091     9.179 r  system_i/ps7/inst/buffer_fclk_clk_0.FCLK_CLK_0_BUFG/O
                         net (fo=11036, routed)       1.654    10.833    system_i/iq_0/inst/s_axi_aclk
    SLICE_X36Y100        FDRE                                         r  system_i/iq_0/inst/freq_consumer_reg[28]/C
                         clock pessimism              0.306    11.139    <hidden>
                         clock uncertainty           -0.125    11.014    <hidden>
    SLICE_X36Y100        FDRE (Setup_fdre_C_CE)      -0.169    10.845    system_i/iq_0/inst/freq_consumer_reg[28]
  -------------------------------------------------------------------
                         required time                         10.845    <hidden>
                         arrival time                         -10.565    <hidden>
  -------------------------------------------------------------------
                         slack                                  0.280    <hidden>

Slack (MET) :             0.280ns  (required time - arrival time)
  Source:                 system_i/iq_0/inst/freq_consumer_reg[1]/C
                            (rising edge-triggered cell FDRE clocked by clk_fpga_0  {rise@0.000ns fall@4.000ns period=8.000ns})
  Destination:            system_i/iq_0/inst/freq_consumer_reg[2]/CE
                            (rising edge-triggered cell FDRE clocked by clk_fpga_0  {rise@0.000ns fall@4.000ns period=8.000ns})
  Path Group:             clk_fpga_0
  Path Type:              Setup (Max at Slow Process Corner)
  Requirement:            8.000ns  (clk_fpga_0 rise@8.000ns - clk_fpga_0 rise@0.000ns)
  Data Path Delay:        7.426ns  (logic 3.346ns (45.060%)  route 4.080ns (54.940%))
  Logic Levels:           14  (CARRY4=8 LUT2=1 LUT3=1 LUT4=1 LUT5=2 LUT6=1)
  Clock Path Skew:        0.000ns (DCD - SCD + CPR)
    Destination Clock Delay (DCD):    2.833ns = ( 10.833 - 8.000 ) 
    Source Clock Delay      (SCD):    3.139ns
    Clock Pessimism Removal (CPR):    0.306ns
  Clock Uncertainty:      0.125ns  ((TSJ^2 + TIJ^2)^1/2 + DJ) / 2 + PE
    Total System Jitter     (TSJ):    0.071ns
    Total Input Jitter      (TIJ):    0.240ns
    Discrete Jitter          (DJ):    0.000ns
    Phase Error              (PE):    0.000ns

    Location             Delay type                Incr(ns)  Path(ns)    Netlist Resource(s)
  -------------------------------------------------------------------    -------------------
                         (clock clk_fpga_0 rise edge)
                                                      0.000     0.000 r  <hidden>
    PS7_X0Y0             PS7                          0.000     0.000 r  system_i/ps7/inst/PS7_i/FCLKCLK[0]
                         net (fo=1, routed)           1.193     1.193    system_i/ps7/inst/FCLK_CLK_unbuffered[0]
    BUFGCTRL_X0Y16       BUFG (Prop_bufg_I_O)         0.101     1.294 r  system_i/ps7/inst/buffer_fclk_clk_0.FCLK_CLK_0_BUFG/O
                         net (fo=11036, routed)       1.845     3.139    system_i/iq_0/inst/s_axi_aclk
    SLICE_X36Y100        FDRE                                         r  system_i/iq_0/inst/freq_consumer_reg[1]/C
  -------------------------------------------------------------------    -------------------
    SLICE_X36Y100        FDRE (Prop_fdre_C_Q)         0.518     3.657 r  system_i/iq_0/inst/freq_consumer_reg[1]/Q
                         net (fo=5, routed)           0.691     4.348    system_i/iq_0/inst/freq_ring/word_index_reg[4]_i_10_0[1]
    SLICE_X38Y100        LUT2 (Prop_lut2_I1_O)        0.124     4.472 r  system_i/iq_0/inst/freq_ring/s_axi_bresp[1]_i_187/O
                         net (fo=1, routed)           0.000     4.472    system_i/iq_0/inst/freq_ring/s_axi_bresp[1]_i_187_n_0
    SLICE_X38Y100        CARRY4 (Prop_carry4_S[1]_CO[3])
                                                      0.533     5.005 r  system_i/iq_0/inst/freq_ring/s_axi_bresp_reg[1]_i_152/CO[3]
                         net (fo=1, routed)           0.000     5.005    system_i/iq_0/inst/freq_ring/s_axi_bresp_reg[1]_i_152_n_0
    SLICE_X38Y101        CARRY4 (Prop_carry4_CI_CO[3])
                                                      0.117     5.122 r  system_i/iq_0/inst/freq_ring/s_axi_bresp_reg[1]_i_151/CO[3]
                         net (fo=1, routed)           0.000     5.122    system_i/iq_0/inst/freq_ring/s_axi_bresp_reg[1]_i_151_n_0
    SLICE_X38Y102        CARRY4 (Prop_carry4_CI_CO[3])
                                                      0.117     5.239 r  system_i/iq_0/inst/freq_ring/s_axi_bresp_reg[1]_i_114/CO[3]
                         net (fo=1, routed)           0.000     5.239    system_i/iq_0/inst/freq_ring/s_axi_bresp_reg[1]_i_114_n_0
    SLICE_X38Y103        CARRY4 (Prop_carry4_CI_CO[3])
                                                      0.117     5.356 r  system_i/iq_0/inst/freq_ring/s_axi_bresp_reg[1]_i_113/CO[3]
                         net (fo=1, routed)           0.000     5.356    system_i/iq_0/inst/freq_ring/s_axi_bresp_reg[1]_i_113_n_0
    SLICE_X38Y104        CARRY4 (Prop_carry4_CI_CO[3])
                                                      0.117     5.473 r  system_i/iq_0/inst/freq_ring/s_axi_bresp_reg[1]_i_67/CO[3]
                         net (fo=1, routed)           0.000     5.473    system_i/iq_0/inst/freq_ring/s_axi_bresp_reg[1]_i_67_n_0
    SLICE_X38Y105        CARRY4 (Prop_carry4_CI_CO[3])
                                                      0.117     5.590 r  system_i/iq_0/inst/freq_ring/s_axi_bresp_reg[1]_i_66/CO[3]
                         net (fo=1, routed)           0.000     5.590    system_i/iq_0/inst/freq_ring/s_axi_bresp_reg[1]_i_66_n_0
    SLICE_X38Y106        CARRY4 (Prop_carry4_CI_O[2])
                                                      0.239     5.829 r  system_i/iq_0/inst/freq_ring/s_axi_bresp_reg[1]_i_43/O[2]
                         net (fo=2, routed)           0.934     6.763    system_i/iq_0/inst/freq_ring/s_axi_bresp35_out[26]
    SLICE_X37Y105        LUT4 (Prop_lut4_I3_O)        0.301     7.064 r  system_i/iq_0/inst/freq_ring/s_axi_bresp[1]_i_22/O
                         net (fo=1, routed)           0.000     7.064    system_i/iq_0/inst/freq_ring/s_axi_bresp[1]_i_22_n_0
    SLICE_X37Y105        CARRY4 (Prop_carry4_S[1]_CO[3])
                                                      0.550     7.614 r  system_i/iq_0/inst/freq_ring/s_axi_bresp_reg[1]_i_11/CO[3]
                         net (fo=2, routed)           0.843     8.457    system_i/iq_0/inst/freq_ring/s_axi_bresp263_in
    SLICE_X36Y98         LUT5 (Prop_lut5_I4_O)        0.124     8.581 f  system_i/iq_0/inst/freq_ring/freq_consumer[31]_i_5/O
                         net (fo=1, routed)           0.441     9.022    system_i/iq_0/inst/freq_ring/freq_consumer[31]_i_5_n_0
    SLICE_X35Y98         LUT6 (Prop_lut6_I0_O)        0.124     9.146 f  system_i/iq_0/inst/freq_ring/freq_consumer[31]_i_4/O
                         net (fo=2, routed)           0.164     9.310    system_i/iq_0/inst/freq_ring/freq_consumer[31]_i_4_n_0
    SLICE_X35Y98         LUT5 (Prop_lut5_I4_O)        0.124     9.434 r  system_i/iq_0/inst/freq_ring/freq_consumer[31]_i_3/O
                         net (fo=31, routed)          0.240     9.674    system_i/iq_0/inst/freq_ring/freq_consumer[31]_i_3_n_0
    SLICE_X35Y98         LUT3 (Prop_lut3_I2_O)        0.124     9.798 r  system_i/iq_0/inst/freq_ring/freq_consumer[31]_i_1/O
                         net (fo=32, routed)          0.767    10.565    system_i/iq_0/inst/freq_ring_n_58
    SLICE_X36Y100        FDRE                                         r  system_i/iq_0/inst/freq_consumer_reg[2]/CE
  -------------------------------------------------------------------    -------------------

                         (clock clk_fpga_0 rise edge)
                                                      8.000     8.000 r  <hidden>
    PS7_X0Y0             PS7                          0.000     8.000 r  system_i/ps7/inst/PS7_i/FCLKCLK[0]
                         net (fo=1, routed)           1.088     9.088    system_i/ps7/inst/FCLK_CLK_unbuffered[0]
    BUFGCTRL_X0Y16       BUFG (Prop_bufg_I_O)         0.091     9.179 r  system_i/ps7/inst/buffer_fclk_clk_0.FCLK_CLK_0_BUFG/O
                         net (fo=11036, routed)       1.654    10.833    system_i/iq_0/inst/s_axi_aclk
    SLICE_X36Y100        FDRE                                         r  system_i/iq_0/inst/freq_consumer_reg[2]/C
                         clock pessimism              0.306    11.139    <hidden>
                         clock uncertainty           -0.125    11.014    <hidden>
    SLICE_X36Y100        FDRE (Setup_fdre_C_CE)      -0.169    10.845    system_i/iq_0/inst/freq_consumer_reg[2]
  -------------------------------------------------------------------
                         required time                         10.845    <hidden>
                         arrival time                         -10.565    <hidden>
  -------------------------------------------------------------------
                         slack                                  0.280    <hidden>




