00000
00000
00000
00000
00000
00000
00000
00000
00000
00000
00000
00001
00001
00001
00001
00001
00001
00001
00002
00002
00002
00002
00002
00003
00003
00003
00003
00004
00004
00004
00004
00005
00005
00005
00006
00006
00006
00007
00007
00007
00008
00008
00009
00009
00009
0000a
0000a
0000b
0000b
0000c
0000c
0000d
0000d
0000e
0000e
0000f
0000f
00010
00010
00011
00011
00012
00013
00013
00014
00014
00015
00016
00016
00017
00018
00018
00019
0001a
0001a
0001b
0001c
0001d
0001d
0001e
0001f
00020
00020
00021
00022
00023
00024
00024
00025
00026
00027
00028
00029
0002a
0002b
0002b
0002c
0002d
0002e
0002f
00030
00031
00032
00033
00034
00035
00036
00037
00038
00039
0003a
0003b
0003c
0003e
0003f
00040
00041
00042
00043
00044
00045
00047
00048
00049
0004a
0004b
0004c
0004e
0004f
00050
00051
00053
00054
00055
00057
00058
00059
0005a
0005c
0005d
0005e
00060
00061
00063
00064
00065
00067
00068
0006a
0006b
0006c
0006e
0006f
00071
00072
00074
00075
00077
00078
0007a
0007b
0007d
0007e
00080
00082
00083
00085
00086
00088
0008a
0008b
0008d
0008f
00090
00092
00094
00095
00097
00099
0009a
0009c
0009e
000a0
000a1
000a3
000a5
000a7
000a8
000aa
000ac
000ae
000b0
000b2
000b3
000b5
000b7
000b9
000bb
000bd
000bf
000c1
000c3
000c5
000c6
000c8
000ca
000cc
000ce
000d0
000d2
000d4
000d6
000d8
000db
000dd
000df
000e1
000e3
000e5
000e7
000e9
000eb
000ed
000f0
000f2
000f4
000f6
000f8
000fa
000fd
000ff
00101
00103
00105
00108
0010a
0010c
0010f
00111
00113
00115
00118
0011a
0011c
0011f
00121
00123
00126
00128
0012b
0012d
0012f
00132
00134
00137
00139
0013c
0013e
00141
00143
00146
00148
0014b
0014d
00150
00152
00155
00157
0015a
0015c
0015f
00162
00164
00167
00169
0016c
0016f
00171
00174
00177
00179
0017c
0017f
00182
00184
00187
0018a
0018d
0018f
00192
00195
00198
0019a
0019d
001a0
001a3
001a6
001a9
001ab
001ae
001b1
001b4
001b7
001ba
001bd
001c0
001c3
001c6
001c9
001cc
001cf
001d2
001d5
001d8
001db
001de
001e1
001e4
001e7
001ea
001ed
001f0
001f3
001f6
001f9
001fc
001ff
00203
00206
00209
0020c
0020f
00212
00216
00219
0021c
0021f
00223
00226
00229
0022c
00230
00233
00236
00239
0023d
00240
00243
00247
0024a
0024d
00251
00254
00258
0025b
0025e
00262
00265
00269
0026c
00270
00273
00277
0027a
0027d
00281
00284
00288
0028c
0028f
00293
00296
0029a
0029d
002a1
002a5
002a8
002ac
002af
002b3
002b7
002ba
002be
002c2
002c5
002c9
002cd
002d0
002d4
002d8
002dc
002df
002e3
002e7
002eb
002ee
002f2
002f6
002fa
002fe
00302
00305
00309
0030d
00311
00315
00319
0031d
00321
00324
00328
0032c
00330
00334
00338
0033c
00340
00344
00348
0034c
00350
00354
00358
0035c
00360
00365
00369
0036d
00371
00375
00379
0037d
00381
00385
0038a
0038e
00392
00396
0039a
0039f
003a3
003a7
003ab
003af
003b4
003b8
003bc
003c1
003c5
003c9
003cd
003d2
003d6
003da
003df
003e3
003e8
003ec
003f0
003f5
003f9
003fe
00402
00406
0040b
0040f
00414
00418
0041d
00421
00426
0042a
0042f
00433
00438
0043c
00441
00445
0044a
0044f
00453
00458
0045c
00461
00466
0046a
0046f
00474
00478
0047d
00482
00486
0048b
00490
00495
00499
0049e
004a3
004a8
004ac
004b1
004b6
004bb
004c0
004c4
004c9
004ce
004d3
004d8
004dd
004e1
004e6
004eb
004f0
004f5
004fa
004ff
00504
00509
0050e
00513
00518
0051d
00522
00527
0052c
00531
00536
0053b
00540
00545
0054a
0054f
00554
00559
0055f
00564
00569
0056e
00573
00578
0057d
00583
00588
0058d
00592
00597
0059d
005a2
005a7
005ac
005b2
005b7
005bc
005c2
005c7
005cc
005d1
005d7
005dc
005e1
005e7
005ec
005f2
005f7
005fc
00602
00607
0060d
00612
00618
0061d
00622
00628
0062d
00633
00638
0063e
00643
00649
0064e
00654
0065a
0065f
00665
0066a
00670
00676
0067b
00681
00686
0068c
00692
00697
0069d
006a3
006a8
006ae
006b4
006ba
006bf
006c5
006cb
006d0
006d6
006dc
006e2
006e8
006ed
006f3
006f9
006ff
00705
0070b
00710
00716
0071c
00722
00728
0072e
00734
0073a
00740
00746
0074c
00751
00757
0075d
00763
00769
0076f
00775
0077b
00782
00788
0078e
00794
0079a
007a0
007a6
007ac
007b2
007b8
007be
007c5
007cb
007d1
007d7
007dd
007e3
007ea
007f0
007f6
007fc
00802
00809
0080f
00815
0081b
00822
00828
0082e
00835
0083b
00841
00848
0084e
00854
0085b
00861
00867
0086e
00874
0087b
00881
00887
0088e
00894
0089b
008a1
008a8
008ae
008b5
008bb
008c2
008c8
008cf
008d5
008dc
008e2
008e9
008f0
008f6
008fd
00903
0090a
00911
00917
0091e
00925
0092b
00932
00939
0093f
00946
0094d
00953
0095a
00961
00968
0096e
00975
0097c
00983
00989
00990
00997
0099e
009a5
009ac
009b2
009b9
009c0
009c7
009ce
009d5
009dc
009e3
009ea
009f0
009f7
009fe
00a05
00a0c
00a13
00a1a
00a21
00a28
00a2f
00a36
00a3d
00a44
00a4b
00a52
00a5a
00a61
00a68
00a6f
00a76
00a7d
00a84
00a8b
00a92
00a9a
00aa1
00aa8
00aaf
00ab6
00abd
00ac5
00acc
00ad3
00ada
00ae2
00ae9
00af0
00af7
00aff
00b06
00b0d
00b15
00b1c
00b23
00b2b
00b32
00b39
00b41
00b48
00b4f
00b57
00b5e
00b66
00b6d
00b74
00b7c
00b83
00b8b
00b92
00b9a
00ba1
00ba9
00bb0
00bb8
00bbf
00bc7
00bce
00bd6
00bdd
00be5
00bed
00bf4
00bfc
00c03
00c0b
00c13
00c1a
00c22
00c29
00c31
00c39
00c40
00c48
00c50
00c58
00c5f
00c67
00c6f
00c76
00c7e
00c86
00c8e
00c96
00c9d
00ca5
00cad
00cb5
00cbd
00cc4
00ccc
00cd4
00cdc
00ce4
00cec
00cf4
00cfc
00d03
00d0b
00d13
00d1b
00d23
00d2b
00d33
00d3b
00d43
00d4b
00d53
00d5b
00d63
00d6b
00d73
00d7b
00d83
00d8b
00d93
00d9b
00da3
00dac
00db4
00dbc
00dc4
00dcc
00dd4
00ddc
00de5
00ded
00df5
00dfd
00e05
00e0d
00e16
00e1e
00e26
00e2e
00e37
00e3f
00e47
00e4f
00e58
00e60
00e68
00e71
00e79
00e81
00e8a
00e92
00e9a
00ea3
00eab
00eb4
00ebc
00ec4
00ecd
00ed5
00ede
00ee6
00eef
00ef7
00eff
00f08
00f10
00f19
00f21
00f2a
00f32
00f3b
00f44
00f4c
00f55
00f5d
00f66
00f6e
00f77
00f80
00f88
00f91
00f99
00fa2
00fab
00fb3
00fbc
00fc5
00fcd
00fd6
00fdf
00fe8
00ff0
00ff9
01002
0100b
01013
0101c
01025
0102e
01036
0103f
01048
01051
0105a
01063
0106b
01074
0107d
01086
0108f
01098
010a1
010aa
010b3
010bb
010c4
010cd
010d6
010df
010e8
010f1
010fa
01103
0110c
01115
0111e
01127
01130
01139
01143
0114c
01155
0115e
01167
01170
01179
01182
0118b
01195
0119e
011a7
011b0
011b9
011c2
011cc
011d5
011de
011e7
011f1
011fa
01203
0120c
01216
0121f
01228
01231
0123b
01244
0124d
01257
01260
01269
01273
0127c
01286
0128f
01298
012a2
012ab
012b5
012be
012c8
012d1
012da
012e4
012ed
012f7
01300
0130a
01313
0131d
01326
01330
0133a
01343
0134d
01356
01360
01369
01373
0137d
01386
01390
0139a
013a3
013ad
013b6
013c0
013ca
013d4
013dd
013e7
013f1
013fa
01404
0140e
01418
01421
0142b
01435
0143f
01449
01452
0145c
01466
01470
0147a
01484
0148d
01497
014a1
014ab
014b5
014bf
014c9
014d3
014dd
014e7
014f1
014fa
01504
0150e
01518
01522
0152c
01536
01540
0154a
01555
0155f
01569
01573
0157d
01587
01591
0159b
015a5
015af
015b9
015c4
015ce
015d8
015e2
015ec
015f6
01601
0160b
01615
0161f
01629
01634
0163e
01648
01652
0165d
01667
01671
0167b
01686
01690
0169a
016a5
016af
016b9
016c4
016ce
016d9
016e3
016ed
016f8
01702
0170d
01717
01721
0172c
01736
01741
0174b
01756
01760
0176b
01775
01780
0178a
01795
0179f
017aa
017b4
017bf
017ca
017d4
017df
017e9
017f4
017ff
01809
01814
0181e
01829
01834
0183e
01849
01854
0185f
01869
01874
0187f
01889
01894
0189f
018aa
018b4
018bf
018ca
018d5
018e0
018ea
018f5
01900
0190b
01916
01921
0192b
01936
01941
0194c
01957
01962
0196d
01978
01983
0198e
01999
019a4
019ae
019b9
019c4
019cf
019da
019e5
019f0
019fb
01a07
01a12
01a1d
01a28
01a33
01a3e
01a49
01a54
01a5f
01a6a
01a75
01a81
01a8c
01a97
01aa2
01aad
01ab8
01ac3
01acf
01ada
01ae5
01af0
01afc
01b07
01b12
01b1d
01b29
01b34
01b3f
01b4a
01b56
01b61
01b6c
01b78
01b83
01b8e
01b9a
01ba5
01bb0
01bbc
01bc7
01bd2
01bde
01be9
01bf5
01c00
01c0c
01c17
01c22
01c2e
01c39
01c45
01c50
01c5c
01c67
01c73
01c7e
01c8a
01c95
01ca1
01cad
01cb8
01cc4
01ccf
01cdb
01ce6
01cf2
01cfe
01d09
01d15
01d21
01d2c
01d38
01d43
01d4f
01d5b
01d67
01d72
01d7e
01d8a
01d95
01da1
01dad
01db9
01dc4
01dd0
01ddc
01de8
01df3
01dff
01e0b
01e17
01e23
01e2f
01e3a
01e46
01e52
01e5e
01e6a
01e76
01e82
01e8e
01e99
01ea5
01eb1
01ebd
01ec9
01ed5
01ee1
01eed
01ef9
01f05
01f11
01f1d
01f29
01f35
01f41
01f4d
01f59
01f65
01f71
01f7d
01f89
01f96
01fa2
01fae
01fba
01fc6
01fd2
01fde
01fea
01ff7
02003
0200f
0201b
02027
02033
02040
0204c
02058
02064
02071
0207d
02089
02095
020a2
020ae
020ba
020c7
020d3
020df
020eb
020f8
02104
02110
0211d
02129
02136
02142
0214e
0215b
02167
02174
02180
0218c
02199
021a5
021b2
021be
021cb
021d7
021e4
021f0
021fd
02209
02216
02222
0222f
0223b
02248
02255
02261
0226e
0227a
02287
02294
022a0
022ad
022b9
022c6
022d3
022df
022ec
022f9
02305
02312
0231f
0232b
02338
02345
02352
0235e
0236b
02378
02385
02391
0239e
023ab
023b8
023c5
023d1
023de
023eb
023f8
02405
02412
0241f
0242b
02438
02445
02452
0245f
0246c
02479
02486
02493
024a0
024ad
024ba
024c7
024d4
024e1
024ee
024fb
02508
02515
02522
0252f
0253c
02549
02556
02563
02570
0257d
0258a
02597
025a4
025b1
025bf
025cc
025d9
025e6
025f3
02600
0260e
0261b
02628
02635
02642
02650
0265d
0266a
02677
02685
02692
0269f
026ac
026ba
026c7
026d4
026e2
026ef
026fc
0270a
02717
02724
02732
0273f
0274c
0275a
02767
02775
02782
0278f
0279d
027aa
027b8
027c5
027d3
027e0
027ee
027fb
02808
02816
02824
02831
0283f
0284c
0285a
02867
02875
02882
02890
0289d
028ab
028b9
028c6
028d4
028e1
028ef
028fd
0290a
02918
02926
02933
02941
0294f
0295c
0296a
02978
02986
02993
029a1
029af
029bc
029ca
029d8
029e6
029f4
02a01
02a0f
02a1d
02a2b
02a39
02a46
02a54
02a62
02a70
02a7e
02a8c
02a9a
02aa7
02ab5
02ac3
02ad1
02adf
02aed
02afb
02b09
02b17
02b25
02b33
02b41
02b4f
02b5d
02b6b
02b79
02b87
02b95
02ba3
02bb1
02bbf
02bcd
02bdb
02be9
02bf7
02c05
02c13
02c21
02c30
02c3e
02c4c
02c5a
02c68
02c76
02c84
02c93
02ca1
02caf
02cbd
02ccb
02cda
02ce8
02cf6
02d04
02d12
02d21
02d2f
02d3d
02d4b
02d5a
02d68
02d76
02d85
02d93
02da1
02db0
02dbe
02dcc
02ddb
02de9
02df7
02e06
02e14
02e22
02e31
02e3f
02e4e
02e5c
02e6b
02e79
02e87
02e96
02ea4
02eb3
02ec1
02ed0
02ede
02eed
02efb
02f0a
02f18
02f27
02f35
02f44
02f52
02f61
02f70
02f7e
02f8d
02f9b
02faa
02fb9
02fc7
02fd6
02fe4
02ff3
03002
03010
0301f
0302e
0303c
0304b
0305a
03068
03077
03086
03095
030a3
030b2
030c1
030d0
030de
030ed
030fc
0310b
03119
03128
03137
03146
03155
03164
03172
03181
03190
0319f
031ae
031bd
031cc
031db
031e9
031f8
03207
03216
03225
03234
03243
03252
03261
03270
0327f
0328e
0329d
032ac
032bb
032ca
032d9
032e8
032f7
03306
03315
03324
03333
03342
03352
03361
03370
0337f
0338e
0339d
033ac
033bb
033cb
033da
033e9
033f8
03407
03416
03426
03435
03444
03453
03462
03472
03481
03490
0349f
034af
034be
034cd
034dd
034ec
034fb
0350b
0351a
03529
03539
03548
03557
03567
03576
03585
03595
035a4
035b3
035c3
035d2
035e2
035f1
03601
03610
0361f
0362f
0363e
0364e
0365d
0366d
0367c
0368c
0369b
036ab
036ba
036ca
036d9
036e9
036f9
03708
03718
03727
03737
03746
03756
03766
03775
03785
03795
037a4
037b4
037c4
037d3
037e3
037f3
03802
03812
03822
03831
03841
03851
03860
03870
03880
03890
0389f
038af
038bf
038cf
038df
038ee
038fe
0390e
0391e
0392e
0393e
0394d
0395d
0396d
0397d
0398d
0399d
039ad
039bc
039cc
039dc
039ec
039fc
03a0c
03a1c
03a2c
03a3c
03a4c
03a5c
03a6c
03a7c
03a8c
03a9c
03aac
03abc
03acc
03adc
03aec
03afc
03b0c
03b1c
03b2c
03b3c
03b4c
03b5c
03b6c
03b7d
03b8d
03b9d
03bad
03bbd
03bcd
03bdd
03bed
03bfe
03c0e
03c1e
03c2e
03c3e
03c4f
03c5f
03c6f
03c7f
03c8f
03ca0
03cb0
03cc0
03cd0
03ce1
03cf1
03d01
03d12
03d22
03d32
03d42
03d53
03d63
03d73
03d84
03d94
03da4
03db5
03dc5
03dd6
03de6
03df6
03e07
03e17
03e28
03e38
03e48
03e59
03e69
03e7a
03e8a
03e9b
03eab
03ebc
03ecc
03edd
03eed
03efe
03f0e
03f1f
03f2f
03f40
03f50
03f61
03f71
03f82
03f92
03fa3
03fb4
03fc4
03fd5
03fe5
03ff6
04007
04017
04028
04039
04049
0405a
0406b
0407b
0408c
0409d
040ad
040be
040cf
040df
040f0
04101
04112
04122
04133
04144
04155
04165
04176
04187
04198
041a9
041b9
041ca
041db
041ec
041fd
0420e
0421e
0422f
04240
04251
04262
04273
04284
04295
042a6
042b6
042c7
042d8
042e9
042fa
0430b
0431c
0432d
0433e
0434f
04360
04371
04382
04393
043a4
043b5
043c6
043d7
043e8
043f9
0440a
0441b
0442c
0443d
0444f
04460
04471
04482
04493
044a4
044b5
044c6
044d8
044e9
044fa
0450b
0451c
0452d
0453f
04550
04561
04572
04583
04595
045a6
045b7
045c8
045da
045eb
045fc
0460d
0461f
04630
04641
04652
04664
04675
04686
04698
046a9
046ba
046cc
046dd
046ee
04700
04711
04723
04734
04745
04757
04768
0477a
0478b
0479c
047ae
047bf
047d1
047e2
047f4
04805
04817
04828
0483a
0484b
0485d
0486e
04880
04891
048a3
048b4
048c6
048d7
048e9
048fb
0490c
0491e
0492f
04941
04953
04964
04976
04987
04999
049ab
049bc
049ce
049e0
049f1
04a03
04a15
04a26
04a38
04a4a
04a5b
04a6d
04a7f
04a91
04aa2
04ab4
04ac6
04ad8
04ae9
04afb
04b0d
04b1f
04b30
04b42
04b54
04b66
04b78
04b89
04b9b
04bad
04bbf
04bd1
04be3
04bf5
04c06
04c18
04c2a
04c3c
04c4e
04c60
04c72
04c84
04c96
04ca8
04cb9
04ccb
04cdd
04cef
04d01
04d13
04d25
04d37
04d49
04d5b
04d6d
04d7f
04d91
04da3
04db5
04dc7
04dd9
04deb
04dfd
04e10
04e22
04e34
04e46
04e58
04e6a
04e7c
04e8e
04ea0
04eb2
04ec5
04ed7
04ee9
04efb
04f0d
04f1f
04f32
04f44
04f56
04f68
04f7a
04f8c
04f9f
04fb1
04fc3
04fd5
04fe8
04ffa
0500c
0501e
05031
05043
05055
05067
0507a
0508c
0509e
050b1
050c3
050d5
050e8
050fa
0510c
0511f
05131
05143
05156
05168
0517b
0518d
0519f
051b2
051c4
051d7
051e9
051fb
0520e
05220
05233
05245
05258
0526a
0527d
0528f
052a2
052b4
052c7
052d9
052ec
052fe
05311
05323
05336
05348
0535b
0536d
05380
05393
053a5
053b8
053ca
053dd
053ef
05402
05415
05427
0543a
0544d
0545f
05472
05485
05497
054aa
054bd
054cf
054e2
054f5
05507
0551a
0552d
0553f
05552
05565
05578
0558a
0559d
055b0
055c3
055d6
055e8
055fb
0560e
05621
05633
05646
05659
0566c
0567f
05692
056a4
056b7
056ca
056dd
056f0
05703
05716
05729
0573b
0574e
05761
05774
05787
0579a
057ad
057c0
057d3
057e6
057f9
0580c
0581f
05832
05845
05858
0586b
0587e
05891
058a4
058b7
058ca
058dd
058f0
05903
05916
05929
0593c
0594f
05962
05975
05988
0599b
059ae
059c2
059d5
059e8
059fb
05a0e
05a21
05a34
05a48
05a5b
05a6e
05a81
05a94
05aa7
05abb
05ace
05ae1
05af4
05b07
05b1b
05b2e
05b41
05b54
05b68
05b7b
05b8e
05ba1
05bb5
05bc8
05bdb
05bee
05c02
05c15
05c28
05c3c
05c4f
05c62
05c76
05c89
05c9c
05cb0
05cc3
05cd6
05cea
05cfd
05d11
05d24
05d37
05d4b
05d5e
05d72
05d85
05d98
05dac
05dbf
05dd3
05de6
05dfa
05e0d
05e21
05e34
05e47
05e5b
05e6e
05e82
05e95
05ea9
05ebd
05ed0
05ee4
05ef7
05f0b
05f1e
05f32
05f45
05f59
05f6c
05f80
05f94
05fa7
05fbb
05fce
05fe2
05ff6
06009
0601d
06030
06044
06058
0606b
0607f
06093
060a6
060ba
060ce
060e1
060f5
06109
0611d
06130
06144
06158
0616b
0617f
06193
061a7
061ba
061ce
061e2
061f6
06209
0621d
06231
06245
06259
0626c
06280
06294
062a8
062bc
062cf
062e3
062f7
0630b
0631f
06333
06347
0635a
0636e
06382
06396
063aa
063be
063d2
063e6
063fa
0640e
06422
06436
06449
0645d
06471
06485
06499
064ad
064c1
064d5
064e9
064fd
06511
06525
06539
0654d
06561
06575
06589
0659d
065b1
065c6
065da
065ee
06602
06616
0662a
0663e
06652
06666
0667a
0668e
066a3
066b7
066cb
066df
066f3
06707
0671b
06730
06744
06758
0676c
06780
06794
067a9
067bd
067d1
067e5
067f9
0680e
06822
06836
0684a
0685f
06873
06887
0689b
068b0
068c4
068d8
068ed
06901
06915
06929
0693e
06952
06966
0697b
0698f
069a3
069b8
069cc
069e0
069f5
06a09
06a1e
06a32
06a46
06a5b
06a6f
06a83
06a98
06aac
06ac1
06ad5
06aea
06afe
06b12
06b27
06b3b
06b50
06b64
06b79
06b8d
06ba2
06bb6
06bcb
06bdf
06bf4
06c08
06c1d
06c31
06c46
06c5a
06c6f
06c83
06c98
06cac
06cc1
06cd6
06cea
06cff
06d13
06d28
06d3c
06d51
06d66
06d7a
06d8f
06da3
06db8
06dcd
06de1
06df6
06e0b
06e1f
06e34
06e49
06e5d
06e72
06e87
06e9b
06eb0
06ec5
06ed9
06eee
06f03
06f17
06f2c
06f41
06f56
06f6a
06f7f
06f94
06fa9
06fbd
06fd2
06fe7
06ffc
07010
07025
0703a
0704f
07064
07078
0708d
070a2
070b7
070cc
070e1
070f5
0710a
0711f
07134
07149
0715e
07173
07187
0719c
071b1
071c6
071db
071f0
07205
0721a
0722f
07244
07259
0726d
07282
07297
072ac
072c1
072d6
072eb
07300
07315
0732a
0733f
07354
07369
0737e
07393
073a8
073bd
073d2
073e7
073fc
07411
07426
0743b
07451
07466
0747b
07490
074a5
074ba
074cf
074e4
074f9
0750e
07523
07539
0754e
07563
07578
0758d
075a2
075b7
075cc
075e2
075f7
0760c
07621
07636
0764c
07661
07676
0768b
076a0
076b6
076cb
076e0
076f5
0770a
07720
07735
0774a
0775f
07775
0778a
0779f
077b4
077ca
077df
077f4
0780a
0781f
07834
07849
0785f
07874
07889
0789f
078b4
078c9
078df
078f4
07909
0791f
07934
0794a
0795f
07974
0798a
0799f
079b4
079ca
079df
079f5
07a0a
07a20
07a35
07a4a
07a60
07a75
07a8b
07aa0
07ab6
07acb
07ae1
07af6
07b0b
07b21
07b36
07b4c
07b61
07b77
07b8c
07ba2
07bb7
07bcd
07be3
07bf8
07c0e
07c23
07c39
07c4e
07c64
07c79
07c8f
07ca4
07cba
07cd0
07ce5
07cfb
07d10
07d26
07d3c
07d51
07d67
07d7c
07d92
07da8
07dbd
07dd3
07de9
07dfe
07e14
07e2a
07e3f
07e55
07e6b
07e80
07e96
07eac
07ec1
07ed7
07eed
07f02
07f18
07f2e
07f44
07f59
07f6f
07f85
07f9a
07fb0
07fc6
07fdc
07ff1
08007
0801d
08033
08049
0805e
08074
0808a
080a0
080b6
080cb
080e1
080f7
0810d
08123
08138
0814e
08164
0817a
08190
081a6
081bc
081d1
081e7
081fd
08213
08229
0823f
08255
0826b
08281
08296
082ac
082c2
082d8
082ee
08304
0831a
08330
08346
0835c
08372
08388
0839e
083b4
083ca
083e0
083f6
0840c
08422
08438
0844e
08464
0847a
08490
084a6
084bc
084d2
084e8
084fe
08514
0852a
08540
08556
0856c
08582
08598
085ae
085c4
085da
085f0
08607
0861d
08633
08649
0865f
08675
0868b
086a1
086b7
086ce
086e4
086fa
08710
08726
0873c
08753
08769
0877f
08795
087ab
087c1
087d8
087ee
08804
0881a
08830
08847
0885d
08873
08889
088a0
088b6
088cc
088e2
088f8
0890f
08925
0893b
08952
08968
0897e
08994
089ab
089c1
089d7
089ee
08a04
08a1a
08a30
08a47
08a5d
08a73
08a8a
08aa0
08ab6
08acd
08ae3
08af9
08b10
08b26
08b3d
08b53
08b69
08b80
08b96
08bac
08bc3
08bd9
08bf0
08c06
08c1c
08c33
08c49
08c60
08c76
08c8d
08ca3
08cb9
08cd0
08ce6
08cfd
08d13
08d2a
08d40
08d57
08d6d
08d84
08d9a
08db0
08dc7
08ddd
08df4
08e0a
08e21
08e37
08e4e
08e65
08e7b
08e92
08ea8
08ebf
08ed5
08eec
08f02
08f19
08f2f
08f46
08f5d
08f73
08f8a
08fa0
08fb7
08fcd
08fe4
08ffb
09011
09028
0903e
09055
0906c
09082
09099
090b0
090c6
090dd
090f3
0910a
09121
09137
0914e
09165
0917b
09192
091a9
091bf
091d6
091ed
09204
0921a
09231
09248
0925e
09275
0928c
092a2
092b9
092d0
092e7
092fd
09314
0932b
09342
09358
0936f
09386
0939d
093b3
093ca
093e1
093f8
0940f
09425
0943c
09453
0946a
09481
09497
094ae
094c5
094dc
094f3
0950a
09520
09537
0954e
09565
0957c
09593
095a9
095c0
095d7
095ee
09605
0961c
09633
0964a
09660
09677
0968e
096a5
096bc
096d3
096ea
09701
09718
0972f
09746
0975d
09773
0978a
097a1
097b8
097cf
097e6
097fd
09814
0982b
09842
09859
09870
09887
0989e
098b5
098cc
098e3
098fa
09911
09928
0993f
09956
0996d
09984
0999b
099b2
099c9
099e0
099f7
09a0e
09a25
09a3d
09a54
09a6b
09a82
09a99
09ab0
09ac7
09ade
09af5
09b0c
09b23
09b3a
09b52
09b69
09b80
09b97
09bae
09bc5
09bdc
09bf3
09c0b
09c22
09c39
09c50
09c67
09c7e
09c95
09cad
09cc4
09cdb
09cf2
09d09
09d20
09d38
09d4f
09d66
09d7d
09d94
09dac
09dc3
09dda
09df1
09e08
09e20
09e37
09e4e
09e65
09e7d
09e94
09eab
09ec2
09eda
09ef1
09f08
09f1f
09f37
09f4e
09f65
09f7c
09f94
09fab
09fc2
09fda
09ff1
0a008
0a01f
0a037
0a04e
0a065
0a07d
0a094
0a0ab
0a0c3
0a0da
0a0f1
0a109
0a120
0a137
0a14f
0a166
0a17d
0a195
0a1ac
0a1c4
0a1db
0a1f2
0a20a
0a221
0a238
0a250
0a267
0a27f
0a296
0a2ad
0a2c5
0a2dc
0a2f4
0a30b
0a322
0a33a
0a351
0a369
0a380
0a398
0a3af
0a3c6
0a3de
0a3f5
0a40d
0a424
0a43c
0a453
0a46b
0a482
0a49a
0a4b1
0a4c9
0a4e0
0a4f8
0a50f
0a527
0a53e
0a556
0a56d
0a585
0a59c
0a5b4
0a5cb
0a5e3
0a5fa
0a612
0a629
0a641
0a658
0a670
0a687
0a69f
0a6b6
0a6ce
0a6e6
0a6fd
0a715
0a72c
0a744
0a75b
0a773
0a78b
0a7a2
0a7ba
0a7d1
0a7e9
0a801
0a818
0a830
0a847
0a85f
0a877
0a88e
0a8a6
0a8bd
0a8d5
0a8ed
0a904
0a91c
0a934
0a94b
0a963
0a97b
0a992
0a9aa
0a9c2
0a9d9
0a9f1
0aa09
0aa20
0aa38
0aa50
0aa67
0aa7f
0aa97
0aaae
0aac6
0aade
0aaf5
0ab0d
0ab25
0ab3d
0ab54
0ab6c
0ab84
0ab9c
0abb3
0abcb
0abe3
0abfa
0ac12
0ac2a
0ac42
0ac59
0ac71
0ac89
0aca1
0acb8
0acd0
0ace8
0ad00
0ad18
0ad2f
0ad47
0ad5f
0ad77
0ad8e
0ada6
0adbe
0add6
0adee
0ae05
0ae1d
0ae35
0ae4d
0ae65
0ae7d
0ae94
0aeac
0aec4
0aedc
0aef4
0af0c
0af23
0af3b
0af53
0af6b
0af83
0af9b
0afb3
0afca
0afe2
0affa
0b012
0b02a
0b042
0b05a
0b072
0b089
0b0a1
0b0b9
0b0d1
0b0e9
0b101
0b119
0b131
0b149
0b161
0b179
0b190
0b1a8
0b1c0
0b1d8
0b1f0
0b208
0b220
0b238
0b250
0b268
0b280
0b298
0b2b0
0b2c8
0b2e0
0b2f8
0b310
0b328
0b340
0b358
0b370
0b387
0b39f
0b3b7
0b3cf
0b3e7
0b3ff
0b417
0b42f
0b447
0b45f
0b477
0b48f
0b4a8
0b4c0
0b4d8
0b4f0
0b508
0b520
0b538
0b550
0b568
0b580
0b598
0b5b0
0b5c8
0b5e0
0b5f8
0b610
0b628
0b640
0b658
0b670
0b688
0b6a1
0b6b9
0b6d1
0b6e9
0b701
0b719
0b731
0b749
0b761
0b779
0b791
0b7aa
0b7c2
0b7da
0b7f2
0b80a
0b822
0b83a
0b852
0b86b
0b883
0b89b
0b8b3
0b8cb
0b8e3
0b8fb
0b914
0b92c
0b944
0b95c
0b974
0b98c
0b9a4
0b9bd
0b9d5
0b9ed
0ba05
0ba1d
0ba35
0ba4e
0ba66
0ba7e
0ba96
0baae
0bac7
0badf
0baf7
0bb0f
0bb27
0bb40
0bb58
0bb70
0bb88
0bba0
0bbb9
0bbd1
0bbe9
0bc01
0bc1a
0bc32
0bc4a
0bc62
0bc7b
0bc93
0bcab
0bcc3
0bcdc
0bcf4
0bd0c
0bd24
0bd3d
0bd55
0bd6d
0bd85
0bd9e
0bdb6
0bdce
0bde6
0bdff
0be17
0be2f
0be48
0be60
0be78
0be91
0bea9
0bec1
0bed9
0bef2
0bf0a
0bf22
0bf3b
0bf53
0bf6b
0bf84
0bf9c
0bfb4
0bfcd
0bfe5
0bffd
0c016
0c02e
0c046
0c05f
0c077
0c08f
0c0a8
0c0c0
0c0d8
0c0f1
0c109
0c121
0c13a
0c152
0c16b
0c183
0c19b
0c1b4
0c1cc
0c1e4
0c1fd
0c215
0c22e
0c246
0c25e
0c277
0c28f
0c2a8
0c2c0
0c2d8
0c2f1
0c309
0c322
0c33a
0c352
0c36b
0c383
0c39c
0c3b4
0c3cd
0c3e5
0c3fd
0c416
0c42e
0c447
0c45f
0c478
0c490
0c4a8
0c4c1
0c4d9
0c4f2
0c50a
0c523
0c53b
0c554
0c56c
0c585
0c59d
0c5b6
0c5ce
0c5e6
0c5ff
0c617
0c630
0c648
0c661
0c679
0c692
0c6aa
0c6c3
0c6db
0c6f4
0c70c
0c725
0c73d
0c756
0c76e
0c787
0c79f
0c7b8
0c7d0
0c7e9
0c802
0c81a
0c833
0c84b
0c864
0c87c
0c895
0c8ad
0c8c6
0c8de
0c8f7
0c90f
0c928
0c940
0c959
0c972
0c98a
0c9a3
0c9bb
0c9d4
0c9ec
0ca05
0ca1e
0ca36
0ca4f
0ca67
0ca80
0ca98
0cab1
0caca
0cae2
0cafb
0cb13
0cb2c
0cb45
0cb5d
0cb76
0cb8e
0cba7
0cbc0
0cbd8
0cbf1
0cc09
0cc22
0cc3b
0cc53
0cc6c
0cc84
0cc9d
0ccb6
0ccce
0cce7
0cd00
0cd18
0cd31
0cd49
0cd62
0cd7b
0cd93
0cdac
0cdc5
0cddd
0cdf6
0ce0f
0ce27
0ce40
0ce59
0ce71
0ce8a
0cea2
0cebb
0ced4
0ceec
0cf05
0cf1e
0cf36
0cf4f
0cf68
0cf81
0cf99
0cfb2
0cfcb
0cfe3
0cffc
0d015
0d02d
0d046
0d05f
0d077
0d090
0d0a9
0d0c1
0d0da
0d0f3
0d10c
0d124
0d13d
0d156
0d16e
0d187
0d1a0
0d1b9
0d1d1
0d1ea
0d203
0d21b
0d234
0d24d
0d266
0d27e
0d297
0d2b0
0d2c9
0d2e1
0d2fa
0d313
0d32c
0d344
0d35d
0d376
0d38f
0d3a7
0d3c0
0d3d9
0d3f2
0d40a
0d423
0d43c
0d455
0d46d
0d486
0d49f
0d4b8
0d4d0
0d4e9
0d502
0d51b
0d534
0d54c
0d565
0d57e
0d597
0d5af
0d5c8
0d5e1
0d5fa
0d613
0d62b
0d644
0d65d
0d676
0d68f
0d6a7
0d6c0
0d6d9
0d6f2
0d70b
0d723
0d73c
0d755
0d76e
0d787
0d7a0
0d7b8
0d7d1
0d7ea
0d803
0d81c
0d834
0d84d
0d866
0d87f
0d898
0d8b1
0d8c9
0d8e2
0d8fb
0d914
0d92d
0d946
0d95e
0d977
0d990
0d9a9
0d9c2
0d9db
0d9f4
0da0c
0da25
0da3e
0da57
0da70
0da89
0daa2
0daba
0dad3
0daec
0db05
0db1e
0db37
0db50
0db69
0db81
0db9a
0dbb3
0dbcc
0dbe5
0dbfe
0dc17
0dc30
0dc48
0dc61
0dc7a
0dc93
0dcac
0dcc5
0dcde
0dcf7
0dd10
0dd29
0dd41
0dd5a
0dd73
0dd8c
0dda5
0ddbe
0ddd7
0ddf0
0de09
0de22
0de3a
0de53
0de6c
0de85
0de9e
0deb7
0ded0
0dee9
0df02
0df1b
0df34
0df4d
0df66
0df7e
0df97
0dfb0
0dfc9
0dfe2
0dffb
0e014
0e02d
0e046
0e05f
0e078
0e091
0e0aa
0e0c3
0e0dc
0e0f5
0e10d
0e126
0e13f
0e158
0e171
0e18a
0e1a3
0e1bc
0e1d5
0e1ee
0e207
0e220
0e239
0e252
0e26b
0e284
0e29d
0e2b6
0e2cf
0e2e8
0e301
0e31a
0e333
0e34c
0e365
0e37e
0e397
0e3af
0e3c8
0e3e1
0e3fa
0e413
0e42c
0e445
0e45e
0e477
0e490
0e4a9
0e4c2
0e4db
0e4f4
0e50d
0e526
0e53f
0e558
0e571
0e58a
0e5a3
0e5bc
0e5d5
0e5ee
0e607
0e620
0e639
0e652
0e66b
0e684
0e69d
0e6b6
0e6cf
0e6e8
0e701
0e71a
0e733
0e74c
0e765
0e77e
0e797
0e7b0
0e7c9
0e7e3
0e7fc
0e815
0e82e
0e847
0e860
0e879
0e892
0e8ab
0e8c4
0e8dd
0e8f6
0e90f
0e928
0e941
0e95a
0e973
0e98c
0e9a5
0e9be
0e9d7
0e9f0
0ea09
0ea22
0ea3b
0ea54
0ea6d
0ea86
0ea9f
0eab8
0ead2
0eaeb
0eb04
0eb1d
0eb36
0eb4f
0eb68
0eb81
0eb9a
0ebb3
0ebcc
0ebe5
0ebfe
0ec17
0ec30
0ec49
0ec62
0ec7b
0ec94
0ecae
0ecc7
0ece0
0ecf9
0ed12
0ed2b
0ed44
0ed5d
0ed76
0ed8f
0eda8
0edc1
0edda
0edf3
0ee0c
0ee26
0ee3f
0ee58
0ee71
0ee8a
0eea3
0eebc
0eed5
0eeee
0ef07
0ef20
0ef39
0ef52
0ef6c
0ef85
0ef9e
0efb7
0efd0
0efe9
0f002
0f01b
0f034
0f04d
0f066
0f07f
0f099
0f0b2
0f0cb
0f0e4
0f0fd
0f116
0f12f
0f148
0f161
0f17a
0f193
0f1ad
0f1c6
0f1df
0f1f8
0f211
0f22a
0f243
0f25c
0f275
0f28e
0f2a7
0f2c1
0f2da
0f2f3
0f30c
0f325
0f33e
0f357
0f370
0f389
0f3a3
0f3bc
0f3d5
0f3ee
0f407
0f420
0f439
0f452
0f46b
0f484
0f49e
0f4b7
0f4d0
0f4e9
0f502
0f51b
0f534
0f54d
0f566
0f580
0f599
0f5b2
0f5cb
0f5e4
0f5fd
0f616
0f62f
0f648
0f662
0f67b
0f694
0f6ad
0f6c6
0f6df
0f6f8
0f711
0f72b
0f744
0f75d
0f776
0f78f
0f7a8
0f7c1
0f7da
0f7f3
0f80d
0f826
0f83f
0f858
0f871
0f88a
0f8a3
0f8bc
0f8d6
0f8ef
0f908
0f921
0f93a
0f953
0f96c
0f985
0f99f
0f9b8
0f9d1
0f9ea
0fa03
0fa1c
0fa35
0fa4e
0fa68
0fa81
0fa9a
0fab3
0facc
0fae5
0fafe
0fb17
0fb31
0fb4a
0fb63
0fb7c
0fb95
0fbae
0fbc7
0fbe0
0fbfa
0fc13
0fc2c
0fc45
0fc5e
0fc77
0fc90
0fcaa
0fcc3
0fcdc
0fcf5
0fd0e
0fd27
0fd40
0fd59
0fd73
0fd8c
0fda5
0fdbe
0fdd7
0fdf0
0fe09
0fe22
0fe3c
0fe55
0fe6e
0fe87
0fea0
0feb9
0fed2
0feec
0ff05
0ff1e
0ff37
0ff50
0ff69
0ff82
0ff9b
0ffb5
0ffce
0ffe7
10000
10019
10032
1004b
10065
1007e
10097
100b0
100c9
100e2
100fb
10114
1012e
10147
10160
10179
10192
101ab
101c4
101de
101f7
10210
10229
10242
1025b
10274
1028d
102a7
102c0
102d9
102f2
1030b
10324
1033d
10356
10370
10389
103a2
103bb
103d4
103ed
10406
10420
10439
10452
1046b
10484
1049d
104b6
104cf
104e9
10502
1051b
10534
1054d
10566
1057f
10598
105b2
105cb
105e4
105fd
10616
1062f
10648
10661
1067b
10694
106ad
106c6
106df
106f8
10711
1072a
10744
1075d
10776
1078f
107a8
107c1
107da
107f3
1080d
10826
1083f
10858
10871
1088a
108a3
108bc
108d5
108ef
10908
10921
1093a
10953
1096c
10985
1099e
109b8
109d1
109ea
10a03
10a1c
10a35
10a4e
10a67
10a80
10a9a
10ab3
10acc
10ae5
10afe
10b17
10b30
10b49
10b62
10b7c
10b95
10bae
10bc7
10be0
10bf9
10c12
10c2b
10c44
10c5d
10c77
10c90
10ca9
10cc2
10cdb
10cf4
10d0d
10d26
10d3f
10d59
10d72
10d8b
10da4
10dbd
10dd6
10def
10e08
10e21
10e3a
10e53
10e6d
10e86
10e9f
10eb8
10ed1
10eea
10f03
10f1c
10f35
10f4e
10f67
10f81
10f9a
10fb3
10fcc
10fe5
10ffe
11017
11030
11049
11062
1107b
11094
110ae
110c7
110e0
110f9
11112
1112b
11144
1115d
11176
1118f
111a8
111c1
111da
111f4
1120d
11226
1123f
11258
11271
1128a
112a3
112bc
112d5
112ee
11307
11320
11339
11352
1136c
11385
1139e
113b7
113d0
113e9
11402
1141b
11434
1144d
11466
1147f
11498
114b1
114ca
114e3
114fc
11515
1152e
11548
11561
1157a
11593
115ac
115c5
115de
115f7
11610
11629
11642
1165b
11674
1168d
116a6
116bf
116d8
116f1
1170a
11723
1173c
11755
1176e
11787
117a0
117b9
117d2
117eb
11804
1181d
11837
11850
11869
11882
1189b
118b4
118cd
118e6
118ff
11918
11931
1194a
11963
1197c
11995
119ae
119c7
119e0
119f9
11a12
11a2b
11a44
11a5d
11a76
11a8f
11aa8
11ac1
11ada
11af3
11b0c
11b25
11b3e
11b57
11b70
11b89
11ba2
11bbb
11bd4
11bed
11c06
11c1f
11c38
11c51
11c69
11c82
11c9b
11cb4
11ccd
11ce6
11cff
11d18
11d31
11d4a
11d63
11d7c
11d95
11dae
11dc7
11de0
11df9
11e12
11e2b
11e44
11e5d
11e76
11e8f
11ea8
11ec1
11eda
11ef3
11f0b
11f24
11f3d
11f56
11f6f
11f88
11fa1
11fba
11fd3
11fec
12005
1201e
12037
12050
12069
12082
1209a
120b3
120cc
120e5
120fe
12117
12130
12149
12162
1217b
12194
121ad
121c6
121de
121f7
12210
12229
12242
1225b
12274
1228d
122a6
122bf
122d7
122f0
12309
12322
1233b
12354
1236d
12386
1239f
123b8
123d0
123e9
12402
1241b
12434
1244d
12466
1247f
12497
124b0
124c9
124e2
124fb
12514
1252d
12546
1255e
12577
12590
125a9
125c2
125db
125f4
1260c
12625
1263e
12657
12670
12689
126a2
126ba
126d3
126ec
12705
1271e
12737
1274f
12768
12781
1279a
127b3
127cc
127e4
127fd
12816
1282f
12848
12860
12879
12892
128ab
128c4
128dd
128f5
1290e
12927
12940
12959
12971
1298a
129a3
129bc
129d5
129ed
12a06
12a1f
12a38
12a51
12a69
12a82
12a9b
12ab4
12acc
12ae5
12afe
12b17
12b30
12b48
12b61
12b7a
12b93
12bab
12bc4
12bdd
12bf6
12c0e
12c27
12c40
12c59
12c71
12c8a
12ca3
12cbc
12cd4
12ced
12d06
12d1f
12d37
12d50
12d69
12d82
12d9a
12db3
12dcc
12de5
12dfd
12e16
12e2f
12e47
12e60
12e79
12e92
12eaa
12ec3
12edc
12ef4
12f0d
12f26
12f3f
12f57
12f70
12f89
12fa1
12fba
12fd3
12feb
13004
1301d
13035
1304e
13067
1307f
13098
130b1
130ca
130e2
130fb
13114
1312c
13145
1315e
13176
1318f
131a7
131c0
131d9
131f1
1320a
13223
1323b
13254
1326d
13285
1329e
132b7
132cf
132e8
13300
13319
13332
1334a
13363
1337c
13394
133ad
133c5
133de
133f7
1340f
13428
13440
13459
13472
1348a
134a3
134bb
134d4
134ed
13505
1351e
13536
1354f
13568
13580
13599
135b1
135ca
135e2
135fb
13614
1362c
13645
1365d
13676
1368e
136a7
136c0
136d8
136f1
13709
13722
1373a
13753
1376b
13784
1379c
137b5
137cd
137e6
137fe
13817
13830
13848
13861
13879
13892
138aa
138c3
138db
138f4
1390c
13925
1393d
13956
1396e
13987
1399f
139b8
139d0
139e9
13a01
13a1a
13a32
13a4a
13a63
13a7b
13a94
13aac
13ac5
13add
13af6
13b0e
13b27
13b3f
13b58
13b70
13b88
13ba1
13bb9
13bd2
13bea
13c03
13c1b
13c33
13c4c
13c64
13c7d
13c95
13cae
13cc6
13cde
13cf7
13d0f
13d28
13d40
13d58
13d71
13d89
13da2
13dba
13dd2
13deb
13e03
13e1c
13e34
13e4c
13e65
13e7d
13e95
13eae
13ec6
13edf
13ef7
13f0f
13f28
13f40
13f58
13f71
13f89
13fa1
13fba
13fd2
13fea
14003
1401b
14033
1404c
14064
1407c
14095
140ad
140c5
140de
140f6
1410e
14127
1413f
14157
1416f
14188
141a0
141b8
141d1
141e9
14201
1421a
14232
1424a
14262
1427b
14293
142ab
142c3
142dc
142f4
1430c
14324
1433d
14355
1436d
14385
1439e
143b6
143ce
143e6
143ff
14417
1442f
14447
14460
14478
14490
144a8
144c0
144d9
144f1
14509
14521
14539
14552
1456a
14582
1459a
145b2
145cb
145e3
145fb
14613
1462b
14643
1465c
14674
1468c
146a4
146bc
146d4
146ec
14705
1471d
14735
1474d
14765
1477d
14795
147ae
147c6
147de
147f6
1480e
14826
1483e
14856
1486f
14887
1489f
148b7
148cf
148e7
148ff
14917
1492f
14947
1495f
14978
14990
149a8
149c0
149d8
149f0
14a08
14a20
14a38
14a50
14a68
14a80
14a98
14ab0
14ac8
14ae0
14af8
14b10
14b28
14b40
14b58
14b71
14b89
14ba1
14bb9
14bd1
14be9
14c01
14c19
14c31
14c49
14c61
14c79
14c90
14ca8
14cc0
14cd8
14cf0
14d08
14d20
14d38
14d50
14d68
14d80
14d98
14db0
14dc8
14de0
14df8
14e10
14e28
14e40
14e58
14e70
14e87
14e9f
14eb7
14ecf
14ee7
14eff
14f17
14f2f
14f47
14f5f
14f77
14f8e
14fa6
14fbe
14fd6
14fee
15006
1501e
15036
1504d
15065
1507d
15095
150ad
150c5
150dd
150f4
1510c
15124
1513c
15154
1516c
15183
1519b
151b3
151cb
151e3
151fb
15212
1522a
15242
1525a
15272
15289
152a1
152b9
152d1
152e8
15300
15318
15330
15348
1535f
15377
1538f
153a7
153be
153d6
153ee
15406
1541d
15435
1544d
15464
1547c
15494
154ac
154c3
154db
154f3
1550b
15522
1553a
15552
15569
15581
15599
155b0
155c8
155e0
155f7
1560f
15627
1563e
15656
1566e
15685
1569d
156b5
156cc
156e4
156fc
15713
1572b
15743
1575a
15772
15789
157a1
157b9
157d0
157e8
157ff
15817
1582f
15846
1585e
15875
1588d
158a5
158bc
158d4
158eb
15903
1591a
15932
1594a
15961
15979
15990
159a8
159bf
159d7
159ee
15a06
15a1d
15a35
15a4c
15a64
15a7b
15a93
15aaa
15ac2
15ad9
15af1
15b08
15b20
15b37
15b4f
15b66
15b7e
15b95
15bad
15bc4
15bdc
15bf3
15c0b
15c22
15c3a
15c51
15c68
15c80
15c97
15caf
15cc6
15cde
15cf5
15d0c
15d24
15d3b
15d53
15d6a
15d81
15d99
15db0
15dc8
15ddf
15df6
15e0e
15e25
15e3c
15e54
15e6b
15e83
15e9a
15eb1
15ec9
15ee0
15ef7
15f0f
15f26
15f3d
15f55
15f6c
15f83
15f9b
15fb2
15fc9
15fe1
15ff8
1600f
16026
1603e
16055
1606c
16084
1609b
160b2
160c9
160e1
160f8
1610f
16126
1613e
16155
1616c
16183
1619b
161b2
161c9
161e0
161f8
1620f
16226
1623d
16254
1626c
16283
1629a
162b1
162c8
162e0
162f7
1630e
16325
1633c
16353
1636b
16382
16399
163b0
163c7
163de
163f5
1640d
16424
1643b
16452
16469
16480
16497
164ae
164c6
164dd
164f4
1650b
16522
16539
16550
16567
1657e
16595
165ac
165c3
165db
165f2
16609
16620
16637
1664e
16665
1667c
16693
166aa
166c1
166d8
166ef
16706
1671d
16734
1674b
16762
16779
16790
167a7
167be
167d5
167ec
16803
1681a
16831
16848
1685f
16876
1688d
168a3
168ba
168d1
168e8
168ff
16916
1692d
16944
1695b
16972
16989
169a0
169b6
169cd
169e4
169fb
16a12
16a29
16a40
16a57
16a6d
16a84
16a9b
16ab2
16ac9
16ae0
16af6
16b0d
16b24
16b3b
16b52
16b69
16b7f
16b96
16bad
16bc4
16bdb
16bf1
16c08
16c1f
16c36
16c4d
16c63
16c7a
16c91
16ca8
16cbe
16cd5
16cec
16d03
16d19
16d30
16d47
16d5e
16d74
16d8b
16da2
16db8
16dcf
16de6
16dfc
16e13
16e2a
16e41
16e57
16e6e
16e85
16e9b
16eb2
16ec9
16edf
16ef6
16f0d
16f23
16f3a
16f50
16f67
16f7e
16f94
16fab
16fc2
16fd8
16fef
17005
1701c
17033
17049
17060
17076
1708d
170a3
170ba
170d1
170e7
170fe
17114
1712b
17141
17158
1716e
17185
1719b
171b2
171c9
171df
171f6
1720c
17223
17239
17250
17266
1727c
17293
172a9
172c0
172d6
172ed
17303
1731a
17330
17347
1735d
17373
1738a
173a0
173b7
173cd
173e4
173fa
17410
17427
1743d
17454
1746a
17480
17497
174ad
174c3
174da
174f0
17507
1751d
17533
1754a
17560
17576
1758d
175a3
175b9
175d0
175e6
175fc
17612
17629
1763f
17655
1766c
17682
17698
176ae
176c5
176db
176f1
17708
1771e
17734
1774a
17760
17777
1778d
177a3
177b9
177d0
177e6
177fc
17812
17828
1783f
17855
1786b
17881
17897
178ad
178c4
178da
178f0
17906
1791c
17932
17949
1795f
17975
1798b
179a1
179b7
179cd
179e3
179f9
17a10
17a26
17a3c
17a52
17a68
17a7e
17a94
17aaa
17ac0
17ad6
17aec
17b02
17b18
17b2e
17b44
17b5a
17b70
17b86
17b9c
17bb2
17bc8
17bde
17bf4
17c0a
17c20
17c36
17c4c
17c62
17c78
17c8e
17ca4
17cba
17cd0
17ce6
17cfc
17d12
17d28
17d3e
17d54
17d6a
17d7f
17d95
17dab
17dc1
17dd7
17ded
17e03
17e19
17e2f
17e44
17e5a
17e70
17e86
17e9c
17eb2
17ec8
17edd
17ef3
17f09
17f1f
17f35
17f4a
17f60
17f76
17f8c
17fa2
17fb7
17fcd
17fe3
17ff9
1800f
18024
1803a
18050
18066
1807b
18091
180a7
180bc
180d2
180e8
180fe
18113
18129
1813f
18154
1816a
18180
18195
181ab
181c1
181d6
181ec
18202
18217
1822d
18243
18258
1826e
18284
18299
182af
182c4
182da
182f0
18305
1831b
18330
18346
1835c
18371
18387
1839c
183b2
183c7
183dd
183f2
18408
1841d
18433
18449
1845e
18474
18489
1849f
184b4
184ca
184df
184f5
1850a
1851f
18535
1854a
18560
18575
1858b
185a0
185b6
185cb
185e0
185f6
1860b
18621
18636
1864c
18661
18676
1868c
186a1
186b6
186cc
186e1
186f7
1870c
18721
18737
1874c
18761
18777
1878c
187a1
187b7
187cc
187e1
187f6
1880c
18821
18836
1884c
18861
18876
1888b
188a1
188b6
188cb
188e0
188f6
1890b
18920
18935
1894a
18960
18975
1898a
1899f
189b4
189ca
189df
189f4
18a09
18a1e
18a34
18a49
18a5e
18a73
18a88
18a9d
18ab2
18ac7
18add
18af2
18b07
18b1c
18b31
18b46
18b5b
18b70
18b85
18b9a
18baf
18bc5
18bda
18bef
18c04
18c19
18c2e
18c43
18c58
18c6d
18c82
18c97
18cac
18cc1
18cd6
18ceb
18d00
18d15
18d2a
18d3f
18d54
18d69
18d7e
18d93
18da7
18dbc
18dd1
18de6
18dfb
18e10
18e25
18e3a
18e4f
18e64
18e79
18e8d
18ea2
18eb7
18ecc
18ee1
18ef6
18f0b
18f1f
18f34
18f49
18f5e
18f73
18f88
18f9c
18fb1
18fc6
18fdb
18ff0
19004
19019
1902e
19043
19057
1906c
19081
19096
190aa
190bf
190d4
190e9
190fd
19112
19127
1913b
19150
19165
19179
1918e
191a3
191b7
191cc
191e1
191f5
1920a
1921f
19233
19248
1925d
19271
19286
1929a
192af
192c4
192d8
192ed
19301
19316
1932a
1933f
19354
19368
1937d
19391
193a6
193ba
193cf
193e3
193f8
1940c
19421
19435
1944a
1945e
19473
19487
1949c
194b0
194c5
194d9
194ee
19502
19516
1952b
1953f
19554
19568
1957d
19591
195a5
195ba
195ce
195e2
195f7
1960b
19620
19634
19648
1965d
19671
19685
1969a
196ae
196c2
196d7
196eb
196ff
19713
19728
1973c
19750
19765
19779
1978d
197a1
197b6
197ca
197de
197f2
19807
1981b
1982f
19843
19857
1986c
19880
19894
198a8
198bc
198d0
198e5
198f9
1990d
19921
19935
19949
1995d
19972
19986
1999a
199ae
199c2
199d6
199ea
199fe
19a12
19a26
19a3a
19a4f
19a63
19a77
19a8b
19a9f
19ab3
19ac7
19adb
19aef
19b03
19b17
19b2b
19b3f
19b53
19b67
19b7b
19b8f
19ba3
19bb7
19bca
19bde
19bf2
19c06
19c1a
19c2e
19c42
19c56
19c6a
19c7e
19c92
19ca6
19cb9
19ccd
19ce1
19cf5
19d09
19d1d
19d31
19d44
19d58
19d6c
19d80
19d94
19da7
19dbb
19dcf
19de3
19df7
19e0a
19e1e
19e32
19e46
19e59
19e6d
19e81
19e95
19ea8
19ebc
19ed0
19ee3
19ef7
19f0b
19f1f
19f32
19f46
19f5a
19f6d
19f81
19f95
19fa8
19fbc
19fd0
19fe3
19ff7
1a00a
1a01e
1a032
1a045
1a059
1a06c
1a080
1a094
1a0a7
1a0bb
1a0ce
1a0e2
1a0f5
1a109
1a11c
1a130
1a143
1a157
1a16b
1a17e
1a192
1a1a5
1a1b9
1a1cc
1a1df
1a1f3
1a206
1a21a
1a22d
1a241
1a254
1a268
1a27b
1a28e
1a2a2
1a2b5
1a2c9
1a2dc
1a2ef
1a303
1a316
1a32a
1a33d
1a350
1a364
1a377
1a38a
1a39e
1a3b1
1a3c4
1a3d8
1a3eb
1a3fe
1a412
1a425
1a438
1a44b
1a45f
1a472
1a485
1a498
1a4ac
1a4bf
1a4d2
1a4e5
1a4f9
1a50c
1a51f
1a532
1a545
1a559
1a56c
1a57f
1a592
1a5a5
1a5b8
1a5cc
1a5df
1a5f2
1a605
1a618
1a62b
1a63e
1a652
1a665
1a678
1a68b
1a69e
1a6b1
1a6c4
1a6d7
1a6ea
1a6fd
1a710
1a723
1a736
1a749
1a75c
1a76f
1a782
1a795
1a7a8
1a7bb
1a7ce
1a7e1
1a7f4
1a807
1a81a
1a82d
1a840
1a853
1a866
1a879
1a88c
1a89f
1a8b2
1a8c5
1a8d7
1a8ea
1a8fd
1a910
1a923
1a936
1a949
1a95c
1a96e
1a981
1a994
1a9a7
1a9ba
1a9cd
1a9df
1a9f2
1aa05
1aa18
1aa2a
1aa3d
1aa50
1aa63
1aa76
1aa88
1aa9b
1aaae
1aac1
1aad3
1aae6
1aaf9
1ab0b
1ab1e
1ab31
1ab43
1ab56
1ab69
1ab7b
1ab8e
1aba1
1abb3
1abc6
1abd9
1abeb
1abfe
1ac11
1ac23
1ac36
1ac48
1ac5b
1ac6d
1ac80
1ac93
1aca5
1acb8
1acca
1acdd
1acef
1ad02
1ad14
1ad27
1ad39
1ad4c
1ad5e
1ad71
1ad83
1ad96
1ada8
1adbb
1adcd
1ade0
1adf2
1ae05
1ae17
1ae29
1ae3c
1ae4e
1ae61
1ae73
1ae85
1ae98
1aeaa
1aebd
1aecf
1aee1
1aef4
1af06
1af18
1af2b
1af3d
1af4f
1af62
1af74
1af86
1af99
1afab
1afbd
1afcf
1afe2
1aff4
1b006
1b018
1b02b
1b03d
1b04f
1b061
1b074
1b086
1b098
1b0aa
1b0bc
1b0ce
1b0e1
1b0f3
1b105
1b117
1b129
1b13b
1b14e
1b160
1b172
1b184
1b196
1b1a8
1b1ba
1b1cc
1b1de
1b1f0
1b203
1b215
1b227
1b239
1b24b
1b25d
1b26f
1b281
1b293
1b2a5
1b2b7
1b2c9
1b2db
1b2ed
1b2ff
1b311
1b323
1b335
1b347
1b358
1b36a
1b37c
1b38e
1b3a0
1b3b2
1b3c4
1b3d6
1b3e8
1b3fa
1b40b
1b41d
1b42f
1b441
1b453
1b465
1b477
1b488
1b49a
1b4ac
1b4be
1b4d0
1b4e1
1b4f3
1b505
1b517
1b528
1b53a
1b54c
1b55e
1b56f
1b581
1b593
1b5a5
1b5b6
1b5c8
1b5da
1b5eb
1b5fd
1b60f
1b620
1b632
1b644
1b655
1b667
1b679
1b68a
1b69c
1b6ad
1b6bf
1b6d1
1b6e2
1b6f4
1b705
1b717
1b729
1b73a
1b74c
1b75d
1b76f
1b780
1b792
1b7a3
1b7b5
1b7c6
1b7d8
1b7e9
1b7fb
1b80c
1b81e
1b82f
1b841
1b852
1b864
1b875
1b886
1b898
1b8a9
1b8bb
1b8cc
1b8dd
1b8ef
1b900
1b912
1b923
1b934
1b946
1b957
1b968
1b97a
1b98b
1b99c
1b9ae
1b9bf
1b9d0
1b9e1
1b9f3
1ba04
1ba15
1ba26
1ba38
1ba49
1ba5a
1ba6b
1ba7d
1ba8e
1ba9f
1bab0
1bac1
1bad3
1bae4
1baf5
1bb06
1bb17
1bb28
1bb3a
1bb4b
1bb5c
1bb6d
1bb7e
1bb8f
1bba0
1bbb1
1bbc3
1bbd4
1bbe5
1bbf6
1bc07
1bc18
1bc29
1bc3a
1bc4b
1bc5c
1bc6d
1bc7e
1bc8f
1bca0
1bcb1
1bcc2
1bcd3
1bce4
1bcf5
1bd06
1bd17
1bd28
1bd39
1bd4a
1bd5a
1bd6b
1bd7c
1bd8d
1bd9e
1bdaf
1bdc0
1bdd1
1bde2
1bdf2
1be03
1be14
1be25
1be36
1be47
1be57
1be68
1be79
1be8a
1be9b
1beab
1bebc
1becd
1bede
1beee
1beff
1bf10
1bf21
1bf31
1bf42
1bf53
1bf63
1bf74
1bf85
1bf95
1bfa6
1bfb7
1bfc7
1bfd8
1bfe9
1bff9
1c00a
1c01b
1c02b
1c03c
1c04c
1c05d
1c06e
1c07e
1c08f
1c09f
1c0b0
1c0c0
1c0d1
1c0e1
1c0f2
1c102
1c113
1c123
1c134
1c144
1c155
1c165
1c176
1c186
1c197
1c1a7
1c1b8
1c1c8
1c1d8
1c1e9
1c1f9
1c20a
1c21a
1c22a
1c23b
1c24b
1c25c
1c26c
1c27c
1c28d
1c29d
1c2ad
1c2be
1c2ce
1c2de
1c2ee
1c2ff
1c30f
1c31f
1c330
1c340
1c350
1c360
1c371
1c381
1c391
1c3a1
1c3b1
1c3c2
1c3d2
1c3e2
1c3f2
1c402
1c413
1c423
1c433
1c443
1c453
1c463
1c473
1c483
1c494
1c4a4
1c4b4
1c4c4
1c4d4
1c4e4
1c4f4
1c504
1c514
1c524
1c534
1c544
1c554
1c564
1c574
1c584
1c594
1c5a4
1c5b4
1c5c4
1c5d4
1c5e4
1c5f4
1c604
1c614
1c624
1c634
1c644
1c653
1c663
1c673
1c683
1c693
1c6a3
1c6b3
1c6c2
1c6d2
1c6e2
1c6f2
1c702
1c712
1c721
1c731
1c741
1c751
1c761
1c770
1c780
1c790
1c7a0
1c7af
1c7bf
1c7cf
1c7de
1c7ee
1c7fe
1c80d
1c81d
1c82d
1c83c
1c84c
1c85c
1c86b
1c87b
1c88b
1c89a
1c8aa
1c8ba
1c8c9
1c8d9
1c8e8
1c8f8
1c907
1c917
1c927
1c936
1c946
1c955
1c965
1c974
1c984
1c993
1c9a3
1c9b2
1c9c2
1c9d1
1c9e1
1c9f0
1c9ff
1ca0f
1ca1e
1ca2e
1ca3d
1ca4d
1ca5c
1ca6b
1ca7b
1ca8a
1ca99
1caa9
1cab8
1cac7
1cad7
1cae6
1caf5
1cb05
1cb14
1cb23
1cb33
1cb42
1cb51
1cb61
1cb70
1cb7f
1cb8e
1cb9e
1cbad
1cbbc
1cbcb
1cbda
1cbea
1cbf9
1cc08
1cc17
1cc26
1cc35
1cc45
1cc54
1cc63
1cc72
1cc81
1cc90
1cc9f
1ccae
1ccbe
1cccd
1ccdc
1cceb
1ccfa
1cd09
1cd18
1cd27
1cd36
1cd45
1cd54
1cd63
1cd72
1cd81
1cd90
1cd9f
1cdae
1cdbd
1cdcc
1cddb
1cdea
1cdf9
1ce08
1ce17
1ce25
1ce34
1ce43
1ce52
1ce61
1ce70
1ce7f
1ce8e
1ce9c
1ceab
1ceba
1cec9
1ced8
1cee7
1cef5
1cf04
1cf13
1cf22
1cf30
1cf3f
1cf4e
1cf5d
1cf6b
1cf7a
1cf89
1cf98
1cfa6
1cfb5
1cfc4
1cfd2
1cfe1
1cff0
1cffe
1d00d
1d01c
1d02a
1d039
1d047
1d056
1d065
1d073
1d082
1d090
1d09f
1d0ae
1d0bc
1d0cb
1d0d9
1d0e8
1d0f6
1d105
1d113
1d122
1d130
1d13f
1d14d
1d15c
1d16a
1d179
1d187
1d195
1d1a4
1d1b2
1d1c1
1d1cf
1d1de
1d1ec
1d1fa
1d209
1d217
1d225
1d234
1d242
1d250
1d25f
1d26d
1d27b
1d28a
1d298
1d2a6
1d2b5
1d2c3
1d2d1
1d2df
1d2ee
1d2fc
1d30a
1d318
1d326
1d335
1d343
1d351
1d35f
1d36d
1d37c
1d38a
1d398
1d3a6
1d3b4
1d3c2
1d3d0
1d3df
1d3ed
1d3fb
1d409
1d417
1d425
1d433
1d441
1d44f
1d45d
1d46b
1d479
1d487
1d495
1d4a3
1d4b1
1d4bf
1d4cd
1d4db
1d4e9
1d4f7
1d505
1d513
1d521
1d52f
1d53d
1d54b
1d559
1d566
1d574
1d582
1d590
1d59e
1d5ac
1d5ba
1d5c7
1d5d5
1d5e3
1d5f1
1d5ff
1d60c
1d61a
1d628
1d636
1d644
1d651
1d65f
1d66d
1d67a
1d688
1d696
1d6a4
1d6b1
1d6bf
1d6cd
1d6da
1d6e8
1d6f6
1d703
1d711
1d71f
1d72c
1d73a
1d747
1d755
1d763
1d770
1d77e
1d78b
1d799
1d7a6
1d7b4
1d7c1
1d7cf
1d7dc
1d7ea
1d7f8
1d805
1d812
1d820
1d82d
1d83b
1d848
1d856
1d863
1d871
1d87e
1d88b
1d899
1d8a6
1d8b4
1d8c1
1d8ce
1d8dc
1d8e9
1d8f6
1d904
1d911
1d91e
1d92c
1d939
1d946
1d954
1d961
1d96e
1d97b
1d989
1d996
1d9a3
1d9b0
1d9be
1d9cb
1d9d8
1d9e5
1d9f2
1da00
1da0d
1da1a
1da27
1da34
1da41
1da4f
1da5c
1da69
1da76
1da83
1da90
1da9d
1daaa
1dab7
1dac4
1dad1
1dade
1daeb
1daf8
1db05
1db12
1db1f
1db2c
1db39
1db46
1db53
1db60
1db6d
1db7a
1db87
1db94
1dba1
1dbae
1dbbb
1dbc8
1dbd5
1dbe1
1dbee
1dbfb
1dc08
1dc15
1dc22
1dc2f
1dc3b
1dc48
1dc55
1dc62
1dc6f
1dc7b
1dc88
1dc95
1dca2
1dcae
1dcbb
1dcc8
1dcd5
1dce1
1dcee
1dcfb
1dd07
1dd14
1dd21
1dd2d
1dd3a
1dd47
1dd53
1dd60
1dd6c
1dd79
1dd86
1dd92
1dd9f
1ddab
1ddb8
1ddc5
1ddd1
1ddde
1ddea
1ddf7
1de03
1de10
1de1c
1de29
1de35
1de42
1de4e
1de5b
1de67
1de74
1de80
1de8c
1de99
1dea5
1deb2
1debe
1deca
1ded7
1dee3
1def0
1defc
1df08
1df15
1df21
1df2d
1df39
1df46
1df52
1df5e
1df6b
1df77
1df83
1df8f
1df9c
1dfa8
1dfb4
1dfc0
1dfcd
1dfd9
1dfe5
1dff1
1dffd
1e009
1e016
1e022
1e02e
1e03a
1e046
1e052
1e05e
1e06a
1e077
1e083
1e08f
1e09b
1e0a7
1e0b3
1e0bf
1e0cb
1e0d7
1e0e3
1e0ef
1e0fb
1e107
1e113
1e11f
1e12b
1e137
1e143
1e14f
1e15b
1e167
1e172
1e17e
1e18a
1e196
1e1a2
1e1ae
1e1ba
1e1c6
1e1d1
1e1dd
1e1e9
1e1f5
1e201
1e20d
1e218
1e224
1e230
1e23c
1e247
1e253
1e25f
1e26b
1e276
1e282
1e28e
1e299
1e2a5
1e2b1
1e2bd
1e2c8
1e2d4
1e2df
1e2eb
1e2f7
1e302
1e30e
1e31a
1e325
1e331
1e33c
1e348
1e353
1e35f
1e36b
1e376
1e382
1e38d
1e399
1e3a4
1e3b0
1e3bb
1e3c7
1e3d2
1e3de
1e3e9
1e3f4
1e400
1e40b
1e417
1e422
1e42e
1e439
1e444
1e450
1e45b
1e466
1e472
1e47d
1e488
1e494
1e49f
1e4aa
1e4b6
1e4c1
1e4cc
1e4d7
1e4e3
1e4ee
1e4f9
1e504
1e510
1e51b
1e526
1e531
1e53d
1e548
1e553
1e55e
1e569
1e574
1e57f
1e58b
1e596
1e5a1
1e5ac
1e5b7
1e5c2
1e5cd
1e5d8
1e5e3
1e5ee
1e5f9
1e605
1e610
1e61b
1e626
1e631
1e63c
1e647
1e652
1e65c
1e667
1e672
1e67d
1e688
1e693
1e69e
1e6a9
1e6b4
1e6bf
1e6ca
1e6d5
1e6df
1e6ea
1e6f5
1e700
1e70b
1e716
1e720
1e72b
1e736
1e741
1e74c
1e756
1e761
1e76c
1e777
1e781
1e78c
1e797
1e7a1
1e7ac
1e7b7
1e7c2
1e7cc
1e7d7
1e7e2
1e7ec
1e7f7
1e801
1e80c
1e817
1e821
1e82c
1e836
1e841
1e84c
1e856
1e861
1e86b
1e876
1e880
1e88b
1e895
1e8a0
1e8aa
1e8b5
1e8bf
1e8ca
1e8d4
1e8df
1e8e9
1e8f3
1e8fe
1e908
1e913
1e91d
1e927
1e932
1e93c
1e947
1e951
1e95b
1e966
1e970
1e97a
1e985
1e98f
1e999
1e9a3
1e9ae
1e9b8
1e9c2
1e9cc
1e9d7
1e9e1
1e9eb
1e9f5
1e9ff
1ea0a
1ea14
1ea1e
1ea28
1ea32
1ea3c
1ea47
1ea51
1ea5b
1ea65
1ea6f
1ea79
1ea83
1ea8d
1ea97
1eaa1
1eaab
1eab6
1eac0
1eaca
1ead4
1eade
1eae8
1eaf2
1eafc
1eb06
1eb0f
1eb19
1eb23
1eb2d
1eb37
1eb41
1eb4b
1eb55
1eb5f
1eb69
1eb73
1eb7c
1eb86
1eb90
1eb9a
1eba4
1ebae
1ebb7
1ebc1
1ebcb
1ebd5
1ebdf
1ebe8
1ebf2
1ebfc
1ec06
1ec0f
1ec19
1ec23
1ec2c
1ec36
1ec40
1ec4a
1ec53
1ec5d
1ec66
1ec70
1ec7a
1ec83
1ec8d
1ec97
1eca0
1ecaa
1ecb3
1ecbd
1ecc6
1ecd0
1ecda
1ece3
1eced
1ecf6
1ed00
1ed09
1ed13
1ed1c
1ed26
1ed2f
1ed38
1ed42
1ed4b
1ed55
1ed5e
1ed68
1ed71
1ed7a
1ed84
1ed8d
1ed97
1eda0
1eda9
1edb3
1edbc
1edc5
1edcf
1edd8
1ede1
1edea
1edf4
1edfd
1ee06
1ee0f
1ee19
1ee22
1ee2b
1ee34
1ee3e
1ee47
1ee50
1ee59
1ee62
1ee6b
1ee75
1ee7e
1ee87
1ee90
1ee99
1eea2
1eeab
1eeb4
1eebd
1eec7
1eed0
1eed9
1eee2
1eeeb
1eef4
1eefd
1ef06
1ef0f
1ef18
1ef21
1ef2a
1ef33
1ef3c
1ef45
1ef4d
1ef56
1ef5f
1ef68
1ef71
1ef7a
1ef83
1ef8c
1ef95
1ef9d
1efa6
1efaf
1efb8
1efc1
1efca
1efd2
1efdb
1efe4
1efed
1eff5
1effe
1f007
1f010
1f018
1f021
1f02a
1f033
1f03b
1f044
1f04d
1f055
1f05e
1f067
1f06f
1f078
1f080
1f089
1f092
1f09a
1f0a3
1f0ab
1f0b4
1f0bc
1f0c5
1f0ce
1f0d6
1f0df
1f0e7
1f0f0
1f0f8
1f101
1f109
1f111
1f11a
1f122
1f12b
1f133
1f13c
1f144
1f14c
1f155
1f15d
1f166
1f16e
1f176
1f17f
1f187
1f18f
1f198
1f1a0
1f1a8
1f1b1
1f1b9
1f1c1
1f1c9
1f1d2
1f1da
1f1e2
1f1ea
1f1f3
1f1fb
1f203
1f20b
1f213
1f21b
1f224
1f22c
1f234
1f23c
1f244
1f24c
1f254
1f25d
1f265
1f26d
1f275
1f27d
1f285
1f28d
1f295
1f29d
1f2a5
1f2ad
1f2b5
1f2bd
1f2c5
1f2cd
1f2d5
1f2dd
1f2e5
1f2ed
1f2f5
1f2fd
1f304
1f30c
1f314
1f31c
1f324
1f32c
1f334
1f33c
1f343
1f34b
1f353
1f35b
1f363
1f36a
1f372
1f37a
1f382
1f38a
1f391
1f399
1f3a1
1f3a8
1f3b0
1f3b8
1f3c0
1f3c7
1f3cf
1f3d7
1f3de
1f3e6
1f3ed
1f3f5
1f3fd
1f404
1f40c
1f413
1f41b
1f423
1f42a
1f432
1f439
1f441
1f448
1f450
1f457
1f45f
1f466
1f46e
1f475
1f47d
1f484
1f48c
1f493
1f49a
1f4a2
1f4a9
1f4b1
1f4b8
1f4bf
1f4c7
1f4ce
1f4d5
1f4dd
1f4e4
1f4eb
1f4f3
1f4fa
1f501
1f509
1f510
1f517
1f51e
1f526
1f52d
1f534
1f53b
1f543
1f54a
1f551
1f558
1f55f
1f566
1f56e
1f575
1f57c
1f583
1f58a
1f591
1f598
1f59f
1f5a6
1f5ae
1f5b5
1f5bc
1f5c3
1f5ca
1f5d1
1f5d8
1f5df
1f5e6
1f5ed
1f5f4
1f5fb
1f602
1f609
1f610
1f616
1f61d
1f624
1f62b
1f632
1f639
1f640
1f647
1f64e
1f654
1f65b
1f662
1f669
1f670
1f677
1f67d
1f684
1f68b
1f692
1f698
1f69f
1f6a6
1f6ad
1f6b3
1f6ba
1f6c1
1f6c7
1f6ce
1f6d5
1f6db
1f6e2
1f6e9
1f6ef
1f6f6
1f6fd
1f703
1f70a
1f710
1f717
1f71e
1f724
1f72b
1f731
1f738
1f73e
1f745
1f74b
1f752
1f758
1f75f
1f765
1f76c
1f772
1f779
1f77f
1f785
1f78c
1f792
1f799
1f79f
1f7a5
1f7ac
1f7b2
1f7b8
1f7bf
1f7c5
1f7cb
1f7d2
1f7d8
1f7de
1f7e5
1f7eb
1f7f1
1f7f7
1f7fe
1f804
1f80a
1f810
1f816
1f81d
1f823
1f829
1f82f
1f835
1f83b
1f842
1f848
1f84e
1f854
1f85a
1f860
1f866
1f86c
1f872
1f878
1f87e
1f885
1f88b
1f891
1f897
1f89d
1f8a3
1f8a9
1f8af
1f8b4
1f8ba
1f8c0
1f8c6
1f8cc
1f8d2
1f8d8
1f8de
1f8e4
1f8ea
1f8f0
1f8f5
1f8fb
1f901
1f907
1f90d
1f913
1f918
1f91e
1f924
1f92a
1f930
1f935
1f93b
1f941
1f946
1f94c
1f952
1f958
1f95d
1f963
1f969
1f96e
1f974
1f97a
1f97f
1f985
1f98a
1f990
1f996
1f99b
1f9a1
1f9a6
1f9ac
1f9b2
1f9b7
1f9bd
1f9c2
1f9c8
1f9cd
1f9d3
1f9d8
1f9de
1f9e3
1f9e8
1f9ee
1f9f3
1f9f9
1f9fe
1fa04
1fa09
1fa0e
1fa14
1fa19
1fa1f
1fa24
1fa29
1fa2f
1fa34
1fa39
1fa3e
1fa44
1fa49
1fa4e
1fa54
1fa59
1fa5e
1fa63
1fa69
1fa6e
1fa73
1fa78
1fa7d
1fa83
1fa88
1fa8d
1fa92
1fa97
1fa9c
1faa1
1faa7
1faac
1fab1
1fab6
1fabb
1fac0
1fac5
1faca
1facf
1fad4
1fad9
1fade
1fae3
1fae8
1faed
1faf2
1faf7
1fafc
1fb01
1fb06
1fb0b
1fb10
1fb15
1fb1a
1fb1f
1fb23
1fb28
1fb2d
1fb32
1fb37
1fb3c
1fb40
1fb45
1fb4a
1fb4f
1fb54
1fb58
1fb5d
1fb62
1fb67
1fb6b
1fb70
1fb75
1fb7a
1fb7e
1fb83
1fb88
1fb8c
1fb91
1fb96
1fb9a
1fb9f
1fba4
1fba8
1fbad
1fbb1
1fbb6
1fbbb
1fbbf
1fbc4
1fbc8
1fbcd
1fbd1
1fbd6
1fbda
1fbdf
1fbe3
1fbe8
1fbec
1fbf1
1fbf5
1fbfa
1fbfe
1fc02
1fc07
1fc0b
1fc10
1fc14
1fc18
1fc1d
1fc21
1fc26
1fc2a
1fc2e
1fc33
1fc37
1fc3b
1fc3f
1fc44
1fc48
1fc4c
1fc51
1fc55
1fc59
1fc5d
1fc61
1fc66
1fc6a
1fc6e
1fc72
1fc76
1fc7b
1fc7f
1fc83
1fc87
1fc8b
1fc8f
1fc93
1fc97
1fc9b
1fca0
1fca4
1fca8
1fcac
1fcb0
1fcb4
1fcb8
1fcbc
1fcc0
1fcc4
1fcc8
1fccc
1fcd0
1fcd4
1fcd8
1fcdc
1fcdf
1fce3
1fce7
1fceb
1fcef
1fcf3
1fcf7
1fcfb
1fcfe
1fd02
1fd06
1fd0a
1fd0e
1fd12
1fd15
1fd19
1fd1d
1fd21
1fd24
1fd28
1fd2c
1fd30
1fd33
1fd37
1fd3b
1fd3e
1fd42
1fd46
1fd49
1fd4d
1fd51
1fd54
1fd58
1fd5b
1fd5f
1fd63
1fd66
1fd6a
1fd6d
1fd71
1fd74
1fd78
1fd7c
1fd7f
1fd83
1fd86
1fd89
1fd8d
1fd90
1fd94
1fd97
1fd9b
1fd9e
1fda2
1fda5
1fda8
1fdac
1fdaf
1fdb3
1fdb6
1fdb9
1fdbd
1fdc0
1fdc3
1fdc7
1fdca
1fdcd
1fdd0
1fdd4
1fdd7
1fdda
1fddd
1fde1
1fde4
1fde7
1fdea
1fdee
1fdf1
1fdf4
1fdf7
1fdfa
1fdfd
1fe01
1fe04
1fe07
1fe0a
1fe0d
1fe10
1fe13
1fe16
1fe19
1fe1c
1fe1f
1fe22
1fe25
1fe28
1fe2b
1fe2e
1fe31
1fe34
1fe37
1fe3a
1fe3d
1fe40
1fe43
1fe46
1fe49
1fe4c
1fe4f
1fe52
1fe55
1fe57
1fe5a
1fe5d
1fe60
1fe63
1fe66
1fe68
1fe6b
1fe6e
1fe71
1fe73
1fe76
1fe79
1fe7c
1fe7e
1fe81
1fe84
1fe87
1fe89
1fe8c
1fe8f
1fe91
1fe94
1fe97
1fe99
1fe9c
1fe9e
1fea1
1fea4
1fea6
1fea9
1feab
1feae
1feb0
1feb3
1feb5
1feb8
1feba
1febd
1febf
1fec2
1fec4
1fec7
1fec9
1fecc
1fece
1fed1
1fed3
1fed5
1fed8
1feda
1fedd
1fedf
1fee1
1fee4
1fee6
1fee8
1feeb
1feed
1feef
1fef1
1fef4
1fef6
1fef8
1fefb
1fefd
1feff
1ff01
1ff03
1ff06
1ff08
1ff0a
1ff0c
1ff0e
1ff10
1ff13
1ff15
1ff17
1ff19
1ff1b
1ff1d
1ff1f
1ff21
1ff23
1ff25
1ff28
1ff2a
1ff2c
1ff2e
1ff30
1ff32
1ff34
1ff36
1ff38
1ff3a
1ff3b
1ff3d
1ff3f
1ff41
1ff43
1ff45
1ff47
1ff49
1ff4b
1ff4d
1ff4e
1ff50
1ff52
1ff54
1ff56
1ff58
1ff59
1ff5b
1ff5d
1ff5f
1ff60
1ff62
1ff64
1ff66
1ff67
1ff69
1ff6b
1ff6c
1ff6e
1ff70
1ff71
1ff73
1ff75
1ff76
1ff78
1ff7a
1ff7b
1ff7d
1ff7e
1ff80
1ff82
1ff83
1ff85
1ff86
1ff88
1ff89
1ff8b
1ff8c
1ff8e
1ff8f
1ff91
1ff92
1ff94
1ff95
1ff96
1ff98
1ff99
1ff9b
1ff9c
1ff9d
1ff9f
1ffa0
1ffa2
1ffa3
1ffa4
1ffa6
1ffa7
1ffa8
1ffa9
1ffab
1ffac
1ffad
1ffaf
1ffb0
1ffb1
1ffb2
1ffb4
1ffb5
1ffb6
1ffb7
1ffb8
1ffb9
1ffbb
1ffbc
1ffbd
1ffbe
1ffbf
1ffc0
1ffc1
1ffc2
1ffc4
1ffc5
1ffc6
1ffc7
1ffc8
1ffc9
1ffca
1ffcb
1ffcc
1ffcd
1ffce
1ffcf
1ffd0
1ffd1
1ffd2
1ffd3
1ffd4
1ffd5
1ffd5
1ffd6
1ffd7
1ffd8
1ffd9
1ffda
1ffdb
1ffdc
1ffdc
1ffdd
1ffde
1ffdf
1ffe0
1ffe0
1ffe1
1ffe2
1ffe3
1ffe3
1ffe4
1ffe5
1ffe6
1ffe6
1ffe7
1ffe8
1ffe8
1ffe9
1ffea
1ffea
1ffeb
1ffec
1ffec
1ffed
1ffed
1ffee
1ffef
1ffef
1fff0
1fff0
1fff1
1fff1
1fff2
1fff2
1fff3
1fff3
1fff4
1fff4
1fff5
1fff5
1fff6
1fff6
1fff7
1fff7
1fff7
1fff8
1fff8
1fff9
1fff9
1fff9
1fffa
1fffa
1fffa
1fffb
1fffb
1fffb
1fffc
1fffc
1fffc
1fffc
1fffd
1fffd
1fffd
1fffd
1fffe
1fffe
1fffe
1fffe
1fffe
1ffff
1ffff
1ffff
1ffff
1ffff
1ffff
1ffff
20000
20000
20000
20000
20000
20000
20000
20000
20000
20000
20000
20000
20000
20000
20000
20000
20000
20000
20000
20000
20000
1ffff
1ffff
1ffff
1ffff
1ffff
1ffff
1ffff
1fffe
1fffe
1fffe
1fffe
1fffe
1fffd
1fffd
1fffd
1fffd
1fffc
1fffc
1fffc
1fffc
1fffb
1fffb
1fffb
1fffa
1fffa
1fffa
1fff9
1fff9
1fff9
1fff8
1fff8
1fff7
1fff7
1fff7
1fff6
1fff6
1fff5
1fff5
1fff4
1fff4
1fff3
1fff3
1fff2
1fff2
1fff1
1fff1
1fff0
1fff0
1ffef
1ffef
1ffee
1ffed
1ffed
1ffec
1ffec
1ffeb
1ffea
1ffea
1ffe9
1ffe8
1ffe8
1ffe7
1ffe6
1ffe6
1ffe5
1ffe4
1ffe3
1ffe3
1ffe2
1ffe1
1ffe0
1ffe0
1ffdf
1ffde
1ffdd
1ffdc
1ffdc
1ffdb
1ffda
1ffd9
1ffd8
1ffd7
1ffd6
1ffd5
1ffd5
1ffd4
1ffd3
1ffd2
1ffd1
1ffd0
1ffcf
1ffce
1ffcd
1ffcc
1ffcb
1ffca
1ffc9
1ffc8
1ffc7
1ffc6
1ffc5
1ffc4
1ffc2
1ffc1
1ffc0
1ffbf
1ffbe
1ffbd
1ffbc
1ffbb
1ffb9
1ffb8
1ffb7
1ffb6
1ffb5
1ffb4
1ffb2
1ffb1
1ffb0
1ffaf
1ffad
1ffac
1ffab
1ffa9
1ffa8
1ffa7
1ffa6
1ffa4
1ffa3
1ffa2
1ffa0
1ff9f
1ff9d
1ff9c
1ff9b
1ff99
1ff98
1ff96
1ff95
1ff94
1ff92
1ff91
1ff8f
1ff8e
1ff8c
1ff8b
1ff89
1ff88
1ff86
1ff85
1ff83
1ff82
1ff80
1ff7e
1ff7d
1ff7b
1ff7a
1ff78
1ff76
1ff75
1ff73
1ff71
1ff70
1ff6e
1ff6c
1ff6b
1ff69
1ff67
1ff66
1ff64
1ff62
1ff60
1ff5f
1ff5d
1ff5b
1ff59
1ff58
1ff56
1ff54
1ff52
1ff50
1ff4e
1ff4d
1ff4b
1ff49
1ff47
1ff45
1ff43
1ff41
1ff3f
1ff3d
1ff3b
1ff3a
1ff38
1ff36
1ff34
1ff32
1ff30
1ff2e
1ff2c
1ff2a
1ff28
1ff25
1ff23
1ff21
1ff1f
1ff1d
1ff1b
1ff19
1ff17
1ff15
1ff13
1ff10
1ff0e
1ff0c
1ff0a
1ff08
1ff06
1ff03
1ff01
1feff
1fefd
1fefb
1fef8
1fef6
1fef4
1fef1
1feef
1feed
1feeb
1fee8
1fee6
1fee4
1fee1
1fedf
1fedd
1feda
1fed8
1fed5
1fed3
1fed1
1fece
1fecc
1fec9
1fec7
1fec4
1fec2
1febf
1febd
1feba
1feb8
1feb5
1feb3
1feb0
1feae
1feab
1fea9
1fea6
1fea4
1fea1
1fe9e
1fe9c
1fe99
1fe97
1fe94
1fe91
1fe8f
1fe8c
1fe89
1fe87
1fe84
1fe81
1fe7e
1fe7c
1fe79
1fe76
1fe73
1fe71
1fe6e
1fe6b
1fe68
1fe66
1fe63
1fe60
1fe5d
1fe5a
1fe57
1fe55
1fe52
1fe4f
1fe4c
1fe49
1fe46
1fe43
1fe40
1fe3d
1fe3a
1fe37
1fe34
1fe31
1fe2e
1fe2b
1fe28
1fe25
1fe22
1fe1f
1fe1c
1fe19
1fe16
1fe13
1fe10
1fe0d
1fe0a
1fe07
1fe04
1fe01
1fdfd
1fdfa
1fdf7
1fdf4
1fdf1
1fdee
1fdea
1fde7
1fde4
1fde1
1fddd
1fdda
1fdd7
1fdd4
1fdd0
1fdcd
1fdca
1fdc7
1fdc3
1fdc0
1fdbd
1fdb9
1fdb6
1fdb3
1fdaf
1fdac
1fda8
1fda5
1fda2
1fd9e
1fd9b
1fd97
1fd94
1fd90
1fd8d
1fd89
1fd86
1fd83
1fd7f
1fd7c
1fd78
1fd74
1fd71
1fd6d
1fd6a
1fd66
1fd63
1fd5f
1fd5b
1fd58
1fd54
1fd51
1fd4d
1fd49
1fd46
1fd42
1fd3e
1fd3b
1fd37
1fd33
1fd30
1fd2c
1fd28
1fd24
1fd21
1fd1d
1fd19
1fd15
1fd12
1fd0e
1fd0a
1fd06
1fd02
1fcfe
1fcfb
1fcf7
1fcf3
1fcef
1fceb
1fce7
1fce3
1fcdf
1fcdc
1fcd8
1fcd4
1fcd0
1fccc
1fcc8
1fcc4
1fcc0
1fcbc
1fcb8
1fcb4
1fcb0
1fcac
1fca8
1fca4
1fca0
1fc9b
1fc97
1fc93
1fc8f
1fc8b
1fc87
1fc83
1fc7f
1fc7b
1fc76
1fc72
1fc6e
1fc6a
1fc66
1fc61
1fc5d
1fc59
1fc55
1fc51
1fc4c
1fc48
1fc44
1fc3f
1fc3b
1fc37
1fc33
1fc2e
1fc2a
1fc26
1fc21
1fc1d
1fc18
1fc14
1fc10
1fc0b
1fc07
1fc02
1fbfe
1fbfa
1fbf5
1fbf1
1fbec
1fbe8
1fbe3
1fbdf
1fbda
1fbd6
1fbd1
1fbcd
1fbc8
1fbc4
1fbbf
1fbbb
1fbb6
1fbb1
1fbad
1fba8
1fba4
1fb9f
1fb9a
1fb96
1fb91
1fb8c
1fb88
1fb83
1fb7e
1fb7a
1fb75
1fb70
1fb6b
1fb67
1fb62
1fb5d
1fb58
1fb54
1fb4f
1fb4a
1fb45
1fb40
1fb3c
1fb37
1fb32
1fb2d
1fb28
1fb23
1fb1f
1fb1a
1fb15
1fb10
1fb0b
1fb06
1fb01
1fafc
1faf7
1faf2
1faed
1fae8
1fae3
1fade
1fad9
1fad4
1facf
1faca
1fac5
1fac0
1fabb
1fab6
1fab1
1faac
1faa7
1faa1
1fa9c
1fa97
1fa92
1fa8d
1fa88
1fa83
1fa7d
1fa78
1fa73
1fa6e
1fa69
1fa63
1fa5e
1fa59
1fa54
1fa4e
1fa49
1fa44
1fa3e
1fa39
1fa34
1fa2f
1fa29
1fa24
1fa1f
1fa19
1fa14
1fa0e
1fa09
1fa04
1f9fe
1f9f9
1f9f3
1f9ee
1f9e8
1f9e3
1f9de
1f9d8
1f9d3
1f9cd
1f9c8
1f9c2
1f9bd
1f9b7
1f9b2
1f9ac
1f9a6
1f9a1
1f99b
1f996
1f990
1f98a
1f985
1f97f
1f97a
1f974
1f96e
1f969
1f963
1f95d
1f958
1f952
1f94c
1f946
1f941
1f93b
1f935
1f930
1f92a
1f924
1f91e
1f918
1f913
1f90d
1f907
1f901
1f8fb
1f8f5
1f8f0
1f8ea
1f8e4
1f8de
1f8d8
1f8d2
1f8cc
1f8c6
1f8c0
1f8ba
1f8b4
1f8af
1f8a9
1f8a3
1f89d
1f897
1f891
1f88b
1f885
1f87e
1f878
1f872
1f86c
1f866
1f860
1f85a
1f854
1f84e
1f848
1f842
1f83b
1f835
1f82f
1f829
1f823
1f81d
1f816
1f810
1f80a
1f804
1f7fe
1f7f7
1f7f1
1f7eb
1f7e5
1f7de
1f7d8
1f7d2
1f7cb
1f7c5
1f7bf
1f7b8
1f7b2
1f7ac
1f7a5
1f79f
1f799
1f792
1f78c
1f785
1f77f
1f779
1f772
1f76c
1f765
1f75f
1f758
1f752
1f74b
1f745
1f73e
1f738
1f731
1f72b
1f724
1f71e
1f717
1f710
1f70a
1f703
1f6fd
1f6f6
1f6ef
1f6e9
1f6e2
1f6db
1f6d5
1f6ce
1f6c7
1f6c1
1f6ba
1f6b3
1f6ad
1f6a6
1f69f
1f698
1f692
1f68b
1f684
1f67d
1f677
1f670
1f669
1f662
1f65b
1f654
1f64e
1f647
1f640
1f639
1f632
1f62b
1f624
1f61d
1f616
1f610
1f609
1f602
1f5fb
1f5f4
1f5ed
1f5e6
1f5df
1f5d8
1f5d1
1f5ca
1f5c3
1f5bc
1f5b5
1f5ae
1f5a6
1f59f
1f598
1f591
1f58a
1f583
1f57c
1f575
1f56e
1f566
1f55f
1f558
1f551
1f54a
1f543
1f53b
1f534
1f52d
1f526
1f51e
1f517
1f510
1f509
1f501
1f4fa
1f4f3
1f4eb
1f4e4
1f4dd
1f4d5
1f4ce
1f4c7
1f4bf
1f4b8
1f4b1
1f4a9
1f4a2
1f49a
1f493
1f48c
1f484
1f47d
1f475
1f46e
1f466
1f45f
1f457
1f450
1f448
1f441
1f439
1f432
1f42a
1f423
1f41b
1f413
1f40c
1f404
1f3fd
1f3f5
1f3ed
1f3e6
1f3de
1f3d7
1f3cf
1f3c7
1f3c0
1f3b8
1f3b0
1f3a8
1f3a1
1f399
1f391
1f38a
1f382
1f37a
1f372
1f36a
1f363
1f35b
1f353
1f34b
1f343
1f33c
1f334
1f32c
1f324
1f31c
1f314
1f30c
1f304
1f2fd
1f2f5
1f2ed
1f2e5
1f2dd
1f2d5
1f2cd
1f2c5
1f2bd
1f2b5
1f2ad
1f2a5
1f29d
1f295
1f28d
1f285
1f27d
1f275
1f26d
1f265
1f25d
1f254
1f24c
1f244
1f23c
1f234
1f22c
1f224
1f21b
1f213
1f20b
1f203
1f1fb
1f1f3
1f1ea
1f1e2
1f1da
1f1d2
1f1c9
1f1c1
1f1b9
1f1b1
1f1a8
1f1a0
1f198
1f18f
1f187
1f17f
1f176
1f16e
1f166
1f15d
1f155
1f14c
1f144
1f13c
1f133
1f12b
1f122
1f11a
1f111
1f109
1f101
1f0f8
1f0f0
1f0e7
1f0df
1f0d6
1f0ce
1f0c5
1f0bc
1f0b4
1f0ab
1f0a3
1f09a
1f092
1f089
1f080
1f078
1f06f
1f067
1f05e
1f055
1f04d
1f044
1f03b
1f033
1f02a
1f021
1f018
1f010
1f007
1effe
1eff5
1efed
1efe4
1efdb
1efd2
1efca
1efc1
1efb8
1efaf
1efa6
1ef9d
1ef95
1ef8c
1ef83
1ef7a
1ef71
1ef68
1ef5f
1ef56
1ef4d
1ef45
1ef3c
1ef33
1ef2a
1ef21
1ef18
1ef0f
1ef06
1eefd
1eef4
1eeeb
1eee2
1eed9
1eed0
1eec7
1eebd
1eeb4
1eeab
1eea2
1ee99
1ee90
1ee87
1ee7e
1ee75
1ee6b
1ee62
1ee59
1ee50
1ee47
1ee3e
1ee34
1ee2b
1ee22
1ee19
1ee0f
1ee06
1edfd
1edf4
1edea
1ede1
1edd8
1edcf
1edc5
1edbc
1edb3
1eda9
1eda0
1ed97
1ed8d
1ed84
1ed7a
1ed71
1ed68
1ed5e
1ed55
1ed4b
1ed42
1ed38
1ed2f
1ed26
1ed1c
1ed13
1ed09
1ed00
1ecf6
1eced
1ece3
1ecda
1ecd0
1ecc6
1ecbd
1ecb3
1ecaa
1eca0
1ec97
1ec8d
1ec83
1ec7a
1ec70
1ec66
1ec5d
1ec53
1ec4a
1ec40
1ec36
1ec2c
1ec23
1ec19
1ec0f
1ec06
1ebfc
1ebf2
1ebe8
1ebdf
1ebd5
1ebcb
1ebc1
1ebb7
1ebae
1eba4
1eb9a
1eb90
1eb86
1eb7c
1eb73
1eb69
1eb5f
1eb55
1eb4b
1eb41
1eb37
1eb2d
1eb23
1eb19
1eb0f
1eb06
1eafc
1eaf2
1eae8
1eade
1ead4
1eaca
1eac0
1eab6
1eaab
1eaa1
1ea97
1ea8d
1ea83
1ea79
1ea6f
1ea65
1ea5b
1ea51
1ea47
1ea3c
1ea32
1ea28
1ea1e
1ea14
1ea0a
1e9ff
1e9f5
1e9eb
1e9e1
1e9d7
1e9cc
1e9c2
1e9b8
1e9ae
1e9a3
1e999
1e98f
1e985
1e97a
1e970
1e966
1e95b
1e951
1e947
1e93c
1e932
1e927
1e91d
1e913
1e908
1e8fe
1e8f3
1e8e9
1e8df
1e8d4
1e8ca
1e8bf
1e8b5
1e8aa
1e8a0
1e895
1e88b
1e880
1e876
1e86b
1e861
1e856
1e84c
1e841
1e836
1e82c
1e821
1e817
1e80c
1e801
1e7f7
1e7ec
1e7e2
1e7d7
1e7cc
1e7c2
1e7b7
1e7ac
1e7a1
1e797
1e78c
1e781
1e777
1e76c
1e761
1e756
1e74c
1e741
1e736
1e72b
1e720
1e716
1e70b
1e700
1e6f5
1e6ea
1e6df
1e6d5
1e6ca
1e6bf
1e6b4
1e6a9
1e69e
1e693
1e688
1e67d
1e672
1e667
1e65c
1e652
1e647
1e63c
1e631
1e626
1e61b
1e610
1e605
1e5f9
1e5ee
1e5e3
1e5d8
1e5cd
1e5c2
1e5b7
1e5ac
1e5a1
1e596
1e58b
1e57f
1e574
1e569
1e55e
1e553
1e548
1e53d
1e531
1e526
1e51b
1e510
1e504
1e4f9
1e4ee
1e4e3
1e4d7
1e4cc
1e4c1
1e4b6
1e4aa
1e49f
1e494
1e488
1e47d
1e472
1e466
1e45b
1e450
1e444
1e439
1e42e
1e422
1e417
1e40b
1e400
1e3f4
1e3e9
1e3de
1e3d2
1e3c7
1e3bb
1e3b0
1e3a4
1e399
1e38d
1e382
1e376
1e36b
1e35f
1e353
1e348
1e33c
1e331
1e325
1e31a
1e30e
1e302
1e2f7
1e2eb
1e2df
1e2d4
1e2c8
1e2bd
1e2b1
1e2a5
1e299
1e28e
1e282
1e276
1e26b
1e25f
1e253
1e247
1e23c
1e230
1e224
1e218
1e20d
1e201
1e1f5
1e1e9
1e1dd
1e1d1
1e1c6
1e1ba
1e1ae
1e1a2
1e196
1e18a
1e17e
1e172
1e167
1e15b
1e14f
1e143
1e137
1e12b
1e11f
1e113
1e107
1e0fb
1e0ef
1e0e3
1e0d7
1e0cb
1e0bf
1e0b3
1e0a7
1e09b
1e08f
1e083
1e077
1e06a
1e05e
1e052
1e046
1e03a
1e02e
1e022
1e016
1e009
1dffd
1dff1
1dfe5
1dfd9
1dfcd
1dfc0
1dfb4
1dfa8
1df9c
1df8f
1df83
1df77
1df6b
1df5e
1df52
1df46
1df39
1df2d
1df21
1df15
1df08
1defc
1def0
1dee3
1ded7
1deca
1debe
1deb2
1dea5
1de99
1de8c
1de80
1de74
1de67
1de5b
1de4e
1de42
1de35
1de29
1de1c
1de10
1de03
1ddf7
1ddea
1ddde
1ddd1
1ddc5
1ddb8
1ddab
1dd9f
1dd92
1dd86
1dd79
1dd6c
1dd60
1dd53
1dd47
1dd3a
1dd2d
1dd21
1dd14
1dd07
1dcfb
1dcee
1dce1
1dcd5
1dcc8
1dcbb
1dcae
1dca2
1dc95
1dc88
1dc7b
1dc6f
1dc62
1dc55
1dc48
1dc3b
1dc2f
1dc22
1dc15
1dc08
1dbfb
1dbee
1dbe1
1dbd5
1dbc8
1dbbb
1dbae
1dba1
1db94
1db87
1db7a
1db6d
1db60
1db53
1db46
1db39
1db2c
1db1f
1db12
1db05
1daf8
1daeb
1dade
1dad1
1dac4
1dab7
1daaa
1da9d
1da90
1da83
1da76
1da69
1da5c
1da4f
1da41
1da34
1da27
1da1a
1da0d
1da00
1d9f2
1d9e5
1d9d8
1d9cb
1d9be
1d9b0
1d9a3
1d996
1d989
1d97b
1d96e
1d961
1d954
1d946
1d939
1d92c
1d91e
1d911
1d904
1d8f6
1d8e9
1d8dc
1d8ce
1d8c1
1d8b4
1d8a6
1d899
1d88b
1d87e
1d871
1d863
1d856
1d848
1d83b
1d82d
1d820
1d812
1d805
1d7f8
1d7ea
1d7dc
1d7cf
1d7c1
1d7b4
1d7a6
1d799
1d78b
1d77e
1d770
1d763
1d755
1d747
1d73a
1d72c
1d71f
1d711
1d703
1d6f6
1d6e8
1d6da
1d6cd
1d6bf
1d6b1
1d6a4
1d696
1d688
1d67a
1d66d
1d65f
1d651
1d644
1d636
1d628
1d61a
1d60c
1d5ff
1d5f1
1d5e3
1d5d5
1d5c7
1d5ba
1d5ac
1d59e
1d590
1d582
1d574
1d566
1d559
1d54b
1d53d
1d52f
1d521
1d513
1d505
1d4f7
1d4e9
1d4db
1d4cd
1d4bf
1d4b1
1d4a3
1d495
1d487
1d479
1d46b
1d45d
1d44f
1d441
1d433
1d425
1d417
1d409
1d3fb
1d3ed
1d3df
1d3d0
1d3c2
1d3b4
1d3a6
1d398
1d38a
1d37c
1d36d
1d35f
1d351
1d343
1d335
1d326
1d318
1d30a
1d2fc
1d2ee
1d2df
1d2d1
1d2c3
1d2b5
1d2a6
1d298
1d28a
1d27b
1d26d
1d25f
1d250
1d242
1d234
1d225
1d217
1d209
1d1fa
1d1ec
1d1de
1d1cf
1d1c1
1d1b2
1d1a4
1d195
1d187
1d179
1d16a
1d15c
1d14d
1d13f
1d130
1d122
1d113
1d105
1d0f6
1d0e8
1d0d9
1d0cb
1d0bc
1d0ae
1d09f
1d090
1d082
1d073
1d065
1d056
1d047
1d039
1d02a
1d01c
1d00d
1cffe
1cff0
1cfe1
1cfd2
1cfc4
1cfb5
1cfa6
1cf98
1cf89
1cf7a
1cf6b
1cf5d
1cf4e
1cf3f
1cf30
1cf22
1cf13
1cf04
1cef5
1cee7
1ced8
1cec9
1ceba
1ceab
1ce9c
1ce8e
1ce7f
1ce70
1ce61
1ce52
1ce43
1ce34
1ce25
1ce17
1ce08
1cdf9
1cdea
1cddb
1cdcc
1cdbd
1cdae
1cd9f
1cd90
1cd81
1cd72
1cd63
1cd54
1cd45
1cd36
1cd27
1cd18
1cd09
1ccfa
1cceb
1ccdc
1cccd
1ccbe
1ccae
1cc9f
1cc90
1cc81
1cc72
1cc63
1cc54
1cc45
1cc35
1cc26
1cc17
1cc08
1cbf9
1cbea
1cbda
1cbcb
1cbbc
1cbad
1cb9e
1cb8e
1cb7f
1cb70
1cb61
1cb51
1cb42
1cb33
1cb23
1cb14
1cb05
1caf5
1cae6
1cad7
1cac7
1cab8
1caa9
1ca99
1ca8a
1ca7b
1ca6b
1ca5c
1ca4d
1ca3d
1ca2e
1ca1e
1ca0f
1c9ff
1c9f0
1c9e1
1c9d1
1c9c2
1c9b2
1c9a3
1c993
1c984
1c974
1c965
1c955
1c946
1c936
1c927
1c917
1c907
1c8f8
1c8e8
1c8d9
1c8c9
1c8ba
1c8aa
1c89a
1c88b
1c87b
1c86b
1c85c
1c84c
1c83c
1c82d
1c81d
1c80d
1c7fe
1c7ee
1c7de
1c7cf
1c7bf
1c7af
1c7a0
1c790
1c780
1c770
1c761
1c751
1c741
1c731
1c721
1c712
1c702
1c6f2
1c6e2
1c6d2
1c6c2
1c6b3
1c6a3
1c693
1c683
1c673
1c663
1c653
1c644
1c634
1c624
1c614
1c604
1c5f4
1c5e4
1c5d4
1c5c4
1c5b4
1c5a4
1c594
1c584
1c574
1c564
1c554
1c544
1c534
1c524
1c514
1c504
1c4f4
1c4e4
1c4d4
1c4c4
1c4b4
1c4a4
1c494
1c483
1c473
1c463
1c453
1c443
1c433
1c423
1c413
1c402
1c3f2
1c3e2
1c3d2
1c3c2
1c3b1
1c3a1
1c391
1c381
1c371
1c360
1c350
1c340
1c330
1c31f
1c30f
1c2ff
1c2ee
1c2de
1c2ce
1c2be
1c2ad
1c29d
1c28d
1c27c
1c26c
1c25c
1c24b
1c23b
1c22a
1c21a
1c20a
1c1f9
1c1e9
1c1d8
1c1c8
1c1b8
1c1a7
1c197
1c186
1c176
1c165
1c155
1c144
1c134
1c123
1c113
1c102
1c0f2
1c0e1
1c0d1
1c0c0
1c0b0
1c09f
1c08f
1c07e
1c06e
1c05d
1c04c
1c03c
1c02b
1c01b
1c00a
1bff9
1bfe9
1bfd8
1bfc7
1bfb7
1bfa6
1bf95
1bf85
1bf74
1bf63
1bf53
1bf42
1bf31
1bf21
1bf10
1beff
1beee
1bede
1becd
1bebc
1beab
1be9b
1be8a
1be79
1be68
1be57
1be47
1be36
1be25
1be14
1be03
1bdf2
1bde2
1bdd1
1bdc0
1bdaf
1bd9e
1bd8d
1bd7c
1bd6b
1bd5a
1bd4a
1bd39
1bd28
1bd17
1bd06
1bcf5
1bce4
1bcd3
1bcc2
1bcb1
1bca0
1bc8f
1bc7e
1bc6d
1bc5c
1bc4b
1bc3a
1bc29
1bc18
1bc07
1bbf6
1bbe5
1bbd4
1bbc3
1bbb1
1bba0
1bb8f
1bb7e
1bb6d
1bb5c
1bb4b
1bb3a
1bb28
1bb17
1bb06
1baf5
1bae4
1bad3
1bac1
1bab0
1ba9f
1ba8e
1ba7d
1ba6b
1ba5a
1ba49
1ba38
1ba26
1ba15
1ba04
1b9f3
1b9e1
1b9d0
1b9bf
1b9ae
1b99c
1b98b
1b97a
1b968
1b957
1b946
1b934
1b923
1b912
1b900
1b8ef
1b8dd
1b8cc
1b8bb
1b8a9
1b898
1b886
1b875
1b864
1b852
1b841
1b82f
1b81e
1b80c
1b7fb
1b7e9
1b7d8
1b7c6
1b7b5
1b7a3
1b792
1b780
1b76f
1b75d
1b74c
1b73a
1b729
1b717
1b705
1b6f4
1b6e2
1b6d1
1b6bf
1b6ad
1b69c
1b68a
1b679
1b667
1b655
1b644
1b632
1b620
1b60f
1b5fd
1b5eb
1b5da
1b5c8
1b5b6
1b5a5
1b593
1b581
1b56f
1b55e
1b54c
1b53a
1b528
1b517
1b505
1b4f3
1b4e1
1b4d0
1b4be
1b4ac
1b49a
1b488
1b477
1b465
1b453
1b441
1b42f
1b41d
1b40b
1b3fa
1b3e8
1b3d6
1b3c4
1b3b2
1b3a0
1b38e
1b37c
1b36a
1b358
1b347
1b335
1b323
1b311
1b2ff
1b2ed
1b2db
1b2c9
1b2b7
1b2a5
1b293
1b281
1b26f
1b25d
1b24b
1b239
1b227
1b215
1b203
1b1f0
1b1de
1b1cc
1b1ba
1b1a8
1b196
1b184
1b172
1b160
1b14e
1b13b
1b129
1b117
1b105
1b0f3
1b0e1
1b0ce
1b0bc
1b0aa
1b098
1b086
1b074
1b061
1b04f
1b03d
1b02b
1b018
1b006
1aff4
1afe2
1afcf
1afbd
1afab
1af99
1af86
1af74
1af62
1af4f
1af3d
1af2b
1af18
1af06
1aef4
1aee1
1aecf
1aebd
1aeaa
1ae98
1ae85
1ae73
1ae61
1ae4e
1ae3c
1ae29
1ae17
1ae05
1adf2
1ade0
1adcd
1adbb
1ada8
1ad96
1ad83
1ad71
1ad5e
1ad4c
1ad39
1ad27
1ad14
1ad02
1acef
1acdd
1acca
1acb8
1aca5
1ac93
1ac80
1ac6d
1ac5b
1ac48
1ac36
1ac23
1ac11
1abfe
1abeb
1abd9
1abc6
1abb3
1aba1
1ab8e
1ab7b
1ab69
1ab56
1ab43
1ab31
1ab1e
1ab0b
1aaf9
1aae6
1aad3
1aac1
1aaae
1aa9b
1aa88
1aa76
1aa63
1aa50
1aa3d
1aa2a
1aa18
1aa05
1a9f2
1a9df
1a9cd
1a9ba
1a9a7
1a994
1a981
1a96e
1a95c
1a949
1a936
1a923
1a910
1a8fd
1a8ea
1a8d7
1a8c5
1a8b2
1a89f
1a88c
1a879
1a866
1a853
1a840
1a82d
1a81a
1a807
1a7f4
1a7e1
1a7ce
1a7bb
1a7a8
1a795
1a782
1a76f
1a75c
1a749
1a736
1a723
1a710
1a6fd
1a6ea
1a6d7
1a6c4
1a6b1
1a69e
1a68b
1a678
1a665
1a652
1a63e
1a62b
1a618
1a605
1a5f2
1a5df
1a5cc
1a5b8
1a5a5
1a592
1a57f
1a56c
1a559
1a545
1a532
1a51f
1a50c
1a4f9
1a4e5
1a4d2
1a4bf
1a4ac
1a498
1a485
1a472
1a45f
1a44b
1a438
1a425
1a412
1a3fe
1a3eb
1a3d8
1a3c4
1a3b1
1a39e
1a38a
1a377
1a364
1a350
1a33d
1a32a
1a316
1a303
1a2ef
1a2dc
1a2c9
1a2b5
1a2a2
1a28e
1a27b
1a268
1a254
1a241
1a22d
1a21a
1a206
1a1f3
1a1df
1a1cc
1a1b9
1a1a5
1a192
1a17e
1a16b
1a157
1a143
1a130
1a11c
1a109
1a0f5
1a0e2
1a0ce
1a0bb
1a0a7
1a094
1a080
1a06c
1a059
1a045
1a032
1a01e
1a00a
19ff7
19fe3
19fd0
19fbc
19fa8
19f95
19f81
19f6d
19f5a
19f46
19f32
19f1f
19f0b
19ef7
19ee3
19ed0
19ebc
19ea8
19e95
19e81
19e6d
19e59
19e46
19e32
19e1e
19e0a
19df7
19de3
19dcf
19dbb
19da7
19d94
19d80
19d6c
19d58
19d44
19d31
19d1d
19d09
19cf5
19ce1
19ccd
19cb9
19ca6
19c92
19c7e
19c6a
19c56
19c42
19c2e
19c1a
19c06
19bf2
19bde
19bca
19bb7
19ba3
19b8f
19b7b
19b67
19b53
19b3f
19b2b
19b17
19b03
19aef
19adb
19ac7
19ab3
19a9f
19a8b
19a77
19a63
19a4f
19a3a
19a26
19a12
199fe
199ea
199d6
199c2
199ae
1999a
19986
19972
1995d
19949
19935
19921
1990d
198f9
198e5
198d0
198bc
198a8
19894
19880
1986c
19857
19843
1982f
1981b
19807
197f2
197de
197ca
197b6
197a1
1978d
19779
19765
19750
1973c
19728
19713
196ff
196eb
196d7
196c2
196ae
1969a
19685
19671
1965d
19648
19634
19620
1960b
195f7
195e2
195ce
195ba
195a5
19591
1957d
19568
19554
1953f
1952b
19516
19502
194ee
194d9
194c5
194b0
1949c
19487
19473
1945e
1944a
19435
19421
1940c
193f8
193e3
193cf
193ba
193a6
19391
1937d
19368
19354
1933f
1932a
19316
19301
192ed
192d8
192c4
192af
1929a
19286
19271
1925d
19248
19233
1921f
1920a
191f5
191e1
191cc
191b7
191a3
1918e
19179
19165
19150
1913b
19127
19112
190fd
190e9
190d4
190bf
190aa
19096
19081
1906c
19057
19043
1902e
19019
19004
18ff0
18fdb
18fc6
18fb1
18f9c
18f88
18f73
18f5e
18f49
18f34
18f1f
18f0b
18ef6
18ee1
18ecc
18eb7
18ea2
18e8d
18e79
18e64
18e4f
18e3a
18e25
18e10
18dfb
18de6
18dd1
18dbc
18da7
18d93
18d7e
18d69
18d54
18d3f
18d2a
18d15
18d00
18ceb
18cd6
18cc1
18cac
18c97
18c82
18c6d
18c58
18c43
18c2e
18c19
18c04
18bef
18bda
18bc5
18baf
18b9a
18b85
18b70
18b5b
18b46
18b31
18b1c
18b07
18af2
18add
18ac7
18ab2
18a9d
18a88
18a73
18a5e
18a49
18a34
18a1e
18a09
189f4
189df
189ca
189b4
1899f
1898a
18975
18960
1894a
18935
18920
1890b
188f6
188e0
188cb
188b6
188a1
1888b
18876
18861
1884c
18836
18821
1880c
187f6
187e1
187cc
187b7
187a1
1878c
18777
18761
1874c
18737
18721
1870c
186f7
186e1
186cc
186b6
186a1
1868c
18676
18661
1864c
18636
18621
1860b
185f6
185e0
185cb
185b6
185a0
1858b
18575
18560
1854a
18535
1851f
1850a
184f5
184df
184ca
184b4
1849f
18489
18474
1845e
18449
18433
1841d
18408
183f2
183dd
183c7
183b2
1839c
18387
18371
1835c
18346
18330
1831b
18305
182f0
182da
182c4
182af
18299
18284
1826e
18258
18243
1822d
18217
18202
181ec
181d6
181c1
181ab
18195
18180
1816a
18154
1813f
18129
18113
180fe
180e8
180d2
180bc
180a7
18091
1807b
18066
18050
1803a
18024
1800f
17ff9
17fe3
17fcd
17fb7
17fa2
17f8c
17f76
17f60
17f4a
17f35
17f1f
17f09
17ef3
17edd
17ec8
17eb2
17e9c
17e86
17e70
17e5a
17e44
17e2f
17e19
17e03
17ded
17dd7
17dc1
17dab
17d95
17d7f
17d6a
17d54
17d3e
17d28
17d12
17cfc
17ce6
17cd0
17cba
17ca4
17c8e
17c78
17c62
17c4c
17c36
17c20
17c0a
17bf4
17bde
17bc8
17bb2
17b9c
17b86
17b70
17b5a
17b44
17b2e
17b18
17b02
17aec
17ad6
17ac0
17aaa
17a94
17a7e
17a68
17a52
17a3c
17a26
17a10
179f9
179e3
179cd
179b7
179a1
1798b
17975
1795f
17949
17932
1791c
17906
178f0
178da
178c4
178ad
17897
17881
1786b
17855
1783f
17828
17812
177fc
177e6
177d0
177b9
177a3
1778d
17777
17760
1774a
17734
1771e
17708
176f1
176db
176c5
176ae
17698
17682
1766c
17655
1763f
17629
17612
175fc
175e6
175d0
175b9
175a3
1758d
17576
17560
1754a
17533
1751d
17507
174f0
174da
174c3
174ad
17497
17480
1746a
17454
1743d
17427
17410
173fa
173e4
173cd
173b7
173a0
1738a
17373
1735d
17347
17330
1731a
17303
172ed
172d6
172c0
172a9
17293
1727c
17266
17250
17239
17223
1720c
171f6
171df
171c9
171b2
1719b
17185
1716e
17158
17141
1712b
17114
170fe
170e7
170d1
170ba
170a3
1708d
17076
17060
17049
17033
1701c
17005
16fef
16fd8
16fc2
16fab
16f94
16f7e
16f67
16f50
16f3a
16f23
16f0d
16ef6
16edf
16ec9
16eb2
16e9b
16e85
16e6e
16e57
16e41
16e2a
16e13
16dfc
16de6
16dcf
16db8
16da2
16d8b
16d74
16d5e
16d47
16d30
16d19
16d03
16cec
16cd5
16cbe
16ca8
16c91
16c7a
16c63
16c4d
16c36
16c1f
16c08
16bf1
16bdb
16bc4
16bad
16b96
16b7f
16b69
16b52
16b3b
16b24
16b0d
16af6
16ae0
16ac9
16ab2
16a9b
16a84
16a6d
16a57
16a40
16a29
16a12
169fb
169e4
169cd
169b6
169a0
16989
16972
1695b
16944
1692d
16916
168ff
168e8
168d1
168ba
168a3
1688d
16876
1685f
16848
16831
1681a
16803
167ec
167d5
167be
167a7
16790
16779
16762
1674b
16734
1671d
16706
166ef
166d8
166c1
166aa
16693
1667c
16665
1664e
16637
16620
16609
165f2
165db
165c3
165ac
16595
1657e
16567
16550
16539
16522
1650b
164f4
164dd
164c6
164ae
16497
16480
16469
16452
1643b
16424
1640d
163f5
163de
163c7
163b0
16399
16382
1636b
16353
1633c
16325
1630e
162f7
162e0
162c8
162b1
1629a
16283
1626c
16254
1623d
16226
1620f
161f8
161e0
161c9
161b2
1619b
16183
1616c
16155
1613e
16126
1610f
160f8
160e1
160c9
160b2
1609b
16084
1606c
16055
1603e
16026
1600f
15ff8
15fe1
15fc9
15fb2
15f9b
15f83
15f6c
15f55
15f3d
15f26
15f0f
15ef7
15ee0
15ec9
15eb1
15e9a
15e83
15e6b
15e54
15e3c
15e25
15e0e
15df6
15ddf
15dc8
15db0
15d99
15d81
15d6a
15d53
15d3b
15d24
15d0c
15cf5
15cde
15cc6
15caf
15c97
15c80
15c68
15c51
15c3a
15c22
15c0b
15bf3
15bdc
15bc4
15bad
15b95
15b7e
15b66
15b4f
15b37
15b20
15b08
15af1
15ad9
15ac2
15aaa
15a93
15a7b
15a64
15a4c
15a35
15a1d
15a06
159ee
159d7
159bf
159a8
15990
15979
15961
1594a
15932
1591a
15903
158eb
158d4
158bc
158a5
1588d
15875
1585e
15846
1582f
15817
157ff
157e8
157d0
157b9
157a1
15789
15772
1575a
15743
1572b
15713
156fc
156e4
156cc
156b5
1569d
15685
1566e
15656
1563e
15627
1560f
155f7
155e0
155c8
155b0
15599
15581
15569
15552
1553a
15522
1550b
154f3
154db
154c3
154ac
15494
1547c
15464
1544d
15435
1541d
15406
153ee
153d6
153be
153a7
1538f
15377
1535f
15348
15330
15318
15300
152e8
152d1
152b9
152a1
15289
15272
1525a
15242
1522a
15212
151fb
151e3
151cb
151b3
1519b
15183
1516c
15154
1513c
15124
1510c
150f4
150dd
150c5
150ad
15095
1507d
15065
1504d
15036
1501e
15006
14fee
14fd6
14fbe
14fa6
14f8e
14f77
14f5f
14f47
14f2f
14f17
14eff
14ee7
14ecf
14eb7
14e9f
14e87
14e70
14e58
14e40
14e28
14e10
14df8
14de0
14dc8
14db0
14d98
14d80
14d68
14d50
14d38
14d20
14d08
14cf0
14cd8
14cc0
14ca8
14c90
14c79
14c61
14c49
14c31
14c19
14c01
14be9
14bd1
14bb9
14ba1
14b89
14b71
14b58
14b40
14b28
14b10
14af8
14ae0
14ac8
14ab0
14a98
14a80
14a68
14a50
14a38
14a20
14a08
149f0
149d8
149c0
149a8
14990
14978
1495f
14947
1492f
14917
148ff
148e7
148cf
148b7
1489f
14887
1486f
14856
1483e
14826
1480e
147f6
147de
147c6
147ae
14795
1477d
14765
1474d
14735
1471d
14705
146ec
146d4
146bc
146a4
1468c
14674
1465c
14643
1462b
14613
145fb
145e3
145cb
145b2
1459a
14582
1456a
14552
14539
14521
14509
144f1
144d9
144c0
144a8
14490
14478
14460
14447
1442f
14417
143ff
143e6
143ce
143b6
1439e
14385
1436d
14355
1433d
14324
1430c
142f4
142dc
142c3
142ab
14293
1427b
14262
1424a
14232
1421a
14201
141e9
141d1
141b8
141a0
14188
1416f
14157
1413f
14127
1410e
140f6
140de
140c5
140ad
14095
1407c
14064
1404c
14033
1401b
14003
13fea
13fd2
13fba
13fa1
13f89
13f71
13f58
13f40
13f28
13f0f
13ef7
13edf
13ec6
13eae
13e95
13e7d
13e65
13e4c
13e34
13e1c
13e03
13deb
13dd2
13dba
13da2
13d89
13d71
13d58
13d40
13d28
13d0f
13cf7
13cde
13cc6
13cae
13c95
13c7d
13c64
13c4c
13c33
13c1b
13c03
13bea
13bd2
13bb9
13ba1
13b88
13b70
13b58
13b3f
13b27
13b0e
13af6
13add
13ac5
13aac
13a94
13a7b
13a63
13a4a
13a32
13a1a
13a01
139e9
139d0
139b8
1399f
13987
1396e
13956
1393d
13925
1390c
138f4
138db
138c3
138aa
13892
13879
13861
13848
13830
13817
137fe
137e6
137cd
137b5
1379c
13784
1376b
13753
1373a
13722
13709
136f1
136d8
136c0
136a7
1368e
13676
1365d
13645
1362c
13614
135fb
135e2
135ca
135b1
13599
13580
13568
1354f
13536
1351e
13505
134ed
134d4
134bb
134a3
1348a
13472
13459
13440
13428
1340f
133f7
133de
133c5
133ad
13394
1337c
13363
1334a
13332
13319
13300
132e8
132cf
132b7
1329e
13285
1326d
13254
1323b
13223
1320a
131f1
131d9
131c0
131a7
1318f
13176
1315e
13145
1312c
13114
130fb
130e2
130ca
130b1
13098
1307f
13067
1304e
13035
1301d
13004
12feb
12fd3
12fba
12fa1
12f89
12f70
12f57
12f3f
12f26
12f0d
12ef4
12edc
12ec3
12eaa
12e92
12e79
12e60
12e47
12e2f
12e16
12dfd
12de5
12dcc
12db3
12d9a
12d82
12d69
12d50
12d37
12d1f
12d06
12ced
12cd4
12cbc
12ca3
12c8a
12c71
12c59
12c40
12c27
12c0e
12bf6
12bdd
12bc4
12bab
12b93
12b7a
12b61
12b48
12b30
12b17
12afe
12ae5
12acc
12ab4
12a9b
12a82
12a69
12a51
12a38
12a1f
12a06
129ed
129d5
129bc
129a3
1298a
12971
12959
12940
12927
1290e
128f5
128dd
128c4
128ab
12892
12879
12860
12848
1282f
12816
127fd
127e4
127cc
127b3
1279a
12781
12768
1274f
12737
1271e
12705
126ec
126d3
126ba
126a2
12689
12670
12657
1263e
12625
1260c
125f4
125db
125c2
125a9
12590
12577
1255e
12546
1252d
12514
124fb
124e2
124c9
124b0
12497
1247f
12466
1244d
12434
1241b
12402
123e9
123d0
123b8
1239f
12386
1236d
12354
1233b
12322
12309
122f0
122d7
122bf
122a6
1228d
12274
1225b
12242
12229
12210
121f7
121de
121c6
121ad
12194
1217b
12162
12149
12130
12117
120fe
120e5
120cc
120b3
1209a
12082
12069
12050
12037
1201e
12005
11fec
11fd3
11fba
11fa1
11f88
11f6f
11f56
11f3d
11f24
11f0b
11ef3
11eda
11ec1
11ea8
11e8f
11e76
11e5d
11e44
11e2b
11e12
11df9
11de0
11dc7
11dae
11d95
11d7c
11d63
11d4a
11d31
11d18
11cff
11ce6
11ccd
11cb4
11c9b
11c82
11c69
11c51
11c38
11c1f
11c06
11bed
11bd4
11bbb
11ba2
11b89
11b70
11b57
11b3e
11b25
11b0c
11af3
11ada
11ac1
11aa8
11a8f
11a76
11a5d
11a44
11a2b
11a12
119f9
119e0
119c7
119ae
11995
1197c
11963
1194a
11931
11918
118ff
118e6
118cd
118b4
1189b
11882
11869
11850
11837
1181d
11804
117eb
117d2
117b9
117a0
11787
1176e
11755
1173c
11723
1170a
116f1
116d8
116bf
116a6
1168d
11674
1165b
11642
11629
11610
115f7
115de
115c5
115ac
11593
1157a
11561
11548
1152e
11515
114fc
114e3
114ca
114b1
11498
1147f
11466
1144d
11434
1141b
11402
113e9
113d0
113b7
1139e
11385
1136c
11352
11339
11320
11307
112ee
112d5
112bc
112a3
1128a
11271
11258
1123f
11226
1120d
111f4
111da
111c1
111a8
1118f
11176
1115d
11144
1112b
11112
110f9
110e0
110c7
110ae
11094
1107b
11062
11049
11030
11017
10ffe
10fe5
10fcc
10fb3
10f9a
10f81
10f67
10f4e
10f35
10f1c
10f03
10eea
10ed1
10eb8
10e9f
10e86
10e6d
10e53
10e3a
10e21
10e08
10def
10dd6
10dbd
10da4
10d8b
10d72
10d59
10d3f
10d26
10d0d
10cf4
10cdb
10cc2
10ca9
10c90
10c77
10c5d
10c44
10c2b
10c12
10bf9
10be0
10bc7
10bae
10b95
10b7c
10b62
10b49
10b30
10b17
10afe
10ae5
10acc
10ab3
10a9a
10a80
10a67
10a4e
10a35
10a1c
10a03
109ea
109d1
109b8
1099e
10985
1096c
10953
1093a
10921
10908
108ef
108d5
108bc
108a3
1088a
10871
10858
1083f
10826
1080d
107f3
107da
107c1
107a8
1078f
10776
1075d
10744
1072a
10711
106f8
106df
106c6
106ad
10694
1067b
10661
10648
1062f
10616
105fd
105e4
105cb
105b2
10598
1057f
10566
1054d
10534
1051b
10502
104e9
104cf
104b6
1049d
10484
1046b
10452
10439
10420
10406
103ed
103d4
103bb
103a2
10389
10370
10356
1033d
10324
1030b
102f2
102d9
102c0
102a7
1028d
10274
1025b
10242
10229
10210
101f7
101de
101c4
101ab
10192
10179
10160
10147
1012e
10114
100fb
100e2
100c9
100b0
10097
1007e
10065
1004b
10032
10019
10000
0ffe7
0ffce
0ffb5
0ff9b
0ff82
0ff69
0ff50
0ff37
0ff1e
0ff05
0feec
0fed2
0feb9
0fea0
0fe87
0fe6e
0fe55
0fe3c
0fe22
0fe09
0fdf0
0fdd7
0fdbe
0fda5
0fd8c
0fd73
0fd59
0fd40
0fd27
0fd0e
0fcf5
0fcdc
0fcc3
0fcaa
0fc90
0fc77
0fc5e
0fc45
0fc2c
0fc13
0fbfa
0fbe0
0fbc7
0fbae
0fb95
0fb7c
0fb63
0fb4a
0fb31
0fb17
0fafe
0fae5
0facc
0fab3
0fa9a
0fa81
0fa68
0fa4e
0fa35
0fa1c
0fa03
0f9ea
0f9d1
0f9b8
0f99f
0f985
0f96c
0f953
0f93a
0f921
0f908
0f8ef
0f8d6
0f8bc
0f8a3
0f88a
0f871
0f858
0f83f
0f826
0f80d
0f7f3
0f7da
0f7c1
0f7a8
0f78f
0f776
0f75d
0f744
0f72b
0f711
0f6f8
0f6df
0f6c6
0f6ad
0f694
0f67b
0f662
0f648
0f62f
0f616
0f5fd
0f5e4
0f5cb
0f5b2
0f599
0f580
0f566
0f54d
0f534
0f51b
0f502
0f4e9
0f4d0
0f4b7
0f49e
0f484
0f46b
0f452
0f439
0f420
0f407
0f3ee
0f3d5
0f3bc
0f3a3
0f389
0f370
0f357
0f33e
0f325
0f30c
0f2f3
0f2da
0f2c1
0f2a7
0f28e
0f275
0f25c
0f243
0f22a
0f211
0f1f8
0f1df
0f1c6
0f1ad
0f193
0f17a
0f161
0f148
0f12f
0f116
0f0fd
0f0e4
0f0cb
0f0b2
0f099
0f07f
0f066
0f04d
0f034
0f01b
0f002
0efe9
0efd0
0efb7
0ef9e
0ef85
0ef6c
0ef52
0ef39
0ef20
0ef07
0eeee
0eed5
0eebc
0eea3
0ee8a
0ee71
0ee58
0ee3f
0ee26
0ee0c
0edf3
0edda
0edc1
0eda8
0ed8f
0ed76
0ed5d
0ed44
0ed2b
0ed12
0ecf9
0ece0
0ecc7
0ecae
0ec94
0ec7b
0ec62
0ec49
0ec30
0ec17
0ebfe
0ebe5
0ebcc
0ebb3
0eb9a
0eb81
0eb68
0eb4f
0eb36
0eb1d
0eb04
0eaeb
0ead2
0eab8
0ea9f
0ea86
0ea6d
0ea54
0ea3b
0ea22
0ea09
0e9f0
0e9d7
0e9be
0e9a5
0e98c
0e973
0e95a
0e941
0e928
0e90f
0e8f6
0e8dd
0e8c4
0e8ab
0e892
0e879
0e860
0e847
0e82e
0e815
0e7fc
0e7e3
0e7c9
0e7b0
0e797
0e77e
0e765
0e74c
0e733
0e71a
0e701
0e6e8
0e6cf
0e6b6
0e69d
0e684
0e66b
0e652
0e639
0e620
0e607
0e5ee
0e5d5
0e5bc
0e5a3
0e58a
0e571
0e558
0e53f
0e526
0e50d
0e4f4
0e4db
0e4c2
0e4a9
0e490
0e477
0e45e
0e445
0e42c
0e413
0e3fa
0e3e1
0e3c8
0e3af
0e397
0e37e
0e365
0e34c
0e333
0e31a
0e301
0e2e8
0e2cf
0e2b6
0e29d
0e284
0e26b
0e252
0e239
0e220
0e207
0e1ee
0e1d5
0e1bc
0e1a3
0e18a
0e171
0e158
0e13f
0e126
0e10d
0e0f5
0e0dc
0e0c3
0e0aa
0e091
0e078
0e05f
0e046
0e02d
0e014
0dffb
0dfe2
0dfc9
0dfb0
0df97
0df7e
0df66
0df4d
0df34
0df1b
0df02
0dee9
0ded0
0deb7
0de9e
0de85
0de6c
0de53
0de3a
0de22
0de09
0ddf0
0ddd7
0ddbe
0dda5
0dd8c
0dd73
0dd5a
0dd41
0dd29
0dd10
0dcf7
0dcde
0dcc5
0dcac
0dc93
0dc7a
0dc61
0dc48
0dc30
0dc17
0dbfe
0dbe5
0dbcc
0dbb3
0db9a
0db81
0db69
0db50
0db37
0db1e
0db05
0daec
0dad3
0daba
0daa2
0da89
0da70
0da57
0da3e
0da25
0da0c
0d9f4
0d9db
0d9c2
0d9a9
0d990
0d977
0d95e
0d946
0d92d
0d914
0d8fb
0d8e2
0d8c9
0d8b1
0d898
0d87f
0d866
0d84d
0d834
0d81c
0d803
0d7ea
0d7d1
0d7b8
0d7a0
0d787
0d76e
0d755
0d73c
0d723
0d70b
0d6f2
0d6d9
0d6c0
0d6a7
0d68f
0d676
0d65d
0d644
0d62b
0d613
0d5fa
0d5e1
0d5c8
0d5af
0d597
0d57e
0d565
0d54c
0d534
0d51b
0d502
0d4e9
0d4d0
0d4b8
0d49f
0d486
0d46d
0d455
0d43c
0d423
0d40a
0d3f2
0d3d9
0d3c0
0d3a7
0d38f
0d376
0d35d
0d344
0d32c
0d313
0d2fa
0d2e1
0d2c9
0d2b0
0d297
0d27e
0d266
0d24d
0d234
0d21b
0d203
0d1ea
0d1d1
0d1b9
0d1a0
0d187
0d16e
0d156
0d13d
0d124
0d10c
0d0f3
0d0da
0d0c1
0d0a9
0d090
0d077
0d05f
0d046
0d02d
0d015
0cffc
0cfe3
0cfcb
0cfb2
0cf99
0cf81
0cf68
0cf4f
0cf36
0cf1e
0cf05
0ceec
0ced4
0cebb
0cea2
0ce8a
0ce71
0ce59
0ce40
0ce27
0ce0f
0cdf6
0cddd
0cdc5
0cdac
0cd93
0cd7b
0cd62
0cd49
0cd31
0cd18
0cd00
0cce7
0ccce
0ccb6
0cc9d
0cc84
0cc6c
0cc53
0cc3b
0cc22
0cc09
0cbf1
0cbd8
0cbc0
0cba7
0cb8e
0cb76
0cb5d
0cb45
0cb2c
0cb13
0cafb
0cae2
0caca
0cab1
0ca98
0ca80
0ca67
0ca4f
0ca36
0ca1e
0ca05
0c9ec
0c9d4
0c9bb
0c9a3
0c98a
0c972
0c959
0c940
0c928
0c90f
0c8f7
0c8de
0c8c6
0c8ad
0c895
0c87c
0c864
0c84b
0c833
0c81a
0c802
0c7e9
0c7d0
0c7b8
0c79f
0c787
0c76e
0c756
0c73d
0c725
0c70c
0c6f4
0c6db
0c6c3
0c6aa
0c692
0c679
0c661
0c648
0c630
0c617
0c5ff
0c5e6
0c5ce
0c5b6
0c59d
0c585
0c56c
0c554
0c53b
0c523
0c50a
0c4f2
0c4d9
0c4c1
0c4a8
0c490
0c478
0c45f
0c447
0c42e
0c416
0c3fd
0c3e5
0c3cd
0c3b4
0c39c
0c383
0c36b
0c352
0c33a
0c322
0c309
0c2f1
0c2d8
0c2c0
0c2a8
0c28f
0c277
0c25e
0c246
0c22e
0c215
0c1fd
0c1e4
0c1cc
0c1b4
0c19b
0c183
0c16b
0c152
0c13a
0c121
0c109
0c0f1
0c0d8
0c0c0
0c0a8
0c08f
0c077
0c05f
0c046
0c02e
0c016
0bffd
0bfe5
0bfcd
0bfb4
0bf9c
0bf84
0bf6b
0bf53
0bf3b
0bf22
0bf0a
0bef2
0bed9
0bec1
0bea9
0be91
0be78
0be60
0be48
0be2f
0be17
0bdff
0bde6
0bdce
0bdb6
0bd9e
0bd85
0bd6d
0bd55
0bd3d
0bd24
0bd0c
0bcf4
0bcdc
0bcc3
0bcab
0bc93
0bc7b
0bc62
0bc4a
0bc32
0bc1a
0bc01
0bbe9
0bbd1
0bbb9
0bba0
0bb88
0bb70
0bb58
0bb40
0bb27
0bb0f
0baf7
0badf
0bac7
0baae
0ba96
0ba7e
0ba66
0ba4e
0ba35
0ba1d
0ba05
0b9ed
0b9d5
0b9bd
0b9a4
0b98c
0b974
0b95c
0b944
0b92c
0b914
0b8fb
0b8e3
0b8cb
0b8b3
0b89b
0b883
0b86b
0b852
0b83a
0b822
0b80a
0b7f2
0b7da
0b7c2
0b7aa
0b791
0b779
0b761
0b749
0b731
0b719
0b701
0b6e9
0b6d1
0b6b9
0b6a1
0b688
0b670
0b658
0b640
0b628
0b610
0b5f8
0b5e0
0b5c8
0b5b0
0b598
0b580
0b568
0b550
0b538
0b520
0b508
0b4f0
0b4d8
0b4c0
0b4a8
0b48f
0b477
0b45f
0b447
0b42f
0b417
0b3ff
0b3e7
0b3cf
0b3b7
0b39f
0b387
0b370
0b358
0b340
0b328
0b310
0b2f8
0b2e0
0b2c8
0b2b0
0b298
0b280
0b268
0b250
0b238
0b220
0b208
0b1f0
0b1d8
0b1c0
0b1a8
0b190
0b179
0b161
0b149
0b131
0b119
0b101
0b0e9
0b0d1
0b0b9
0b0a1
0b089
0b072
0b05a
0b042
0b02a
0b012
0affa
0afe2
0afca
0afb3
0af9b
0af83
0af6b
0af53
0af3b
0af23
0af0c
0aef4
0aedc
0aec4
0aeac
0ae94
0ae7d
0ae65
0ae4d
0ae35
0ae1d
0ae05
0adee
0add6
0adbe
0ada6
0ad8e
0ad77
0ad5f
0ad47
0ad2f
0ad18
0ad00
0ace8
0acd0
0acb8
0aca1
0ac89
0ac71
0ac59
0ac42
0ac2a
0ac12
0abfa
0abe3
0abcb
0abb3
0ab9c
0ab84
0ab6c
0ab54
0ab3d
0ab25
0ab0d
0aaf5
0aade
0aac6
0aaae
0aa97
0aa7f
0aa67
0aa50
0aa38
0aa20
0aa09
0a9f1
0a9d9
0a9c2
0a9aa
0a992
0a97b
0a963
0a94b
0a934
0a91c
0a904
0a8ed
0a8d5
0a8bd
0a8a6
0a88e
0a877
0a85f
0a847
0a830
0a818
0a801
0a7e9
0a7d1
0a7ba
0a7a2
0a78b
0a773
0a75b
0a744
0a72c
0a715
0a6fd
0a6e6
0a6ce
0a6b6
0a69f
0a687
0a670
0a658
0a641
0a629
0a612
0a5fa
0a5e3
0a5cb
0a5b4
0a59c
0a585
0a56d
0a556
0a53e
0a527
0a50f
0a4f8
0a4e0
0a4c9
0a4b1
0a49a
0a482
0a46b
0a453
0a43c
0a424
0a40d
0a3f5
0a3de
0a3c6
0a3af
0a398
0a380
0a369
0a351
0a33a
0a322
0a30b
0a2f4
0a2dc
0a2c5
0a2ad
0a296
0a27f
0a267
0a250
0a238
0a221
0a20a
0a1f2
0a1db
0a1c4
0a1ac
0a195
0a17d
0a166
0a14f
0a137
0a120
0a109
0a0f1
0a0da
0a0c3
0a0ab
0a094
0a07d
0a065
0a04e
0a037
0a01f
0a008
09ff1
09fda
09fc2
09fab
09f94
09f7c
09f65
09f4e
09f37
09f1f
09f08
09ef1
09eda
09ec2
09eab
09e94
09e7d
09e65
09e4e
09e37
09e20
09e08
09df1
09dda
09dc3
09dac
09d94
09d7d
09d66
09d4f
09d38
09d20
09d09
09cf2
09cdb
09cc4
09cad
09c95
09c7e
09c67
09c50
09c39
09c22
09c0b
09bf3
09bdc
09bc5
09bae
09b97
09b80
09b69
09b52
09b3a
09b23
09b0c
09af5
09ade
09ac7
09ab0
09a99
09a82
09a6b
09a54
09a3d
09a25
09a0e
099f7
099e0
099c9
099b2
0999b
09984
0996d
09956
0993f
09928
09911
098fa
098e3
098cc
098b5
0989e
09887
09870
09859
09842
0982b
09814
097fd
097e6
097cf
097b8
097a1
0978a
09773
0975d
09746
0972f
09718
09701
096ea
096d3
096bc
096a5
0968e
09677
09660
0964a
09633
0961c
09605
095ee
095d7
095c0
095a9
09593
0957c
09565
0954e
09537
09520
0950a
094f3
094dc
094c5
094ae
09497
09481
0946a
09453
0943c
09425
0940f
093f8
093e1
093ca
093b3
0939d
09386
0936f
09358
09342
0932b
09314
092fd
092e7
092d0
092b9
092a2
0928c
09275
0925e
09248
09231
0921a
09204
091ed
091d6
091bf
091a9
09192
0917b
09165
0914e
09137
09121
0910a
090f3
090dd
090c6
090b0
09099
09082
0906c
09055
0903e
09028
09011
08ffb
08fe4
08fcd
08fb7
08fa0
08f8a
08f73
08f5d
08f46
08f2f
08f19
08f02
08eec
08ed5
08ebf
08ea8
08e92
08e7b
08e65
08e4e
08e37
08e21
08e0a
08df4
08ddd
08dc7
08db0
08d9a
08d84
08d6d
08d57
08d40
08d2a
08d13
08cfd
08ce6
08cd0
08cb9
08ca3
08c8d
08c76
08c60
08c49
08c33
08c1c
08c06
08bf0
08bd9
08bc3
08bac
08b96
08b80
08b69
08b53
08b3d
08b26
08b10
08af9
08ae3
08acd
08ab6
08aa0
08a8a
08a73
08a5d
08a47
08a30
08a1a
08a04
089ee
089d7
089c1
089ab
08994
0897e
08968
08952
0893b
08925
0890f
088f8
088e2
088cc
088b6
088a0
08889
08873
0885d
08847
08830
0881a
08804
087ee
087d8
087c1
087ab
08795
0877f
08769
08753
0873c
08726
08710
086fa
086e4
086ce
086b7
086a1
0868b
08675
0865f
08649
08633
0861d
08607
085f0
085da
085c4
085ae
08598
08582
0856c
08556
08540
0852a
08514
084fe
084e8
084d2
084bc
084a6
08490
0847a
08464
0844e
08438
08422
0840c
083f6
083e0
083ca
083b4
0839e
08388
08372
0835c
08346
08330
0831a
08304
082ee
082d8
082c2
082ac
08296
08281
0826b
08255
0823f
08229
08213
081fd
081e7
081d1
081bc
081a6
08190
0817a
08164
0814e
08138
08123
0810d
080f7
080e1
080cb
080b6
080a0
0808a
08074
0805e
08049
08033
0801d
08007
07ff1
07fdc
07fc6
07fb0
07f9a
07f85
07f6f
07f59
07f44
07f2e
07f18
07f02
07eed
07ed7
07ec1
07eac
07e96
07e80
07e6b
07e55
07e3f
07e2a
07e14
07dfe
07de9
07dd3
07dbd
07da8
07d92
07d7c
07d67
07d51
07d3c
07d26
07d10
07cfb
07ce5
07cd0
07cba
07ca4
07c8f
07c79
07c64
07c4e
07c39
07c23
07c0e
07bf8
07be3
07bcd
07bb7
07ba2
07b8c
07b77
07b61
07b4c
07b36
07b21
07b0b
07af6
07ae1
07acb
07ab6
07aa0
07a8b
07a75
07a60
07a4a
07a35
07a20
07a0a
079f5
079df
079ca
079b4
0799f
0798a
07974
0795f
0794a
07934
0791f
07909
078f4
078df
078c9
078b4
0789f
07889
07874
0785f
07849
07834
0781f
0780a
077f4
077df
077ca
077b4
0779f
0778a
07775
0775f
0774a
07735
07720
0770a
076f5
076e0
076cb
076b6
076a0
0768b
07676
07661
0764c
07636
07621
0760c
075f7
075e2
075cc
075b7
075a2
0758d
07578
07563
0754e
07539
07523
0750e
074f9
074e4
074cf
074ba
074a5
07490
0747b
07466
07451
0743b
07426
07411
073fc
073e7
073d2
073bd
073a8
07393
0737e
07369
07354
0733f
0732a
07315
07300
072eb
072d6
072c1
072ac
07297
07282
0726d
07259
07244
0722f
0721a
07205
071f0
071db
071c6
071b1
0719c
07187
07173
0715e
07149
07134
0711f
0710a
070f5
070e1
070cc
070b7
070a2
0708d
07078
07064
0704f
0703a
07025
07010
06ffc
06fe7
06fd2
06fbd
06fa9
06f94
06f7f
06f6a
06f56
06f41
06f2c
06f17
06f03
06eee
06ed9
06ec5
06eb0
06e9b
06e87
06e72
06e5d
06e49
06e34
06e1f
06e0b
06df6
06de1
06dcd
06db8
06da3
06d8f
06d7a
06d66
06d51
06d3c
06d28
06d13
06cff
06cea
06cd6
06cc1
06cac
06c98
06c83
06c6f
06c5a
06c46
06c31
06c1d
06c08
06bf4
06bdf
06bcb
06bb6
06ba2
06b8d
06b79
06b64
06b50
06b3b
06b27
06b12
06afe
06aea
06ad5
06ac1
06aac
06a98
06a83
06a6f
06a5b
06a46
06a32
06a1e
06a09
069f5
069e0
069cc
069b8
069a3
0698f
0697b
06966
06952
0693e
06929
06915
06901
068ed
068d8
068c4
068b0
0689b
06887
06873
0685f
0684a
06836
06822
0680e
067f9
067e5
067d1
067bd
067a9
06794
06780
0676c
06758
06744
06730
0671b
06707
066f3
066df
066cb
066b7
066a3
0668e
0667a
06666
06652
0663e
0662a
06616
06602
065ee
065da
065c6
065b1
0659d
06589
06575
06561
0654d
06539
06525
06511
064fd
064e9
064d5
064c1
064ad
06499
06485
06471
0645d
06449
06436
06422
0640e
063fa
063e6
063d2
063be
063aa
06396
06382
0636e
0635a
06347
06333
0631f
0630b
062f7
062e3
062cf
062bc
062a8
06294
06280
0626c
06259
06245
06231
0621d
06209
061f6
061e2
061ce
061ba
061a7
06193
0617f
0616b
06158
06144
06130
0611d
06109
060f5
060e1
060ce
060ba
060a6
06093
0607f
0606b
06058
06044
06030
0601d
06009
05ff6
05fe2
05fce
05fbb
05fa7
05f94
05f80
05f6c
05f59
05f45
05f32
05f1e
05f0b
05ef7
05ee4
05ed0
05ebd
05ea9
05e95
05e82
05e6e
05e5b
05e47
05e34
05e21
05e0d
05dfa
05de6
05dd3
05dbf
05dac
05d98
05d85
05d72
05d5e
05d4b
05d37
05d24
05d11
05cfd
05cea
05cd6
05cc3
05cb0
05c9c
05c89
05c76
05c62
05c4f
05c3c
05c28
05c15
05c02
05bee
05bdb
05bc8
05bb5
05ba1
05b8e
05b7b
05b68
05b54
05b41
05b2e
05b1b
05b07
05af4
05ae1
05ace
05abb
05aa7
05a94
05a81
05a6e
05a5b
05a48
05a34
05a21
05a0e
059fb
059e8
059d5
059c2
059ae
0599b
05988
05975
05962
0594f
0593c
05929
05916
05903
058f0
058dd
058ca
058b7
058a4
05891
0587e
0586b
05858
05845
05832
0581f
0580c
057f9
057e6
057d3
057c0
057ad
0579a
05787
05774
05761
0574e
0573b
05729
05716
05703
056f0
056dd
056ca
056b7
056a4
05692
0567f
0566c
05659
05646
05633
05621
0560e
055fb
055e8
055d6
055c3
055b0
0559d
0558a
05578
05565
05552
0553f
0552d
0551a
05507
054f5
054e2
054cf
054bd
054aa
05497
05485
05472
0545f
0544d
0543a
05427
05415
05402
053ef
053dd
053ca
053b8
053a5
05393
05380
0536d
0535b
05348
05336
05323
05311
052fe
052ec
052d9
052c7
052b4
052a2
0528f
0527d
0526a
05258
05245
05233
05220
0520e
051fb
051e9
051d7
051c4
051b2
0519f
0518d
0517b
05168
05156
05143
05131
0511f
0510c
050fa
050e8
050d5
050c3
050b1
0509e
0508c
0507a
05067
05055
05043
05031
0501e
0500c
04ffa
04fe8
04fd5
04fc3
04fb1
04f9f
04f8c
04f7a
04f68
04f56
04f44
04f32
04f1f
04f0d
04efb
04ee9
04ed7
04ec5
04eb2
04ea0
04e8e
04e7c
04e6a
04e58
04e46
04e34
04e22
04e10
04dfd
04deb
04dd9
04dc7
04db5
04da3
04d91
04d7f
04d6d
04d5b
04d49
04d37
04d25
04d13
04d01
04cef
04cdd
04ccb
04cb9
04ca8
04c96
04c84
04c72
04c60
04c4e
04c3c
04c2a
04c18
04c06
04bf5
04be3
04bd1
04bbf
04bad
04b9b
04b89
04b78
04b66
04b54
04b42
04b30
04b1f
04b0d
04afb
04ae9
04ad8
04ac6
04ab4
04aa2
04a91
04a7f
04a6d
04a5b
04a4a
04a38
04a26
04a15
04a03
049f1
049e0
049ce
049bc
049ab
04999
04987
04976
04964
04953
04941
0492f
0491e
0490c
048fb
048e9
048d7
048c6
048b4
048a3
04891
04880
0486e
0485d
0484b
0483a
04828
04817
04805
047f4
047e2
047d1
047bf
047ae
0479c
0478b
0477a
04768
04757
04745
04734
04723
04711
04700
046ee
046dd
046cc
046ba
046a9
04698
04686
04675
04664
04652
04641
04630
0461f
0460d
045fc
045eb
045da
045c8
045b7
045a6
04595
04583
04572
04561
04550
0453f
0452d
0451c
0450b
044fa
044e9
044d8
044c6
044b5
044a4
04493
04482
04471
04460
0444f
0443d
0442c
0441b
0440a
043f9
043e8
043d7
043c6
043b5
043a4
04393
04382
04371
04360
0434f
0433e
0432d
0431c
0430b
042fa
042e9
042d8
042c7
042b6
042a6
04295
04284
04273
04262
04251
04240
0422f
0421e
0420e
041fd
041ec
041db
041ca
041b9
041a9
04198
04187
04176
04165
04155
04144
04133
04122
04112
04101
040f0
040df
040cf
040be
040ad
0409d
0408c
0407b
0406b
0405a
04049
04039
04028
04017
04007
03ff6
03fe5
03fd5
03fc4
03fb4
03fa3
03f92
03f82
03f71
03f61
03f50
03f40
03f2f
03f1f
03f0e
03efe
03eed
03edd
03ecc
03ebc
03eab
03e9b
03e8a
03e7a
03e69
03e59
03e48
03e38
03e28
03e17
03e07
03df6
03de6
03dd6
03dc5
03db5
03da4
03d94
03d84
03d73
03d63
03d53
03d42
03d32
03d22
03d12
03d01
03cf1
03ce1
03cd0
03cc0
03cb0
03ca0
03c8f
03c7f
03c6f
03c5f
03c4f
03c3e
03c2e
03c1e
03c0e
03bfe
03bed
03bdd
03bcd
03bbd
03bad
03b9d
03b8d
03b7d
03b6c
03b5c
03b4c
03b3c
03b2c
03b1c
03b0c
03afc
03aec
03adc
03acc
03abc
03aac
03a9c
03a8c
03a7c
03a6c
03a5c
03a4c
03a3c
03a2c
03a1c
03a0c
039fc
039ec
039dc
039cc
039bc
039ad
0399d
0398d
0397d
0396d
0395d
0394d
0393e
0392e
0391e
0390e
038fe
038ee
038df
038cf
038bf
038af
0389f
03890
03880
03870
03860
03851
03841
03831
03822
03812
03802
037f3
037e3
037d3
037c4
037b4
037a4
03795
03785
03775
03766
03756
03746
03737
03727
03718
03708
036f9
036e9
036d9
036ca
036ba
036ab
0369b
0368c
0367c
0366d
0365d
0364e
0363e
0362f
0361f
03610
03601
035f1
035e2
035d2
035c3
035b3
035a4
03595
03585
03576
03567
03557
03548
03539
03529
0351a
0350b
034fb
034ec
034dd
034cd
034be
034af
0349f
03490
03481
03472
03462
03453
03444
03435
03426
03416
03407
033f8
033e9
033da
033cb
033bb
033ac
0339d
0338e
0337f
03370
03361
03352
03342
03333
03324
03315
03306
032f7
032e8
032d9
032ca
032bb
032ac
0329d
0328e
0327f
03270
03261
03252
03243
03234
03225
03216
03207
031f8
031e9
031db
031cc
031bd
031ae
0319f
03190
03181
03172
03164
03155
03146
03137
03128
03119
0310b
030fc
030ed
030de
030d0
030c1
030b2
030a3
03095
03086
03077
03068
0305a
0304b
0303c
0302e
0301f
03010
03002
02ff3
02fe4
02fd6
02fc7
02fb9
02faa
02f9b
02f8d
02f7e
02f70
02f61
02f52
02f44
02f35
02f27
02f18
02f0a
02efb
02eed
02ede
02ed0
02ec1
02eb3
02ea4
02e96
02e87
02e79
02e6b
02e5c
02e4e
02e3f
02e31
02e22
02e14
02e06
02df7
02de9
02ddb
02dcc
02dbe
02db0
02da1
02d93
02d85
02d76
02d68
02d5a
02d4b
02d3d
02d2f
02d21
02d12
02d04
02cf6
02ce8
02cda
02ccb
02cbd
02caf
02ca1
02c93
02c84
02c76
02c68
02c5a
02c4c
02c3e
02c30
02c21
02c13
02c05
02bf7
02be9
02bdb
02bcd
02bbf
02bb1
02ba3
02b95
02b87
02b79
02b6b
02b5d
02b4f
02b41
02b33
02b25
02b17
02b09
02afb
02aed
02adf
02ad1
02ac3
02ab5
02aa7
02a9a
02a8c
02a7e
02a70
02a62
02a54
02a46
02a39
02a2b
02a1d
02a0f
02a01
029f4
029e6
029d8
029ca
029bc
029af
029a1
02993
02986
02978
0296a
0295c
0294f
02941
02933
02926
02918
0290a
028fd
028ef
028e1
028d4
028c6
028b9
028ab
0289d
02890
02882
02875
02867
0285a
0284c
0283f
02831
02824
02816
02808
027fb
027ee
027e0
027d3
027c5
027b8
027aa
0279d
0278f
02782
02775
02767
0275a
0274c
0273f
02732
02724
02717
0270a
026fc
026ef
026e2
026d4
026c7
026ba
026ac
0269f
02692
02685
02677
0266a
0265d
02650
02642
02635
02628
0261b
0260e
02600
025f3
025e6
025d9
025cc
025bf
025b1
025a4
02597
0258a
0257d
02570
02563
02556
02549
0253c
0252f
02522
02515
02508
024fb
024ee
024e1
024d4
024c7
024ba
024ad
024a0
02493
02486
02479
0246c
0245f
02452
02445
02438
0242b
0241f
02412
02405
023f8
023eb
023de
023d1
023c5
023b8
023ab
0239e
02391
02385
02378
0236b
0235e
02352
02345
02338
0232b
0231f
02312
02305
022f9
022ec
022df
022d3
022c6
022b9
022ad
022a0
02294
02287
0227a
0226e
02261
02255
02248
0223b
0222f
02222
02216
02209
021fd
021f0
021e4
021d7
021cb
021be
021b2
021a5
02199
0218c
02180
02174
02167
0215b
0214e
02142
02136
02129
0211d
02110
02104
020f8
020eb
020df
020d3
020c7
020ba
020ae
020a2
02095
02089
0207d
02071
02064
02058
0204c
02040
02033
02027
0201b
0200f
02003
01ff7
01fea
01fde
01fd2
01fc6
01fba
01fae
01fa2
01f96
01f89
01f7d
01f71
01f65
01f59
01f4d
01f41
01f35
01f29
01f1d
01f11
01f05
01ef9
01eed
01ee1
01ed5
01ec9
01ebd
01eb1
01ea5
01e99
01e8e
01e82
01e76
01e6a
01e5e
01e52
01e46
01e3a
01e2f
01e23
01e17
01e0b
01dff
01df3
01de8
01ddc
01dd0
01dc4
01db9
01dad
01da1
01d95
01d8a
01d7e
01d72
01d67
01d5b
01d4f
01d43
01d38
01d2c
01d21
01d15
01d09
01cfe
01cf2
01ce6
01cdb
01ccf
01cc4
01cb8
01cad
01ca1
01c95
01c8a
01c7e
01c73
01c67
01c5c
01c50
01c45
01c39
01c2e
01c22
01c17
01c0c
01c00
01bf5
01be9
01bde
01bd2
01bc7
01bbc
01bb0
01ba5
01b9a
01b8e
01b83
01b78
01b6c
01b61
01b56
01b4a
01b3f
01b34
01b29
01b1d
01b12
01b07
01afc
01af0
01ae5
01ada
01acf
01ac3
01ab8
01aad
01aa2
01a97
01a8c
01a81
01a75
01a6a
01a5f
01a54
01a49
01a3e
01a33
01a28
01a1d
01a12
01a07
019fb
019f0
019e5
019da
019cf
019c4
019b9
019ae
019a4
01999
0198e
01983
01978
0196d
01962
01957
0194c
01941
01936
0192b
01921
01916
0190b
01900
018f5
018ea
018e0
018d5
018ca
018bf
018b4
018aa
0189f
01894
01889
0187f
01874
01869
0185f
01854
01849
0183e
01834
01829
0181e
01814
01809
017ff
017f4
017e9
017df
017d4
017ca
017bf
017b4
017aa
0179f
01795
0178a
01780
01775
0176b
01760
01756
0174b
01741
01736
0172c
01721
01717
0170d
01702
016f8
016ed
016e3
016d9
016ce
016c4
016b9
016af
016a5
0169a
01690
01686
0167b
01671
01667
0165d
01652
01648
0163e
01634
01629
0161f
01615
0160b
01601
015f6
015ec
015e2
015d8
015ce
015c4
015b9
015af
015a5
0159b
01591
01587
0157d
01573
01569
0155f
01555
0154a
01540
01536
0152c
01522
01518
0150e
01504
014fa
014f1
014e7
014dd
014d3
014c9
014bf
014b5
014ab
014a1
01497
0148d
01484
0147a
01470
01466
0145c
01452
01449
0143f
01435
0142b
01421
01418
0140e
01404
013fa
013f1
013e7
013dd
013d4
013ca
013c0
013b6
013ad
013a3
0139a
01390
01386
0137d
01373
01369
01360
01356
0134d
01343
0133a
01330
01326
0131d
01313
0130a
01300
012f7
012ed
012e4
012da
012d1
012c8
012be
012b5
012ab
012a2
01298
0128f
01286
0127c
01273
01269
01260
01257
0124d
01244
0123b
01231
01228
0121f
01216
0120c
01203
011fa
011f1
011e7
011de
011d5
011cc
011c2
011b9
011b0
011a7
0119e
01195
0118b
01182
01179
01170
01167
0115e
01155
0114c
01143
01139
01130
01127
0111e
01115
0110c
01103
010fa
010f1
010e8
010df
010d6
010cd
010c4
010bb
010b3
010aa
010a1
01098
0108f
01086
0107d
01074
0106b
01063
0105a
01051
01048
0103f
01036
0102e
01025
0101c
01013
0100b
01002
00ff9
00ff0
00fe8
00fdf
00fd6
00fcd
00fc5
00fbc
00fb3
00fab
00fa2
00f99
00f91
00f88
00f80
00f77
00f6e
00f66
00f5d
00f55
00f4c
00f44
00f3b
00f32
00f2a
00f21
00f19
00f10
00f08
00eff
00ef7
00eef
00ee6
00ede
00ed5
00ecd
00ec4
00ebc
00eb4
00eab
00ea3
00e9a
00e92
00e8a
00e81
00e79
00e71
00e68
00e60
00e58
00e4f
00e47
00e3f
00e37
00e2e
00e26
00e1e
00e16
00e0d
00e05
00dfd
00df5
00ded
00de5
00ddc
00dd4
00dcc
00dc4
00dbc
00db4
00dac
00da3
00d9b
00d93
00d8b
00d83
00d7b
00d73
00d6b
00d63
00d5b
00d53
00d4b
00d43
00d3b
00d33
00d2b
00d23
00d1b
00d13
00d0b
00d03
00cfc
00cf4
00cec
00ce4
00cdc
00cd4
00ccc
00cc4
00cbd
00cb5
00cad
00ca5
00c9d
00c96
00c8e
00c86
00c7e
00c76
00c6f
00c67
00c5f
00c58
00c50
00c48
00c40
00c39
00c31
00c29
00c22
00c1a
00c13
00c0b
00c03
00bfc
00bf4
00bed
00be5
00bdd
00bd6
00bce
00bc7
00bbf
00bb8
00bb0
00ba9
00ba1
00b9a
00b92
00b8b
00b83
00b7c
00b74
00b6d
00b66
00b5e
00b57
00b4f
00b48
00b41
00b39
00b32
00b2b
00b23
00b1c
00b15
00b0d
00b06
00aff
00af7
00af0
00ae9
00ae2
00ada
00ad3
00acc
00ac5
00abd
00ab6
00aaf
00aa8
00aa1
00a9a
00a92
00a8b
00a84
00a7d
00a76
00a6f
00a68
00a61
00a5a
00a52
00a4b
00a44
00a3d
00a36
00a2f
00a28
00a21
00a1a
00a13
00a0c
00a05
009fe
009f7
009f0
009ea
009e3
009dc
009d5
009ce
009c7
009c0
009b9
009b2
009ac
009a5
0099e
00997
00990
00989
00983
0097c
00975
0096e
00968
00961
0095a
00953
0094d
00946
0093f
00939
00932
0092b
00925
0091e
00917
00911
0090a
00903
008fd
008f6
008f0
008e9
008e2
008dc
008d5
008cf
008c8
008c2
008bb
008b5
008ae
008a8
008a1
0089b
00894
0088e
00887
00881
0087b
00874
0086e
00867
00861
0085b
00854
0084e
00848
00841
0083b
00835
0082e
00828
00822
0081b
00815
0080f
00809
00802
007fc
007f6
007f0
007ea
007e3
007dd
007d7
007d1
007cb
007c5
007be
007b8
007b2
007ac
007a6
007a0
0079a
00794
0078e
00788
00782
0077b
00775
0076f
00769
00763
0075d
00757
00751
0074c
00746
00740
0073a
00734
0072e
00728
00722
0071c
00716
00710
0070b
00705
006ff
006f9
006f3
006ed
006e8
006e2
006dc
006d6
006d0
006cb
006c5
006bf
006ba
006b4
006ae
006a8
006a3
0069d
00697
00692
0068c
00686
00681
0067b
00676
00670
0066a
00665
0065f
0065a
00654
0064e
00649
00643
0063e
00638
00633
0062d
00628
00622
0061d
00618
00612
0060d
00607
00602
005fc
005f7
005f2
005ec
005e7
005e1
005dc
005d7
005d1
005cc
005c7
005c2
005bc
005b7
005b2
005ac
005a7
005a2
0059d
00597
00592
0058d
00588
00583
0057d
00578
00573
0056e
00569
00564
0055f
00559
00554
0054f
0054a
00545
00540
0053b
00536
00531
0052c
00527
00522
0051d
00518
00513
0050e
00509
00504
004ff
004fa
004f5
004f0
004eb
004e6
004e1
004dd
004d8
004d3
004ce
004c9
004c4
004c0
004bb
004b6
004b1
004ac
004a8
004a3
0049e
00499
00495
00490
0048b
00486
00482
0047d
00478
00474
0046f
0046a
00466
00461
0045c
00458
00453
0044f
0044a
00445
00441
0043c
00438
00433
0042f
0042a
00426
00421
0041d
00418
00414
0040f
0040b
00406
00402
003fe
003f9
003f5
003f0
003ec
003e8
003e3
003df
003da
003d6
003d2
003cd
003c9
003c5
003c1
003bc
003b8
003b4
003af
003ab
003a7
003a3
0039f
0039a
00396
00392
0038e
0038a
00385
00381
0037d
00379
00375
00371
0036d
00369
00365
00360
0035c
00358
00354
00350
0034c
00348
00344
00340
0033c
00338
00334
00330
0032c
00328
00324
00321
0031d
00319
00315
00311
0030d
00309
00305
00302
002fe
002fa
002f6
002f2
002ee
002eb
002e7
002e3
002df
002dc
002d8
002d4
002d0
002cd
002c9
002c5
002c2
002be
002ba
002b7
002b3
002af
002ac
002a8
002a5
002a1
0029d
0029a
00296
00293
0028f
0028c
00288
00284
00281
0027d
0027a
00277
00273
00270
0026c
00269
00265
00262
0025e
0025b
00258
00254
00251
0024d
0024a
00247
00243
00240
0023d
00239
00236
00233
00230
0022c
00229
00226
00223
0021f
0021c
00219
00216
00212
0020f
0020c
00209
00206
00203
001ff
001fc
001f9
001f6
001f3
001f0
001ed
001ea
001e7
001e4
001e1
001de
001db
001d8
001d5
001d2
001cf
001cc
001c9
001c6
001c3
001c0
001bd
001ba
001b7
001b4
001b1
001ae
001ab
001a9
001a6
001a3
001a0
0019d
0019a
00198
00195
00192
0018f
0018d
0018a
00187
00184
00182
0017f
0017c
00179
00177
00174
00171
0016f
0016c
00169
00167
00164
00162
0015f
0015c
0015a
00157
00155
00152
00150
0014d
0014b
00148
00146
00143
00141
0013e
0013c
00139
00137
00134
00132
0012f
0012d
0012b
00128
00126
00123
00121
0011f
0011c
0011a
00118
00115
00113
00111
0010f
0010c
0010a
00108
00105
00103
00101
000ff
000fd
000fa
000f8
000f6
000f4
000f2
000f0
000ed
000eb
000e9
000e7
000e5
000e3
000e1
000df
000dd
000db
000d8
000d6
000d4
000d2
000d0
000ce
000cc
000ca
000c8
000c6
000c5
000c3
000c1
000bf
000bd
000bb
000b9
000b7
000b5
000b3
000b2
000b0
000ae
000ac
000aa
000a8
000a7
000a5
000a3
000a1
000a0
0009e
0009c
0009a
00099
00097
00095
00094
00092
00090
0008f
0008d
0008b
0008a
00088
00086
00085
00083
00082
00080
0007e
0007d
0007b
0007a
00078
00077
00075
00074
00072
00071
0006f
0006e
0006c
0006b
0006a
00068
00067
00065
00064
00063
00061
00060
0005e
0005d
0005c
0005a
00059
00058
00057
00055
00054
00053
00051
00050
0004f
0004e
0004c
0004b
0004a
00049
00048
00047
00045
00044
00043
00042
00041
00040
0003f
0003e
0003c
0003b
0003a
00039
00038
00037
00036
00035
00034
00033
00032
00031
00030
0002f
0002e
0002d
0002c
0002b
0002b
0002a
00029
00028
00027
00026
00025
00024
00024
00023
00022
00021
00020
00020
0001f
0001e
0001d
0001d
0001c
0001b
0001a
0001a
00019
00018
00018
00017
00016
00016
00015
00014
00014
00013
00013
00012
00011
00011
00010
00010
0000f
0000f
0000e
0000e
0000d
0000d
0000c
0000c
0000b
0000b
0000a
0000a
00009
00009
00009
00008
00008
00007
00007
00007
00006
00006
00006
00005
00005
00005
00004
00004
00004
00004
00003
00003
00003
00003
00002
00002
00002
00002
00002
00001
00001
00001
00001
00001
00001
00001
00000
00000
00000
00000
00000
00000
00000
00000
00000
00000
