00000000
00000000
00000000
00000000
00000000
00000000
00000000
00000000
00000000
00000000
00000000
00000000
00000000
00000000
00000000
00000000
00000000
00000000
00000000
00000000
00000000
00000000
00000000
00000000
00000000
00000000
00000000
00000000
00000000
00000000
00000000
00000000
00000000
00000000
00000000
00000000
00000000
00000000
00000000
00000000
00000000
00000000
00000000
00000000
00000000
00000000
00000000
00000000
00000000
00000000
00000000
00000000
00000000
00000000
00000000
00000000
00000000
00000000
00000000
00000000
00000000
00000000
00000000
00000000
00000000
00000000
00000000
00000000
00000000
00000000
00000000
00000000
00000000
00000000
00000000
00000000
00000000
00000000
00000000
00000000
00000000
00000000
00000000
00000000
00000000
00000000
00000000
00000000
00000000
00000000
00000000
00000000
00000000
00000000
00000000
00000000
00000000
00000000
00000000
00000000
00000000
00000000
00000000
00000000
00000000
00000000
00000000
00000000
00000000
00000000
00000000
00000000
00000000
00000000
00000000
00000000
00000000
00000000
00000000
00000000
00000000
00000000
00000000
00000000
00000000
00000000
00000000
00000000
00000000
00000000
00000000
00000000
00000000
00000000
00000000
00000000
00000000
00000000
00000000
00000000
00000000
00000000
00000000
00000000
00000000
00000000
00000000
00000000
00000000
00000000
00000000
00000000
00000000
00000000
00000000
00000000
00000000
00000000
00000000
00000000
00000000
00000000
00000000
00000000
00000000
00000000
00000000
00000000
00000000
00000000
00000000
00000000
00000000
00000000
00000000
00000000
00000000
00000000
00000000
00000000
00000000
00000000
00000000
00000000
00000000
00000000
00000000
00000000
00000000
00000000
00000000
00000000
00000000
00000000
00000000
00000000
00000000
00000000
00000000
00000000
00000000
00000000
00000000
00000000
00000000
00000000
00000000
00000000
00000000
00000000
00000000
00000000
00000000
00000000
00000000
00000000
00000000
00000000
00000000
00000000
00000000
00000000
00000000
00000000
00000000
00000000
00000000
00000000
00000000
00000000
00000000
00000000
00000000
00000000
00000000
00000000
00000000
00000000
00000000
00000000
00000000
00000000
00000000
00000000
00000000
00000000
00000000
00000000
00000000
00000000
00000000
00000000
00000000
00000000
00000000
00000000
00000000
00000000
00000000
00000000
00000000
00000000
00000000
00000000
00000000
00000000
00000000
00000000
00000000
00000000
00000000
00000000
00000000
00000000
00000000
00000000
00000000
00000000
00000000
00000000
00000000
00000000
00000000
00000000
00000000
00000000
00000000
00000000
00000000
00000000
00000000
00000000
00000000
00000000
00000000
00000000
00000000
00000000
00000000
00000000
00000000
00000000
00000000
00000000
00000000
00000000
00000000
00000000
00000000
00000000
00000000
00000000
00000000
00000000
00000000
00000000
00000000
00000000
00000000
00000000
00000000
00000000
00000000
00000000
00000000
00000000
00000000
00000000
00000000
00000000
00000000
00000000
00000000
00000000
00000000
00000000
00000000
00000000
00000000
00000000
00000000
00000000
00000000
00000000
00000000
00000000
00000000
00000000
00000000
00000000
00000000
00000000
00000000
00000000
00000000
00000000
00000000
00000000
00000000
00000000
00000000
00000000
00000000
00000000
00000000
00000000
00000000
00000000
00000000
00000000
00000000
00000000
00000000
00000000
00000000
00000000
00000000
00000000
00000000
00000000
00000000
00000000
00000000
00000000
00000000
00000000
00000000
00000000
00000000
00000000
00000000
00000000
00000000
00000000
00000000
00000000
00000000
00000000
00000000
00000000
00000000
00000000
00000000
00000000
00000000
00000000
00000000
00000000
00000000
00000000
00000000
00000000
00000000
00000000
00000000
00000000
00000000
00000000
00000000
00000000
00000000
00000000
00000000
00000000
00000000
00000000
00000000
00000000
00000000
00000000
00000000
00000000
00000000
00000000
00000000
00000000
00000000
00000000
00000000
00000000
00000000
00000000
00000000
00000000
00000000
00000000
00000000
00000000
00000000
00000000
00000000
00000000
00000000
00000000
00000000
00000000
00000000
00000000
00000000
00000000
00000000
00000000
00000000
00000000
00000000
00000000
00000000
00000000
00000000
00000000
00000000
00000000
00000000
00000000
00000000
00000000
00000000
00000000
00000000
00000000
00000000
00000000
00000000
00000000
00000000
00000000
00000000
00000000
00000000
00000000
00000000
00000000
00000000
00000000
00000000
00000000
00000000
00000000
00000000
00000000
00000000
00000000
00000000
00000000
00000000
00000000
00000000
00000000
00000000
00000000
00000000
00000000
00000000
00000000
00000000
00000000
00000000
00000000
00000000
00000000
00000000
00000000
00000000
00000000
00000000
00000000
00000000
00000000
00000000
00000000
00000000
00000000
00000000
00000000
00000000
00000000
00000000
00000000
00000000
00000000
00000000
00000000
00000000
00000000
00000000
00000000
00000000
00000000
00000000
00000000
00000000
00000000
00000000
00000000
00000000
00000000
00000000
00000000
00000000
00000000
00000000
00000000
00000000
00000000
00000000
00000000
00000000
00000000
00000000
00000000
00000000
00000000
00000000
00000000
00000000
00000000
00000000
00000000
00000000
00000000
00000000
00000000
00000000
00000000
00000000
00000000
00000000
00000000
00000000
00000000
00000000
00000000
00000000
00000000
00000000
00000000
00000000
00000000
00000000
00000000
00000000
00000000
00000000
00000000
00000000
00000000
00000000
00000000
00000000
00000000
00000000
00000000
00000000
00000000
00000000
00000000
00000000
00000000
00000000
00000000
00000000
00000000
00000000
00000000
00000000
00000000
00000000
00000000
00000000
00000000
00000000
00000000
00000000
00000000
00000000
00000000
00000000
00000000
00000000
00000000
00000000
00000000
00000000
00000000
00000000
00000000
00000000
00000000
00000000
00000000
00000000
00000000
00000000
00000000
00000000
00000000
00000000
00000000
00000000
00000000
00000000
00000000
00000000
00000000
00000000
00000000
00000000
00000000
00000000
00000000
00000000
00000000
00000000
00000000
00000000
00000000
00000000
00000000
00000000
00000000
00000000
00000000
00000000
00000000
00000000
00000000
00000000
00000000
00000000
00000000
00000000
00000000
00000000
00000000
00000000
00000000
00000000
00000000
00000000
00000000
00000000
00000000
00000000
00000000
00000000
00000000
00000000
00000000
00000000
00000000
00000000
00000000
00000000
00000000
00000000
00000000
00000000
00000000
00000000
00000000
00000000
00000000
00000000
00000000
00000000
00000000
00000000
00000000
00000000
00000000
00000000
00000000
00000000
00000000
00000000
00000000
00000000
00000000
00000000
00000000
00000000
00000000
00000000
00000000
00000000
00000000
00000000
00000000
00000000
00000000
00000000
00000000
00000000
00000000
00000000
00000000
00000000
00000000
00000000
00000000
00000000
00000000
00000000
00000000
00000000
00000000
00000000
00000000
00000000
00000000
00000000
00000000
00000000
00000000
00000000
00000000
00000000
00000000
00000000
00000000
00000000
00000000
00000000
00000000
00000000
00000000
00000000
00000000
00000000
00000000
00000000
00000000
00000000
00000000
00000000
00000000
00000000
00000000
00000000
00000000
00000000
00000000
00000000
00000000
00000000
00000000
00000000
00000000
00000000
00000000
00000000
00000000
00000000
00000000
00000000
00000000
00000000
00000000
00000000
00000000
00000000
00000000
00000000
00000000
00000000
00000000
00000000
00000000
00000000
00000000
00000000
00000000
00000000
00000000
00000000
00000000
00000000
00000000
00000000
00000000
00000000
00000000
00000000
00000000
00000000
00000000
00000000
00000000
00000000
00000000
00000000
00000000
00000000
00000000
00000000
00000000
00000000
00000000
00000000
00000000
00000000
00000000
00000000
00000000
00000000
00000000
00000000
00000000
00000000
00000000
00000000
00000000
00000000
00000000
00000000
00000000
00000000
00000000
00000000
00000000
00000000
00000000
00000000
00000000
00000000
00000000
00000000
00000000
00000000
00000000
00000000
00000000
00000000
00000000
00000000
00000000
00000000
00000000
00000000
00000000
00000000
00000000
00000000
00000000
00000000
00000000
00000000
00000000
00000000
00000000
00000000
00000000
00000000
00000000
00000000
00000000
00000000
00000000
00000000
00000000
00000000
00000000
00000000
00000000
00000000
00000000
00000000
00000000
00000000
00000000
00000000
00000000
00000000
00000000
00000000
00000000
00000000
00000000
00000000
00000000
00000000
00000000
00000000
00000000
00000000
00000000
00000000
00000000
00000000
00000000
00000000
00000000
00000000
00000000
00000000
00000000
00000000
00000000
00000000
00000000
00000000
00000000
00000000
00000000
00000000
00000000
00000000
00000000
00000000
00000000
00000000
00000000
00000000
00000000
00000000
00000000
00000000
00000000
00000000
00000000
00000000
00000000
00000000
00000000
00000000
00000000
00000000
00000000
00000000
00000000
00000000
00000000
00000000
00000000
00000000
00000000
00000000
00000000
00000000
00000000
00000000
00000000
00000000
00000000
00000000
00000000
00000000
00000000
00000000
00000000
00000000
00000000
00000000
00000000
00000000
00000000
00000000
00000000
00000000
00000000
00000000
00000000
00000000
00000000
00000000
00000000
00000000
00000000
00000000
00000000
00000000
00000000
00000000
00000000
00000000
00000000
00000000
00000000
00000000
00000000
00000000
00000000
00000000
00000000
00000000
00000000
00000000
00000000
00000000
00000000
00000000
00000000
00000000
00000000
00000000
00000000
00000000
00000000
00000000
00000000
00000000
00000000
00000000
00000000
00000000
00000000
00000000
00000000
00000000
00000000
00000000
00000000
00000000
00000000
00000000
00000000
00000000
00000000
00000000
00000000
00000000
00000000
00000000
00000000
00000000
00000000
00000000
00000000
00000000
00000000
00000000
00000000
00000000
00000000
00000000
00000000
00000000
00000000
00000000
00000000
00000000
00000000
00000000
00000000
00000000
00000000
00000000
00000000
00000000
00000000
00000000
00000000
00000000
00000000
00000000
00000000
00000000
00000000
00000000
00000000
00000000
00000000
00000000
00000000
00000000
00000000
00000000
00000000
00000000
00000000
00000000
00000000
00000000
00000000
00000000
00000000
00000000
00000000
00000000
00000000
00000000
00000000
00000000
00000000
00000000
00000000
00000000
00000000
00000000
00000000
00000000
00000000
00000000
00000000
00000000
00000000
00000000
00000000
00000000
00000000
00000000
00000000
00000000
00000000
00000000
00000000
00000000
00000000
00000000
00000000
00000000
00000000
00000000
00000000
00000000
00000000
00000000
00000000
00000000
00000000
00000000
00000000
00000000
00000000
00000000
00000000
00000000
00000000
00000000
00000000
00000000
00000000
00000000
00000000
00000000
00000000
00000000
00000000
00000000
00000000
00000000
00000000
00000000
00000000
00000000
00000000
00000000
00000000
00000000
00000000
00000000
00000000
00000000
00000000
00000000
00000000
00000000
00000000
00000000
00000000
00000000
00000000
00000000
00000000
00000000
00000000
00000000
00000000
00000000
00000000
00000000
00000000
00000000
00000000
00000000
00000000
00000000
00000000
00000000
00000000
00000000
00000000
00000000
00000000
00000000
00000000
00000000
00000000
00000000
00000000
00000000
00000000
00000000
00000000
00000000
00000000
00000000
00000000
00000000
00000000
00000000
00000000
00000000
00000000
00000000
00000000
00000000
00000000
00000000
00000000
00000000
00000000
00000000
00000000
00000000
00000000
00000000
00000000
00000000
00000000
00000000
00000000
00000000
00000000
00000000
00000000
00000000
00000000
00000000
00000000
00000000
00000000
00000000
00000000
00000000
00000000
00000000
00000000
00000000
00000000
00000000
00000000
00000000
00000000
00000000
00000000
00000000
00000000
00000000
00000000
00000000
00000000
00000000
00000000
00000000
00000000
00000000
00000000
00000000
00000000
00000000
00000000
00000000
00000000
00000000
00000000
00000000
00000000
00000000
00000000
00000000
00000000
00000000
00000000
00000000
00000000
00000000
00000000
00000000
00000000
00000000
00000000
00000000
00000000
00000000
00000000
00000000
00000000
00000000
00000000
00000000
00000000
00000000
00000000
00000000
00000000
00000000
00000000
00000000
00000000
00000000
00000000
00000000
00000000
00000000
00000000
00000000
00000000
00000000
00000000
00000000
00000000
00000000
00000000
00000000
00000000
00000000
00000000
00000000
00000000
00000000
00000000
00000000
00000000
00000000
00000000
00000000
00000000
00000000
00000000
00000000
00000000
00000000
00000000
00000000
00000000
00000000
00000000
00000000
00000000
00000000
00000000
00000000
00000000
00000000
00000000
00000000
00000000
00000000
00000000
00000000
00000000
00000000
00000000
00000000
00000000
00000000
00000000
00000000
00000000
00000000
00000000
00000000
00000000
00000000
00000000
00000000
00000000
00000000
00000000
00000000
00000000
00000000
00000000
00000000
00000000
00000000
00000000
00000000
00000000
00000000
00000000
00000000
00000000
00000000
00000000
00000000
00000000
00000000
00000000
00000000
00000000
00000000
00000000
00000000
00000000
00000000
00000000
00000000
00000000
00000000
00000000
00000000
00000000
00000000
00000000
00000000
00000000
00000000
00000000
00000000
00000000
00000000
00000000
00000000
00000000
00000000
00000000
00000000
00000000
00000000
00000000
00000000
00000000
00000000
00000000
00000000
00000000
00000000
00000000
00000000
00000000
00000000
00000000
00000000
00000000
00000000
00000000
00000000
00000000
00000000
00000000
00000000
00000000
00000000
00000000
00000000
00000000
00000000
00000000
00000000
00000000
00000000
00000000
00000000
00000000
00000000
00000000
00000000
00000000
00000000
00000000
00000000
00000000
00000000
00000000
00000000
00000000
00000000
00000000
00000000
00000000
00000000
00000000
00000000
00000000
00000000
00000000
00000000
00000000
00000000
00000000
00000000
00000000
00000000
00000000
00000000
00000000
00000000
00000000
00000000
00000000
00000000
00000000
00000000
00000000
00000000
00000000
00000000
00000000
00000000
00000000
00000000
00000000
00000000
00000000
00000000
00000000
00000000
00000000
00000000
00000000
00000000
00000000
00000000
00000000
00000000
00000000
00000000
00000000
00000000
00000000
00000000
00000000
00000000
00000000
00000000
00000000
00000000
00000000
00000000
00000000
00000000
00000000
00000000
00000000
00000000
00000000
00000000
00000000
00000000
00000000
00000000
00000000
00000000
00000000
00000000
00000000
00000000
00000000
00000000
00000000
00000000
00000000
00000000
00000000
00000000
00000000
00000000
00000000
00000000
00000000
00000000
00000000
00000000
00000000
00000000
00000000
00000000
00000000
00000000
00000000
00000000
00000000
00000000
00000000
00000000
00000000
00000000
00000000
00000000
00000000
00000000
00000000
00000000
00000000
00000000
00000000
00000000
00000000
00000000
00000000
00000000
00000000
00000000
00000000
00000000
00000000
00000000
00000000
00000000
00000000
00000000
00000000
00000000
00000000
00000000
00000000
00000000
00000000
00000000
00000000
00000000
00000000
00000000
00000000
00000000
00000000
00000000
00000000
00000000
00000000
00000000
00000000
00000000
00000000
00000000
00000000
00000000
00000000
00000000
00000000
00000000
00000000
00000000
00000000
00000000
00000000
00000000
00000000
00000000
00000000
00000000
00000000
00000000
00000000
00000000
00000000
00000000
00000000
00000000
00000000
00000000
00000000
00000000
00000000
00000000
00000000
00000000
00000000
00000000
00000000
00000000
00000000
00000000
00000000
00000000
00000000
00000000
00000000
00000000
00000000
00000000
00000000
00000000
00000000
00000000
00000000
00000000
00000000
00000000
00000000
00000000
00000000
00000000
00000000
00000000
00000000
00000000
00000000
00000000
00000000
00000000
00000000
00000000
00000000
00000000
00000000
00000000
00000000
00000000
00000000
00000000
00000000
00000000
00000000
00000000
00000000
00000000
00000000
00000000
00000000
00000000
00000000
00000000
00000000
00000000
00000000
00000000
00000000
00000000
00000000
00000000
00000000
00000000
00000000
00000000
00000000
00000000
00000000
00000000
00000000
00000000
00000000
00000000
00000000
00000000
00000000
00000000
00000000
00000000
00000000
00000000
00000000
00000000
00000000
00000000
00000000
00000000
00000000
00000000
00000000
00000000
00000000
00000000
00000000
00000000
00000000
00000000
00000000
00000000
00000000
00000000
00000000
00000000
00000000
00000000
00000000
00000000
00000000
00000000
00000000
00000000
00000000
00000000
00000000
00000000
00000000
00000000
00000000
00000000
00000000
00000000
00000000
00000000
00000000
00000000
00000000
00000000
00000000
00000000
00000000
00000000
00000000
00000000
00000000
00000000
00000000
00000000
00000000
00000000
00000000
00000000
00000000
00000000
00000000
00000000
00000000
00000000
00000000
00000000
00000000
00000000
00000000
00000000
00000000
00000000
00000000
00000000
00000000
00000000
00000000
00000000
00000000
00000000
00000000
00000000
00000000
00000000
00000000
00000000
00000000
00000000
00000000
00000000
00000000
00000000
00000000
00000000
00000000
00000000
00000000
00000000
00000000
00000000
00000000
00000000
00000000
00000000
00000000
00000000
00000000
00000000
00000000
00000000
00000000
00000000
00000000
00000000
00000000
00000000
00000000
00000000
00000000
00000000
00000000
00000000
00000000
00000000
00000000
00000000
00000000
00000000
00000000
00000000
00000000
00000000
00000000
00000000
00000000
00000000
00000000
00000000
00000000
00000000
00000000
00000000
00000000
00000000
00000000
00000000
00000000
00000000
00000000
00000000
00000000
00000000
00000000
00000000
00000000
00000000
00000000
00000000
00000000
00000000
00000000
00000000
00000000
00000000
00000000
00000000
00000000
00000000
00000000
00000000
00000000
00000000
00000000
00000000
00000000
00000000
00000000
00000000
00000000
00000000
00000000
00000000
00000000
00000000
00000000
00000000
00000000
00000000
00000000
00000000
00000000
00000000
00000000
00000000
00000000
00000000
00000000
00000000
00000000
00000000
00000000
00000000
00000000
00000000
00000000
00000000
00000000
00000000
00000000
00000000
00000000
00000000
00000000
00000000
00000000
00000000
00000000
00000000
00000000
00000000
00000000
00000000
00000000
00000000
00000000
00000000
00000000
00000000
00000000
00000000
00000000
00000000
00000000
00000000
00000000
00000000
00000000
00000000
00000000
00000000
00000000
00000000
00000000
003a0014
005dfffa
0015fff5
ffbd0050
ffdf006c
fffffff4
ffabff68
ff3eff6a
ffbaffee
00deffe0
015eff2b
00b8feff
0032003b
00b401ca
019c0244
016e0170
ff49008f
fae60177
f5af06ad
f3cb116f
fa171e9b
0a0026a2
1cf92218
271011e0
2151012e
107afc7f
016006bb
fd0416e3
00f32176
042623e3
027e2391
ff4a2447
fddc23a0
fc151fa6
f7de1bff
f5a51d17
fc861f85
0c26190a
185b0425
13afea04
fe25dca8
e7b2e63c
e175ff17
eedf1595
057f1e5a
18cb1a67
239e10d4
26530692
22a3fe91
1acbfbad
1488ff29
1626035c
1decfeb8
209cee54
1571dc72
0200d6c8
f593dfcb
f8d7ea80
032fe9ac
04a2df9b
f898dc4f
eb53eab5
ebf40428
fb771848
0cd41e29
144f1b74
11fa1a65
0d651dcb
0aa82196
08b12370
07262455
079323da
09771f11
086214c4
ff8e0974
efd9051c
e1a30c55
ddf31a83
e7112624
f881280e
0ade1d40
16490734
13cded3e
034fdcbd
f098df71
ec2ef194
fc5501bf
14bcffef
20ffee10
193fddb5
0849dbbe
fbbee379
f3b9e95b
e7fbecbb
d92cf6b6
d40708df
e10515e3
f5f90f24
ff5bf7fc
f6b6e441
e9a3e2f0
e9bdef8f
fa6bf980
0f5df605
1b12ea1e
1b6be0f3
175fe03b
1607e5eb
195febf3
1f1fee5f
233bec37
2138e855
18d0e952
0fa7f367
0cf103be
12461237
19891881
1ada1912
169e1aec
14501e52
15661b33
114e0e75
00e50229
ebf504d2
e5991686
f72d2489
13521c25
213aff4d
1510e371
fa1bdd1c
e5b5edb5
e3270697
ef091929
ff1a2033
0c1e1edc
148c1a13
1a3d13f1
1ec80c19
216700ec
1e33f23f
111ee50e
fc29e249
e940ef0a
e3d70625
efff1abc
0728209c
1b9913ab
206efabc
10bee4f4
f517e0cc
def4f1b9
dcea0c98
f0771e7c
0b181a43
1a0b0415
16ddecc2
0aede20a
03e4e341
0642e64f
0b9fe437
0d1ee008
0b35df70
0abce2a3
0cbee4c0
0ce4e2bf
067adee8
f93cdf02
ea6fe70c
e098f60a
df8d077e
e6d81588
f1461c78
f8bb1dab
fad21d98
f9d11f90
f96d2236
f90b2211
f6081f8d
f1121e7b
ef712066
f57d1fbb
ff1314fc
00a2011a
f347f1da
e05ff615
dc130ce9
f0e121fe
11b21fba
2418048c
18e9e5bc
fa23db3a
e13eea00
df5b00ee
f0000a66
00d40010
0504ecc9
fe64deec
f758dbe0
f747de98
fcf9df90
01e0dd1c
02f2db14
0221dc1f
01eedebd
01cce12b
00eae323
ffcee4c9
ff54e4ef
fd88e1df
f626de0a
e940e092
de2fee29
de8a0310
edc81412
04c61726
17bc0be5
1ef4fa29
1ba4eaea
130ee197
0845ddc8
fc14df08
f073e5d3
e843f0b0
e428fca4
e2d807b5
e33b12b7
e80b1e62
f4e8266b
0702225c
13cd0f2d
117cf57e
01fae411
f277e11d
ee02e502
f260e4a7
f60adf10
f53edbc6
f5b8df7d
fc2be45d
01a7e317
fbc0e0af
ec30eae2
e42305c6
f201211a
0e832537
1ff80d0b
15dbedce
fbb3e03e
ea73e625
ecc0ec9b
f5a9e5dc
f4eeda1f
ed11db99
f044ec86
05defa9c
1dbcf747
2354eabb
15e3ea63
08fcfe30
0bbe171f
176a2210
1a481e23
0ffa1ab8
0702202a
0c04224c
15cb11e0
10f3f453
fa7bdfe3
e557e1e0
e481ee3b
f2b1ef8c
f981e3df
eebfdec5
e1e2f064
e8c30ef0
03ae20d5
1bac1906
1bfd0571
0793fd27
f1da0801
e96b1b89
ee2d2a01
f8fe2e5a
05ac28f4
11441927
151f0024
0ab5e726
f5c0dc3e
e5ece574
ea15f7e6
00000000
1509f5d5
1986e499
0ff0de09
08b4e654
0e20effd
17a9ebf2
1456dc12
ff5fd1e1
e7a7da7f
e0d2efb5
ef68fe5a
0505fa47
10ccea47
103fdee2
0e73e03f
1467e6e2
1c58e76d
196ae3d7
0a3aea0c
fedc0045
070717d7
1c7b18e8
255bfef0
1145e180
ee05dc8c
db4af208
e8ea0769
05da03f6
147bec75
0c54dba7
ff1ae258
00baf7d1
11d20844
22ee0ac1
28db071f
26440723
22910b73
20210f9c
1d6411dc
1ac2137e
1ab41371
1c300cf9
1887ff1f
0a1ef0f6
f3bcec65
dfe2f547
d790062b
dc2215ce
e9011e4a
f8391df8
05f115e2
0f3e071b
106cf41c
0760e23e
f62ad7fd
e382da1c
d8ede7c9
ddf2f944
f17c01bf
06d3f984
0e72e72e
05b2dc90
fa4de512
fd08f9d0
0fd207ee
24310404
2a7bf43c
20d9e6e0
1130e2ed
033ae40d
f60ae5f5
e813ead6
de04f4fa
dd63000a
e3b40422
e7e30017
e484fbe4
de25ff6e
dcf009a1
e364141e
ef501b45
fec71dea
106a1aab
1fd40fea
260801a1
21edf972
1cabfd36
1fc305e8
276606aa
25c8fe0b
1433f98c
feb405a9
f83b1bf1
042a2692
0f1d1912
0526012d
eaf3f86e
d9a2069f
e25419e1
fd101c5c
14cb0aeb
1d1af35f
19e2e2c7
12e8daa7
0937d807
fbc9dda5
f07befb1
f1440920
fede1c22
0df820aa
12bd1cbd
0e191c00
09b020cf
09e523d3
09972053
042e1b96
ff831c2d
057a1e35
1499146c
1c3afa98
0e8de07f
f290dc9d
e020f3cd
e77612e2
000121f7
130a1c82
13ab119d
098a112b
05861b09
0ec92036
1ac514b1
19eafcd5
07aee832
ed71e3cc
da35efcc
d5e4016a
dcdf0d0e
e53e0f91
e8b60d83
e7900c92
e5a40e7e
e616119c
e8d3132d
eb511218
eadd10ae
e8031333
e76f1bba
ef4a268d
00de299b
13481c97
1916020e
0bf5e86e
f4e6de9a
e5d3e5ed
e8fdf056
f5abeebe
f934e39f
ed8ae1c7
e1eaf625
ea411618
069a2734
1de81b8f
186a02b0
fa6cf97a
e18909b6
e3fe1e95
f94e1c55
04b5006a
f769e51a
e168e419
dfb9f99b
f9f008d6
17cafcf4
1b05e1e7
010ad660
e420e99d
dea10c02
f0db1fce
03ab17e7
0376016f
f27ff1e6
e124f0ae
dadbf5fd
de09f792
e275f2dc
e323ecd4
e15ae9ca
dfe8ea44
e0c2ecb8
e468eecf
e95bee6b
ec29eb59
e9ede9c1
e4f3ef8e
e520fee6
f22610b6
09d2186f
1f7e0f72
26d0fc83
1f2aece8
1300e6e7
0af6e590
04ece16d
f987dc74
e952e0c9
df69f325
e69e0a79
fc8617a9
13491496
1e65083b
1d51ff1d
18e7ff1c
198604b8
2056083f
288c0411
2aaef7da
20d5e969
0a6ee288
effdeb93
e024035d
e4901b98
f78d2250
0613127e
0124fa66
eccbef57
ddb8f8b9
e37e0842
f8c1099f
096af74f
0645dec3
f1bbd313
dc8ddc27
d61df071
e005fee2
ed5bfd9d
efb8f305
e58cef2c
dd00fc43
e66911d6
018a1c47
1b9911d9
2214fd12
144af2c8
02fffcf2
fdf111ec
046821a0
0b692615
0b98248f
06c22399
016223ea
fc712423
f89b251c
f9382663
ff8e2234
042e1325
fc48ff8b
e944f75c
dbaf01cd
e2f5138b
fc69191d
15f60b59
207cf50c
1d76e54a
16abdf5d
0e6eddb0
0011e06f
ee1bef36
e62a0a79
f21e2270
085224ca
127010bf
046ffacf
ea86f830
dc7709fc
e70d1d73
013e1f3c
17480c7f
1cf5f2a9
14dbdfb4
082ad85e
fdcbda0a
f7ece085
f6e4e7df
f95debe6
fa84e9d2
f503e452
e7cee2ff
d9e9ec48
d61afe43
e1600d6c
f4ce0eb5
02c700e6
0187ed88
f24de23c
df93e68f
d577f73c
d94508dc
e4ce10c6
ed250dd4
ec170807
e509088f
e1e4117d
e8d81b7f
f69d1ef4
043f1c22
0fba175e
1b9511de
27010799
2a14f7ef
1e97ebe3
0a2bef4b
fcd3037f
029719aa
14ed1e89
207d0d2c
1769f3a7
fe5fe569
e64fe8b9
db23f491
dad9fe78
deba05ea
e6cc0f4a
f8081861
10c016ac
22d403ab
1dd4e998
0192de0a
e2e4ed80
d9a80bc6
e93a1e0d
fd2c151d
ffc6fbbb
f01ee985
e155e9a9
e257f0df
ed2def70
f0d5e60b
e809e575
e188f7ad
ed3b113f
07fb1d49
1d6c135c
1d0900a5
09d5f927
f56704d1
ee6f1b6a
f8332f09
0bbc34a7
1be42914
1cb01399
0ad60310
f1b60465
e50214a5
ecb6203d
fbb616c0
fd25fd61
ecceeae7
dd24edb8
e25bfb19
f9ddfce0
0e21ed1b
108edb99
0967d9c7
09e5e493
134eea28
156fe404
04e9e00b
ecccef1e
e4490d9e
f3d7249e
0c3f22e0
19060cf2
140af3e2
0598e3a4
f6c9dc2a
e966db09
df11e235
def3f1bf
ee5dff95
058cfea1
12f0ee62
0bc7ddeb
f784def4
e920f409
ec090f32
fc1f20e1
0d0524a6
17b62009
1d1517c9
1e5e0ab3
16fbf94d
03d5ebe9
ebfbec28
dc33fa3b
dc170bf2
e70d168b
f2bb1985
fbca1bef
07221fec
16cf1f12
239413da
22d90303
1359f93a
0010ff2c
f6fb113a
fdd721e8
0dd8262d
1bc71d3b
21640dda
1f4fffdf
1a24f610
1495ee82
0cf5e6d5
006fe0de
efb2e0ab
dffde8f4
d8edf73e
dd7f0292
e75b037b
ebe2fbeb
e6c7f6ef
e02dff18
e62911fb
fdf31f6c
1a4017a0
24bffcc7
1304e43b
f2c0e289
dd59f65c
de8b0a6f
eaaf0cee
ee6b0130
e4a8fa02
dc9f03f5
e762164c
03b81cc2
1da60e08
21e7f5db
10a0e9e7
fc33f51d
f8660e74
09312181
21041feb
2da50d34
28d8fa1c
1c1bf47d
1648fb2c
1c3a015a
2400fd32
2045f34c
0fddf17d
ffb2ff3b
fe681470
0d191fcd
1d951665
1ee3fe35
0c9fe8a0
f0e1e2fd
db26ee63
d4e3006f
db500c87
e3f90de5
e6850949
e2bc0705
df860ab4
e3c4107e
ef670fb2
fa1e0395
fa2df125
edfde3b4
ddd0e3ec
d4d0f0c2
d82a0206
e6420f7e
fa3914c5
0e820fd9
1c3100e7
1d19eda7
1108dfd3
0013ddad
f39be431
ececea7a
e5c7edef
dbd1f507
d79704b9
e30d15a0
fc2719a2
13ca0afc
1c57f41f
16a3e5a9
1060e665
13d6ed31
1c19edfb
1c5be8e6
1056e9dd
036bf9b3
056710ac
17951c0d
29e5115b
2bc0fa1f
1d6ae993
0ec1e828
0ca8ed2a
13bfebd2
17a7e407
1407e03c
1131e69d
16dfef61
1f09eeb9
1acce628
05a1e508
edd3f673
e58311bf
ee582215
f72e1e3e
f22b12e8
e637121d
e6c61bf9
faca1e9c
12b60cad
19e5ef30
0ea7dcc8
03c9dfd6
087ceb03
1521ebb2
1650e16c
04e7ddff
ef7eeec6
e9090c44
f4ad2317
0598283c
0f84212c
12d718a4
177a1008
1dc001aa
1dc5edea
143bded8
0944dcf1
07d0e468
102de8ea
167fe46b
1020df8d
01f0e84b
fd33ff0d
0b36122e
20400ee9
2593f6ab
10b3df89
ef55dfd5
dbd4f84a
e4a91442
00191e18
180c12cf
1ef601f4
1abbfbf4
197001a3
1f6d0773
24dd0626
225402c0
1bbb04ee
1a560ad3
201d09dd
23a6fcdd
1c31eb4f
0c79e13d
ffe6e14f
fca7e44e
ff13e377
00a7df92
0105dd83
031ddd7f
062cdc71
063adb13
0287de2f
0092e92b
06f7f7a1
14a3007a
21c50018
2765fb0f
25ebf8a3
2278fb3b
2109002a
21c70451
236405f1
239903ea
1f2cff39
14a0fc2c
06f1005a
fdf30e0e
01a21f29
125327c7
252c1f9a
2b8f0b40
2016f96e
0bcaf6db
fd74038d
fd081502
07841fbd
14b01f8d
1e3816b8
219a0936
1ef3fa20
16fbec83
0bb6e335
0018df80
f781e072
f3c4e399
f482e5d9
f6c5e509
f7b6e1ca
f5a3deb9
f21adecb
f112e195
f45ee390
f921e0ed
f9d0db2c
f4f2d94d
f16fe0d4
f7a2ed54
06fef4ef
164bf367
1de0ef0b
209def60
24a0f2b8
279af2c5
2202f154
13c7f77e
07fa0903
089b1c07
11032152
119d16fa
028d0ac7
ed080a38
e0541340
dfdf18f0
e23a1577
e0d61003
e0b30f28
e8ef0dee
f4f502d8
f806ef99
ed9ae127
de7ae234
d761f0cb
dc7c02cb
ea641121
fd1418be
111f165d
1ec10717
1b41f02f
03f7e0d2
e61be6dc
d77bff7b
e3061695
fd8f1704
0da6ff44
03aee54c
e94be2b8
d9bafca7
e7401d17
07df27b8
1dd91628
1596fe81
f9defb0f
e6e00df5
eacd1fb0
f8921ba9
fac605da
ed90f249
df8eec3c
dd15ec62
e246e84f
e4b2e28c
e55de554
ee7cf054
025ff6e4
14c3f03c
1784e412
0bf0e336
02a7f3ca
096e09fe
1d2c140b
2e330c59
310afbaa
2574ed48
1133e7f2
fb20ed7c
ea2ffce0
e5451064
ecff1d60
f7e61ce4
fa611418
f38210ad
ef4919b6
f8e426ce
0d3e2976
1db51d6c
1f340c94
14e9054a
0d130b2e
118b1341
1d960f38
21e0fbe7
1307e650
f628e103
def2f359
dffb10fa
f90a22c8
15ab1c27
20870688
1523f712
0183fb5a
f72a0e8d
fb162179
06062a60
109a2924
18ec1f6b
1c840ce3
14bbf4e3
fef8e39e
e5d4e532
dbcbf77a
e9b9080a
031004a2
101eeea5
060cdb8a
f14cdddc
e643f413
ed860e2a
00201e83
12c52301
202f1f7c
267f1599
21ff07fd
10effe81
fafe02a9
f01913a3
f97822b0
0ed41ec5
1c06062c
141ce974
fe23dbf2
eb6fe111
e508ed57
e595f663
e410fd6f
e07909df
e3b31bec
f24d289d
03fc2474
08f51165
fb34ff79
e660fc2e
db530535
df0a0bf1
e6930758
e569fe5f
dd59fef2
db980cd1
e8661cbb
fc9c21a0
09c01c52
0b0f17f2
07f91b30
080f21b7
0a1323c9
0761216c
00392180
fd962550
03a0239e
08e6148b
0021fff8
eafbf833
dc5e05f8
e5c11b3e
02ad20af
1c680e0d
1feaf1bd
0e68e0cf
f77be447
e8f8f604
e5f40b03
eaf51d04
f5ab2950
03972b6f
0cdc212c
097510ba
f9f005cb
e8bb0696
e05a0e5d
e1441376
e44d1225
e43c0e2c
e2040cd9
e1f00e30
e44e0e7b
e5a30d21
e45b0e57
e4b7154e
eccf1ef8
fd712337
105c1b57
1bc207de
187df0bb
06ece1a4
efd5e3bc
e0d7f7c1
e52812d6
fbc922cd
15461c45
1ec704e5
12afee9b
fc72e68b
ea37ea89
e00ef1a1
da30f8ac
d8ce0368
e2c61165
faae18b1
16020f4b
2389f8bd
1b8be693
08cee940
ff8aff4d
08e81590
1a081b2d
20c8122a
189f0aed
0f0c102d
12de19a8
226b173b
2d6f0407
26d5ecdb
12b7e417
0284ef98
02f103a9
104a10c5
1d161258
20590f9d
1cb7110b
1a4f1643
1acd18bc
19b715d3
148f1228
10461297
145513cb
1fd50c35
2718f8e4
203de4ab
10addebe
0892e924
1054f4aa
1c31f177
17b6e390
fee9e021
e548f400
e0ab12e1
f16022d2
02171816
ffd2000e
ed45f0be
dd7bf222
dcd5f8a2
e504f718
e7faef1a
e27aee54
e05afbc2
ed4e0e42
06ea15dd
1f030bd6
29a9f734
2516e42b
17a9dbdc
0bfce056
0a17eb1b
116bf133
16fdec49
0e48e2ed
f718e47b
e188f99f
e0a91704
f51524a3
08d41594
053ff86e
ecfce9fc
da43f5c7
e2ec09f5
ff860afa
12dbf352
0953da43
edeadada
dd43f757
e714177d
0027226a
0fd514db
08b3007c
f223f84a
ddaa007c
d6750f8f
dbc71b35
e8352022
f9081df0
0a6e128a
14c2fe78
11b2e8f5
0314dcd2
f24cdeb6
e7bfe9cb
e42ff610
e2de0050
e15d0b5d
e3d61913
ef072419
ffbc22aa
099d12a7
02ebfeed
ef65f6c4
ddfc00aa
db9a1465
e892237b
fa4025e1
04b81e9d
0467181f
ffe81961
ffc01f46
04c52220
08e71e41
06d81875
018d18bd
02ae1fd9
0f3a2403
1fbe1b75
270f081b
1ee2f6c9
0ddef353
00c0fefa
ffca10be
09eb1e80
18d8220d
25211a46
28b40a3c
1f83f832
0ae9ed8f
f3d1f077
e4f8fd70
e1da0afd
e52c116e
e73a10ec
e5440e30
e1310c8f
ddb00c90
dc3c0d45
dd580d46
e0440ba8
e3a707f2
e4f1037c
e31302ee
e3360ab1
ee2d16dc
05201a9a
1b5e0be2
1f30f0b2
0be3dd1b
f02ce092
e070f7ca
e61111cb
fa2f1e44
0eb718fb
1a4407bd
19ecf29f
0e82e077
fc5cd7d2
ed32db70
ea27e4ba
f1c5e82a
f860e1e3
f53adb61
ed8ae125
ef89f337
01c5025f
188cff4b
1ed6ec7a
0c19deb7
ef7be7e8
e08a0351
e7321aba
f5321daa
f73c1209
eb690b9d
e1ac1486
e92e23bc
ff51286a
12db1de3
18551030
14660cfb
138d1449
19ab1ad1
1e3b18cd
1877140a
0d6116b6
0af01eda
150d1c80
1c680618
0ff4e86d
f382dbe3
e009e91e
e80ffe18
0311023d
174ff195
1526e03d
06cee2a0
0165f7a4
0d2a0cab
1eeb1314
27610e1a
24180a5a
1db40d93
1b9113c2
1d281773
1ef2178c
1ec61524
1b7a11ed
159610c7
11011372
12a6162a
19c91119
1d20ff90
1139e95a
f705e066
dffeef1f
dfc20b2d
f7591d8e
132319ba
1fc40935
1baefed7
150102dd
17a30c4d
214d0e4e
27970521
23d7f70a
17b5eb50
08cee4b6
fa2ee230
ecade3dc
e27cea86
dfa8f489
e496fbd9
eb2afbe3
eb16f724
e282f66b
d8ba0068
d863120d
e5982025
f9092043
05a111a8
0281fe80
f1cbf42e
df9ef9e2
d8460af0
df751ba6
ee7d2263
fb491ec8
ffc91776
fd551424
fa2a1832
fcbf20af
06f02616
1433224b
1da51514
1de902c0
13eef1ea
022ae8af
ee4bebbb
e00efb5e
dee011b9
eb7c235f
fc76272f
0442202f
ff051abf
f68d1f3e
f77c27b5
01182532
04b01352
f81eff6f
e3eef9b1
dae502cf
e58f0a47
f86701a3
0178ec7d
fb5adbc2
f1f9da47
f23be189
fa5ee3f9
fe5ade0b
f6fbd91e
e992df34
e126f0e8
e3e4067c
f164181a
06391f34
1a9e15c9
2139fd4a
1021e489
ef82dfce
d837f39e
dc780c3c
f4581045
05d1fb47
014fe282
f1b5dcd4
edbbeac8
fe00f969
1556fa0d
223df0e7
223eec02
1f99f05e
20d1f6ad
216df757
1968f5ca
0af4fc66
03170df8
0b511f89
1e59233b
2d5d15df
2cab00f8
1c94f29e
06b1f38b
f81d0308
fac41671
0d171df1
20070f8b
20abf2ac
0a14ddb3
ece0e21f
e059fb50
ec2b1414
02cf1c60
129a173f
168411a3
156512ae
15471767
15e91b15
14911dc9
12bf214b
134d228b
139f1d48
0d2012ca
fde80b51
ecf80d5f
e3e115aa
e44e1b2e
e780195e
e74f141c
e4ec121b
e617136c
eae412d9
ed3b1036
eadf1219
eb611d57
f80d2a77
0d742a5c
1a841832
1230020d
fadafb3a
e8a30814
e9a71ac1
fadf21eb
0e2f1701
1745ffdf
12d4e805
0480d7fd
f2ded440
e66cdcbc
e609eb3a
f1b9f60c
0229f6bb
0e84eea1
128ae4d4
116cdfd4
10a7dfff
1224e1d5
13ece392
14eee6a9
16f9eaa9
18ffeb11
149ee729
0517e63e
f099f22e
e61d0a51
ed81208c
ff86276d
0e1a1f17
13771351
16db0c65
1fb90542
2822f5b3
2354e2e0
103bdd0c
feededaf
012208fe
149b1799
236b0f21
1b45fe31
01c1fbb9
ee4c0de1
f1e92343
06af25ed
17a810e7
161cf34b
0612df19
f498da30
e9cfdf28
e53ce7d1
e3e1f395
e82b03a1
f6bd12c5
0d3416ae
20bc0a4d
2654f45f
1d08e224
0e31dc79
0586e0fb
06a7e693
0c1ae66f
0d31e185
06b2e013
fe84e88a
fe50f8e1
0b150682
1e96062b
2bbff5fa
2832e015
1540d4c8
0175dd90
fcfff35c
0a4904d7
1c460751
23aa0035
1ec0fd61
1927045c
1c000b51
2161057b
1af1f3d4
0348e623
e718eb69
db7300a5
e8a2114f
004b0ba1
0af9f30a
feefdbea
e73ed87b
d79be874
d8e2fba9
e35e03f1
e9780055
e556fb12
dd9ffdb7
ddf906a0
ea110a84
f9330115
ff07ee00
f835dd9f
eb3ed917
e103e0ef
dde6f073
e3930344
f2ba1402
08fe1ade
1d5811a5
223bfbd2
1172e815
f485e5df
df08f6f3
dd8e0b8c
e953123b
f08d096b
ea34004f
debd05ac
debe1809
efa0276d
05732759
0f771c25
0a3714fb
01e71a41
03702415
0ce822f1
0f7c1265
00b1ffda
e909fd3d
dd280c9a
e9951da5
060f1d0b
1c960769
1e87ec78
10ddddfe
0298def3
fb77e4c5
f599e6b4
e8f1e80c
d8e1f263
d38e0606
e1081480
f6fc0f3f
022ff8e8
fa85e40f
eb86e1e0
e874f07e
f85dfe66
0fcafc4e
1cdfebd8
17d8da97
06f7d4a3
f672db7b
ecdae831
e985f3df
e82cfca5
e61c05ac
e66a1278
ee612145
ff372a65
117f26d0
1922181f
0f870998
fb530759
eba311a2
e8241bdf
e9c81bbb
e6801507
e04912f5
e31d167f
f26d12f6
0030fffe
fbaee91c
e82ae447
dbc0f8ee
e8101588
06552117
1ded13dc
1c52fe6e
0698f79c
f1eb0617
edbf1d60
f8e02d7d
090c2fa7
1511257e
17cd14dc
0eef04f6
fd2bfee5
ed5107ed
eb4d1a1c
f9bc2773
0e0825c7
1a64188d
1a7e0ca2
16e40ab5
18de0ea6
1f050fe6
20ef0da9
1c950ef4
196a164d
1c9c1af9
1ed013ea
141c0602
fcfa010c
ea970d27
ed541ed1
032d21d8
18770e00
1aeaf005
0b8bddf6
fc7fe07f
fc78ebee
0828ee37
0ee3e235
04b1d3c8
eedfd307
de82e35b
e01af8b3
f16102f7
0451fba2
0bbaea7e
06ffde07
009fddda
0272e435
0a2ee5a2
0c37df74
01f8dac2
f15de0b8
e588ef98
e1a1fe26
e11b07d4
e1230fe9
e62c19c7
f64e1fc2
0d3d17c3
1c740038
182be683
053adce4
f551e944
f78dffe0
0bb60d37
22190565
28e2eebe
1c0fdb2d
0821d7dd
fe33e1a2
0346e913
0bdce443
0a18da98
ff67dba7
fa2dec20
04c2ffde
18c806ed
2460feda
1ce6f561
09c3fa2d
fd170e53
01cf23df
12ae2b6c
21bc216e
252b0e62
1cd5fcab
0e0df1d8
fd38eed8
ecabf403
e0980230
deeb1573
e94124e3
f9a328cf
06611fa7
08110fc3
fe2d0284
ee45ff13
e0d70688
dcd81504
e54522ea
f6ac27cb
08c51fee
12be0de0
105ef983
048bea47
f513e330
e6eee363
dc69e99d
d7d6f612
de6106f2
f34d138a
0f031144
21b80091
21b7f014
17a0eefc
14e0faeb
1dff017e
2361f784
1446e78c
f4fde6fb
dda3fbf6
dfd0139d
f2db16d4
ff7f0388
fa0dec06
eb92e1ac
e46ce3e5
e894e63f
ef04e2db
f0eddf14
f0cce02a
f2f3e3bd
f5a0e4c4
f306e3f1
ea1de827
e1edf53b
e10f0660
e73f141c
ef561c64
f7df21dc
036423ea
117c1d20
199c0a1a
1249f287
fd90e48a
e87ee686
ddf8f223
ddcafd84
e1760672
e6c71064
f1951bf7
031122ab
139c1f61
19d5169c
1561129e
0fe917b2
11e41e77
17da1b53
14de0dc8
034a0340
ee20080e
e5b01934
ef8d278a
01d927e1
0f831cf4
15cf118c
1ada098e
2113fffc
2223f1cb
16f9e522
0266e438
efb3f24e
e8c5082a
ee411ae5
fa0f2520
07482714
135a20ff
1a751377
185001cd
0b82f2a8
f7dbec08
e488f02e
d78dfc46
d43a0bac
dc4a187f
ecf91b62
fd9a1027
02b0fb42
f6fdea9f
e403ed23
dccc030b
ecb51aef
0abb2059
210a0e9f
1f82f436
0951e542
f01fe93f
e1e3f7a4
de9e044b
df700c7f
e30b1483
ef0e1cc5
05531bf8
1a500a0a
1d9dee6b
0b9edc7b
f2cfe285
e6e9fb81
edfc1428
fc2e1edf
02b61e65
ff211dfd
f9d92233
f7c2252f
f55e230d
efd02007
ec4f2089
f20a2039
fdb014b9
0074fdeb
f21becf7
df02f37c
de5a0d8a
f7e1224a
18c81ce4
24bf0335
1405f022
fa3af693
f08e0f7f
fe2322db
1403202f
1ee50abc
1741f16d
0209e208
ea4fe19b
da4aecee
d769faaa
de2d00d0
e43afbe3
e150f3ba
d9c5f3f3
db3efdbb
ecc50438
0395fa5f
0c77e50c
016cd953
f3f1e657
fa55011d
13f60e1c
2791009c
1e9de8c4
fe4fe1df
e21df38e
dce20ad2
e78f1138
ece70565
e3d5fac6
d9fb0131
e1f711f7
fc761926
17df0ca3
22aef51e
1b7ae3a1
0e40df82
04c8e25e
fd13e3cc
f0cee463
e113eb88
d80efbbe
de810b8f
efd70e05
fe0b006b
febaeca3
f3ebdfa3
e652deae
dce5e7c8
db19f71c
e2be08aa
f43f15d2
0abb170e
1c2209f3
1ea3f4e9
100ae4d6
f8eee475
e691f492
e2b20c81
ed4c2033
fe422811
0b6824e5
0ef51d4b
0a801985
05bc1ca2
07af213c
0e241e44
0f831157
04280324
f01b010c
e1d90ed7
e4ff2278
f7452c98
0acf26bd
126c18b0
0e231023
08b212be
0aee1a25
14781c30
1d5e14d2
1fda082e
1d2ffb73
1804ef18
0fb5e2eb
02b5da4a
f3b6da81
eab1e53b
ee68f463
fe22fd89
1091f962
1a22eaad
1539db08
053fd473
f3e6dad3
e9ceeaa9
ea01fcb5
f2d30b89
019a1457
13c11549
25540cd0
2f36fbd7
2a47e9e8
17dee43a
0602f274
043e0b46
12101add
1de71741
17b30a70
01e806aa
ee6011ed
e9de1f3e
ee232081
edaa17f2
e6e7136b
e6de189a
f6fc1bac
0dc10e88
18a8f4b9
1202dffe
0612dcf4
044ee5df
0da8ea99
1526e429
1066d9d1
00dad6d4
ef7ee016
e50bf2d3
e6490836
f38f185a
082e1bad
1a780ef8
1f0ff7c6
1158e3b9
f8c3e019
e41bf093
e10e0c6b
f2ac2269
0de7238f
1f6e0ebd
19e2f2a0
0166e307
e86ce819
dfbef751
e646fe81
ec7bf7cf
e75cef46
de0cf370
dfe80367
f2581111
0c0e115f
1fd60537
27c0f5af
25e6e967
1c81e1b8
0c66e140
f9bcebfb
edaf014a
ef2c17cc
f9d32397
0188221d
ff2a1c93
f7ce1c7a
f585215e
fa94223a
fe9b1b79
fbc115d4
f8ce1acd
021325da
176e2741
287b1718
24d30097
0e40f84a
f8ab0644
f5301c3f
00d524ef
08c11965
ffa906be
eb1bfe25
db280243
d8140820
dbe8066f
dd95ff86
dc13fba0
dd90fcea
e3a3fdc1
e79bfb59
e3fafccb
df920a0e
e65d1df7
f8c728b8
081022c2
070716e6
fb4615bb
f6d72029
025b258b
120217fc
143dfd0d
0649e6c8
f582dfc0
ef1fe27a
f315e365
f87ddf4b
fa52dbc3
fb21dd0a
fe27e06c
00b6e171
fc9ee204
f1ece9b7
ea11fcd0
f094148d
064c21d8
1ea71bdb
2ae30872
271af6d0
1c7ff2ce
18f2fa9d
206c014c
2860fd0f
22aaf3bc
0fa7f4cc
ff460665
ffc21c3a
0d59227b
142a13c1
066b007c
ecddfdee
dead0ef7
e90c20f7
027e204e
16b20b52
19e2ef96
0f1edb39
ffe1d38e
f40fd6b1
f039e02d
f620e8bf
ffe1e8b8
00e2e17e
f3b0e135
e4f2f443
e8191333
ff84263d
168c1eb7
15de07e5
fd76fbfa
e5490687
e28418ba
f13c1aa6
fb940709
f4f9ef09
e5cfe446
debce677
e3dae8a9
eaeee47c
eca3e0a4
ecd5e32c
f0dae818
f4dce8da
f055e765
e3a2ede6
daa1ffdd
deb01324
ea6b1a10
eff314a0
ea9f0f68
e41d12be
e74518e8
f2c6161c
fac206cb
f62cf3d4
e6a4e973
d68aedb8
d04cfcea
d83c0e15
eb8717ea
027514ba
13350594
17eaf2f3
1343e60a
0d17e26f
0bcae475
0f8be63a
1418e524
1584e2fb
13f5e307
12a6e577
125ae768
1181e7b4
0f89e785
0e4de738
0e6be4d6
0c3edeb2
029bd8cc
f247dc49
e498eea1
e56409e3
f77b1ee1
10262097
1d460fa8
1510fbec
ff09f71a
edf6061c
f1751c47
081625b4
201a1777
2496f985
0f0be182
ed2ee280
d7a9fc65
dd3e1a29
f5a922dc
07590ff2
0027f499
e859eaae
daf8f73b
e74a052c
003fff35
0d44e923
068dd9e3
fc80e0f5
01dbf573
152c0355
259d0422
29a2022a
27490625
26aa0b88
24790b01
18c507f5
06430cc4
f97e1abf
f928260b
fc302501
f7bc1e16
f08c1d5d
f47b217d
05ca1ac7
13b5018a
0f08e495
fe9fd8a4
f768dfe7
01b1e7d3
0dbae293
08d5da1b
f653e2a4
eb8fff5d
f4981c4f
059f25e9
0a8b1f68
00b21b34
f7dd211f
fc2f254a
056719e5
02220393
ef02f61b
dc86fe87
de4c14b2
f7132285
1562186c
2222fb97
14e4e0ac
f8b2d9e1
e1d8ea77
dfb305be
f28a1883
0c3b17a3
1c6f0826
1e51f8c9
19c2f377
18aff673
1d2ff961
217cf87b
212df6c2
1e46f82f
1dabfb09
1fdff9e7
1f83f21e
176de78d
0838e0e6
f6c4e1cb
e7d3ea05
def6f6f4
dd7a03cc
e12a0b99
e4fb0c44
e44e090a
e05d07f9
defa0add
e34b0cc6
e89d0967
e7d504d2
e2730847
e31d1681
f173252d
063f2726
11d91c90
0e1d1308
05151556
04b01eb9
0f2d2055
18e0121c
1557facb
039ee8d8
edf3e467
de0aeb61
d765f7e0
da0a0558
e4a20fe2
f4c8141d
065c0f8b
14680226
19d1ef06
1438dc19
052bd0e0
f418d39a
ebc9e3c7
f439f756
096afff2
1b85f7cc
1c13ea06
0dc9e89c
01f7f98a
0661101a
17611ab7
2663143c
299704e2
226df6e5
1737ed4d
0a56e65b
fb8de2eb
ee4ce526
e774ea68
e6bced22
e748eb8f
e617e941
e5c8e929
e925e859
ec54e3b5
ea46e06b
e6dbe66d
ed60f4c4
01bafdc3
1670f601
196fe47e
0798dcfd
f131eb9b
e8ac07b2
f04b1f19
fd212863
0657276b
0cf92208
14751667
17c30044
0c88e67f
f3eadb59
e0a6e884
e66a0100
02830a9d
1aaaf9f7
16e7e026
fa51d9d0
e029f15f
dfc813ba
f49a2388
054b16ea
ffa5fee2
ea75f253
db58f50e
dc13f898
e2d8f248
e365e90a
e085ea9c
e81af7c2
fef70051
1508f60d
145ae124
fa9dda8e
df88f073
dd9a1403
f53e25f5
0c711782
0a57f91d
f0dde948
da73f5bf
de0d0f1e
f8a91c10
14471387
1fe0028c
1d8efa4d
1a7efeb4
1e3a0698
24010909
243c06ab
1eb105f2
1ab70918
1cf109b9
218a0144
1ffef0eb
140be201
02d5dd60
f533e2ed
ee49ebe0
ea0ef331
e382fae3
dc9f0879
dddd1b01
ebe227da
feb42377
062c0f21
fabafae7
e68cf634
dcba0092
e58c0a09
f757048a
019ef13b
fd51dd45
eff4d488
e35ad986
dd79e885
e170fd34
f20a10cc
0bed18a3
21660f52
246ffd95
144ff54b
00e3009f
fbaa16b9
051924dc
0df322e1
0a7e1b10
00bb1b0f
ff4e225b
0aef2441
19931854
1fae0498
1cd5f509
1907ecfa
16d5e67a
0f4cdf2a
fdb7df0d
ea04eeee
e3870b1c
f1752226
0870233f
134f0ed7
06b2f84c
ecb9f4e6
dd5e081c
e87a201b
070e2588
20b410ad
20d6f152
091ce09d
ee70e954
e346ff42
e7050ef1
eb711174
e7e00f0c
e1021015
df4a1284
e1d50eba
e07b05e0
daa80317
dc350af5
ee781329
0a0e0d73
1cc7f9f2
1e11e917
18bce85e
1b8ef1cc
24ecf573
2488f06f
141df1e4
02df04ca
030a1d3c
11de23c9
17b31221
052bfd75
e874fe66
de3c138a
f0ee2390
0e701abb
1dd1ff61
181ae7e7
0b6fe2f8
087ceb06
11bdf06f
1bbdeab0
1b83de45
0efcd566
fbcfd800
ec1ce7f0
e8cbfffd
f4c21550
08b91d9b
177a17da
19020e9a
12660d72
0fcb1481
169c194c
20991304
23db035e
1dc0f335
12fae8a9
08f5e2db
ff67def7
f34fdf2b
e78fe89f
e447fb83
ef6a0f69
05421919
1ae3140b
26bc0496
25dcf3b2
1c84e950
122ee78a
0cd8eab8
0d71ed00
104dea7a
10dae40a
0c29dd04
01aad9c8
f364de68
e70aeda4
e4d60539
f24f1af5
0a4e214c
1db812c2
1d78f87d
0846e55b
edcae5d8
e078f385
e38cfd87
ead9fab6
e9aff16f
e03aef5e
d9b1f945
dd9e07df
e8cb1324
f5591a13
02171f4f
10d92120
1e161aa6
21780cc0
162200de
027e01cc
f4a11099
f55421fa
00c12a5a
0dd726f9
170e1b25
1aeb0a57
1726f639
07d1e4f1
f038e264
def3f47b
e3831038
fd08204e
18881948
21c903f7
153cf571
01ccfaab
f8b50e0a
fe5120f9
0b5d29f5
18132832
20381ce9
1f7c0a05
115ef578
f7f6ea81
e0a4efb9
d95afd52
e2490326
ebf6fa6f
e88aefaa
de94f5f9
e3590d5b
ff421f42
1fa01800
283dff2a
133af111
f84cff13
f23a1b33
01b527c7
0e2018d1
03a7ffe8
e9dcf670
d9b501af
e2010fab
f9040bd4
0721f462
fe81dbd9
e75ad5dd
d56ae504
d545fad4
e23005b1
ecc7013f
eaf7f827
e180f85b
de1a0512
eae41458
041c17e3
1a480ade
208df7a6
1922edb0
11e6f20c
15a5faac
20e6fa2a
2685eccb
1cebdc7e
082fd75b
f605e205
f258f529
fec40350
11dc032b
1ec6f57a
1d7be345
0f73d802
febcd979
f50ae352
f4dfebc9
f857ec4a
f81ee698
f18be121
e7d8e1f8
e080ea86
ded3f8bd
e55209c1
f56b186f
0c9f1c75
1fff0f3a
20fbf59a
09bfe153
e7ede410
d4fefce0
dee0148e
f8db130d
072cf8b1
fc6ddf4c
e90cdee3
e8baf2d3
01360062
1ba7f7fc
203ce6b7
1164e5e5
0655fb98
0d12150b
1ae81e7a
1d271a9a
12ac19ed
0bae211c
10bc222d
16b6112f
0d9df65b
f681e59f
e395e6c6
e1cced23
e9b2ea49
ec94e156
e905e0bb
eca6ec63
fee7f6ba
148ff324
1d4ae654
175de095
1132e826
14edf125
1affee14
14c9e190
003fdaea
eb7fe254
e445ef3b
e85bf3ce
eb78edf4
e7b4e76a
e33be88b
e66bed56
ee4decaf
f018e778
e8a9e8be
e24cf878
eabf0f98
03481cae
1d1713ba
2554fad2
1651e4d0
faf7e12b
e55ff145
e10c09b6
ee1a1c74
04552021
181011f8
1daff7b3
0f83df84
f509da19
e1b9ecad
e58d0988
fdbb1b35
17141892
20c20c02
1b63069c
15610dae
18ea1622
1f131237
18e50456
0379fd64
eebc08f2
ee641e6b
0517275a
1ed01587
22f6f39b
0bfadca4
ed1ce30a
df3affc0
e8ff1a20
fa7f20b4
00401820
f72e11f2
ee0f1825
f39721db
06611ecb
16770945
15a3ed0a
065fdc93
f8b8df3e
f9e7ea53
05d9ec71
0bcae0ed
ffbed436
e849d6f4
d92ceaff
dea60094
f20a0585
0149f78e
027be58c
fd79dd3b
fea8dd99
06dfdc8a
0b9ed75b
06f9d8a1
01e9e94f
09e20194
1d360ddf
28370663
1b51fa85
00220001
f0f11780
fab22860
0c1a1d8a
09d8ffde
efbdee98
d7fcfc14
de6c18dd
008f24d8
20511349
244ff71e
1032ecf4
fcf6fd43
fc5116f6
08d0240b
104a20b7
0a9e1a4e
00d11c9b
007623fe
0b7224c5
186c197b
1e47077c
1cd1f75f
18a9ec5a
1389e44f
0a99de5a
fc22df71
eda4ec46
e88e027f
f2981818
07c12165
1c251a6a
25aa0a03
2339fb97
1cdcf628
1a8ff776
1d85f8e8
20dbf6d7
2021f443
1c81f5eb
1b5cfb63
1e8cfd88
1f9cf701
1563ec3c
ff76e954
e8fbf625
e04b0dcf
e93d2211
fa982888
07d22330
0c501b8e
0bc21827
0b431911
0ca71af1
0e8e1c00
105c1c20
11a91b1a
112319ac
0f2f1a50
0f511d86
13271f7a
16441d05
136419c0
0ce61c22
0aea2391
100e269e
13f71dff
0bdf0e83
f7c905a9
e58e0ab6
e2cd14ef
edc014fc
f80805c7
f646f0e5
eae0e434
e0fee436
e092ea05
e764ebd3
ed4be707
ecc1e0f5
e81ae00b
e5e3e495
e98ae94f
f072e92e
f450e429
f0cfe05f
e8ffe64e
e73af861
f39f0d86
09c6183a
1b4d1501
1f0c0e14
1a080e80
177f1575
1a2e1967
1ae51686
15a8134a
1129158e
15b0177f
1f980f04
22f7fc4d
1ae7eb57
0f52e519
0a9de6a7
0d7ee6fd
1107e3bf
1215e1c6
13d2e362
17eee4d9
19e0e399
14e0e3b3
0bc4ecb8
08aefecb
10f30f05
1d651380
22990de9
1db0090d
174e0ba6
191210c9
22a00ddb
2933fe72
21f9ea47
0d18dfbe
f6cae710
ebd4fad7
ee280f09
f6e11c58
005b23be
0af726a0
16f7216e
1e5e105b
17e9f7dd
01bbe5d3
e7f2e651
dd52f5f5
e87002ed
fd33ff0d
09b7ed57
081bdd4a
01fcd969
0230dd95
0802dfe5
0bdede49
0b1bde66
0a82e26e
0c57e54f
0b73e2a7
0164df3f
f10ee3d0
e489f0f2
e097febd
e05c07bd
dfe30fc5
e4801aa0
f5e521a7
0e9317bf
1c45fc25
13f0e162
001adbb9
f71feb58
0289fd6b
168702a8
22e6fe26
2503fbd1
24f1ff7e
266e0320
24860277
1a120258
0b630a00
01d4184f
00a123f4
019e2790
ff8626b6
fd1d25fb
fe4522b4
ff4017af
f7ff0842
e8bbff03
dbfa0164
daed0798
e15b06c7
e398001e
df0eff08
dd7c0929
e75b1706
f8c91ded
08241cb5
127219e2
1c3516eb
25100d88
23dafbef
11e1ecf7
f744ed9f
e4affcad
e1230c15
e45b1077
e3360cc1
ddcd0a2a
dba90a52
debc0766
e07dffec
dd9ffc58
ddeb0404
ecc910bd
083812d5
1f33042f
2342f187
194dec76
134af6cb
1a18ffbd
2188f8ee
1834e88e
fd35e2b4
e327f2e0
dea10f07
f2512166
0df01c9d
1e60061e
1c5eee8e
0fa0e295
0398e1ff
fc4ee48c
f4aee4d3
e736e6dc
d854f24c
d4a005ca
e1de13c3
f6b80f14
0196f9a8
fa06e50d
eacde220
e792efa8
f7cdfc23
0f4df91e
1ceee977
1a71da40
0d94d513
feaada95
f1ace7c8
e96efbab
ec3312e3
fd11224a
13481d95
1d840589
11f2eacf
f951e010
e703e7ce
e5ddf380
ee4df490
f17beb93
e9a8e4f1
de3aea8e
da20fa6b
e0a10b3f
ec6a15fd
f7b41b69
02141e64
0d221e4f
18371827
1f000bae
1ed0fd3e
19c9f188
1391e879
0b8de08c
ff79dbea
f0d8df15
e643ec49
e630feba
f1680e6a
03e815e3
17ef12dd
27670568
2b84f1d3
21b2e2b3
10e9e26a
06b1f128
0a7b0377
16a20d65
1f160e39
1f3e0f3d
1df4156b
20901995
20ab1454
13f90aa9
fce80a53
ebd3174d
ed292341
f8471c8b
f9280532
ea11f1bb
dadfef75
db2bf54b
e614f34a
ea46ea08
e350ead5
e209fec3
f5cd164f
14d91ab3
25520a01
1b0afa3a
0467fe9c
f73f1296
f92423bc
fe542801
fcd3256c
f71e242e
f3e023d1
f2141fcc
ed671aef
ea131b90
f1be1e97
047c179e
13fe00d5
12e3e662
05ceda82
fe25e05a
04ade910
0ecae704
0b94de7e
f949e170
e969f84e
ec1b1591
fdcb24a9
0b3b1fd2
080a157f
fc31161c
f8cb2263
05432bde
18142624
224b1318
1d0cffa0
0e1ff77e
0024fd2e
fabf0bc2
00cb1c4c
10fa26e5
24632456
2e521425
24dd00e3
0bbbfb52
f57209fa
f2c21f9a
00e9260c
0aa3150f
fefdfd1a
e618f5ab
d94302ac
e60c0f69
fe930710
090decdb
fb80d97d
e6a9e064
e1fafb8d
f29414cc
0a821e35
1bb71ae7
23c31361
260209b4
21a4fcee
1316f15b
fd40ef69
e9c6f9b9
e0350a57
e0ca1959
e80f2339
f4a92697
04c22027
11d60d18
123cf2ab
0456df24
f3e6dd27
eff5e715
f970eca2
011be666
f983defe
e7e7e801
e0d303a3
f1581e30
0e9921a2
20e90bda
1ac7ef72
03e0e0dd
efb5e475
ea71ee91
f07df177
f5b8ea26
f1a4e093
e572df9d
da7cebf3
da2cffe8
e6511113
f9021729
09d91120
1441038b
17d0f203
13ecdf5d
0776d115
f63ed012
ec77dfe9
f544f654
0d1e01a7
2124f9e7
2031ebec
0d9eec60
fe770148
03091a0f
14951fe9
1b880ea1
09cffb00
ecbbfd2a
e0ea152e
f36a2989
135522b4
23bf038a
1796e579
fbb4dec4
e6ebefd6
e40a07ab
ec8e162e
f3c518ab
f366161f
edf715be
e91418d3
e81d1c4d
ea1c1cd8
eb761a2f
ea0816ec
e7111672
e61d1908
e8cb1ae4
ec411911
ec94147f
e8fc11ca
e6701472
eb1b19ce
f8f31ab0
0a761065
1535fb5c
125ae41c
03ffd589
f301d4d9
e857df40
e76bedb5
efa3fa04
fe17feca
0cb7f7e1
11bee701
0748d622
f24dd1e9
e1afde5a
e1daf1e7
f181fd16
03b1f914
0d28ec32
0cc5e1e1
09eadf1f
0a2ce07e
0cd6e129
0e7be100
0ea4e23d
0f6ce4a4
107ce549
0e7ce2ae
062ae003
f904e220
ec15eaa0
e301f6f6
de0b0483
ddf81298
e55b1e83
f3db20c8
004c1465
ff35ffc1
efa1f238
ddfaf528
d7ec0407
e0131258
ede41940
f9c31bbe
04cc1e99
12b21f27
1fa71744
21e307a9
1516fb52
015efd40
f53c0db0
f99f20df
0afe2936
1ce121b7
2469112a
1fc50369
1663ffed
12010505
17180970
20a70463
241af52f
1b54e4db
0b7eddc9
ff66e0f0
fd29e65a
00d8e61d
0281e089
ff39dccd
fc9bdf6c
ffdee3d6
04f1e2e7
030ddda8
f7aadd46
ea7be796
e401f7a4
e37f0504
e3700f18
e4c91a5d
ee3d24d8
01172461
11c3123c
12daf6ee
04d1e381
f6dddfe9
f4cee332
faa3e156
fcb9db59
f928db9f
f9a2e6bc
0594f413
173df93b
2342f63c
2613f416
25d1f729
2673fae1
23a3fb26
1841fc5e
08e00673
01ae1802
07022488
0ecf22d2
0d131991
047a16cb
03561d87
11bd20ad
24af1351
29c1fba5
1df3ed7d
122df302
15c7ffd1
22b600af
2486f2e1
116de790
f5beee51
e4ce02e4
e45a1379
e896158a
e5fd0fc8
df120ddc
df251084
e8f30ddd
f32a005e
f47eee27
ee0ae21c
e80fdf36
e744e0a9
ea37e1c6
ee4de26b
f3dae27a
f8fedfbf
f7d3dc4e
efe1e167
eb36f43f
f4890c7f
08a81ad7
188c1a98
19f015fd
12b718de
104520b5
14181ff0
10e31239
fe420534
e7dc07da
e1241613
eeac1b97
feb50b87
fcc1f10c
e89ee2e4
d492ebb7
d13e0137
de041196
ed75147b
f3d50fd2
f0f20de0
ec4312ca
ebd91b34
f0542251
f8da2617
05a423e4
13ce1798
1aef0021
11e2e65c
fa22da8f
e435e71b
e2c602ee
f7d7186c
123a1a2d
1e9a0f6f
1ad70a64
15811217
19641b2c
1f3917ab
17130a61
ff320506
ea3310e3
e9a720d8
f85b1f5e
ffff0910
f3dcf125
ddf1eb88
d283f8e8
d94e0980
e82b11a1
f3a01540
fd8d1c6b
0d402363
1ef31f51
23cf0f90
14b002fc
fd690774
f08e184f
f2c323e0
f73f210c
f2f318e9
eb471853
ee9c1e28
000c1c47
121a09ee
15beef6e
0a4dde43
fde4de0f
fc9fe624
04f2e8f0
0aede135
0551d648
f57fd3a3
e5a3df3c
e0f2f5c8
ecdb0d2f
0539195f
1c28147e
240206be
1bf7fff5
126707bb
1593128e
206b0dca
1e91f692
04bde15e
e30ee44b
d708fc1f
eae10cd4
08980132
11e0e485
0317d652
f53de5eb
ff1b01eb
19b30dc6
295f029f
1d42f52f
025dfc5b
f45f15e3
fd762861
0ca32116
0a56081c
f292f6db
d905fd60
d36613ce
e44c24ed
fa842495
04c81abe
0219165e
fdc61c72
005224b6
05ae2492
04301d2a
fb2718e6
f5a91d5b
feb321c4
117117aa
1c07fd29
11d9e28b
fa7ddc55
ec52ee27
f61c059c
0fe90b6a
2242f9cf
1bc4e100
0097d81d
e65be8f1
e111088e
f3f9210d
107c231a
226d1013
1e12f869
0945ef0b
f659fab9
f5ac10ab
08531d6c
1f5014d1
2751fb56
1745e323
f815dfce
df6af696
df82182e
f6b22b6a
0e892241
0f9207f6
f821f6cd
dec6fdac
dc4b1090
f0d71463
0380fe8d
ffdae275
ed90db95
e82aedfb
fd3d0163
1a9ffebe
23c6ebf5
1306e47f
ff9af76b
014c14f3
1597218f
24d413e0
1e00fb42
05ccebcb
eba7eb05
d90cf2dc
cf64fe15
d0840a3f
def91101
f42e08ee
003ef2c2
fa22df26
ec7fdfe7
ec96f2ad
016001cc
19aafcbb
1eb0eb3a
0da6e4bc
fb7af5e5
fe06115a
14c31d17
292d0c99
24c8eda5
070bdb78
e66be6d3
dc42067f
ee3b2114
0ac52476
1a241418
126002ff
fd8a018d
ee030ee7
eb461c9c
ee2d1f4a
ec3a198b
e5c11634
e5491836
efe415dd
fbb90679
f993f0ab
e7ede699
d5eff229
d3dc0a2e
e2081b2d
f1731ba8
f44612f5
eba00f72
e52f165d
eb921dda
f9c01854
006704cb
f64ff0dd
e259ec2b
d478f997
d6de0d8f
e58e19aa
f35e19a2
f73f1555
f3ec15f9
f1c91bab
f3651fb1
f4271ef5
f12e1d3f
ee2f1e64
ef671fca
f2d41c98
f2851678
eebe14fe
efd51b80
fc2f2298
0f00205e
1cb31427
1ed0081e
1b25050b
1ab908ee
1ee40be3
217c0a40
1e6108f0
1a460c87
1bce105c
200f0bfc
1cdffe64
0c32f147
f3d7ef4d
df15fa28
d5eb0b65
d9581aaa
e61e21de
f68e1dca
02330e93
00f3fb57
f296f0a9
e22ef821
df890dfd
f1df2131
0edb1fae
214606fc
19cce78c
fd37d881
e1b0e3cd
dc93fd7d
f07b0d8c
0a4904d9
11f1ebad
01f4db09
eb94e3c6
e4aaff52
f235183f
0554202d
0c9f1c44
06ad1b4a
ffdc21e0
fff72741
01382396
fbf41c46
f55b1bc3
f9f72009
0c001ab5
1b940308
160be504
fcd2d928
e634e99c
e56d0798
f7b71c13
0a061e85
0e9a197a
09481a2c
058c2128
06e52565
06ae2274
009f1ea8
fb9f2012
00c02171
0da817a7
14d60036
0be2e6dd
f706dbe6
e527e36d
dfccf34b
e31dffa5
e52e079e
e4cd1214
e9c9200a
f8962873
09be2113
0edc0c7d
01e4fa33
eca4f8d9
e0ca09c6
ea621eff
04fa2563
1d7913c3
1fcff40a
0827dd6f
e812e0e1
d826f922
e25e0f86
f98a1054
070bfc8a
0061e789
ef9ae32c
e7f2efc8
f2dcfe1d
0956fee6
1b89eef2
1d45d886
0eb5cae4
fb36cf17
f0eae2cc
f7f9f9d2
0c0e051a
1dc7fe54
1da2ef3d
0c35eae8
fb7afabe
fd891333
12061d69
24d70e12
218ff127
0799def7
e9bee5ef
dd9fff33
e93216e7
01011ec2
156116ed
1e8408d8
1eb9fd0b
1bd2f4e9
183bece7
1171e284
03cbd968
f1fbd9ff
e6b7e781
ec4df95d
007d00af
13d7f6eb
1841e4d7
0dafd9c6
ff73dbc4
f578e426
ed0dec02
e23ef593
d9c40555
dcae16ea
eaec1d4d
f7ff1258
f82efebb
ed16f083
e299ecc8
e035ed38
e2d3eb1b
e413e843
e4f2eab6
ec38f185
fb27f476
0a66eeb7
11fbe3e1
11b5dc17
0f71dad2
0f42ddfa
121ee2b1
1709e67f
1ba7e766
1bb7e58a
1393e535
05ecee46
feac027e
08411524
1bb4143d
23a3fc74
115be177
f003dcdc
dc9df232
e7c609c8
04130a39
150bf366
0c1bdc71
f52bdb99
e6bff107
ea9a0bd0
f9eb1d12
095b22fd
14f52220
1d4c1bb1
20140e55
1835fce8
04e9f037
edd2efb8
ddeaf9be
d8e50619
db8b101f
e3f41829
f47b1c89
0b531614
1cb300e0
1b6ee72c
08a9dbfa
f6dce96e
f9840378
0fe611b5
24ea0766
22e1efd5
0941e2c4
ec21ebd7
de2601ae
e0cd12e2
e8ba18de
ee8c1a45
f6b21d8e
06ee1edb
1a6c165f
2530063d
229dfb5a
1c55fe79
1e1c08fd
264b0c04
2628033e
14f5fc09
fdbd04c2
f44b196b
fec02566
0c441a71
07f20287
f0bef5c9
dbbf015a
de1818b8
f72c23d1
135816e0
1ea4f9f3
1371e02c
fb64d89b
e683e644
e1fd018b
f2b21acf
0ff62200
25a712a7
2388fb33
0c6ff251
f64f01b7
f5301a99
06df23f6
13f71454
0981fcd3
ee63f69e
dc4308c1
e5532048
01f224c6
1a54108b
1d1df2c0
0c3fe017
f678e15e
e806f1a1
e51b0788
ecb81b9a
fb5227b3
09cb2827
0eeb200c
08851a7b
00941ecf
02542626
0c172243
0e230fa0
fe1efd74
e69ffd69
dde00f0e
edb91dda
086b1815
191401a7
1972ecc8
13f4e573
1439e807
1a2ceb17
1fa9ec92
22a8ef1c
2504f264
25b7f2f0
1f19f168
10a0f628
04a60607
05f31816
11661dd2
173b1317
0bd504cf
f4ff03af
e43213f0
e5932921
f5e8336b
087f2c72
11691937
0bbc046d
fab9f974
e92cff3f
e5f811e0
f7c12164
140d1d04
24640394
1ac0e7ad
fec2dfad
e702f0a7
e29d0a84
ec75196b
f4141927
f0fd149a
e9471586
e7061a87
eb181b1a
ed971555
ea931115
e7d315be
eed72023
005d253f
12321e87
1a1d11cb
17c30970
132d0a41
14361016
1bb61376
24ea0f73
299c03c4
2456f421
1351e7ed
fa84e73a
e4d9f5ed
df380d1a
ec181c7e
ff2117e8
062e02d7
f990eed6
e2a5ec74
d406fd48
d83512da
e88e1d33
f5211a52
f58a1562
f00d1864
ef31201d
f3c72205
f4a41b64
ed621573
e6b5185b
ed751f3f
019e1b3f
13b405ec
1541eb47
0996dd56
0141e0a3
05e0e84d
0f61e6d8
0e70df07
0036df2c
f0d7ef99
ede309ff
f9a72070
0b9a2a1b
1a96275f
220e1be5
1ede0c3d
0f610027
f9e30159
ed9210c9
f5592102
0aa02022
19d60a79
15d0ee77
0357de26
f144de27
e820e625
e4a9ee7f
e1caf82d
e14c061b
e7911536
f34e1ed2
fdf22062
025b1d7f
01031bb6
fe4c1d0d
fd2b205a
fe5d233f
00b323fe
01a62225
ff231fd4
fa8d204e
f83623d3
fb1b25b7
00332074
00bf145f
f93607ab
ec4e0103
e08f0207
da6d0688
d99a09a8
dbdb0921
de840434
ddeefc8d
d91ff7c0
d5e1fa7b
dced01da
ef4e0315
01d9f706
06c6e466
fc8cdc5b
f2f6e87f
fab2fde1
11ba06c7
23a7fa53
1e7de612
0552dfdd
ebdbef89
e1fc0abf
e875211d
f5722a8a
005428f3
05812150
03eb18e8
fe41159d
fcc0198b
06501d0e
16c11483
1ef0fd30
12a9e496
f68ede48
df65f20b
e01f11a7
f71f24cb
0f621e95
13fa098b
033afb56
ecfaffad
e23010cd
e6882001
f20a254d
fdf12308
09b91d2f
15d41324
1e600455
1f51f55c
1affeda3
18c8edf0
1bc7efef
1f56eeae
1e5feda7
1b93f195
1cd4f7b3
20dff824
1e6af067
0e44e9b7
f6b9f005
e6a602e5
e57e1570
ebd71c31
edf118ac
e93c1461
e3aa1483
e1e01620
e26f15c3
e2dc1408
e3c61311
e7101183
ea260d56
e8d00a86
e686100c
ed6d1d32
010725f3
156920ad
1be41449
14a01086
0ea61a24
13dd238c
1b561dc4
13380c26
f93002d0
e2170d36
e2461d35
f50d1a1f
008dff62
f541e497
e1aae2ff
e186f727
fbb20534
18a5f9d6
1b95e15b
0348d927
e967edd2
e4d80e24
f1d12058
fb011ddc
f5031616
e9c6175c
e9361e4d
f4601bee
fcb80a71
f598f4e3
e209ec54
d16af643
cfb4096a
dd1a17e7
f06619cb
ff750ef8
029afd43
f79fef51
e523ef60
d82eff1d
da8e1447
e8e42064
f5a91e53
f5fb16b3
ed5d1651
e9c41e49
f1ee222d
fc4316e2
fa4801c1
eb29f30e
dcf1f36d
dbcbfa5c
e3f8faa2
e81bf388
e213f098
da8bfb47
ddaf0e7b
ec451c49
fa921def
ff5919ea
fca2193f
f9f51d5e
fa0b210d
f9b72253
f80723b3
f7fb250f
f9292302
f6e41d4d
efe21a4e
ec6d1e32
f5782195
074617dc
12b7ff1d
0e34e5b0
015bdb61
fc54df9d
0388e40f
0b46e05c
081adc92
fe5fe5f6
fe39fbe9
0f250c2a
236b0660
24a9ef6c
0c5cdeb3
ec3be64d
dcc10231
e7a91cde
01ae23e7
17971567
1d6bfd70
12e8ea0e
ff6de3d8
ec78ec2f
e17bff4c
e339155e
efed2443
fe33269f
04ad2068
01771b59
fc0f1d89
fd002315
0402220f
07dd165b
002106ef
ee52ff80
dd7f05c0
d8c41429
e1f11fec
f317229d
051b1b9d
133f0d68
196afa5a
1235e77b
fd35df73
e571ebe9
dd1708d4
ed622253
0a502399
1bc90bf2
1531ef4b
00aae153
f1d0e366
f12ae828
f6ebe533
f7e1ddff
f3c4ddca
f432e853
001df548
1323f9b1
212ff345
2321eafc
1dacea19
1a80f012
1d33f545
21a6f4c6
2291f081
1f41ee42
1c2bf0c7
1cc3f5c4
208bf8c7
22f7f6b4
1dfcf1d4
10b0f203
0302fd58
00a6107a
0e6e1dd2
2281195c
2c9e0590
2625f252
18c8ecf8
12f9f337
1828f841
1e52f435
1b28ec99
0f10ec5d
0418f883
04650b7d
127c1948
26eb1827
343d0749
2f47f1c1
19e7e8ee
04a0f58d
004a0dc0
0cda1d4f
198f1965
15480b45
01080581
ed920e86
e75f1b32
ea921e37
eb42177a
e5e81263
e4c515a1
f13319b7
06cf121c
1680fc9e
1698e493
0a0bd661
fa7ed5de
eee2ded2
e8f0ecc2
e9ebfcc5
f3280b38
037a13a8
176012d8
289607a7
2fa3f593
27dee57a
14d9e2f3
0434f310
039f0bdc
126b1a2e
1eb9146b
17c90568
004c0154
ecc80f05
ecfa1fe3
faca1ff2
01e40c57
f61df603
dfefef2f
d09cf9a9
d0f70a2e
de21163a
f1011977
045513b7
133f054a
1791f168
0eebe11d
ffc0dbf5
f311e0e0
eb40e9a1
e4fbf353
dfab00ba
e08411d3
ea461ed0
f64d2095
fa76199b
f4a214cf
eecc190a
f3af20ae
03271ed4
113c0d71
128cf41b
065fdf68
f463d747
e583dbab
df20e7a6
e253f597
eeb1ffe3
00000000
0c17f39d
0919e1ab
f744d7a7
e2b8ddbe
d9c9eede
dfc3fc52
ea1cfd13
ecb4f5f8
e633f30f
df7ffb7d
e3950b77
f5961758
0e1c14d2
2009036f
22b8ec48
1763dba7
0801d8ca
0082e01a
03c6e652
09bbe42f
08e2ddf3
00ccde1d
faaae9ec
0022fb1c
10da0526
2249004a
27aaf065
1d4ee1c0
0b74dda8
fc97e23e
f37ae85e
ec0fed00
e3def3f1
de6700c9
e16711b1
ee211f35
fdbb22f4
07201f0d
07781af8
03901c14
022420f4
04fe22d5
073a1e9b
049818c9
0042189b
03671df6
115f1fbb
221415e8
28a30393
20e6f5d7
14f1f61a
11e9ff3a
1972031a
2010f8f3
179ce753
fedfdf9f
e5c8ed88
e0160a3c
f321214e
11172222
240e0d27
1ee0f3f9
0808ebc3
f4befb21
f6bf13b6
0c3d1f0e
224611cd
24a2f537
0f0cdf6c
f0b6e166
e024f98e
e85f14fb
ff7220a5
11701a42
13a8102e
0d071014
0ae41914
121e1f6f
1bd21afb
1fbd0e19
1d4cff97
17e9f1aa
102de403
042bd952
f564d7e1
ec8fe2b6
f1a8f262
026cfae7
1392f6d5
1b18ec10
1949e4d0
15c2e4f3
161ce902
19e1eb98
1d96eb89
1f41ea6d
1e54e997
1b17eb2f
17def056
1815f68a
1b18f701
18fbeeb1
0970e4d0
efcfe79e
dd71fd2c
e3bc188b
000f2206
1b120fe4
2033f28d
12dde30e
08e5e877
0f64f28b
1b9af00f
1a75e447
07c8e101
f26cf099
ea1d0a48
ef9b1d3c
f6ac21d3
f5c71e7e
eec51c92
e8f71d50
e6ff1cbe
e64919aa
e5e71781
ea3e16f4
f4751242
fce404a3
f947f350
e819ec0e
d622f783
d2b80e5f
dff81f31
f1391e87
f70011e4
ef2d0978
e6e70f4a
ed911c56
046b1f5d
1b860e3e
2045f1cd
0f51dfa1
f949e6e1
f4a700b0
07f7148a
217b0f1f
279ef5bf
1278e0b9
f2dde2ba
e00af8ce
e3c8105a
f5f61a50
09d015c9
190b0915
2281f842
2363e61c
1991d9bd
0aa8dc40
0320edd1
0a980249
1aa00b97
247108aa
218a0521
1a8b09de
1a9c110c
1fe60cfe
1be2fb93
069feb87
eab5ebed
db5efabf
df150712
e96c04aa
ea55f9c5
dfedf66e
d7010319
dc79177e
eeb5237d
ffc6209a
044a1657
fd681174
f6a117c0
fb212247
0ac02524
1b381af8
21fd09d4
1e93fe11
1a2ffd2c
1c44018a
221a0288
2385ff7c
1ea7fede
1a15039a
1bec078d
1fd901ac
1ac7f289
0722e667
ed73eae5
dec20156
e6981b9e
007726f2
1a741a04
2194fce6
0fa4e3ae
f12fdfdb
dc84f17a
dec106e5
f1630cda
01d6fedc
02b7e9a3
f7c7dddb
ef84e041
f2dae6c8
fb62e5cd
fc63de9c
f1d6dc4f
e418e6c3
ddeefa14
e2770bc6
eb76153b
f2b51907
f9c71c9c
05d11f6d
16b11b1b
242b0cdc
25e4fb8f
1d7df2a6
1612f5c3
17a9fc86
1eb5fc2b
201bf2d5
14b8e975
0093ea8e
ee1cf8e7
e5790eb9
e847232d
f38c2f6e
02112f4e
0bb8215c
07d00b90
f528fbe2
e0f7fded
ddda0cd0
f058142d
065f0573
081eea39
f24fddbc
dc04f03a
df69138d
fc552810
176b1dcf
1734040a
fdcff73b
e4be02eb
e2121744
f2f01be4
018b0936
fd3aeeb2
e95de1a9
d7bbea1b
d5effd9d
e12e0c5f
eca21241
f17f1695
f5a31f73
026726a5
150e1eee
1dd804a1
107de6f0
f4fadba5
e31fe800
ea63fa5c
023afddb
14cef03a
16e5e27e
1219e280
1435eb35
1c3bee1c
1ba5e79e
0b27e4c4
f560f170
ea630938
edc71c8f
f4912260
f47f1ff3
eefe1df4
ea021d44
e6131b3e
e1b11989
e07d1a99
e8241a09
f50c0eea
fa42f954
f0d2e808
e3cee912
e5adf88b
faed025e
11f3f845
151fe2ed
01fbd8d3
eacde6d7
e39404bb
f1311e79
079d26dc
1816201b
1d4e1512
1b6a0ec5
192c0eb5
1a2e1138
1d7b11a5
1e310ea4
19ca0c3d
14370e6e
1494123c
1b300ec5
1e86fe93
12ace95d
f817e143
e044f148
df1d0fd4
f7692531
15c820ff
21b109b5
1358f606
f990f82d
ec190d86
f5c9220e
0ce52264
1cd50c67
1888ef87
052ade99
f234df24
e994e88a
e7d4f059
e443f6c9
de4a02a6
de431505
e9ef23d6
fb2a23a1
042c1328
fc3dfead
e9a0f582
dbadfacb
dc3a03fe
e5e5047a
ea09fbde
e1fff7e1
d7bf03b2
daa919f2
edc72850
02112271
06900ee6
f92afed4
e6cffc73
dd18026c
dd950516
dfc5006c
de49fb6c
ddeefcfb
e621021f
f65000f1
03c5f35a
01c5dfd0
ef64d55c
d9e4dd9f
d259f356
deda0562
f4a9059e
02c4f5b2
021ee459
fa1dddd3
f6e6e214
fc82e6e7
02b6e445
fe35dee0
ef44e454
e49ffabc
ed621693
079f2321
202015d5
2365f94e
0fd0e3a9
f51ce266
e488f237
e4d106d8
f2801662
06ff1c6c
1b421764
279709b4
27dbfb49
1f9bf51d
1897f8d4
1955fed3
1e82fe2a
1ef1f511
13e3eaf6
ffdfea05
ec8bf6bd
e39c0c5f
e7ad2178
f5142df2
04a02d08
0d121f8c
080b0db5
f7be02d3
e6e304f9
e0a90ece
e5861448
eb20104f
e8ea0a20
e22c0cf5
e33b19cc
f202250a
05dc23f5
11a218bf
11b00f5d
0de40f4d
0e7b1577
15211ae2
1e411a97
256d1319
267b047d
1bbff25d
0310e6a6
e5daec88
d6dd0277
e0bc1645
f8d51396
0634fa12
fbd0e12a
e796e097
e4def601
fc9006cc
199dfe50
1f3ae59d
085fd9e2
ece4eb22
e5050a54
ef0b1d17
f5c81bdb
ee0a15e5
e2e71886
e3911d9e
ee881661
f46f00db
ecccec23
e183e5f1
e0f2e9db
ea06ea0c
ef30e424
ea4de509
e696f600
f2210e06
0ac71ac3
1f0c14ec
216f08dc
17d806f6
12c2106a
19d817ac
24c810f0
2670ff0f
1c25ee30
0d99e576
018ee2e9
f7f7e286
ee3ee497
e4e2ec20
dfc2f9c0
e1e50964
e9e215e4
f3691cd7
fb812041
03f02206
0f9c1f3d
1afe11ae
1c16fa1d
0c51e474
f22edfb5
df5df06f
e2d80a81
fa911a33
14771632
1fdf0820
1d5c00c0
19f50529
1d590c67
22720d2b
211d0980
1a6f0954
17a40de6
1d0b0e66
23670324
2010f095
1299e2f7
053de0cd
00cfe4bd
0419e600
0795e23a
076fde12
060cdd70
06a2dee5
0876df9a
08c2df63
074be114
073de4b6
08eae5c4
0754e256
fdffdeb0
ef0de1e9
e251ee0b
de42fe3f
e27f0b0e
e97d1229
f0241745
f9e21d3b
0a582046
1d4519af
27790a83
236dfe4d
1941ff2a
165e0986
1db90ece
23a204d0
191ef218
fe01e898
e384f221
dafc044b
e3860bf0
eba502e6
e673f7da
dc91fc71
e1200f39
fa6c1c88
18dc140c
2534fa7e
1742e4ba
fbebe36b
e71af482
e1890949
e5a31687
ebb01c95
f35f1ffa
00f71fea
12991526
1c59fd9a
12c5e4bd
f987dd2b
e342ee01
e0ee0b2e
f3291fc7
09db1eed
12bc0e15
081efdce
f31dfbac
e25e0961
dfb61e83
ec302eb2
ff4e2fc8
0bac20d5
07050c23
f42100ea
e274052a
de4d0ecf
e4830f80
e73805e2
e0cbff85
dd040785
ebd41641
0b13176d
23d6037b
22a0ebd5
0e3de964
00000000
066919f0
15c821f2
18ee1a6b
0cec1677
03ed1e2e
0b10232a
189b1450
1744f5dc
0135df1a
e879e15f
e458f4b8
f7e701a3
110efacb
1cede7b1
1825d8a6
0bd1d5a9
ff9edbbb
f3a9e722
e9a9f9f3
ea831285
fba223d6
13631ef8
1dce050d
10c5e976
f76cdf58
e696e7c5
e822f27c
f209f138
f3cfe721
ea02e47f
e188f264
e84a08f2
fed21833
18fe164e
28e806f7
29f3f5a7
20f1eb7a
16c0ea40
112dee0a
1155f141
145aefe0
14bbe8aa
0dbcdfcc
ffd7dc03
f0aee0bf
e68aec36
e31ff8cb
e379036c
e5a50dd5
eb8f18f6
f7cc21d0
082c2309
15a81b9b
1ac61099
182709f3
14a10b44
165e1038
1d6611a9
24710c07
26520097
1fe8f2ee
103ce79c
f9c1e526
e4ebf0aa
de040794
ec9f1c24
099b1dc6
20aa0838
2119eb5d
0e07de45
fc75ea81
fe9002bd
11d610d5
22870cb9
2300032f
19b7039a
16720cef
1e3510db
26c20629
2406f2e8
15c5e496
06c8e212
013be661
04e6e7ec
0991e3a9
09b3de47
0728dd1c
0683dfbb
08d5e1bf
0ad6e0d3
09ffdf65
080fe015
0788e20b
0822e281
07b6e14d
05d6e091
044ee122
04b9e1da
0645e087
063edda6
0402dc6b
0351deea
071ce1c5
0c4fe07a
0c1cdcc1
04e8de45
fe86ea51
0295fb9d
1179065e
21980355
27fdf586
20e6e6d0
1124dfad
00ade138
f466e769
ebfeee22
e4e4f545
df3ffeb1
dde70b5d
e4251897
f1db210f
02c21faa
0fcf13ea
13bf01f8
0d1deff1
fe01e292
ea38de0b
d8a5e510
d25df53c
dcf803c8
f25f049c
037cf5a4
04d2e2ec
fa9cdcbd
f4d2e7c9
feb9f842
1313ff18
2352f912
263df01a
205aef3a
1d02f6a0
2057fcba
244dfbc4
22dcf784
1df5f63b
1bc5f8ef
1eacfa5e
2212f732
2119f356
1da0f400
1d36f904
2170fc60
24eff9be
2063f42d
139af4c8
075c0073
04ee1251
0df91f89
1b212117
242d17ee
24f20878
1bfbf723
092de97e
f079e75c
dd3bf572
dd960c7e
f4471ac8
12141322
21a5fbd9
1dbcea14
14f9eb17
1783f673
2255f9eb
23b6f1ef
12bdee11
fd57fd2e
fa2d1799
0de82339
229d100e
1ea1ec04
0179d689
e688e0c8
e892fbc0
05850901
2031fbd6
1fd8e6fe
0a33e664
faabff7b
03251b4d
18021fcc
1dee0bf7
08f2f8c6
ea9dfdad
e10616e3
f695292f
17921ed7
25e6fe61
178de468
fe3ee676
f41cffc7
02831758
1a99185c
258403c8
18e6ebce
fd9ae2b0
e598ec09
dcbbfd52
e0b90a02
e72b0f82
eaed14de
f1091eeb
ff96280c
1280255a
1c6e14dd
137b01ec
fcd5fc88
eaac0984
ebbf1cdd
fe4a2403
12891690
1916fc5c
0f19e47d
fd1ad933
ed94da93
e597e2a3
e512ec26
ea2cf2a4
effcf2f2
efcaef44
e723ef11
dbeff9b4
d9560d50
e4311d6f
f3751f57
f8e1162d
f1871066
e9ce166b
ef712068
01251f01
10a40ccd
12b0f354
088be061
fbbed8de
f193d955
e8e1e036
e3bbf031
e95e06e3
fd0318bb
157f19fa
222e0b5b
19dbfbc6
0494fb7a
f4e40ccf
f6992253
053b2c9d
143127cf
1beb19c5
1b9a0922
1432f8cd
04efec4a
f046ea0c
df24f60d
db500a91
e5b61b42
f469207c
fcc71dd9
fd231bc6
fb0d1e05
fb57218d
fc6021c4
faab1fa7
f7211f3a
f65d20d0
fb331fdd
013a173a
00130895
f3d7fca7
e15afcdb
d44b0be1
d77620ec
ea682be9
ffd522ab
06630a3e
f86cf51a
e380f318
dc190116
ea060c03
fff703ee
08eaeccb
fd4adb13
ea48dfb8
e3f6f7c5
f1641119
08251de5
1b5a1e59
2686186c
29e30e38
22df016b
0fa4f9eb
f94701a3
f1bf15f5
00a92397
17f118fb
1f98fa62
0ec9dfb3
f55cdd79
eba5eff5
f96e0190
116c023b
2114f3e5
21a6e408
1883dba3
0b78db40
fc74e1e5
ee04f1b0
e8af0a05
f3f31fad
0a2523de
1a39127b
1716f82d
03e9e673
ef4ae3a5
e363e8a3
de2aee05
db3cf5e9
df15051b
f29e15b1
125317b6
29460521
250cee47
0c27ecd4
fa4805f6
011c21a5
139d250f
15d410a7
fe2bfe8d
e19b0352
db621505
ed4f1833
fe9f01e3
facfe50a
e9a7dc86
e55eeb69
f96ffafd
154ef82a
21b4e882
1b6be0db
13ade986
17ddf4fa
2063f2ed
1c68e502
0875dbb9
f28ce0e4
e952ec78
eb10f0a8
ec4ceb7f
e88ae5da
e634e5ca
ea62e643
ef99e1d4
ee94dd99
ea9ee328
ef60f239
019ffd64
15fcf8d6
1af7e87a
0babde3e
f533e73e
e87affb7
ec13192f
f9d7289b
09072c02
140425b7
17631869
0f6b0995
fd9a02c1
ec870a3e
e84d1a09
f2d724fe
02a32392
0e631a58
161a10a4
1e6a0710
25a1f919
237ee8e7
1547e1e2
05edecae
03eb02b3
109f130f
1eb5142b
211f0c6e
18e70959
133a0f0c
18b413f6
24140c8b
27fff92e
1dd5e683
0d51e0f4
041ee84a
081ef081
1194ee19
1270e1d8
04a6d873
f0f1dca8
e4d1eb20
e422f781
e751f96c
e569f471
dee3f208
dcc4f4ae
e293f506
e8a7ee76
e68de847
e062eebf
e4ec028c
fb28141e
16a11464
24350743
1facfef0
17c6052b
1a440fb2
22ee0daa
20e2fd93
0c99eef1
f0bfefb7
dd7cfd78
d81d0c2b
db2b1546
e3641b1e
f3551d42
09bc1478
1a34fd25
17eae334
0659d9e4
f8fde857
ffdefffb
15f80b59
26570478
2488fa40
19adfc1f
16eb06ae
1fed0981
2739fb5e
1f2ae61c
0af8db2e
fb6ddff9
fbf1e88e
0592e6fc
08d0dd18
00d8d96f
f927e60f
0000fb3e
14b606a9
26b90002
2809f048
1a5fe5ea
09bee53e
fd5ce69c
f13ce4fa
e1aae60c
d5abf128
d9db01b7
ef6e084f
0666fb52
0b85e49c
fdeddaa3
f0dee886
f7b00143
10500c3b
242efe0b
1e1ce427
ff83d8b2
e0bde9a3
db7909f4
f2a41ec7
118618de
20b50204
1cf8f1c6
16aff356
1b81fc7e
25f3fdc3
25b2f5fc
14c4f43d
012b03c0
fd9b1b4a
0a4a24b8
138b16f6
0869010c
ee7efac9
dd4f0aca
e5e520ae
02772578
1bd0111d
1e49f13e
0949dbe6
ecd2de28
dcc3f471
e3320e2c
fa601a4f
12b312f0
1e66000e
1bb8f067
14ceec63
13e2f000
190df210
1da2ef42
1cc7ec17
1972ed97
1974f167
1cdff0c6
1c99e8f4
126cdf97
0034dd8d
ede8e767
e417fa8c
e7c30fb0
f88b1d5b
0ff21ace
202f05fb
1c43e9e2
04d1da25
ea78e386
e240ff5d
f1e41831
0a281e48
178d161d
16100fe5
111513d3
12961ad5
17ac19aa
15a90fbf
07e90736
f4e609c7
e8ce17e8
eacb2860
f8c23098
0a9b2af9
16a217f9
14adfe7c
0414eab7
ef20e56d
e3e3eb5d
e63fef9c
ec3eea45
eb05e2c3
e5aee5f7
ea8bf4f9
ffd00006
16e7f826
199ae45b
043fdc0b
eaf4ed0e
e3d70b95
efc02025
fcc61ff6
fba215da
f01b1322
e98e1c20
f1ca26cc
04482736
14ac1b70
1b7d0bd2
1bbb0084
1b77f901
1ab4f019
13b9e4b3
0318dcef
ee9ddffa
e1d5ec68
e1dbf68d
e6def58c
e628ed85
df5bea98
ddc4f1d5
ea08f9e2
fde1f6b7
0b34e8ee
0c4edd50
0910dcd2
0b18e2ec
10dee4f1
0f9be182
0242e316
f209f320
ecf90d0d
f71d22ee
08672a4a
15ee23e7
1b581754
1ad10990
156cfaa8
0814ecf6
f319e8f1
df71f4bc
d9860b8f
e4611edb
f54623e9
fdc01d7b
f9ef18b8
f3c61d70
f5aa2547
fdca2417
0080168d
f67a0676
e5e2ff32
db300052
d9f1ffc1
da78f960
d83ff493
da25f82b
e999fdc2
015df787
0e3ce4b1
061bd875
f810e45c
fbf1ffe6
14630f72
289c03c1
207dec25
007ce4a8
e42bf4fa
dd7009ce
e3fe0e78
e4d90454
dc36fc9a
d7d5004c
e388053f
f7f9fcc4
0341e870
fe63d91e
f4eada53
f4f7e524
fddfe9b3
012be244
f45fda56
df32e10c
d476f6c0
de3b0a9d
f38c0bfd
01f3fac0
ffcae669
f4d9dde1
ef85e1af
f4e2e670
fca2e3ae
fb32dd4d
efc9de6b
e41beba4
e0e7fe60
e4a80cb6
e8be153a
ec941caf
f62b2378
07d32160
17fd0f03
186ef2d9
06abdf52
f144e0f0
eab6f1e8
f7cb0051
0d93ff63
1cc1eff7
1dd2dcf2
12e2d0e4
029fd1e4
f5ace0e5
f566f80c
04c9098a
194d0840
1fa0f471
0cbde0d7
ec58e2a9
d8f7fb1c
e1a4139b
f9cd14cf
078afeed
fed3e7b9
ec17e377
e4dbf172
f227ffd3
0a04feb0
1ae6ecd9
19aed612
084dc9b4
f39cd06b
eb83e5ca
f727fa70
0db7ff37
1ccef3db
1a40e7b4
0d8deb15
07bcfe58
0fa3123b
1b431a52
1db31989
16d01acc
11c72009
13471efe
113c10e6
00ab00b1
e92e0140
e1881418
f60c23f9
17321a71
26b5fac0
185be14c
fe68e531
f53500b4
05c918a0
1e8317c5
266a01ce
1582ec2a
f8f8e748
e38df132
db6dfdb9
db43064d
deb70d73
e92015d4
fdbd19d2
15ce1047
2188f903
1679e2bd
fb82dfbd
e51ff424
e302105f
f1151fdc
fd251c45
faa71228
ef2411df
eb7b1db4
f7dd2848
0bb12578
1890175f
1a2d0a81
17f106f1
19b3096f
1ea40b3c
20ce0b2b
1f260db4
1ea01351
21511575
20370fa4
14870827
021d0935
f4891483
f32a20a3
f86a238d
f9c91ebb
f5851b8b
f3551ee4
f9a5238a
067d21f6
139f17ef
1c4f0892
1f4df727
1b90e6bf
1164dc80
0712dd18
0582e578
0de7ea71
1458e4de
0bdbdd90
f80ee527
eb3efeca
f0a919b8
feee2491
04102001
fb6b1bca
f2c820b4
f6d02509
01021a36
ffa102ef
eda9f2e8
db16f8c4
dc740d82
f5041b4e
131e13e9
233dfdfe
2101ea3a
161fe1f4
0c29e1f3
0411e2a2
f963e2e3
ebbae760
e08cf2fe
dd830219
e2d10e91
ebf515ca
f59a19d4
00221d72
0e201f55
1de01a57
276f0c45
22affbff
1141f629
fff300d6
fbe31486
0646227a
148a22c3
1d181939
1eed0cac
1d54febd
17ddeeb4
0c20e043
fd48dab9
f526df19
f8c1e3bd
0021e020
000ad93b
f8dedc26
f7a1ec84
053cfdf0
199b0120
22f0f68c
1978ee9a
0899f77a
01e00dbe
0bd9215f
1d5125b8
29271b0f
28f90927
1c8cf82a
079cee6e
f0c7f010
e0dbfc5f
de990b39
e74411b6
ef0b0c61
ec4704fa
e35108fe
e26b19ab
f1262988
069f2ac7
125f1db7
0ce71119
00bf123a
ff2e1d44
0d2d208c
1ce30f3b
1b08f0d9
0442dc15
eaede13c
e710f875
fd13085e
17d70051
1e99e956
0d15dbc0
f4e2e563
e8e6fe4e
eb651548
f33822dd
fb5229b4
06152a50
11c01f62
14ec0858
08bff05f
f412e4e0
e5f0e75b
e5deebdf
ebf3e860
ecb4e118
e8eae26d
ed4aee36
ff76f757
1427f2f4
1c52e6a5
1703e147
1162e827
1496f072
1a5fedbf
14d9e189
00e8da37
ebf6e10f
e43bee7e
e8acf474
ed13ef5a
e9ebe822
e3e7e825
e438eded
eb36f04e
ef5cec30
e957e92a
de11f159
d9c70423
e2331606
f0651c2f
f80e174f
f4b91212
ed6e1500
ec6c1de6
f4e92457
022d22bd
0e421a6b
182b0f09
1fd100dd
21d2f080
1b78e3b9
109ce10e
0a9de838
0e36ef77
1485ed6f
10cfe3cd
ff23dffd
eaabed0e
e45b077f
f2c91e43
0c5c221d
1f86111c
1fd7f697
0ca5e2e3
f0aee275
dd20f644
df28111b
f4921fc9
0d761874
193c01bf
13ccebb4
06fee1af
ffcfe20a
01c1e330
0661e05d
08b0dce0
0a18dd0e
0da4df3e
1062dfb6
0ca9e094
03ffe959
0109fb7f
0c510bae
1fd50b65
2a98f8c5
2242e2b8
0e7dda5c
0171e158
0325e9c2
0ab9e822
0b4cdfcd
02cbdd40
fb7ae783
000cf83e
10150323
21b9014c
2b29f56c
2802e6e9
18eeddde
038ce0c1
f16cf0d4
eb3d07e6
f2661b0f
ff2921c4
06bd1d69
04c2178a
febb187f
fec92010
098824dd
18b41e58
21910df5
1fa7fc82
17a7f0f6
0fc8ea6f
086de4dd
fe62df96
f003ded7
e1cbe716
db4ef698
e0a50588
eefe0ae8
fd440292
01bdf121
f8f0e0ba
e7eedaea
d8cfe2f4
d510f40a
e012040a
f4d7091b
0793ff1c
0b67ec0f
fbccdff3
e503e953
dc6005b2
ec892017
09fe230a
1d2d0c3e
17f8ee3c
0252ded3
f17ce223
f0d5e9f9
f8cbe8b1
fb60e061
f4f4dde0
f04be91b
f997fa19
0f1200aa
2160f4bd
2106df58
0e26d292
f8edd7b2
f09ce683
f633ef35
fd22eaa8
f9d4e16b
ee3ee164
e634ef30
eae5039b
fbc31381
11551947
2422149f
2e6f0826
2c2df975
1dadf0cc
0a2ff4e8
fda40528
00aa174c
10191cd6
1de80f38
1ba5f67c
069be3f2
eb69e457
da76f499
d9a206f6
e1d110e2
e8a011ed
e95510d7
e72b12c9
e7061685
e8b21748
e80a141c
e37e1197
e0171363
e4cb1627
f1011176
fafc019b
f849ee40
e980e51e
dac7ed63
d82c0040
e1cc1025
ee0b1771
f60a1a8a
fc941edd
0836219b
17aa196b
1ecb02f6
12d8e9cb
f8d2dfb1
e29deb9d
dfec02d5
f06d13d2
07711631
19190e42
23570418
287ff996
2672ed5f
182ce45c
009fe876
ed40fc8e
e98f151b
f11b2157
f4871e64
ecf518f9
e4f01b4a
e9601e86
f69c14bc
fbedfd8b
f0a9ea21
e16feb4f
e2d4fbfc
f8b605d9
1026fa42
123de26d
fc17d672
e1d2e53d
dbc605d3
f18f1fc4
13c91eff
290d04d2
22f4e74e
0b26deda
f9b6f097
ff020ae6
149a1611
22a80b65
190dfbe2
002afcef
efc5107d
f5192314
050620ac
08f40ab5
f79df667
dd7bf616
cfa008ee
d7441da3
eaca249f
f98c1ce3
fb30120b
f4ba0f97
f21016e9
fac61f2d
0c2b1d69
1b100ca5
1a97f338
06d7e0d5
ea97e381
d96cfb78
e0a717e9
fb262317
14bb1442
1b0ff72c
0dfee12d
fe31dd8a
fb91e4bc
053de6f1
0c2ddf97
0612daf0
faa9e719
fc33009a
109d1114
256e06e4
20c7eb18
ffacdb4c
dd7ce94d
d80e069d
f06f12bf
09d4ff81
0a60e16d
f7f0d7c0
ef21e99e
00030022
1bcc0351
27b2f640
1c2bf01f
0ab8fea5
05b11743
0bcb268e
0df027d4
06512651
fee4291c
00472740
02521761
f79a0193
e2e6f8dd
d8ef0353
e7550e69
007b04ea
099deab0
f9a5da24
e40fe606
e1dc04c1
f6421ca6
0e3e1ee3
170e1466
10d50f06
09361587
0b2420b1
16a6253c
23851d36
280b0a59
1dfcf58c
0703ea1c
edadef1d
df8b0007
e0ff0f0c
e9591109
eb2a08b9
e3e1040c
df720bd4
eb0b17fd
04571802
1a440602
1ea3ed42
1302ddbb
03f4dcbe
fa39e278
f2e8e6c4
e864eab9
dc90f492
d88104a2
e20f11f0
f476120f
02b1029b
00e0ed51
ef72e27b
db6deae6
d396008c
dbf81333
e9281660
ec320df8
e30c08bb
db680ea5
e22d166a
f3fa10d0
ffc7fb17
f974e522
e9cee270
e61af371
f84f0403
12b2008e
1c58ea38
0a2dd79a
eb37de1a
db25fc34
e7ce1a99
066721bf
1e6a0e7a
2091f370
1300e585
085ee9df
0c2bf36a
17a0f263
18e2e61b
07a4ddf9
eecae8d4
e2bb0440
ed121da9
04332336
15d51365
1828fb37
0eabe6fc
00c6db2b
f2fad7bf
e7e5dd34
e505eaca
ee89f911
0095fdd6
101ff4f5
129ce4fc
0781d95d
f6cfd8d5
e92ae250
e34ef04c
e456fd18
e84f06c9
ec3d0fab
f1ad1abf
fce525f2
0dec29f3
1d0920ef
1ea70eed
0f8b010d
f9d2026a
ed45113f
f2171f0a
ffde1cda
05180a6e
f85ef738
e0ecf39e
d00b0262
d159175c
e2002305
f5871db9
fef00bfd
f9c0f9d9
ec31f1fd
e129f5bd
dfc0fdc3
e57b00a2
e8e8fbca
e299f71a
d74cfdba
d4c91047
e3022115
fa5e211b
08b10e93
0282f881
ee96f0ab
df10fbed
e1270f0b
f3d51a67
0c10161a
1d83041e
219bed5f
1928dc09
0b8bd6c9
0270dd49
0467e73f
0d83e9b1
110ce2ac
060add24
f2d8e79c
e9220282
f28f1ca8
03f02450
09561c44
fee11743
f57d1eca
fc0c269a
0ca51c99
13820079
0827e5c0
f7a8dc80
f316e055
fb47e1f2
024fdc2f
ffe0d9ac
fc1ce49b
03e0f706
1647017b
2532fdd1
2625f536
1dc3f412
192afb41
1e85ff27
24f8f643
1fb8e575
0ce2dac1
f694dfdb
e9e2f253
ebdc0788
f8471653
07d51c51
16671b6c
22481446
27b40711
21b0f78f
102aedc0
fa21efa2
e8eafc4b
e1f10c84
e39219dc
eae222a5
f76725dc
082f1fbe
15ed0c8f
15bbf1e0
0511df0b
f0cde04a
eb63f0d2
fa05fe6e
101dfc79
1e2fee05
1e91df05
1593d7a3
0806d8ac
f7bae2df
ea8df8ed
eb731591
fd2127fc
10e2228a
11f10b90
fbc5fa7c
e26bfff3
dde71296
f09f1916
041f06ad
01eeea1f
ec08de9a
dac1ef29
e2350bb0
fde91bef
18e017af
244d09e5
22fe0005
1f25fb0b
1bb7f37a
124be698
ff55dcb5
ebb0deec
e4e5e92e
ec1ced52
f3c2e573
f090dc6e
e863e150
ec3cf39f
020d0103
1a05fa43
1dc0e6d9
095cddc6
efceec92
e6070911
ed251d62
f5491fe5
f2591a00
e8c61841
e4111b13
e7341a29
ea8c12aa
e8a00d2d
e8ca11fd
f6c21b53
10901854
22a6017a
1a16e510
fa78dbd0
dcf3efa5
d909101e
ede0202e
03271301
030ff793
efc7e7d7
e003ee4b
e535fcf3
fa79ffd6
0d2cf239
10bfe105
0a03da5e
05bddf53
0a10e58e
10e0e417
1059dbab
0406d557
f12bdb05
e35eefdd
e68a0ca3
fc9f20f6
17321fbc
21420ced
12c9fd1d
fa1f018d
ee051577
f4c0231c
ff811c3b
fcce0811
ec56f8f8
dcc0f6a6
d83ef900
db07f6f7
dd09f280
df09f298
e7ecf61c
f7aff478
050bea5f
0999de89
07ffd86f
068ed8af
07c0dba2
09bddf10
0c55e390
1096e6eb
1268e520
09f7e167
f769e70c
e7e6fc3f
e9da16a3
fb592351
0a9719aa
073004ec
f2bcf8d1
dcd8fdd6
d37a0d35
d8d31b01
e79b20da
fa301d6c
0baf101e
1508fad1
10c7e63d
02fadd38
f873e22d
f9ebea9c
01d9ea20
0325dfe5
f6eed781
e4aadcd2
dac6ef88
e14202f5
f1fa09ee
003501fd
03d8f1db
fc2ae279
ec96da83
dba3dea2
d3a0eed3
dd130198
f4780825
0994fbf0
0c80e6f6
fc81dd54
ea42e9d3
e73b03e6
f54e196a
07ca1fe6
11611b45
0f5616bc
08d41960
05f420c6
08a82606
0c6e2520
0c4d2084
076e1d79
021f1fde
02182552
07a526d6
0c121fca
07381353
f8450a9f
e8340aeb
df760eb2
dd0f0e15
dabb08ff
d7f00693
dcb308a5
ec590694
fd1df8b4
00dde526
f623dd18
ed39ea07
f73dff93
10b005f8
21c7f470
1778dcca
f8cfd917
e061f090
e2481192
fb8a23ca
18051ca3
245204c6
1b56ef7e
073aebfc
f94ffbc7
fdcc1204
11891cd2
250e14b1
2aa701cd
2283f2f9
17a6ef55
1443f1a7
17a1f0e4
1a2dec17
18d3e97b
1892ec80
1d3bf021
2175ee81
1cf6eaac
1021eec0
061afee1
093d1237
17361b0b
23ce1513
26bc075e
20fbf9de
172bee43
098de438
f84ddf75
e991e311
e4eeeab7
e9f6ec5e
ee1be4d7
e9bfde73
e4b5e49d
edb8f37a
05aef9cc
1a0bef39
1a33e17e
0c6fe57d
0686fcae
11da1319
210f1824
21ef1214
16491291
10201bae
17621c99
1d0d08ac
0e84ec40
f02ce0b1
dc18edcf
e428ff59
fcf7fdf7
0dcfeb42
0ecfdbdf
0cfddb51
1364e0d5
1b57e113
1870e056
0cebebd7
08f90421
142d1775
20b5160f
1add0742
0273016b
ecb90e9a
ec912065
fc8d20e7
06130c27
fa38f453
e122ef4f
cfe70072
d333180c
e578240d
f6321e76
f8b41131
ef510b79
e8891370
f2451f6c
0a601dab
1e6d0730
1cf4ea00
0914dd75
f7f7eab9
fbd90397
11301075
22a008c8
1f48f980
0a76f6d0
f7a70803
f7692155
09803019
1f3b2a81
287c169a
1fa103bb
0c50ff74
fd100b06
fa691ab1
fe9b2218
fe8420ee
f7b22037
f34023f5
f88c242a
00e716bb
fde2ffc9
ec17f1cb
db63f9a2
dfae0ee7
fa5f1b09
17601168
22d8fc7e
1ca9f0c8
1568f5dd
19ac0045
252c0183
2ab0f76a
239eeaf8
1328e423
ff0ae552
ec10ef1c
e0c90192
e5dc16b1
fc7d20a8
17c613e6
2310f52a
151bda98
fbb5d99b
f0f4f1a6
01350a9a
1ce70cee
278cfa7d
15dbed1d
fb25f9d3
f400179e
06d8288b
1c821a27
1b90f989
048ce2dd
ef56e1d0
eda8e86e
f860e4bc
fc9ed929
f69bd742
f582e741
05d1fb47
1e0cffcb
27c5f569
1afaefda
0761fdbe
018c170a
0b972629
14db224f
10c717b3
05e7165b
05161e40
13cc20b7
256c132d
2998fc61
1defee36
1118f1d9
1131fd8b
1bb9003f
20bbf39a
12f9e341
f70ae1ae
e0c4f5a0
e1b01202
f88520fe
12c31841
1e2f0131
1903ee85
0f72e9be
0d24ee28
1383f0f5
1b9dec4e
1d57e21e
14e6d8f6
03c5d7e7
f0e7e47d
e73efde2
ef2c18fa
043e2593
15ac1cbd
136d0978
feddffa9
e9b50812
e43517c7
eb9f1d74
f05415e6
eaa00e4a
e388127d
e8881f0b
fb29261d
0ecf2027
1774141f
15e40d8a
13220f9a
147814c3
18321726
1aa2165c
1abf14b0
19831417
184f153b
180a17d2
19801a8e
1ba51a7b
1ac21735
145c147a
0c981705
0c791bfe
15b317ba
1bf80326
10dde865
f6a0dc5c
e20ce8e7
e6820089
010f0a32
18b4faa2
167ee1f5
fd40dac2
e52beea7
e2260d60
f1011f43
feba1ccd
fddc124e
f2a21046
ec901ba7
f6c829a5
0c8b2b82
1da41d98
1e310be4
12fd062d
0c2d0ebd
130e1737
1f9a1092
2033fad9
0c8ce6c4
f025e554
df8ff5af
e56606ed
f96707ee
092cf6a2
0910df59
fb55d0e6
ea90d1e9
e110dfab
e412f24c
f304009c
07360258
1414f536
0d56e334
f4f9df09
de65f285
de4a1192
f6b6237b
13721966
1ddafd00
1295e569
0254e06f
fe25e65c
0523e775
09e8e06e
052ddbd3
fe4ee3f7
01c2f557
119802b7
24430322
2de0f8a0
29d2ebe0
1af2e41a
0584e489
ef76efd2
e24f0520
e6731b36
f9db2292
0b371341
082ff985
f1a2ed63
dd48fbe4
e1d417da
fed32620
1c221930
2219fdf8
0f76ed92
f806f5a9
f16d0e0a
015f20e7
1aa71d81
28070483
1c30e7c9
fd6edda4
e1f1ef20
de230ed7
f1e12404
08a12056
0ca20d52
fc3b0064
e8840303
df780ba6
defc0ced
dc92066f
d72f02ad
d95b0544
e89e046e
fafff6e1
00f6e2e2
f982da26
f3dee4dd
fe01f7b1
1406ffd1
2406f84f
23caedad
1aa9ecf0
16ebf51d
1d2df96e
2430f0f8
1f45e0b0
0bb5d6fb
f400df9d
e7c7f86a
ee5a130a
00d920c0
0f461e05
0f3815fa
061d15ef
02eb1e3c
0c502111
17ce12df
15b0f910
0349e578
ee83e337
e639ebc7
eb17f09d
f161eb40
ef98e1e2
e5cadeb2
db80e717
d920f947
e4b70e35
fdb11a36
18fd142d
2623ffbb
1d84ed64
08a4ee0d
fbfa028a
032f1889
144c1d0a
1acd0f43
0c930090
f3b30221
e3a6153a
e8132aed
fb34329f
0d4728a1
131515c7
0ba70664
fdc301ba
f14f0819
eb2d14e4
ed4922f0
f7e72c7a
083f2aed
15ed1a74
1681007b
078bea88
f299e386
e5fae9f0
e75df136
ee55ef69
eeaae7f6
e711e7d1
e28ff513
ebb10856
01f11469
1a5512a5
2aa2063c
2e9ff671
267be9e0
15ede6ec
055df1ac
001605ff
0add1600
1b9c14d4
21840377
144af060
faefe981
e3a7f12e
d7010006
d5830e64
dd4d1878
ec671a70
fc201007
0143fc31
f65bec7a
e3f8ee47
dbe20221
e94c1869
056c1e0b
1d0b0d7a
213bf251
112ede3e
f7c6dd7e
e4bcf106
e4bc0e94
f95d2447
14922364
20de0e21
1356f8d9
f838f88e
e9210dd9
f3e722bc
0c2c20f1
19f20904
13adeeb8
04b4e24c
fc88e1b5
fe2de1f0
02e9dee7
06e4dc4f
0bb3dc15
1128db69
11d6d9b5
0b68ddab
0570ed0e
0a75018e
19750cc8
23de087c
1ceeff94
098a0287
fac7138f
fa0b2500
005c2a1d
016624a3
fb411f71
f6222014
f8272124
fcd81cf4
fd2a1803
fc6c1aa9
04572322
16a024db
265f1735
2452014b
0f5ff58c
f831fee0
f1a91502
ffa82341
13bd1c45
1c0804a0
11f9ec1b
fd0be013
e9ffe294
dfffecbe
de20f73d
dfad0021
e30f094b
e9d81337
f5531b57
044e1eda
13881c44
1f7313fc
24dd07de
21f7fcbf
1971f89b
1361fcec
1631023b
1f10fdfc
21d4eda3
15f7dc21
01d3d727
f504e029
f80dea90
02b7e967
04bbdf43
f8e2dbba
eb0eea84
eb4b0575
fbe61ab2
0ecd1f54
150519fd
0ef118d9
08f21f6d
0a1a24b9
0c71217d
08981ad5
02481a30
04e91eaf
137d1ce0
22b20d60
2517f84c
1c3fedce
167cf200
1bdef913
2417f7ad
219ef109
1390f250
069f0126
060014c4
0f791f35
17271d30
16011762
105316be
0ed71bf2
16281f97
21d71939
272706b9
1c5cf05b
0252e445
e646eba0
d978011a
e2b912fa
f79c1185
047dfce8
fdc2e69f
ec2de1fa
e502f15b
f46b028a
0f460109
1e09eb69
144bd4e7
fcb7d097
ec32dde0
ec25ec09
f33eedbf
f3dfe651
ec3fe267
e6e2e8ab
ed2bf334
fd97f780
0dfff1c1
1677e794
172de054
14b9df0c
13a9e29b
15e4e7a5
1b3feac3
2070e93a
1fcbe510
1718e5af
0cfbf161
0b690488
13d01374
1cec16d9
1c9e1363
148113b4
1092198a
168818f1
1bde0773
1091ed0b
f536dfce
df00eaf0
e276003f
fbbe0697
121df5c5
132cde40
0416d46b
f5c0db3d
ef33e732
eaa7f095
e2aafaec
dc990b5e
e17e1c8b
f0aa2150
fcb41488
fa4d0061
ec48f363
df91f28c
dc45f659
df43f69f
e177f31e
e10ff0cb
e1b3f146
e478f138
e599efcb
e2b4f17f
dffdfa49
e31d07b4
ec3b1423
f7b01cf0
041d22d3
124b23f0
1efa1c00
21450ba6
1310fdad
fc2aff96
ef211181
f68e22b6
09cc21e2
16870d9c
12f0f39f
03a7e151
f1e1da41
e311dcc5
db13e7b7
df1cf730
f00d013a
048dfcd4
0e2deca1
05dade9c
f3cfe0c9
e810f42e
ec560d0a
fded1eac
134d23b6
240a1dab
2a4610b4
22f1044f
113d010a
ff740aca
f88d1ac5
fcf423ef
021a20c6
ff5f1911
f8fb185c
fbe01e9c
0c511daa
1c6e0a73
196ded61
ffeadcc0
e2a7e7b6
d94705e1
e9c61efe
044520b7
11d20d29
07d8f7b3
f02bf368
df6c044d
e4d51c39
fdef2692
182318ac
1fecfad4
0f3ee179
f288ddb9
deedef7f
e08906ab
f29b109c
044d0649
06b4f073
f7cfdfc2
e32adfa5
d752eda2
d966fdf7
e37e06a3
eb2e0702
eb9f05a5
e7890786
e32c0d65
e13b1589
e43d1eaa
f05a2533
052b20bf
18050aec
19a9eb36
06c2d65d
f108dc5a
efe4f4bc
069b05c5
1f9b0001
2321ef35
1173ec13
00e0ff9a
03361958
1242220b
17a015d6
07db06ec
eee006c7
dfa212f7
df821c9d
e4cb1afb
e58c12e7
e1270d98
ddd60e12
df121076
e2c710b4
e5d00f00
e7390d40
e77e0c75
e6ea0da2
e6ae11d1
ea1d1973
f4a320ee
04962225
13941a91
1c240d73
1db90051
1b9ef5a3
1810ec43
1234e31e
07dddc05
f97cdba4
eb95e5db
e619fa0f
ef01101c
03d51c3b
18a418a2
227b0ac5
2057fd3f
1a23f4c0
14f2ed1e
0db8e21b
ff28d846
ed20d984
e479e7de
edeef875
03c9fd01
159bf21b
17d5e3ba
0fabe089
0bc4e905
11a8efc7
1790ea52
108ddd2f
fbf9d6ef
e7dcdff1
e255f012
eac5f79a
f2c3f0f8
ee9be712
e30fea03
e025fc77
ef6910f8
09931828
1eda0f77
262b0013
21e5f3a6
1969ec99
1078e759
051ee1e4
f608dfcf
e783e57f
e0f2f0db
e4c9f9c8
ec65f979
ed28f299
e41defea
d8d2f93c
d68c0bed
e2361c7d
f5311ef8
01c011f3
ff1cffa3
f06ff4d4
e08af66a
d7b20076
d8400d24
e1b91811
f3271d81
08e117e5
19030504
18f0ed02
08f5deb6
f4d1e2d2
e9bff59d
ecdf0c3c
fa511da6
0bf225e7
1c3323d9
253b1887
215a0932
0ff30020
faef05dc
f16f165f
f8442203
048d1c50
056808b5
f4f4f86d
de11f9ee
d2110bba
d8d91f5a
ebfc2696
fd8e1df7
037c0d35
fd02fec5
ef61f961
e215fe6e
dae60b2c
ddb51a79
eb602493
fecd2271
0e0912ef
1188fd21
0996ea9c
fcd4e0c8
f0d9de16
e622e0b1
ddaaeac2
ddd1fd72
edbc115b
09f8187f
21cd0cc6
249bf9bc
1427f3d5
033d02a5
00f218bf
08b024b3
0ba623cb
04a6216d
fe0024ac
00692530
054b1877
fe72036a
ea98f841
daf101d4
e1f7159a
fe681d07
1ad30dbd
23bef3ad
193be23c
09f9e080
0121e586
fb5ce604
eee9e36b
dca8e90a
d279fadc
dc1c0cd7
f3f60d5e
05a7f910
02b6e12c
f2a3dc22
ec04ed5c
fbae01a6
163c0367
232cf1b0
168ee0a6
fbf4e31e
e86cf891
e58a1158
ed2d2132
f6eb2796
00e4279e
0ba61ff1
12980e94
0ebdf839
ff96e799
ed32e333
e01ee877
da14f1dd
da48fe18
e3170c7b
f7a116ef
1250134b
23600041
1ed4ec06
0b52e962
fd5afc0d
029d140a
15611dc1
247214de
25e7047b
1e8df7d5
16bcef79
0fc2e67e
04d7dd5d
f55fdb3e
e9bde570
ebe2f5e4
fbefff93
0f1ffa98
189ae9ac
12bed7f7
0200d069
f129d72f
ea66e84d
f205f99b
0398009c
13a9f944
17eae98b
0dfadc84
fcd2da70
ee77e244
e70deca6
e3bef4b3
e0e1fc1a
e0300788
e9421611
ff101dea
185a14b3
23f3fc3f
1766e500
faf3e1a2
e3c3f598
e0d51105
edcc1ee0
f8651925
f4400d4f
e8b50d1f
e8e119cd
fdd821a1
198113b0
2332f543
126bdf46
f95ee594
f2c80139
065b16f3
20e1117e
2724f6d3
119ee0bc
f2a5e1f4
e240f58d
e88c07d2
fb46096c
09e4f9c1
0adbe344
fdbed22c
e9e0cfd2
dc60ddd6
e04df27e
f48afe0e
0aa2f7d8
12ebe756
0b6dde72
01f7e751
0515fa7e
14500844
22d80997
266d0606
22620776
1fbd0cae
1f820d9c
19f507aa
0a2e03bf
f87b0c97
f3dd1ff8
022b2e5b
182a2a60
23ef16d2
1e3a02b8
0e00fb40
ff9a0217
fa5c105c
fdee1e33
07db273f
157c27b0
20dd1c5e
21570783
1204f2f5
f883eab4
e2f8f1da
dc53fec5
e27903e8
e897fd67
e52df588
de44f9c9
e28c09ef
f83d1722
148312f1
24c7ff46
2195eb4d
139fe302
0762e419
ffbde48f
f5d8e13e
e656e1d3
d998edb3
dc0c0055
effa0b35
07f70310
100beccd
007cdd3a
e71fe5f4
dba90421
ea2020ee
05b7248f
13b40df1
05e4f450
e9b5f0d1
db2605bf
e9911ce1
090c1eef
1f940ab2
2029f485
14caef1b
107cf909
19620117
22f3f9c5
1c15e8df
02bde13a
e7d0ef24
df2b0b7f
eefd223e
0ac72317
1e310ea2
1d03f3de
0a7ee3f4
f3d6e66d
e574f69f
e3b50ac7
ebaf1a48
f76721d6
02d222ab
0c731f16
1454182d
1a410e2a
1d07014b
1b54f293
142fe4c1
0852db93
fac3da48
f133e146
f09beafd
f6b6eede
fa44e9f7
f312e389
e38fe6b7
d7c3f6dc
d9380a71
e4e01403
ee1a0f6b
eba10650
e291062a
e1871154
f1191b82
09e816c4
1b4901c2
1b07e9d8
0ddddce4
ffbddd3a
f687e323
ef52e870
e5a0ee32
db88f966
d97e0a15
e51216e1
f7da143c
02ab0199
fbc7eccd
e87ee5db
d85ef0cd
d62e038e
dfeb1100
eb2a143b
efeb1267
eee11284
ed4215b7
ecdd18af
ebc71a61
ea0b1c5c
e9a71dfb
ea8f1bea
e869161b
e20312a4
dec81621
e70519ca
f70c1195
ff80fbd9
f65ae7cb
e48be7bf
ded2fc58
ef8a1309
0baf19b9
1f1f1000
20b90574
19a806c2
17f21049
1d6a1578
20861204
1bfe0da5
16910f3c
190d12d0
21e90e4c
2661ff08
1ecfed22
0ccbe321
f8c2e61e
eadbf420
e7e507a3
f0d11a00
034c2462
179421d8
22ed1580
207b0ac1
17d90b87
15b014f7
1ca61926
20df0f79
152400d3
fd1dfee6
ec460ed3
f1d921c6
0841228c
19cf0c02
1701ee6b
060ddebc
f997e11c
fbe0e86f
05dfe779
0a7fddfd
0357d57f
f485d728
e753e4b5
e320f9be
eaea0eb9
fd181b57
123918d7
1f2307c6
1b06f1a6
070ce483
ee95e8aa
df7dfb37
df65106f
e9731e19
f4e321a5
fb9a1f9a
fd941d14
fd4b1c2b
fc8d1d20
fcce1f66
fed62104
01122039
00df1e60
fee51e8f
fe082152
ffed23e3
02ab2358
01c7203f
fcb41f68
f8ba2324
fabc2697
00f62252
02a31474
f95b04f7
e982fe66
ddfd029d
dcee0924
e19b0998
e341048b
deba022f
da8108a2
df2f14f1
ef1b1e0a
04c71ca1
17850f91
1f5ffab2
16cfe646
ff0edf0d
e59aeeef
de650f6e
f0892863
0a432595
10600c13
faeef71b
df90fa83
da0d0cc0
ed0a1247
00aafed0
0034e3aa
f19fdab3
ec99e83b
fcd4f8ec
15eafad2
23a6f085
2191eae0
1cb0f16f
1f32f9b5
2293f7f7
19f2eee2
038bec88
ebfef9e0
e0fd10f8
e56b24e8
f28b2d8c
009829f0
0a301c9e
0a280a23
fdfcfbb0
ec4ffbd5
e35d0c22
eea71fa0
09592302
1f280eeb
1db7f015
04bedcf7
e69de311
d8f9fbca
e4061280
fc03148c
0b070107
0378e9b9
ecbfe3d0
dbb2f539
e0911041
f9bb1fbe
156718e4
2120025e
17a7ecd8
01dbe456
ec42e9b4
de89f6cb
da2304c8
dd780f4b
e56213d8
ed2e1284
f0b10e9a
ee930da9
eac81480
ecea21bb
f9362cac
0b502afc
16d619e5
10d202e6
faf6f70b
e64600af
e67916c5
fe4f2336
1b67172d
25d0f9de
1621e3c5
fd8ce7f2
f50a00f1
04cc16ad
1cd7153e
25a7ffb3
1697ea1a
fb54e4df
e565f03c
dcb800f5
de020e13
e3e3160a
ec051ace
f5fb1d0a
013d1c99
0d4e18d2
19ac10a8
231b024d
23eaf049
1ac1e2f2
0edee16e
0affe95f
11ebef24
18d7ea79
12d8e155
ff90e30e
edc8f6b6
eb3b1130
f597216f
fdf221c6
faa71c5d
f1c21ce1
eef421ce
f2fa2144
f48a19bd
f042150e
ef5d1a78
fbaf22df
11192121
203812fd
202d055b
19690488
19880c90
20df0fda
23410993
189b02f7
06eb06e8
fa8b14f1
f8dc2254
fbda2762
fc572616
f9f92381
f714210a
f4411e50
f1491cc3
f1401df4
f8861eff
05c918a6
107c078a
1048f0f8
040bdf8c
f2dad9f0
e4bedf78
ddb0ebd2
df7ffb21
eb380957
ff3e1087
144c0c5b
21e10000
2523f280
2059e864
1591e228
0447e215
f012ed3d
e3c70467
e9b91c4b
fdf6235e
0daf138c
086cfb08
f15bf097
ddd2febe
e1bf18f4
fcfd26f8
1a9c1ae8
234afd4b
10a8e49a
f173e253
dcdaf488
de0807c7
ea840a6d
ef1bfe87
e563f6ac
dc0800f2
e67515cf
054b1e88
21cd0f18
251cf55b
0fc2ebf1
fa04fe23
f9fe1a86
0ba525cf
162617b1
08a702b0
ecedfe0f
dabc0c86
dd9d1d87
ed1f22db
fb751e27
064c1938
131f1604
21cc0e25
294aff5d
21ecf231
10b7f2d6
040a02aa
04ff15ed
0e9a201b
15771f84
144e1c0a
0efe1c48
0bc41f69
0be9215a
0cf12080
0d191e0e
0cd41bbd
0c8619fa
0c251947
0cec1a48
10a51c0a
17ab1af4
1f19136c
21b7046a
1a29f1bc
0764e41a
efbee455
df55f513
e25b0e21
fab11ee1
1a341978
2a3b009f
1f20ea59
0572ec67
f75e0646
02181f42
16fa1f88
1a8309ab
03a5f827
e6f6ff73
e08f17e7
f6d525dd
141f17ea
1eedf912
1471e3b9
08bee4e4
0cffefe9
1accf106
1e6be669
0ec0e01d
f736ec20
ea300624
ecca1dd7
f6b928f2
ffb42975
07b12460
11211868
16f30206
0ee8e7a3
f88ada1a
e47ce50e
e73ffdf8
012f0b08
1a83fdb1
19c3e364
fe7fd92e
e2a2ecc0
de950dca
f0db1fa7
02a016f3
01a50122
f0b3f298
e0a4f18a
db73f515
ddb8f45d
e083efbb
e1f4ec4a
e49ceb35
e7fbea07
e820e94c
e4e4ee6e
e5c2fc12
f2050b94
07e912ba
1de90ca9
2adafde0
2bffee44
227ee3f9
11ede3a7
0172f0d1
fc9d07b2
09c6189d
1dd712e3
21c8f795
0a53de40
e871dede
da1bf64c
eac60914
06c50183
1214e84e
07bbd936
fbf7e2f6
020cf96d
16b60748
272a0677
286b0321
222e0860
205710bc
21141015
186b05ec
02da00cb
ef400ca0
f1b62092
0a6e2504
21f40e32
2000eb5d
04cbd9f2
e8b3e75c
e1f80587
f0341c06
00b91f71
042a1944
fd1e1835
f8811ef6
fd6b233a
04a21b72
02250add
f275fe06
de09ff2e
d24b0dd2
d6fe1f65
e9032742
fd3c1f1c
07690a79
00d4f576
ee63eeb0
dfc4fcda
e5fb1607
020c23d3
1f40181f
24e3fd0e
0f78ed91
f589f9e3
f11715b2
0464250b
1a201914
1ccffcba
0ba8e656
f73fe116
ee9ae66b
f275e944
f946e478
faeddcb1
f7a7d9b6
f589dd56
f838e1f9
fc4fe205
fc4ade99
f7d3dd11
f47ddfe3
f66ae2d2
fb3de154
fd57dc47
fa1fd9be
f5e2df7b
f86fec21
0492f782
14aefa2e
1f83f500
21e0ef15
1f96edb1
1dd1f0d3
1f06f4c0
2183f695
22e0f644
21f6f556
1ec9f4b7
1a51f5dc
1781f8e3
18dafa7d
1bf5f520
198ae7f7
0c55dad7
f959d8ad
ede7e2bb
f123ed01
faa2ebd6
fb9de2a7
f06be023
e52aee7c
e8da0708
fcae1907
14271a8c
22a4101c
2602039a
22cef98f
1c85f131
12b0e985
051be4d2
f6ade51a
eacfe901
e1e2ee04
dab6f528
d83901bb
e267111d
facd17da
15720cc7
2190f639
1b56e676
1063e8a4
1032f4b9
19eaf8e6
1c66ee29
0a9ce1e6
ecd9e77a
db0200e9
e41e19cb
fe0e1af0
0e2f0201
0301e64c
e76ce377
d827fe3b
e7631f10
09992911
1fed163c
1605fcff
f6ccf947
e1ac0e25
e833221b
fc991b6a
025dfd36
f024e4a6
dc1fe78b
e20efab9
00ac007d
1a05ee6d
17c1dac3
0564e111
0076ff50
12d217e2
25b11604
1f7c05a3
0327021a
ec10139c
eca92589
f9ac2133
fb870994
ec22f491
db52ef8a
d7b1f2ea
de1af1a4
e2c3eb9e
e35aeb4c
e932f389
f9a6f9be
0bf1f332
117ee248
0598d56e
f277d786
e55ae60c
e295f66d
e57f0247
e9010ad6
ecd513aa
f4211d8d
01522514
122724c3
1f5719ea
2077095c
1348fddc
ffee00b4
f44810eb
f8002249
05862850
118a2195
1782158f
1ab80886
1cdef938
1a29e7df
0fd4dbaf
0474dc1b
02abe531
0ae0ea29
10c7e4ec
0901de48
f6afe4cf
e9c0fc11
ee2b1678
fe3f22e9
09871efb
0768174f
fe6c181d
fb5d2197
04612993
1417262d
1fa815ec
1ef90058
11bfef4b
fdbee97d
ead8f01e
e059ff7b
e0fd1026
e9e61b9d
f58c203d
00c12031
0b861cd0
158f1586
1cb90a7a
1f82fd4c
1ceef030
152de5ab
09cfdf97
fcb3df59
f104e50d
e908ee6c
e464f8ae
e1b703f7
e22d11c7
e9b82015
f89e274e
07212165
0ac4114a
ff7c0247
eca3ff14
dea008c0
dceb170c
e6342136
f5672345
05fa1cb5
13d30df6
190cf8e5
0f76e4ef
f96cdec2
e471eda2
e0c70a01
f2be20ab
0d9d216d
1cda0d24
1699f469
0326e6e4
f0c4e5b7
e531e974
dd9feea1
d95df894
deb108f3
f3a316d5
10ef14e6
242201e5
20daedd5
0e34ec18
00dcff92
056816f4
13a62075
1a631b3d
139a155d
0a52194c
0c2620f2
18191e20
20eb0d40
1e56f8bd
1549ebd6
0f65e5b6
0bf6deca
01eed8ad
f0a3def0
e565f77c
ee241616
070e2509
19e71ba9
1529094e
fec20377
eb200e37
e63f1b1d
e8b61c65
e5ff1583
df3d1288
e078152d
ee1a11c7
fbbaffda
f99ae8e5
e946e1b3
de49f22c
e8ae0bef
038819e5
1c4c158b
2725084f
262dfcb2
2039f475
162eec9c
053fe780
f056ecf1
e2faffd6
e83817a6
ffc123eb
1a6619ad
24b7fe33
15fae48e
f7cbdfe9
dff6f3b2
de9f0f76
efa71ccf
ff6313cb
febd001f
f077f2fa
e239f13a
dcb2f3ba
ddaaf2f8
df59eef6
e136ec25
e597ea82
ea72e770
ea52e58c
e677ec95
e824fe4f
f6aa1142
0da4184b
1f161080
218a0457
19c400d7
150f0823
1be10fd1
28840b9b
2d38fab9
2224e86c
0b7ee19c
f548eb2c
ea34ff3f
ec9612cf
f5f61d2e
fcc91e5a
fccd1cb0
f90e1d9e
f5f42079
f4b82248
f3f521f3
f36b20e4
f46b1f43
f61b1be5
f60c183d
f4981823
f6a31d48
013f22e7
11ff20a6
1ec013fa
2004054b
1995fea5
1571015a
18f0063d
20f80567
2699fd08
24a1f079
1952e4f3
061ae0e5
f0f2e9c9
e487ff60
e9ab172f
fd51220a
111f1950
17fa041e
100fef0c
ffb2e1f2
ee1bde0b
df92e24d
d855edb7
dd5ffc09
ef37043d
04a6fdee
0dedeb7b
0338dcba
ee5ce239
e3bafbf4
ee1e17c8
05082350
17021ccf
1c4a1072
1b53081e
1d0b014c
1f9ef411
196ce218
0866d7ae
f81dddfc
f659ef23
046bfc44
1674fd5d
2159f72d
2381f2e3
227af433
2295f821
229bfad2
20adfd21
1ee80034
1f6e010e
1ee5faec
15a0f042
01a9eb51
ebb4f434
e0120902
e45c1e57
f3292963
01a827b8
08ed1ee8
08251662
037f1388
01d51796
09031d1a
18061ba4
25ec0eca
2847fc54
1ee7f10b
14bff3b3
1501fd23
1dafff14
20a5f47e
1332e7cc
f9fce80c
e4eef971
e0d11128
ec2a206c
fb5621f9
05e21c88
0d5718c1
17bb1695
248c0f12
2a35ff03
1f73ef19
087eee3f
f75600e6
fb621849
109f1eb4
22850baf
1e39ece5
045fdb0f
ea8de3f6
e754fc92
fcae0bf3
15ed030b
1b9cea53
087ad940
ece0e02e
df39fad8
e8df15ba
00c01fbd
166415d0
1e85007e
17e5ebed
0892e093
f92edfe1
eefae515
e936ea7a
e39deeb4
dc9cf63c
da3f04f6
e5ae1604
ffde1c1e
1ae40db7
23f1f31c
1713e257
04d8ea13
01c60277
10451592
1f54173b
1f4d100d
13a41002
0dc818b3
155b1a13
1da907d0
145feb06
f8a6dbf4
e0efe819
e3ed01f8
ffcb0da9
19dffdf0
1855e259
fb3ed821
dd0aed51
d9291126
f01c2393
073a14d8
0513f5a6
ecb2e531
da9cefca
e5060234
028c0182
15a6eb60
0f98d91d
0037e15f
015afd38
162410ef
27bd0dec
2199023c
09c4044d
f71c16da
f4b527c7
f7902939
f2892201
e9d41fd7
eb72214d
f7a11779
fc8efec9
eed5ea12
dc1aeda4
dd62054e
f8c21747
18f5129f
25e90231
2024fcb6
1b270779
210d1200
26090d92
198f023f
ffd403db
ef251608
f50625cd
05241ee1
06de052a
f2b3f1ba
dac8f78a
d8190fac
f02f210c
10a919e0
2189ffa1
1a5ee5e5
0409dc7c
edfae6c1
e3b6fd53
e9bd155e
fe0e2300
15e51cca
21020440
1518e961
f960df81
e1fdebed
de9d016e
ed950c9b
ff2c04c2
050df0f9
fc6ddf54
ed30d8f2
e048de42
db03ec14
e038fe56
f1270e5b
095d13cd
1d6a0b65
2343fcac
1c25f4bf
1479f8e3
170d0091
20b5fe3d
2427efc4
19d2e04b
0774db66
f93ae20a
f5ddeb14
f971ed69
fbbde807
f7bce02f
ed6edc8b
e13ee221
da90f215
e07906bb
f40b150c
0c71142a
1cd905f1
1ea6f5e4
17e7ef4d
1438f2a4
1876f6f9
1fd1f463
221deb4d
1b4de18e
0bd0dd2a
f79ae32d
e723f5a2
e4820f1a
f39c224b
0b64216d
1a230b40
13f6eec9
fee7df77
edaae252
ec80ea81
f4ece982
f813e0a2
f1e1de43
ee69ea76
fa36fb6f
1108ff7b
209ef131
1c0ddd36
081ed45c
f4c7db33
edf9e82e
f1d0ee23
f56fe9d5
f22fe382
ec2fe345
eab5e8b1
ef60ecd8
f3c2ea7b
efe8e532
e32ce695
d70ff46f
d75d094f
e6be16e8
fa18122d
01befec4
f863ec6b
e73ae73c
db83ef15
da7ffb4f
dffc061a
e82a1067
f4ae1b43
067e21ad
16d71ebc
1c041660
15da1359
0f4e19f4
11bc2138
17f11bdf
13280ac4
fe55fe79
e8240556
e5b518ef
fab322c9
14611500
1db1f8c1
134ae3c8
04f0e1b2
0247ea7d
0ba9ee69
14cce5e7
1179d70c
0087cf5c
ed2cd7cd
e5c9ed10
f0d901d7
079107a3
186af9d2
13cae500
fb72ddf6
e2d8eefb
de390c7e
efc01f2a
04dd189a
0849014b
f6c6ef39
e009f09e
d5b40081
db6e101e
e7ba175b
f1e21976
faab1c82
07061f29
15ce1ad6
1f300c9b
1c2cf9f2
0c98ec10
f6d7e9e4
e357f44b
d9bf074b
ddb31a33
ead42381
f6451fc2
f703164f
ef2a1303
eb2c198e
f45320b6
06a61b08
139a05d4
11a7ed4c
058adf47
fc5cde93
fd4fe25f
043ee1ca
0901dd49
0929dad0
0893dd03
09aae05b
0a0ee23a
07bce3b4
048fe65e
03b4e80b
032ee3d5
fbdddb61
ebddd8d8
dd1ce480
ddbcf9ff
f1090918
098b04c5
1372f05c
0545def3
eacbe361
db5cfdd4
e4a01aa4
fe5f22a3
10de10a3
0aeaf66e
f1dded30
dddcfe02
e3611a09
008027a9
1db61a50
2346fe47
0e91ed2c
f427f6be
ed4c1228
00c12497
1bfb1a1d
243ef923
1191dd64
f6f9dcbb
ef53f1bf
014c03a7
1a250254
246ff572
1e71f0d6
18b7faf4
1e610503
2508ff5a
1abeee8b
fdc3e6de
e201f465
dc3e0bd3
ec831621
ff260900
01b3efba
f38fddf3
e225dcfc
d8e3e828
d9d8f6f2
e2820560
f2df10b2
090c12b4
1c160794
2222f49f
19a4e5b7
0b93e1c8
005ae454
f715e63d
ea08e7fa
da9bf0e8
d3cf026a
de01109c
f1cf0d3a
fd8ff8a3
f8d8e3c0
edc7de1c
ec85e4cb
f6b8e875
fdb7e2e2
f63bdfd7
e7eeedfd
e5f60b18
f9012260
123620d3
19d50a31
077cf61f
eb5bf93e
dffd111c
f15b26b2
119e23b5
257107f7
1cfee921
0048df65
e6eff040
e1cd0a75
eb5417ee
f033143c
e7710e09
dcc21238
e0601983
f0a91296
fae5fa0a
f321e2c0
e523e0b9
e79cf0e4
ff9efc60
18fff438
1d8ae3fc
0f49e35f
0495f8a2
0c5111ae
1d241af0
24061526
1c751083
137515d0
15661c21
1dfd169a
20a60585
19a5f3af
0f10e7d0
05e1df64
fb30d88b
ed7ad950
e530e74f
ed90faad
04630250
17acf6b0
16bee3ac
02fcdd57
edf9ec67
e7640740
f0a11d42
ff692664
0b7d2597
13ec1f0f
19321361
184b024f
0cadf0e1
f782e852
e20eeee9
d7bc007e
dbbf11a3
e7251a1f
f16a19ff
f64f168b
f69e148e
f5231670
f4ce1ca6
f991252e
05af2a02
151623ac
1dfa0ffb
1699f6af
ffc9e69c
e7e9e864
de04f515
e40bfd1f
ed17f82d
eb72ee7d
e102f0ed
dec70404
f0c018a8
0ee21b73
230c0857
1ec1ef73
07c9e413
efc3eb15
e240fb18
debf0a60
e1541660
e9c11ece
f79a208d
06b91865
10620734
0fadf256
049fe130
f35dd8b6
e1cbdb7b
d824e927
ddb8fa82
f1970279
067ef92e
0d2ee67d
03a5dc89
f8b6e5d9
fcb6fa1b
10050693
23b70178
296ef1ec
205fe54c
1185e16e
030be33e
f4e6e76c
e723ef28
de5efa53
dd8b033c
e09104b1
e0e300a6
dda3fe34
dcb8ffb0
e10d007b
e5b8fce3
e4eaf9c6
e177ffd1
e6770f07
fa211ae5
13c91595
218ffe32
17a7e396
fb9fd989
e17be859
dd2305c4
f2441b5d
106219b1
21a90665
1f70f59b
1638f4bf
158dfe5a
1ec3026f
23daf906
179beb9c
fdabea7e
e778f9f3
e1210d47
e5a015cb
e80c1241
e3990c55
dd710a71
db450b44
dced0adf
ded608ef
e0440816
e33a0826
e68b06b0
e69c0542
e39f0940
e4c4156b
f0ea22b5
03c425ef
10ed1d3c
109c132b
09201314
071e1bb8
0f1a2179
19cb1b9c
1dbf0cfd
1ab8fe45
16c2f256
134ee52e
0a6bd74a
fa6ad288
edc0df18
f27cf57f
087b02db
1df3fc7e
1f8cecd0
0e02e954
fd78faf9
006413e8
13bc1d4f
236f0f44
1f44f650
081be566
ec0ee6c4
d96cf738
d6840b67
df591730
e8bc15f8
e8a50e40
e04d0bd2
db9212b1
e4431890
f4cc0f8c
fc50f7cb
f2abe396
e535e383
e86cf30c
ffedfce5
1814f40b
1c1ce3d6
0de4e31a
0320f85a
0ae211b3
1cd01a8b
24f1127b
1cdc0acd
12580f9d
152b1917
23191656
2b500370
2306edea
0f9ce5a4
ffd3eddd
fd12fdd1
07470b04
18f30f47
2a8707af
327af633
29dbe523
1464e266
0246f3e8
02da0da0
13311ab1
1fa01273
174502b2
ff7800a6
edcb105f
efe220bf
fcc21f6b
010d0ca8
f42ef8b7
df26f23f
d06efa62
cf8908ae
db6e14fa
f0b319bb
091d12ca
1a9c000e
1bd1ea1a
0dfddfd6
ffffe938
00ebfd53
105c0b34
208c0afe
26300432
22fa01e8
1f730631
20060b73
21f40d96
22360d9a
21410cf0
1f0d0b3f
1ae8097f
166b09fb
16690c35
1ccb096c
22b0fc7b
1ee1ea35
1151de31
0481dedc
0240e5dc
0895e7fa
0c3de2bf
0678def7
fd68e650
fd64f719
0b4a04ce
1ff2044c
2d93f4c2
2aa3e0bc
189ad685
040ddef0
fbe1f5a1
06100b29
18f31031
21d303db
1654f5fe
ff75f865
f2370cc3
fc1b21a5
1595219f
26d607d9
1d43e789
fe89dbab
e3d5ed7f
e1570ccc
f3ca210a
06752005
08bb15aa
fe8713ca
f8ef1d55
025c245a
12571a10
1798004c
0b3ce826
f807df69
ed90e481
f0f7ea79
f957e768
faffde10
f24ad835
e4caddca
dc7def5c
e14a0687
f4bd17b0
0e7418b9
1fd109e8
1f36f70a
1034efda
0174fa8b
ffbf0e9d
0b7c1e16
1bbe21a5
27d41a0d
2aa50abc
205bf93f
09bcee48
ef74f12d
dec90033
de7a0e25
e69a0f2b
e91905be
e27000b4
df4f08f1
ec8415c6
06b9169d
1ca60606
2008f046
150be6bb
0c80ed23
110bf694
1ceef427
2132e3ed
14aed2c9
fdbdd088
edbae1ab
f2e5fa69
0a8d0702
2040fe2d
20a9ec6e
0c9fe908
fa4cfdd4
feaa1a1f
151c226a
233f0db0
161eefec
f841e327
e457ea07
e5d3f0e9
ef29e96d
eed0dcac
e82ddd89
ed5aede3
04f1faf3
1d5af5a9
2112e7b5
1089e7b2
01c6fd89
06a11804
18371f05
1e820f5d
0cf8fe39
f0ce014e
e31017d5
eea72d64
07432feb
17bd20ba
17471157
0f140f1d
0d021750
146d1cf2
1bb616aa
1673090f
038801e9
ef920a18
e90d1bf0
f35d28e5
04a927a6
11041c11
16650ff3
1ac90754
20cbfd86
21aaeed4
15f0e1f9
0095e2c7
eee7f48a
eb730cd4
f37e1e31
fd1e2583
04fe27a7
0eba24a3
18d01615
1894fbae
0654e338
eb45de17
dd68ee8a
ea030124
0524006a
159aecca
0fe1dc9a
01a1e2ae
0092fa19
11320cf5
235a0e8e
27780685
1f3803ff
18780aee
1c4d107f
248a09b1
2504f83c
199fe761
0873dff8
f9d8e26e
f13de943
eb81ef89
e42bf670
dc1701c8
d970120e
e27620b6
f51321fe
041d10eb
01fff7b1
ef12ea64
dd51f4b0
e0fd0d3d
fbc71ce3
195315d7
2459028e
1bedf8c8
128b0122
170b0d6d
22f20aa2
228af6c6
0bc4e45e
eb61e739
da0cff0e
e3fc1719
fdff1c1b
141a0e70
1d3ffc75
1ea5f021
1de0e7cb
17c6dfbc
06f8ddb6
f17ceb1d
e6a00662
ef421f4d
01d42449
0ab9154c
00bc02f3
ec77fc7b
ddbc02ac
db090abe
def50c37
e12d077e
df0e0277
db2b003e
d83e00ac
d89002ab
dd480386
e40bff8a
e686f7c3
e1cff4f1
dee3ffa1
eb67125f
084b1b0b
22d60e6a
2619f794
1160ef21
fb7200cb
fa5b1c40
09f726bb
12661883
040003ec
e961ff1d
d9dc0ab6
dde4145f
e8200f84
e8a20422
e0270330
dd4211ce
ea2523b4
00882905
0f7b1f30
0d5112a7
01531168
fcd91b99
0875219e
1a451501
1f30f831
0d80dee5
f0bfdd5b
e05ef558
e9da1353
031c20dd
148e1b47
12dc136f
08a917db
0750233e
0fbc2371
116c1268
008cff8c
e7a9fe9b
de220fe9
ee7c1f7e
0b9a1ab2
1e7402c2
1c7aeabe
0f2ae3a2
087aecbd
1034f5c8
1cdaf0d0
1e2bdee6
0d40cf7d
f4c8d247
e89be6aa
f32bfc0f
0b4900e8
1c38f3d7
19bbe647
0ca7e9e0
0731fde4
0fca11a8
1bb3190d
1e001869
17e51ac3
14682059
15f71e5b
11791107
ff5304c2
e96e0817
e38a1889
f4052265
0bd2170f
1730fc98
1235e4b3
068dd866
fb93d52f
f134d900
e90ee652
ea91fc88
fa951125
10c41854
1e0f12f9
1d5b0e63
188612f2
198f198d
1c671771
15a70dc0
03120904
f08510be
ea3e1db4
ef2c22ef
f39a1d3a
f0ad1632
ec3f17a8
f0fb2041
01982518
14c81e22
1f3d0e9a
1e7fff9d
1864f639
1325efff
0e9be74d
04cbdbd7
f340d5dc
e207dd96
df32f0c1
f03b003a
0964fdfe
1679ec65
0ed1de69
fe9ae50c
fb13fcf0
0bfe105f
22270d67
26edf88d
138ee6e9
f61ce800
e0b6f96e
db0a0e7e
e12b1cb7
eb32212a
f3911ea1
f7f018b3
f77913b3
f4b114c8
f6cd1ce3
032a2456
14ff2161
20cc13a4
201f04d3
1845ffa2
14b80439
1a1a090a
22d305ce
2592fb3c
1f44f04b
135fe8fc
04f4e4a6
f479e30e
e3a9e6f9
d936f1c3
dae2fce2
e53dfed8
ec2df682
e7f5ef8e
dfeff787
e4f50d90
fe4e1f13
1d0c1991
2713011c
13ceef96
f769f924
ee51153d
ffe4277f
17e81c78
1d11fd46
0b99e3e2
f723df96
f2e3e6b6
fc6de6f8
0294ddbb
fdc3d923
f80ae3f2
ff43f75b
13750271
259cfc31
27e7ecb7
1b1be1f2
0a13e0fb
fbeae4d3
ef38e96e
e2e9f11b
db8cfd3f
dd6f0869
e4e70afe
e8580545
e3a5008b
dd80056a
e01a112d
ecd51a2c
fc541c36
09381aeb
159d1942
22ef1322
2a230514
2279f5e6
0e39f308
fcb70221
fc4b17fd
0bf121fb
1b9e1685
1b33fde1
08e2e99a
f05ae3a8
ddb5ea11
d582f5a3
d740014f
e1590973
f0f30a23
ff13004a
023def3a
f5f4e209
e115e481
d331f77a
d69c0cc7
e531140b
edf60b4a
e8290115
dd4503ff
df6f11d9
f3ee19be
0d5f0fc8
1ab3fa0f
18d5e9eb
1455e803
1784ecad
1e46ed74
1e44eb1e
156deefa
0cc6fdca
0d901097
15bb1c6c
1c7c1e1d
1c631b16
178a19ba
12ed1aef
10161c1e
0e5b1ca2
0f471c6e
13cc184b
175e0bda
11a4f95d
ffd5eaa2
e8bbe86d
d747f353
d2b103ff
da671153
e9091558
f7b00e99
ff35ff70
f9f0ef56
e9a4e8e6
d92af272
d4f5065a
df3a165a
ed7b1937
f3e3132f
f0cd0f40
ebdb12ed
ec731b6f
f44d2243
00532361
0cfa1e0d
17bc1309
1e8003bf
1ef5f320
190ee6bf
117fe2c3
0e00e55a
0ff9e8a0
1393e815
1376e51a
0ee2e460
0aa0e7e7
0b64eb54
0e97e71d
0a87db56
fa41d32e
e6c2da70
e043f019
ef0303fa
086f052b
175ff328
0f4cdff3
f816df56
e658f4b5
e7781048
f5f51f96
01fa1e4c
019316c3
f86615f9
f2ba1f04
f98829ce
0a982ace
1a781d9b
1e8307ff
14aff516
0301ec63
f0efee9d
e388f835
dc13052d
db8a1352
e47f1f51
f62521d6
08ea15af
122cfe73
0dace881
031ede72
fe03dee1
0129e08a
0622de4f
0755dc50
06eedf6f
09c1e4ff
0d85e5ac
08a8e205
f838e505
e7b8f79f
e77012fe
faf6240a
14111ce9
1ee60256
1446e7c2
feb5dd27
edb1e2e5
e793ee67
e70af6db
e41efdc6
deeb09fd
e02f1c2a
eddd29c9
00f425d8
08ae0f90
fb10f7c5
e2def2a5
d8c60133
e8b10dee
034c0463
0d63e9b3
fdd6d85b
e7aae3d5
e408034f
f6971c50
0b652013
100418d4
07831838
01df20df
0630252a
0a531b93
02000b31
eed002df
dd970877
d80715d9
df49221c
f02f26af
05161ede
14bd099e
1555ee53
065ddc40
f4bfde34
f1e9eedf
01d2fc56
16affb4d
2150f1fb
20b9edd0
1f1ef2c3
2205f81c
2239f734
182bf5f6
08bafed6
01d8116d
0ad620d5
1bc720b2
269811c6
253aff1d
1b77f1f6
1071eba4
070ae85b
fd76e535
f157e3d9
e39ae76b
d891f1eb
d69b01c6
e1e80ed8
f6160f0e
05c8ff18
038fe96d
f046e15a
de35f134
e0d80e24
f94520ee
15901b63
20d9042b
15fcee45
004de5f8
ecd2ea0c
e0abf2fa
da6ffcbe
d9d307fe
e2db1324
f5fe171e
0b850e13
18affb2d
192be83a
1089dca7
0456d9e2
f7ecde4c
ece2e923
e6bbfa9e
eb830f00
fd961c8a
152418cd
22f0031c
1b68e8a5
019bdc3c
e748e814
df7d047c
ef731d4d
0a142261
1aa41428
16140238
028efd31
f0ac0910
ebf81c21
f482296f
026c2ab7
0e5321d8
160a12ef
17d4ffb7
0f7cec18
fc1ae1fc
e6bdea31
de4f02df
ebde1c8a
07ef23e6
1deb1340
1d9ff742
0828e418
ee6fe4ba
e1daf1c4
e4dcfb61
ec38f929
ebdbf06c
e296ee00
da3df7f9
dbca08b3
e7061629
f4801be4
fedb1d84
082e1ea5
13b71bc9
1dc00f93
1d73fadd
0d5ee820
f3cfe4b4
e074f44c
dfe70cc0
f2731dec
0c401c9f
1d8509d1
1cbdf0e1
0ad5e00a
f24be16e
e1daf527
e4990fb9
f9742066
13031ce8
202a0864
1911f1b9
040be727
ee94ebf1
e1b9f9c5
de2c08f3
e18e1614
eae71f37
f90d2114
07e4186d
108d0615
0e82f0af
0293dfe8
f22cd8ea
e3afdca4
dc41e8e6
e04cf8d1
f07803eb
0557015f
1082f0fc
0759dfdc
ef05e06c
dca2f8e0
e2e418d2
ff0e263b
19241589
1b99f5e3
0988e12e
f8b3e0a4
f8a1e6fe
029be3ef
05b3d932
fdb5d7b4
f9dbe839
0799fd7d
1e64044d
2849fb9c
1c5bf618
08c80254
01051922
067d26f6
0a482543
03db1f95
fc1620ff
ffca23e1
0c3319d3
11360123
0675e8a8
f53edebf
ec99e0f8
ef52e2ee
f4c4df9d
f79adb99
fa86dad6
ff7dda59
0147d8c2
fccedccc
f9a1ecee
039e01e9
1892095f
24b8fb2f
16c9e71f
f657e563
ddf6fa4d
de1c1128
eb711469
ef36070c
e423fed3
dc2f08f9
e96819d9
07511b71
1ed807b6
1ee4ef15
0d11e6e8
fd3af4c6
fe1d0cb4
0f511d4c
25681ca5
32870c8f
2e94f8ed
1c99efea
09ecf84c
03ad0b1a
0a8d19b5
130b1c72
12d81901
0bf419ac
09871f57
101f1ee9
16aa1009
10d9f88a
fe39e753
eae6e4ec
e2d5eb97
e659efa7
ec37ebf4
ed65e4b4
e9c5e07d
e633e1cd
e6d4e584
ebcce708
f139e41f
f2a0df18
eec0de06
eb03e63e
f075f4e9
017dfeac
1419f9ae
194fe97b
0b5bdde6
f4d2e4d1
e713fcc9
eb0e1832
fbdb28cc
0d672a43
16dd2229
16d1188b
10a112df
0a4e135d
0ae2174a
14a51582
1e80058e
1954ec64
00e5dd64
e542e7ed
dd680648
f0d12084
0ecf2317
1df510be
1478ff22
ff37ff72
f1090f0c
f09e1e87
f5302306
f4791fc9
ef011d72
eba41e20
ec8a1d35
ed74192a
ebf91692
ecea19cc
f6041f08
05a21ec3
140d16a4
1cbc0b7c
216d016e
23ecf6e8
203fea85
1184e1b8
fb5ee6b8
eb5afbae
eb521429
f6482146
fd95202c
f9c11bbd
f2221d68
f0ea2220
f52b20bf
f5d91940
f1101590
f07e1b55
fd0c230d
12152061
20f911c1
215d03fd
1a930324
19ec0c4d
2130112b
24640ad9
18e20216
03b904d0
f50114ce
f632249e
ffa3265e
02191c53
fa4315ca
f5081c6b
ff8227b1
161c2708
26c21539
22ff0029
0fa4fa14
fe4c06dc
fab41959
ffff2341
027b22b4
fdff202c
f8e52147
faa52201
00a21a2f
005709bd
f320fb7d
df5afbfd
d3c90d15
daba2273
eff52b19
02c82080
05650c0f
f816fd60
e744fc12
defb0341
e0b8085b
e5020655
e4560144
dee00183
dc310a97
e2f5177c
f2a61f98
043e1ed6
11ee1795
1a6a0dfc
1f0703fb
2071f9df
1e93f03c
18f5e780
0e24e101
fd35e100
ea73edb3
e1dd0740
ed9b1ffc
07742495
1a530fa5
1642f154
017ee018
f114e1da
f174e811
fa03e466
fb95daf7
f4dbdaed
f3f4ea2e
036efbb7
1a4afe67
247bf2ee
19edebc5
0866f7b5
034310a0
0f4c2351
1fce23b6
27251632
232605cc
18c6f76d
092deb4e
f36fe6ef
df90f274
ddba0b09
f4c61ddd
15b818e5
26fffffa
1e71eaa6
0a53ec75
010d01da
095616d9
16731d9b
19921a7e
12aa1a31
0d141f9c
0ec92107
0ff41648
04f30621
ef4e00fd
dff40f0e
e653248b
fe692d80
13aa2383
16f1148a
0dd611bb
09211bc3
102e2362
17ea1bf2
11710b68
fcd20287
e9500984
e5b71718
f15b1ae8
fdb60d80
fc07f6b9
ea1fe740
d389eaf8
c915ff78
d34f148d
ea72196e
fcb709ef
fccef29a
eeabe5dd
e3c6ea64
e9a0f5ce
fd31f889
0f44ee28
1598e171
1455de7c
15fbe488
1b6ae8e1
1a60e813
0e0dec24
01c5fda1
05a2137d
18d81919
267f052f
1afee7df
faf2dc90
e019ed77
df040b28
f5351dda
0f451b73
1bd60d08
19d502d5
145a040c
15800bbb
1e0e0f9f
279f0a1f
2a9cfc5a
220eeccf
0ef3e461
f8ebe907
e9fbf9a8
e82a0e84
f2431e28
0154231f
0e181ee0
161b1642
1b430c36
1f30ffe2
1f2df07c
17c4e2e3
0bb4de39
03b1e477
0668ed74
0ecbed52
0eebe29b
ff96d9ac
e9bbded0
dd3eef57
dfc3fc91
e770fb6d
e6d3f135
ddc4ed78
db13f626
e966ffd1
00f0fb56
0ea7e8fc
0915da8e
fbdfe0ea
fbcef831
0ee30a99
25a60871
2ccaf68f
2082e66f
0d68e2b2
0063e5d3
f95de58a
efafe1cd
e194e5d9
db25f814
e88d0eef
05e0189e
1fd30e9a
263bfd9f
1c12f88a
13a103b3
19510f36
23b9085f
1d2ff11e
ff2ce0e1
de67ea86
d7710444
eddf107d
07d7ffb4
0b0ae2a4
fa9dd7b0
f0ede7f2
ff3cff18
19c10547
2714f998
1ccef0cb
0938fb24
00b712dd
06eb2520
0faa285d
0ff422d6
08a11f59
022121a4
016f24ec
041a2496
059c2131
05281e39
04521c6e
03681b67
03571c1f
06db1df3
0fe91d30
1b8b14df
22510534
1fdcf4ef
1704ea90
0d74e666
0453e43f
f888e335
e90ee70c
db5ef33a
d7c2038d
df960e07
e9fe0bc1
ebb30208
e40afe76
dfa5094c
ec3b19d1
07da1da4
1f930ba1
2038ef7f
09bfe01e
ef4be8ce
e355ff36
e69a1111
ed4b162a
edd81385
e855115f
e25e1282
dfb61436
df9513db
e05a1225
e1fd0f7f
e3cd0bd1
e4040877
e34b090f
e6030f72
f1cf1704
05af1616
17ce06bb
1c0aee2b
0f1ed9e0
fa70d4bc
ec11dd8f
eafbe884
f1a5eada
f4e3e49c
f028dfbb
e9bbe53d
ed02f314
fd6cfd0a
1190f8e4
1ad6e8c9
12d6da04
0142d801
f2ece17d
ebecec86
e66cf441
df1dfd6e
dcad0c22
e6c31a5e
fb721c9e
0e9f0e83
159af83a
1102e5ba
085ddb1b
fec4d622
f2e0d84d
e865e6af
e93cff61
fa301571
11c01bf3
1f3913ea
1bb90bdc
11df0f74
10d31933
19ae184f
1d6305a5
0eb1edab
f354e41f
df3cede3
df31fbea
eadcfd26
efa4f1df
e5a9eaaa
d7c0f4a3
d62d0afa
e3ff1c95
f4d41df2
f9dd145f
f1e80ecd
ea2d1538
ef7f1f9e
01461fb2
12a00f15
1689f50f
0b03e020
f995d9a7
ecf6df5e
e788e8ed
e54ff26a
e360fd35
e3c90afc
ea5f190d
f6c32177
036e214d
0c2a1bd2
12ea1531
1ac90bfb
2117fc34
1e83e89b
1200dbba
0518dd0f
03e4e722
0e10eb95
150be408
0bbfdc30
f7fae4c2
ec54fec2
f22d192d
ffa623c3
038d2039
fab91db2
f306235f
f72125fd
feb7190c
f9ee0224
e7f2f444
da69f956
e114056b
f71304b6
079bf1e7
04a6dbd9
f33ed40e
e314de2b
ddebf082
e21fffce
e8980925
edf71015
f4231815
fecc1ffa
0eca2305
1f5a1c9a
27d50d47
21fbfdc1
10b4f9a5
00680570
fca7181d
04402353
0ac0219e
07581ba0
ff971c60
ffc022c3
0add239a
17d41868
1d4706fe
1c22f8a2
1a3fee3e
1707e3a4
0cc4dad0
fb63dcf1
ed62eeaa
ed9607e6
fb1a1a0e
0a221ec4
10a91c22
0f6f1b49
0c6d1e1a
0a3c211e
076c2342
04d625ff
05ad2729
08b9217c
06481446
f99a07f3
e8cb0559
def80bc9
dffe1117
e44f0e7e
e34008cc
df0109c8
e1101227
ed0b19cc
fd711b6a
0cfc1905
1b94149e
28680ba3
2c92fccc
2180f100
0d1af4ac
fff308a8
044b1ce7
113d2098
1402138e
048f064c
edf306d4
e08312cd
e1501c4b
e7021a78
e7591231
e1ee0db2
deab102a
e1d713ad
e75312b4
e8ae0f07
e55d0ef8
e364143e
e6581877
e94f15ff
e5ff1070
dea30fa9
dc4314bb
e48916f1
f0f50d95
f614fb43
f090eb52
e87fe5e1
e6d0e7c1
eb49e899
ee76e60d
eb53e66b
e6fcf12e
ebe8045a
feac147e
17db16fc
2b0f0ac9
2fd2f823
2682ea2d
165ee8a5
0940f3fa
06760597
0e84133a
197f1656
1d981187
18eb0e45
140711c8
16f7161b
1ff8117f
24fd0185
1ecdeed6
10c9e36e
0353e190
fa88e418
f339e705
e8ffec9f
de3bf9b2
dabc0d02
e27b1cb5
ef4a1f7d
f53f1620
ef4b0cdc
e68f0f74
eb481b3c
01be1f26
1a8c0e98
209ef153
0f66ded3
f9b7e714
f6ea00e9
0a6912eb
20fb0d89
25b9f876
14ace737
f9b1e6b8
e411f5a1
db480aa3
df071c4d
ea3b2442
f4022065
f47916dd
ecba12be
e88318ac
f1f81fb6
05b319d3
145203a2
12e1e9ec
068adcff
ff6cdfb5
0540e537
0e2ce2b2
0cc7dd67
02b5e3a2
ffc1f800
0dad0ac9
22ff0b4e
2cecf976
22fce589
0f58deaf
021ee415
00d8e976
0419e721
0413e0ac
00efdd60
006cde9b
041cdf79
073fdd41
05d2dbe5
031ee042
0529e727
09e3e84d
076ee239
f84ede37
e443e654
d9aff837
de060527
e606029f
e412f7ef
da3af52e
d8d1feb0
ea0105fa
0203fb53
0ad2e45b
ff80d889
f36ce585
fb43fe4c
142109ac
26a8fd7a
2024e92a
05ace31f
ebc1f1dd
e1330930
e4031aaa
eb8d22f8
f4d125a6
016f223c
0dd01410
108afd0f
060de868
f58cdf5e
e887e083
e0c0e639
dc89f09d
dfa101d0
f15b142b
0f261930
26810a02
252bf456
0f0aeffe
fc490431
fea11dde
0e132502
12f5163c
01cb054a
e8750488
dbe50fff
df9c1573
e4ec0da3
e1580447
dc920742
e68c12d0
00951513
19520500
205decab
16c1dd62
09d1dc41
0146e0e9
f890e478
eaa0eb54
dde9fb66
dc720e5f
e4cb16c9
e92210a6
e13c088f
d76e0b1e
dc1312e0
ef3e0e31
fdf6f710
f97bdeed
eaebdc40
eaccef2a
0231ffb0
1dbafa94
22d0e8f8
1018e670
ff6bfdca
05661a7b
188220db
1d520f25
0852fe1b
eb9e037a
e23a1918
f21826a5
0a021d5c
17210390
1462e8b3
0749d733
f74ad232
eb5cd8fb
e964e6e4
f3bff359
04d6f5e7
1228eec8
16c5e64f
16e0e3f2
1911e653
1c30e777
1994e7cb
107cee9f
09b7ff54
0db21181
18f218e6
1f8813aa
1b540c4c
14020cf7
15c512f4
224c123a
2dc80393
29d7ee70
14d4e3b4
fd66ee60
f648076f
051e1a40
1bd91501
232ffa3f
10bae020
f1d6dc7a
e0c0efb2
ead104a5
045805f5
14c5f349
0fafe0bb
ffa0e13e
f908f4a1
05db097f
1e300e9f
30b10107
319bec02
21f4deb6
0dcae28d
0338f472
083e07c4
160a108e
1fee0d6a
1e6f078d
16d708e6
14d90f8e
1c050f28
2082fedf
130ee7fb
f543e06c
dd0ef354
dfce12c0
fbeb244d
194e1b74
214c0503
12f3f7fd
ff82ff26
f6e211e3
fad9211d
01e12521
033421ab
fe0d1ed9
f85b208f
f6a32459
f8b92626
fb0d23fc
fa9d1fc8
f6d91d09
f2e31e55
f37d21af
fa48209b
017215b0
ff6d03e3
f0fef73a
ded3fa9e
d7890c5e
e1701eb4
f3e624b1
00971ef7
01ab1807
fcf41848
fb9b1dfb
ff6821b0
039e1fc3
03a71b56
00901a0e
00371e76
07d22474
16a423bf
23ff1608
2354fecd
0fc2ec4f
f3bfeb74
e110f9cf
decd07b6
e41808ba
e38d0041
dc58fc3a
db37024e
e90f081a
fde00030
0783eb83
fcd6dba8
e91de20b
e1c4fcf0
f0a71826
0a94219a
1d921902
22560b09
1f540146
1d40fab6
1c76f18d
16f7e555
08dadcc9
f699dfef
e96ff02a
e8f20708
f67019e4
0ab31fde
1b3317fa
21220941
1ea3fcab
1af4f4e3
199aecfd
1568e188
07b6d8f8
f40fdeb7
e7f4f53d
edbd109d
00e81fe4
112a1e16
130d1591
0acb1402
061e1b3b
0cdf1f8c
1811153e
191bfd9c
08a0e77e
ee53e1b7
da49ee4d
d65c01b7
dead0e14
e7710f76
e8b40cab
e4f30daa
e331127a
e62314c6
e89e10cb
e5900b45
e0630c2f
e2ac136f
f1211829
05cc1155
151efeab
17fae94f
10c9da6f
054cd4fd
f8c9d84e
ee0fe56c
eb23faff
f4f81102
07ed1ca1
182b19e5
1b8c1087
14310d26
0ef51375
14b419c8
206114d2
26000471
2048f282
1399e779
0763e413
fe14e3d1
f4e3e472
e936e8bd
de95f4c9
dbee0654
e2ef14f6
ed821a2f
f37616f3
f1751282
ec0c13ea
eb031b2e
f27d222c
ffea22ea
0db51c0d
182e1058
1edd02ca
2149f491
1d55e7d7
13e1e24b
0ba2e69e
0ba1eefd
11ecf0bc
13d9e7ad
07fcdba3
f1d0d9e5
e0afe65e
dffef50d
e97bf6d6
ecddec55
e4e6e575
de6fed9f
e8c7fd0c
01ce00da
1559f170
11c6dddf
fb92dcb1
e8fff3e7
ea011240
f855228f
02042105
fe2d1a6d
f4251afa
f0be213b
f5e222e6
fa731c97
f7f716f1
f4c61b12
fb8a257a
0d4e293f
1e8d1e12
20f90922
110af933
f991fa94
ecbf0cb7
f6132022
0f2021a9
23110b7d
1f97ec88
066fdcd3
eb66e835
e29204a1
ee931be5
ff2b2131
03cb1acd
fbd21808
f5041e5c
f92923b6
02c21bb2
02ee0759
f2e6f677
dd14f887
d4570d16
e17722b9
f89e27ff
054b1dcd
ffa5158c
f4a01be3
f585286f
0184279f
067013b9
f81efd02
e111f778
d8b7029e
e75809d7
fceffde4
04a1e6b6
fc31da06
f44be23a
fc2af4a9
114cfefd
2434fb2d
29dbf234
2512ef98
202df5a2
20c4fd94
249f01b3
276b012f
2651fdac
1fb4fa86
140ffc7a
088e06d7
043615fd
07e421aa
0cf2244e
0c442139
07231fc2
03f72119
0593202d
075f1a76
059d1619
062818f7
11bb1e6f
25bf1976
30d80583
24cbf1bb
09d9f309
f8900b17
feb22359
0f4e24b9
1187108a
fcc9fe1f
e29a0018
dbc90fef
ec53155b
ff4a0393
ff8de854
efb5dcba
e5e3e92c
f292fd08
0e5800e4
21e8efc9
1e4dd981
09a7d0f5
f641d9cb
efbce8aa
f409f03c
f89dec96
f540e4b6
eb6be270
e2ede9c9
e17bf6a5
e56602f4
e9b10e5c
eed31c4e
fa4f2a27
0c092d41
17871ee1
0ebd0909
f508ffba
e02b0ab6
e1c819e6
f36916a6
fd90fe5a
f3a8e66d
e3a1e313
e472f037
fa10f81b
11f5ef91
1b64e1ce
1983dedd
19f0e706
1f94ed9e
1edeec88
1086eea6
0063ff68
01a51684
14da1cbe
23e907b7
1a11e84a
fbadda53
e2b7e8a5
e4f802c2
fe9d0dc7
16cafeac
169fe3c6
fe53d701
e379e561
dcbc0494
eee61c87
0a5d1d28
1b7209f8
1a86f35a
0fb2e691
072ae4ec
06c0e74c
0b97e734
102ae374
1183df29
104edd76
0eecdf2d
0fd9e36c
144be67d
18d2e4db
17ade0e5
0fe8e212
0828ed70
0916ff17
139d0c97
1f250f0d
22690a7f
1d7c0858
19460be9
1c0a0f02
22d5093c
2450f9d7
1aa3e961
09dce0ba
fa27e1b1
f00ee783
e987edbb
e37ff4ad
de0ffeff
dd520d58
e5871b71
f66a216f
0900192a
131104b0
0fa2ee6a
0396dff0
f78cdb02
eeb5dbe6
e6d1e235
e249f29f
ea370b55
02b61e24
1e951bbd
27420751
1455f7f9
f81100b7
ed4019f4
fa2f27ce
090619ca
0243fe02
e958f0e3
d8dffbd4
e2ce0b85
fc700843
0b97f0be
027adb08
ecdadbcf
e0cdf2eb
e9640f68
010c2035
19c21ef7
2773114b
27280357
1f78fe6d
1b260381
201209bc
27880715
2478fdcb
1329fb2c
ffd80892
faa01d71
03e9266c
0a371aa9
feb5070d
e7ceff22
d93605ad
db810bab
e38f05f9
e35efc92
dde7fefc
e39c0e74
fbc019a6
185f104a
2371f695
15dae18c
fcf9e0d0
ea3af1fb
e4d1093b
ea281cd6
f55228a3
01712a93
088c2382
05d3198e
fc86165f
f9121c24
04941fac
17391253
1d4bf50f
0cfcdc5a
f382dc5a
e9f6f395
fb6b0a01
17f808f2
235af222
11e0de92
f3c5e33d
e1edfbdb
e4f012b0
ef9e17b4
f0c80fb0
e6e30abd
de3f10bd
e10c1b25
edc22077
fd4b1e5c
0c2c1868
1a700f59
24ee01ca
25f8f2f8
1df9ebe3
168af0dd
18adf9d6
2062fa2c
1f91eff1
0e16e7ad
f4b9eef1
e48a041f
e4e91758
ec831c17
eddb1588
e72b1042
e17d1278
e42b1661
eaed1452
ecb50ebc
e8260ff2
e7b61c81
f4f12a9f
0ae92ab0
186218d0
116802cb
fbddfa74
e973050c
e86417f3
f90b2244
0ee21a0d
1aa302bb
15bce8e4
041ad90f
f0d5d871
e6cce209
e816eb27
edf3ec39
ef32e725
ea08e4cd
e583eae8
eac8f5d7
faf9fb0e
0ce4f38f
1477e3a9
0e63d6c4
00c0d4d6
f32bddb0
e9e4edf6
e7aa02f9
f0b517aa
0583211f
1b1115f9
2000fa8a
0d5de251
f064df94
e02ef0f8
e7d5030a
fce403b1
0c3bf332
0cbbdfbe
038dd4f3
f86fd464
ee43dc87
e74bed94
e9c60620
fb0c1bd6
13de2053
21ca1097
176efcd1
fd1cfa70
eb370d86
f17e2313
07a424b3
177c0f4e
1468f32f
053be134
f6cfdb4f
ecefdb68
e4f4e100
e140efc5
e9dc0535
00c914a7
19a313d0
244e07c8
1ea9009f
166f0633
186e0f2c
20f90c39
1fe3fb5d
0c9ceb99
f0aaebe1
ddb6fc1e
db4f0f06
e34e1a35
ed641dbd
f7631e80
038a1cfb
1095165e
19ee0ba2
1ec700ad
2182f6c0
2187eb6a
196adff7
067cdd24
f1f4ebc5
ead2071a
f4bd1d9b
026a232c
04f11dc8
fcd01c10
f75521f8
fcc3243c
04831804
ffde02d3
ed6df6cc
dc93fe9c
deb01208
f5791d8b
11b7149e
20f4fc28
1d79e3ff
0f5bd807
0258d8f5
fd94e02b
00cbe4fa
054fe30d
03d9de60
fc18df8a
f6a3eb50
fd0dfba3
0f330342
20e9faed
24e2e86a
1888d9cf
05e3d870
f918e215
f760ec9e
fbfaef1d
fdefe8d5
f74ae0a3
e99ddf16
dc9be876
d8a8f961
e13a08c0
f22c0ce4
00ac0229
023eef61
f55ce0d4
e290e00f
d627ecbd
d712fe3f
e3650a3d
f3b40b21
ff950133
0075f17a
f485e487
e153e299
d1dbee2a
d0a70114
e05e0e29
f70909fc
040cf661
fefbe36d
f0d8e11b
eb74ef73
f7deff19
0e63001d
1db2f047
1ab2db9f
08efd144
f641d726
ee99e5dc
f305f054
f9e5ef50
f8cce746
edc5e33f
e072eaeb
db03fbb7
e0590bb5
e9601312
ed381333
ea1d1326
e6181628
e545182d
e5561502
e2080f7e
de0e0ec3
e2371249
f154103f
008b00a0
ffcfead0
edafe2fa
dc88f484
e152138c
fd7325e5
1b571adc
21befc13
0cc7e3af
f0cbe218
e41deec6
e913f507
ef68eccc
eb25e287
e31de5f5
e83cf551
fe60fe9f
1544f562
18abe285
0700db1c
f190e9cb
e9c80552
f0f71cf2
fdd6286f
093729ac
126423cf
187f15af
1599010f
068eef2c
f1e4e90e
e352eeb4
e01af667
e306f800
e4abf44d
e2e3efe6
e031ed63
de8dec42
de92ec9e
e16eee14
e7f2ee66
ee66eae1
edd0e737
e672ed7a
e4790283
f43b1aa6
10c3215d
23301032
197ff967
fc89f6e6
e8ff0cff
f1402506
0ab924ab
1a700a16
138bec47
02e4df3f
fbf5e136
0290e2fe
0afaddeb
0bf8d990
0a65de3d
0ea0e6f8
1504e8a0
1040e30d
fb7ee4a7
e586f934
e3691789
f74a265b
0adb187c
07a3fca7
ef6fee2d
da68f903
dd0a0fa0
f56d1b91
11191373
207e0027
220aef04
1c73e560
13a5e159
06ece1a7
f780e958
ec05fa50
ec4e1043
fabf210a
111023bb
232a1789
27a4065f
20d2fd81
19dd01c1
1c060b3f
24660cb4
252d02bb
14dbf95a
fc37000c
f0d0160f
fdb0264e
14831cc3
1c38fdc0
0c76e222
f6cadd09
f191e71f
fd4eeae0
0627e131
fe48d926
eed7e3fc
eb1ffef5
f8ca16f1
0a971f22
12601d31
10471cdc
0c282091
090f2408
049625ba
ff8d2892
ff3c2af8
03e52496
03461261
f4efffa6
e0effb8e
daaa0622
ea280cdb
0021fff7
05d8e763
f808db02
eb47e7e1
f484ff9c
0fcc07cb
2383f65c
1afbdd64
fc76d7ca
e265edcc
e1690f32
f88b23b0
14f41f14
22e2085b
1b65f279
083eed5b
fa75faf6
fd450f75
0edb1bb8
22d91820
2cd10907
293ef97b
1d70f1fb
12dff43d
10a3fa3b
1623fb0b
1b99f169
1744e196
077ad712
f569d9c2
ed1ee5d0
f171ee80
f851ebc3
f672e392
ebf6e361
e495f11c
eada0584
fde9144a
14fa16ff
26de0f48
2ee7023e
2b41f4b5
1c7eed4e
08fff318
fd9505d7
03351903
14c11c62
20680ac8
17bff15a
fe1ce3cc
e59ee95e
db89f830
dda5038b
e2870a0d
e7ea1225
f3001cae
04ee224a
15741de8
1b65149b
16ff107e
11e01539
139d1afb
18ba1835
169a0c79
07d402a3
f3a5068f
e977187e
f1f42bbe
07433188
19602545
1b5e10cb
0d400396
fad605a2
f063120c
f0041d2d
f2a32025
f13b1dd4
ecef1c7d
eb181d44
eda41bda
f00b1676
ee7e127d
eded1709
f76c2143
0b932568
1dfd1bed
21a00cd6
17ba0713
0f310f53
13bc18cf
1e901356
1e1efe26
0a0be9f1
eda6e6f9
dd30f44f
e06200b8
eb49fecb
ed07f34e
e1bcef16
d6a8fc3f
da381266
eb60200e
fa761e60
fbce16de
f3a616a1
efce1e6f
f64122ee
ff591a4e
fea807c6
f069f870
dd99f6f0
d30902ed
d75112f2
e7231cc1
fa421c73
0a771373
140a0416
13e4f1a9
081ce204
f427dc29
e13ae334
d954f220
de7dfd25
e7cefcd7
ea73f55e
e4a9f20c
df1dfac9
e5360b5a
f95716e9
121c1342
21dd01ed
21adedd9
15ffe1d0
092bdff5
0077e1e6
f93ee272
eedce3c0
e2faec52
de31fe70
e8d51312
018e1cd4
1a7e1390
2314fd03
161ae9b5
fd97e6e5
e973f44a
e1b10688
e2901417
e6971cbb
ef5f22d6
ffce221b
120c1305
1876f7ee
0c19e0a2
f7ffdd0c
ef5fec11
fac3fcf3
10c200b2
219ef61c
2509e725
1cf6dce6
0e6bdaae
fcc0e1f6
ed7ff436
e9a20db5
f56421c6
086e233e
10e411f5
0485fe84
ecc0fb53
dd1a0a5c
e0af1d38
f11b252c
00aa20e7
098319c9
11071613
1c431115
2594041c
2274f205
0fe0e744
f81eed21
e882ff81
e5771242
e9171dd7
ee8423f0
f85126bb
090a2029
177609c6
1525eb4a
00ccd8b8
ec4bdf65
ed03f563
03ac026f
1b0efa8a
1eaaea86
1124e85f
061cf9e3
0a1e104c
16c61bf5
1e4a1c6d
1cc21b51
17d91d4d
13ab1f24
0e931f03
08ce1fe8
086421d5
0f6a1ce2
15350a92
0daff1a8
f92ae239
e725e4b8
e56fee9e
ef51efa2
f3eee6c1
ebc8e32c
e2d5f0f1
e97b090a
00a11901
19b016fb
270d08df
2716fa4d
2032f089
1715eac4
0cf5e73d
01c3e5c8
f591e69f
e853eaeb
dc36f546
d6f30587
dd2814c7
ebaa197b
f868103d
fa71ff51
f1a4f1bb
e603ecfa
ded9eeae
de07f151
e152f163
e515eda3
e62be7fc
e3d9e469
e11ce64d
e382ed5a
eee5f411
ffe8f34d
0d31ea84
116be144
10c5def5
1241e212
15aae431
143ce406
0b40e967
0409fa33
0ad30e00
1d5d13db
2b41059f
275cef73
1656e30e
084ae4b8
068de976
0b23e709
0c48e059
0990ddeb
0a4be151
107ee344
1465e008
0f38de94
05b4e87d
047ffc8b
11020d31
22700df0
29c7ffec
2197f00d
11e9e837
054ee5fc
fb97e203
ee57de0e
df44e39a
db3df50e
ebbd04e6
06ae01ac
145eec32
091ed9fd
f216dfd4
e73efb47
f0fb16ac
01c7218a
085a1f40
026e1dd4
fb0c230a
fa5c272d
fb2c22c6
f61d1b39
efe51a8c
f5cf1f2c
09ec19ea
1b6601f0
17abe48f
01d1d997
f0ffe9b4
f82503a2
11af0dde
2570000b
20d6e9a3
07b7e0bf
ed38ed53
e0e60572
e3a519e3
ece323cb
f60e24f6
fd712109
01c61a2c
01881442
ff40147b
02491bf7
0fa0231e
22301f64
2c4e0e53
2396fb76
0c9bf700
f91705dc
f79d1b47
0525237e
0fd21723
0850026a
f0f4f97e
dc38058c
db561bdb
ed472920
018a2560
09d919f2
06e9157e
04751bd5
093f22fb
0e5721f1
0aa51c72
00ab1c8f
fd0722f0
05f52398
12981375
133bf6f4
0325e03d
f056dcfa
ebd4e754
f691ed99
0014e6ee
f908df0b
e72ae867
dff404c6
f1161fda
0f7b2204
218e0963
1930eb09
0075dd39
ed9ce401
ed1cf028
f76df1b0
fb93e7f4
f11de1b9
e1dbeccd
dfce0692
f3261c80
113e1cd5
24d5055a
1f20e6c6
050fd86a
ec70e44d
ea4bfe14
ff970d3d
17d903f0
1be0eb1a
06f1db04
eb0be3e8
def7fead
e9621570
fcdf1803
06cd0839
fefcf4b1
ea91ea90
d538ef1e
ca57fef8
d06f1052
e49e163a
f9a30983
fff6f195
f4b2e107
e6eee551
ea80f6f8
012c002e
1750f5dd
1974e440
0a7ee204
0009f592
08c40e35
1d8317d4
2bf60ed8
2aafff49
1f78f3f3
12d6ecd5
059ce5dc
f566e141
e67de480
e128ecbe
e605f05c
eb57eb1c
e945e506
e456e921
e968f60e
fc16fd89
0ff4f53f
14efe30d
08a0d6cd
f6c1d95b
eadae5ce
e634f27d
e384fbf9
e0c305f7
e2b11295
ee761d47
02661d23
14490dd4
18d4f5a6
0de4e11e
faf4d9a8
eafadf5c
e44ceac6
e4f4f38a
e6e4f669
e5d4f5ea
e2c5f5fd
e0edf657
e076f511
df99f29c
de3ff1d7
df59f36f
e470f429
e96df115
e8a8ee2d
e343f3e4
e35e04c8
f2121728
0c191b41
20cc0a15
200feea6
09c2dd54
edf9e2b8
e042f9fc
e7cb1221
fce71cdc
12711737
1ef806e9
1f4cf470
164ee73a
0b17e21b
02bce12f
fc2edf72
f241ddd5
e4fae48a
de85f87c
ea0d113d
05971db4
1f8814e0
251a00b1
1462f675
ff2e01f3
f85018c1
005a2639
07282270
015d1940
f72519a4
f974217a
0baf1f33
1c670852
1787e911
fdb1da33
e4a0e7e2
e11c055a
f2971b5b
075a1ea4
0f14170e
097b13b2
02d81a85
04b9241f
0e14271b
18882018
1e6b10bf
1c50fcb0
0fa3ea17
fa1ae223
e578eb89
df7d034f
ef1a1a28
0b641f69
20d10f82
2106f870
0ee9edbf
fbe1f813
f8a40ee0
08281fe8
1e5c1f59
2bdc0fd5
2a0ffdea
1e82f613
1554fa55
162101ee
1d730175
1f49f5f0
12e5e8f1
fc11e77c
e7bff5e2
e1b10c71
ea5d1e42
f8e7248e
04fd2216
0c7f1cdf
12a41851
1a5111e8
204d0524
1d69f326
0d12e424
f402e359
e0aff4d3
e1790f76
f801205a
14d11a46
22f10279
1afced4b
089eeaf8
fdf4fab7
032e0eb0
138b1a1a
2471184d
2d370c59
2a47fc8f
1bb1eff6
0595eccf
f05af5ce
e4c30624
e4ad146e
ea7c19b0
edd31696
eac5122a
e53112a1
e39b16cd
e6dd18ce
ea171621
e91212c2
e5be138b
e53d17e5
e8781a55
eaac1768
e76412e3
e14f12d9
e010170e
e7a41889
f2e50fec
f7d6fe8e
f1c5ee82
e724e8a5
e194ec01
e431f039
e960eee4
e900ea19
e11bea88
d930f66c
dbf80a1b
ecb61a4a
04e21c86
18290ec6
1d02f8a4
1193e694
fd3ee24f
eb65edcc
e56f0326
eda7185c
ffdc250c
1391252f
1f811b30
1e411002
14c00ded
0f4b159e
14ee1bc7
1e4413e6
1b8eff1a
06eded44
ed15ebc4
dfa1f58f
e0aefa52
e359f402
dfa7ecc7
dd11eece
e704f5c3
fbb3f483
0c1fe7df
0f40dba7
0bc8db88
0daae3f8
147be7b9
12f7e3ad
01ffe4a7
ed89f6f4
e8361379
f4e5256c
02782242
010f15b5
f4c112e8
f0651e24
fe7b28de
15442408
229d1213
2025031e
17bf025e
167e0b39
1dfa1015
22930954
197dfe6c
0564fd5f
f50f0c1b
f6752108
099a2b3a
1f8121bd
277f0d2c
1f92ff95
15aa02ac
178a0dbb
22940fca
25a70475
15e6f99f
fd0bffdf
f113158a
fc0725ca
10cf1ea2
19c3036d
0ebde851
fbeede19
f2eee25b
f7c6e6b0
ffd3e2ca
0179dc13
fdd3db0b
fc3ee022
ff58e3c9
0120e12e
fa77dca0
ec6cdf6b
e010edfe
df1c03f0
ed4116af
04d01bd2
192a1024
1f37fb21
1468e93d
ff50e4a2
eb4aef89
e17804c1
e5301a51
f24d2703
ffe327ca
066320cd
043519ac
fe641870
fd361cfa
05991f9d
12dc169f
188300d0
0d9be996
f67ddf01
e106e5fc
d873f66d
dc9203cf
e4020885
e6fc0838
e57408ff
e37c0bf3
e31c0e35
e2440d69
def50bb8
dc320c43
de540d04
e3a00975
e5bc02a5
e2ae0057
e1c10909
ee0f175a
07bf1ba1
1ed90ba8
2098f0c2
0ad6e01d
eeb5e6d7
e05bfe25
e4ab12a5
efbb1773
f2ba1061
eae30b2c
e1d4105c
e2381cd8
eef226d9
026c2634
12af1999
17cd062e
0ff2f450
ffe6ea2a
ee08e892
de2cee03
d3bff9af
d45408d2
e28612df
f7f00e8e
05fcfb21
00b3e60f
ecb3e2d0
de71f7b8
e6e7154d
0223239b
199918ce
197e02e8
0429f91f
ee4404a6
e87f1a5b
f2dd2928
01ec2a07
0cc6217d
12e81668
17a90ae6
1b42fd8b
1ad6ef81
15a1e488
0d61de92
0341dd51
f74ee103
eae8ebe7
e3efff60
ea9415a4
002f2165
18dc16ec
2149fa3d
10f3dfb8
f447dae9
e31fed37
eae60369
02800881
144df8b4
114de369
fda4dbda
e9e6e8ff
e43d0287
efe41a6f
059b25a8
195721e8
21611662
1d410e78
163b10bd
1641181e
1cfd1969
1f560fe0
135a0461
fdbd04f6
eeef1364
f140218a
fd301eea
00750b19
f265f718
dccdf2d4
d0a8fdf2
d4940c35
e2aa14f3
f486181b
08a9156c
1aca08b8
1fdaf27a
0f5fe04b
f259e35f
df46fd2b
e46c19d7
f9482302
072f14d7
00d60017
ed7cf694
ddb7fac3
da1501dc
ddb60235
dffdfc4b
ddfef6dd
dbdaf5e7
dd07f729
e041f7c0
e28ff819
e3c8f9c0
e516fc0b
e5a0fce6
e21ffd92
dbe90368
dabc1059
e5be1dfc
fb952126
10ec137a
18d2faf8
1071e5ce
00fedefd
f7d9e4ac
fa06eb4f
00f6e96e
018ddfa0
f638d7b1
e4ccdbfd
da7eed8d
e0450189
f23c0a07
032a01e1
07b3f00a
fd48e0b5
eb21dd32
dc18e678
d803f609
def9025c
e9b10503
ee87fffa
e9adfc3d
e0ea0294
deff12c9
e9c822db
fb8627ed
077a208a
068d16a6
fe591522
fb851c98
05522170
142c178a
1900fffa
0cd0e8d7
f657dfb4
e39be697
dc9ff460
de6c0000
e24107ef
e5890f83
eb3918c9
f7ba206f
09e01ed1
19500fe5
1be1f847
0db0e455
f536e081
e16df14a
e0c10d1f
f4df20c2
0ef41edc
1c840ace
1644f404
03afe73a
f07de631
e31ceb49
db1bf29e
d877fdaa
dfe90b98
f42314e7
0e08107b
1f7bfed3
1fccecef
1560e876
0f74f1a4
1594f9e9
1ea8f3f2
1af2e2b1
0708d685
f107dace
e9a4e885
f128ee8d
f83de6e7
f39add7f
ea17e1e5
ec65f2d6
ff9cff42
15c4fa51
1c1de974
0e2ede58
f7f2e539
e96cfb97
e96e15ac
f5ac28a7
07052ea7
14502759
160518b6
0b3f0c97
fae70a29
ee1f1070
e8f11828
e8421b0e
e6e3199f
e5001888
e72e1786
ee5d114a
f43002b5
f186f1a1
e7c2e795
df6ce876
dfa4ee7b
e621f09c
ea6fec31
e785e730
e147e807
dfd1ed66
e4efef7b
ea6fea46
e9cfe2b0
e461e1b1
e357eaf2
ef08f76b
0469faab
1559f030
1513e2e8
0753e387
fddff698
06fa0d9e
1d37145e
2d9205a7
2ae8ef11
1a48e28a
0b9de4cf
0927ebca
0eafec27
11bae5b8
0deee0b8
0898e299
082de7fd
0c78e97d
0e96e361
0721d9f8
f623d722
e56de195
e0ebf4bd
ecc303e3
00c30399
0dd3f3cc
0a81e009
fa56d65a
e98ddbac
e1bbe971
e3bcf5f6
e974fb84
ec4afb01
e93df918
e1a8fa7c
d9db0190
d7860de9
e0021b29
f4a8201c
0cb1143b
194cfa6f
1349e2b9
04addbd3
fe8ce45d
067eec62
0feae82d
0a76de83
f5cde1b7
e48cf9e6
e86818be
fe1325b6
0e991801
07c5ffd1
ef22f518
da4bff4d
d81d113b
e4321b4d
f1fd1bf2
fcec1b1d
09241c31
18b319d6
24d70e8d
23aafec8
1489f721
02f2ff22
fbb211c2
02422258
109427a9
1db1204c
232d10ba
1ef8febd
10d9f045
fc34ebac
e928f382
df9603ff
e1d6145a
eb611e28
f6f82146
02e61fb7
0e9719e4
18300fe6
1da90376
1eddf803
1dafee62
196fe51a
0dffddb6
fb30dfdc
e9f8f0e2
e6990b37
f49b1f3e
08d220af
126b113d
08edffae
f2c6fb95
e0650957
de431f35
ec652e31
000b2d1b
0b921dda
07750bc1
f7fb02f2
e8e6061a
e2470e46
e2b41250
e3361035
e0760d0e
de960d12
e19c0cf5
e5e608a3
e547046b
e221090f
e65e16f5
f696234e
0a232382
139a1a86
0fff1539
0a101a75
0c592232
12a81f9f
0fe612f0
ffd208f2
ec970abc
e22c143a
e24f1a58
e5011848
e4711304
e294103a
e3210fc5
e5980ee6
e7220e17
e7a01114
eb3d18c1
f59120b3
05792263
147f1a6d
1cbb0c47
1da3fe03
1aa8f2b9
1702e9fc
125de250
0a28dc73
fcb9dc25
ed58e701
e500fe3c
ece318d3
03b925fb
185c1b8f
17730319
ff33f485
e579ff61
e41e18ec
fe4325a6
1ca2159a
2526f537
1477e0dd
ffa7e902
fd9602eb
0f161578
2016150c
208c0c8e
15420c8d
0f6e1623
17471941
204108df
179ced30
fba3de1d
e06bea32
dcec07f2
f4331e73
121b1d94
1fd50d2e
19570298
0f000900
11aa159d
1eda1516
23f101ac
139aeaa3
f531e483
de96f3d8
de360aa0
f09c17ca
07f61565
1a4408f3
24fff986
27cdea8e
20a1df8c
1112e041
03d7f05e
04830723
12b11461
1f840f58
1bd400ab
07dbfacf
f411079e
f24e1efa
04932dd3
1bbe28ba
25fb15cc
1edb0671
12820631
0fcd0fb7
18f613ca
219b08b4
1b5ff537
0589e942
ed36ed47
e090fb73
e1a7061c
e6ef05c8
e641fee7
de86fad9
d61cffcf
d5900cc2
e1dd1a2a
f9641e90
12b212b2
1f60f957
1792e196
0370dc98
f70eedcc
004604cc
16f00c53
24e20117
1cd0f47f
0830f963
fb9a0f75
0148259d
10bd2c46
1bdb2345
1e1113db
1a230303
1095f151
fe55e3df
e79de609
dbe0fba0
e92e16b4
09c62081
24d310a4
25a6f878
10c4f1a2
fe2e0328
fe3b1b7d
098525bf
0d0c2056
02f21b30
f9242055
fe6725d5
0e411a40
14d8fc6e
07a5e037
f383d979
ee62e493
fbcbebfd
07abe415
ffe6dadf
eb31e611
e27406bb
f3512432
0d9b25cf
152f0ec9
011ef9d8
e4d1fb92
db510d73
ea1e16e7
fe32097e
022deeb6
f2f4dc77
dfa5df67
d81cf113
ddf3020e
e6fc0b72
ebf01183
efd31a08
fa3e22a8
0c382167
1b610f6f
1a3cf3a8
0682e002
edb3e145
e198f4c5
e98d0b77
fe0617a7
122e17bf
1f6e1243
26e90b49
292e00f9
20e0f31c
0a45ea7f
ee4ef1c3
de3f06aa
e1e41794
eca11635
ec9b0948
e1ef049f
ded41011
f17d1cb3
10251639
21f1fc5d
1abbe596
07f0e663
006bfbbe
0b36115b
1b1718a2
21101654
1cff1673
18401b23
16591e19
13731c6f
0de41a97
0b4d1b86
114b1925
19850a20
155ff194
0002e0c5
e6c7e66c
dd68fe4f
eac2159b
04461cce
198d13a1
2293041d
21d6f704
1c94ee49
155ae85a
0c4ee3fc
00dee1bc
f34ce368
e63beb61
de3cf9f6
df540ac4
e7d01647
f00e19c5
f2691975
f0351aea
ee6e1e02
eea11eaf
ed261b0c
e7d917a9
e46d1970
ea921bfe
f85d1486
000c002f
f676ec31
e2dfeb72
da96009e
eb001905
0a4a1e89
213f0cc3
2083f389
0c9de5bf
f53fe939
e55ef6b0
dd7a05b1
dbb813da
e2221f13
f0512081
fd1c138b
fd2dfebd
ef76f08a
decdf24b
d84c0061
df0f0f1b
ebff172b
f78a1ae4
02941ef5
10f620ae
1f381971
22dd09ac
15effd0c
00f7001f
f45411b7
f83e23f8
065c2964
123f2119
175713f8
19d4076a
1c75f8f7
1a77e789
101cda72
03adda52
0110e4cc
0ab6ebf8
1340e6b3
0b47ddc5
f48de407
e3afffc3
ea1c1ec0
ffc727ba
0b8b1652
ff1bff1a
e617f7e2
d7b700cd
dc84078b
e6a50001
e600f3f7
ddf5f67c
e2210ade
fd0b1cfe
1e3d1750
2907fe30
14e8ed49
f802f8b7
efa9167b
022e288f
19ab1bf8
1cc0fbb1
0979e31d
f4ffdfa3
f148e6c2
fb06e710
01a5dddd
fce3d8ea
f6afe3ed
fe01f85e
136b03d1
266afc5d
272bea96
166adf30
02dde0cb
f6dae712
ef9ae905
e5a0e92c
da8ef181
db380470
ef731563
0de6155a
22bb03f1
22eef256
17e4f096
1389fc4b
1b4f0400
2218fad0
1663e83e
f86ee1ab
ddbdf2bf
dcdf0dc9
f4531858
0b390708
09f5ea13
f24ade1d
dc86ef05
de310dfa
f63721b5
10231cc6
17420800
07d3f7fd
f021fb1d
e30c0f05
e92e251a
fc6e2edc
0da62882
11b91b6c
09f1155f
02cf1b63
067f23bc
112e1fba
127b0cd6
0095fb26
e784fd4f
df3711ed
f2af22cf
127d1b14
234afea2
19e9e6b6
05cfe7cd
fe3bfda1
097c12af
198d18d9
1f7d1547
1b20143f
165b18e7
15af1c9d
15501bd1
128f1a07
10ce1a1f
13af198e
19b6136b
1d6706f8
1b7cf7d7
1485ea03
0a1adeaf
fc27d7cc
ed92da0b
e6cfe712
ef71f6ab
03c5fbe2
1505f296
17e8e502
1071e132
0c67e88d
11c9ee7f
17b2e944
1193dd63
fee6d89c
ec3be150
e557efef
e927f84b
edb8f65f
eb74efe3
e2e5ed51
da70f2e0
d81ffee1
de860d29
ee8d183c
05071988
19160cfb
1f78f6ee
131ae3df
fae5e172
e716f2d8
e43b0cf4
f1721fb2
02fd2307
0e161beb
12851461
180a0f1b
21a10519
26b3f22b
1df4dfd2
0b9fdd48
006cedbc
07190305
185b0cf9
232709ed
209d06ca
1a480c72
1b8a13b3
21170f8a
1cceff0c
0875f042
ee69efc5
de21fa43
db930281
de2b0136
de32fa99
dc76f543
dcddf24c
df2bef9b
e045ee99
e248f39f
ec2afcf8
ff0fffcc
0e8cf415
0af7e19e
f433dc83
de3ff023
df341072
f9b52364
193f1954
25bbfb2e
18a2e14c
01b4de5a
f694efc7
ffc403a6
13f80a4b
224b02a1
2213f834
1922f6e4
155bff0f
1da303e7
2941f9bf
2861e403
15abd4cd
fe02db8d
f692f4eb
06e50b6a
1ecc0cdd
2645fd70
1550f39d
fd2e0024
f60119f4
03222725
0fa21a53
06ea0187
ec84f6f4
d96f0404
e0371871
fb291dd6
14ec0e2f
1f4ff62c
1bcfe43b
12fddc7d
08dcdba4
fd44e0bd
f27fed2a
ee21ffea
f4a11395
05db2013
1b051f86
2a4b128e
2bda00c9
1f86f5ea
0e9cf9a1
04bc08e3
05f61859
0bf81f89
0ddb1fc2
0a6e2019
082e22aa
0a542144
0a751740
00be0a36
ee9b0527
df0c0cfa
dc751b19
e72e248b
f8412436
09e31a51
17000822
1929f14b
0bf8df51
f4cbdf0f
e475f4c6
e9bc12b9
004c2333
13f91e48
14d61181
08c30ff0
039d1af9
0e732154
1d1f13b2
1bb1f76a
0527e1eb
e978e3bb
dd78f83b
e7400d9b
fd3a1740
1283155f
221f0dce
2b6a02ee
2b1ff594
1dd3ecc6
0a18f1f5
fe9304d1
046517f4
14e01b93
1f760c92
18c4f699
032de85f
e9dee911
d80ff5d6
d2f3069c
d9b512f8
e754153d
f3eb0c2d
f86dfc66
f351ee8d
e9f6e883
e31eea09
e257ee26
e5e5ef18
e8adeb55
e79fe668
e443e48f
e290e6f4
e5c5ea75
ecb8eaa9
f1bde65b
ef76e2bb
e849e8c9
e6aefb6c
f3b21136
0b881b80
1e9c1507
20350882
14db0629
0ea01078
178817f9
26200dbc
2898f553
1a7ce22a
0ae5e137
0a00ea82
1592ece9
1c7ee471
13f1df10
054aeaf8
028803d2
108e15fa
202c131d
1d84024d
0679f9b1
ef360700
ee0a1f93
04cc2a7a
1e1d1995
21b0f7a9
0ab7dee0
eb94e141
dbd5f9a2
e37a12dc
f75f1be1
069b133c
073202c8
f909f6c7
e44ef780
d44a05ba
d2ab1a1a
e10c275f
f582227f
ffc90ca3
f70bf571
e43beddf
dba9f77b
e79c015b
fd35fb6c
0981e874
06d2da44
016adb9b
05a7e446
0e91e5e8
0c84e073
faaee2f0
e7e0f830
e7921613
fac0254e
0d5d1a3d
0b4b014b
f4c1f2b1
dcb3fac4
d5ab11b0
e2982517
f69c286a
01161f21
fce016df
f3551990
f290233c
fd8b24fa
07981508
0102fc5c
ea97f0b8
d992fced
e23a13a6
01661c01
1e190d06
2485f721
19faf16f
1467fe95
1e0b0a0a
2812027f
1d2fef7f
fda3e894
e142f7be
db530c17
e4dd0feb
e8aa031d
df89f95f
d85b00e5
e50c10bc
02c31448
1c5904f7
22d6f244
1cc2edd5
1ae5f724
2230feb8
2625fb83
1b33f66d
0781fe36
fd1d1333
05a22534
183624b4
23d112bb
213afe27
1920f2be
15b7edb1
1525e63a
0d12dcdb
f9cedd70
e693f185
e49a11d2
f8242839
0fbb2398
12f90aee
fca8f824
e19efd15
dc4d106b
efba17a2
04cd0534
03cfe851
ef09dce4
de55eda2
e4e40ab3
fe0c1bf6
14d41a3f
1b4b117c
157a1001
0fd317ae
1116201d
1589215f
16101c8b
118d18fc
0d8a1a38
0ec41d7a
13e81db0
170119bc
148816bc
0f9a19eb
0ef5217b
144a2499
171c1cc8
0dc10fb2
f9d909a9
e8500fad
e36718b3
e77618b9
e883100e
e3340ae7
e2b4116a
f34f1a4e
0f5b141e
212dfb9f
1a9ce3db
05b9e2fb
fb14f9d6
06ec128a
1d3c1921
2a640dd7
27b8fed9
1d4df518
1374ee28
08e7e535
f971dde7
e914dfa0
e267ea17
e8fbf1ff
f281eed6
f21ae6a1
e732e82e
e034fa87
eb1a12ae
05831d5f
1d901245
22c5faec
139fe8bb
fb47e611
e6cef17f
dc3b02f8
db9f1368
e29a1d74
ec881dfd
f2341602
ef380dbc
e8fb0f14
ecfc19c1
01181f37
190f11ab
2089f59d
0ffadf7f
f4bce102
e479f7e9
e86d11a5
f6e81e03
ffac1cf5
fd141a1c
f62f1cd6
f33e2244
f3f92398
f3262077
f04d1e31
f0491e4a
f4361c78
f6e0175e
f54514c7
f4fd1aa6
fe8e24b9
117d270c
21a21acb
219707e3
11a4fdb9
fefa03cb
f62813b4
f9062098
ff3c23ed
01072108
fdd21e5d
f91f1f3f
f6ec22fd
f898261f
fbe4251e
fbb62041
f6401cbf
f0601eec
f1a1238f
fadf2183
02951344
fde3ffc2
ed68f55e
de90fc61
dfb30e05
f34f1a52
0dd71578
2025011f
21e0e8bd
15efd901
0738d748
0005df42
032fe74c
0a8ae7a1
0b9fe100
0104de2f
f1d3e987
eb980199
f4a6189a
04342208
0cb11f02
09c01aad
02f81c8b
013521d4
047f2334
068b1f69
04cb1c5f
03ec1e73
09a722a1
15ff20f2
210f135e
200bfc99
0e4ce7f4
f276e231
dcafefe6
dc830657
f1f2109b
096402b8
0c60e85c
f8aedb24
e33dea28
e32609dd
f9321fc8
0f9c1f52
135a1469
081b12e5
01611dd5
09a0256e
16ad1a5a
16ad0051
0514e91e
edf6e1d5
df63e76d
db92f022
dca1f920
e20505e6
f1bc1463
0bc618af
22230a1b
22cbf131
0c46e2f8
f096eb77
e2f10208
e5e21346
ebb91617
e9b81211
e332110d
e07612b3
e24510ff
e2b80b91
e01b0926
e1ba0e30
eee714a1
04b31194
171501ab
1c81ec0e
145ddb93
058ad665
f7c8dbad
ee80e74b
eb2bf6e8
f02107fb
fe44156b
1267197e
25441143
2e21000d
28d0ef6a
18f6e993
096ff30f
04fa05b8
0d2b14d3
18241823
1b501403
169d1289
133016e0
16ff1a44
1e1714ea
20850757
1b83f80f
125beade
074bdf98
f945d7d7
ea8ad9b8
e4c0e726
ef7cf675
0518fa34
15afefbc
1783e3b2
110ae2bf
0f6feb04
14faef7b
1675e911
08bce12e
f11ae7fc
e2a400c0
ebbf1c85
0724263b
1fe81663
2375f91a
0ffde41f
f4ade4c2
e364f768
e3560dd6
ef381b10
fb741ac9
fe251334
f6ff109a
f0a71a1f
f71629bb
0b073080
1e4824f4
203d0e33
0d8ffeac
f50b0339
ea2615bf
f2442240
ff4e1a35
fe8903ca
ed8bf2bb
dbe6f2d2
d991fba5
e402fcb1
ea34f34d
e364edd1
d96cf96c
dc7810ae
ee2420b9
fe1a1fa1
fdfa17f7
f349199a
ef5423d9
f79c26c3
fecb188c
f72c035d
e513f83c
d96bfa27
dbaefc94
e23ef662
e1d2eeb1
ddb3f310
e4e103e8
fcf01139
18670e44
25a8010d
229efa59
1d2400ef
1ff70a33
242e08fe
1c1a00a5
078b00c3
f713105d
f93d23c3
0a8329ef
1b1f1e9f
20aa0c17
1db4fe67
1aa4f6d7
18f1ef21
1268e541
0280df9e
edc2e6eb
e0d5fc9b
e7301621
ff4f21f9
19bd15f0
236df8c2
1522df3e
fc3bdca4
efcbf0db
fbee07f8
15730c4c
24acfb67
1b16e718
005ee391
e8f1f3d1
e0f70a08
e4be18f8
eb931f12
f3752131
00411f9e
112c13d5
1ad2fb61
1187e24c
f987db41
e57aed33
e5e40b40
f92c1f88
0d171fe0
120c1616
0a081269
036719f9
08852313
15942161
1f171383
1f2a0239
1a2cf557
15a3eb89
0f98e157
0391da58
f3e0de5f
e9ebefb8
eda806a2
fd7a1738
10441c2c
1e5e184b
26210fc7
275003cd
1eb7f5a6
0a8eec19
f159ef8b
e070ffa8
e03410c0
ea7415eb
f0c50ebf
ebd80784
e32f0c80
e48f1c85
f50329eb
0a1728af
144a1b26
0ec20faf
043e10f8
03be1ac8
11161d28
1f0a0d5e
1ca2f296
0680e023
eafbe498
de90fcf3
ea1a1697
02e81ffd
15ce17e6
18ae0b89
11180890
0d2110ca
151919db
24391776
2d850774
282ff3be
16a7e99b
045befe6
fdc701f5
06dc1281
183216d6
25800da5
276afeac
1fbdf223
1481eae4
09b9e635
fe36e20e
f0a0e1b2
e476e8f6
dfaff61c
e31f02d3
e9540bd0
eeae150e
f6cc2168
06662b0d
18672762
1e9115db
10500463
f6fc0312
e6d71226
eae01ff8
f91f1ac2
fd71042b
f03bef44
de78eb70
da47f419
e505f7d7
edd9efd5
e85ce914
dbd8f2e7
d9d10aff
e7eb1ef5
f82f20b7
f94b1753
ecbb14ea
e52e1e2e
ee2023e5
fc891679
fc9cfbf9
eb56eac0
dc33efe7
e2a3ffb0
fb820327
1025f224
0e17dcbd
fa62d8f0
e95dec52
e9be09bc
f9791ff6
0d2d275b
1b602287
20e517a5
1dc40b8b
12760308
02df03c0
f78e0f00
f7ac1ee4
02dd29b6
123c293a
1dce1cdd
1f3908d7
1340f49d
fcd2e9a3
e6d8ed76
dd34fab9
e21a03d6
ea5e006a
e905f768
de90f756
d89405a0
e14e17cf
f37f1fdb
00b11cc6
02d71927
00791c51
00c22213
01aa239e
fdd92227
f72f239d
f5ee2722
fc2223f8
00b9148f
f93d00be
e7f1f775
dca4fe48
e35c091c
f67706fe
042ff445
ff74ddb1
ec2dd43a
d9c2dda1
d573f1c8
e107024b
f40005ff
0353fc8f
072eec59
fe04dfac
edaddf1f
e0baeb9b
de22fc78
e2600813
e5510e56
e67e162b
eea4204e
022d225e
178311a7
1cfbf2ce
0c88daf5
f55fdbc9
ef01f190
015b0548
1b5c0486
24cdf496
1713eb78
02c3f823
fdad12b5
0c1224e4
1e4221a9
2451106a
1e6900b7
17bdf75e
1581ed50
106fdec1
0217d511
f213dc21
f010f1c4
01fc0453
1a460344
231cf1ae
141ae2b7
f946e68a
e61cfbf8
e3fc139b
ec8d20d8
f61d23be
febf2220
0a7f1c5d
16ee0d20
193ef51b
09dce0e0
f01be0d0
df5cf78a
e587151c
fd582418
137e1c44
16d10778
0586f8e6
ee08fde0
e37612c0
ed4d273e
02a62ce4
12a5231b
142916d7
0d531479
0a951b81
10ab207c
17171a88
12060d7c
0045062f
ed770bab
e5e11812
e9ef1e8d
eede1a25
ec541323
e5ff13e6
e6d91da3
f4c1267e
0986237b
18e613c8
1af3ff26
1006eef0
fdf5e851
eae5ec59
dc52f968
d7550b11
dd9e18e3
e9591b97
f0931388
edae0a6f
e6840b2f
e8ff16a6
fc761f23
16ad15a6
231afaf4
15afe21a
f8dae017
e43ff669
e54f1183
f2741dca
f93b1a74
f34e15cc
eb151950
ecd61f50
f6e91abf
fbd308ce
f2aef594
e0e7ee8e
d327f6f2
d24e0764
dec6157d
f2a91a5b
0655148a
13b00647
16fdf3e5
0ed1e39f
ff18dc1b
ef88df2d
e5a4e90b
e242f413
e24afe13
e430088d
ea011411
f5101ddc
03fe2255
12c41f72
1cd01625
1e930ac8
198203b0
14080401
1532088f
1de308e4
273aff50
27adee8b
1b74e09f
088bdfeb
fb47ee37
fd6c024e
0dd30e01
206d0879
2762f5c9
1e24e364
0d5edcda
026fe116
0253e621
0706e495
082ddeaa
041edc8f
01d3e1fa
0682e857
0c1ee6ff
0720e05b
f53ae242
e47ff630
e68c1328
fe1c23dd
19a11a15
232cfd66
14d1e49f
fd93e084
f115eeb4
f7970000
0acf065b
1e52fdf8
27bfeb34
21b3d800
0f2fd116
fdd4dd2c
fc31f4a7
0c1e05fd
1ee905ff
2364fb59
170ff6fa
072d0229
017215e2
06222398
0ac02591
08362256
02a9214a
014d20f2
041c1a2a
020d0b74
f413ff45
e09402c0
d7731686
e25c2bc6
f9c53097
0aa2209c
079f0897
f42dfa7c
e115fe3a
ddf40aa9
ebc00ea2
fc200135
ff62eac4
f538dcd6
eb4fdf6a
ed94e960
f804eb36
fa8de280
ec8bdcd2
d86de831
d20700b9
e08c1259
f67e0d91
002ff759
f8a8e37c
ed4ddf5d
ecefe5f7
f752e8f8
fe2ee2f1
f6bedf65
e7fced2f
e5250afa
f82223c1
12ae22b6
1aa00a20
0584f403
e686f873
dccf12b9
f35b2647
15a61c98
2557fd82
19d7e5d3
058de968
ffe60114
0cd915c5
1ba31a4c
1c9716d2
134b19a5
0ea42284
12ec2278
121e1231
ffebffe6
e6620076
de8c143b
f3de2385
147218c0
2337f9bc
16f4e2a6
02f6e6b6
fe93fd77
0c931068
1c8b14cb
21fd1252
1f70133a
1c731794
1a3719f2
15a41a74
10bb1cd8
114b1eb8
16dc185b
177e06c7
0adef332
f57ee9ec
e496ed5f
df54f3af
e0e7f415
e23aef83
e239eaf9
e413e7b5
e724e38b
e714e123
e683e79f
ef16f604
041aff31
183af723
1803e51b
0135def8
e7f7f153
e2140faf
effe21ef
fda81dc3
fadb110a
eddf0fa0
eb2a1c67
fd562524
16db17d7
1fb0f8ab
0df1de90
efe5ddd0
dd83f507
e299109d
f6c81c8f
07581494
07dc0358
f90ff704
e3f2f783
d39f04a1
d0a3177f
dd2224be
f1b22178
feff0c1c
f951f278
e6c9e81b
dc8af2c0
e95101ed
03fe0053
1419ec2e
0c6cdb51
fab6e2c3
f890fdf4
0d601242
25220b5b
251ff1dd
09b1e146
e9c0e94c
dc92fee0
e3ac0b60
ed270553
e9eaf8bd
dd02f6f1
d5540506
dd33184c
f052220c
00181e43
0332160d
fd1c1465
f8f11b7e
fd6b237d
087e2415
13761b72
19f40e1a
1d2d0059
1e34f299
1ad9e533
106cdc35
01f0ddff
f897ec49
fd08ff13
0e9e08dd
2102011a
262cecd7
1a31dac3
0716d6ed
fb78dfd6
fd4ce9eb
05beead5
083ce2ee
fe6bddc2
eeb0e712
e776ff24
f1ba1847
06f42329
18941cdb
1e2f0f0c
1bc203fb
1a6cfc2b
1c41f08c
18eedf28
09d6d33d
f7c9da26
f46cf1e7
06c50725
1f7907b8
2679f7df
1483ee35
fbcbfb87
f5ac1762
07ed26c3
1da817ba
1d58f598
0522ddaf
ecefdf11
ea8eeccf
f9d9efa0
0319e283
f7cad99c
e582e938
e53b0b22
fc1d23cb
149620c6
16510c6a
00a2ffb6
e89f0652
e0981434
e54117ff
e7b91044
e25509f1
dede0e1e
e8d91655
fe6a14fc
129104b6
1a99ecc7
1530d833
0789ce32
f8acd1e9
f0c4e230
f744f6e8
0a900251
1c97fcd1
1d97ee93
0d1fea4b
fcb3f9e7
fecc11fe
13271c9b
26060e56
2314f295
093be0d9
ea6ce79e
db6b0130
e40c1b23
fc8b24a0
141e1814
1b98fdfa
0f6be6c8
f953df69
e97fe7d0
e851f39a
efdef61a
f2cbeeb2
ea51e867
dc6cedf5
d579ff4c
dbdd1193
eab2195b
f5a11449
f4790bde
eb8d0c19
e7d517cb
f2bd253e
07ba2747
181e1c0a
1a760f5f
14b10dce
13bb1624
1acb1b29
1f2214a8
155309ed
00a908bd
f02d141b
eccd203c
f04c215f
eeff1a11
e8b316ac
e9041ac8
f74d1c0b
0b580ed6
15a1f55e
0fbcde70
013ed584
f4e3d9c1
ede3e3c6
e94cf0de
e80602fa
f11a171b
06b2204a
1ced1360
20a1f56c
0af0dc81
ebb3dc48
dd42f293
eb33085b
073a07f7
171af20e
0d47dcb9
f4cfde1e
e547f712
ead2139d
fade20a1
03661e3f
fec21a1a
f6201d5c
f3e92369
f786232f
f8b81c36
f4f417c8
f4001c22
fe842371
11c3222a
20b014a3
21aa04b8
18ccfe47
12390301
15d609c7
200e07b6
267ffa04
2152e81c
1206dd76
02b6df5f
fd7de8a1
02fdede9
096fe882
0584dd97
f617d9f7
e60ae446
e059f541
e3830097
e60302ac
e2c201a0
de18028d
dd2802d4
de06fe9c
dc14f8aa
d8b6f7e4
dc27fdba
eb7c017f
ff00f945
07a1e7a3
0062dc9a
f5d1e3b9
f8a7f6bc
0be203bd
224dfea3
2b56eb30
210dd89b
0bd1d4b7
fafbe190
f8dff50d
044a0264
14460348
1f00f963
1f8bec0e
174be21f
0a93de60
fc3de0a7
ee22e847
e302f487
de94021f
e0940b09
e3830bba
e1e407de
dd340693
dc3208bb
e1640852
e64901f5
e419fcd6
e0c703a3
ea54141d
04cd1cfc
1ff81015
2517f46f
0e89e1b1
eeede883
de4700ef
e26713c2
eb7d12b3
e88806c4
dc850359
da5f0c35
eb9910fd
01f40234
0655e779
f3c5dae8
df71ec88
e2250f73
fd1725d2
17501f16
179f087b
ff44fd05
e6cf0732
e13c17e8
e9381af7
ec370faf
e3c50786
de6b0e69
ebb61ab9
07ab190c
1d910350
1c70e851
07e2dc8f
f16ee6ea
e732fe0e
ea6614b6
f4fa23a0
01af2999
0d6326ca
13e41b4a
0f790c29
004e0372
ef39078e
e71b1598
ebdb240e
f9942ac3
09b4267a
155117b2
16e402de
0c61ef9f
f9d6e5de
e783e89e
dd5df48f
dd960243
e3c50cee
ebad154a
f5ca1d6c
041522c3
1390200b
1b9115b0
18120c7e
0feb0cd6
0eb61423
17fb16ba
235f0c60
2586f905
1c49e8cd
1037e3d5
0b1fe7bf
0f0eeb9a
14fae938
14ffe3aa
0ee4e2af
0a45e881
0cddedd9
118ae94a
0c75dba6
f8f4d285
e327dac4
ddd9f08a
efb00117
0a42fce1
170ee900
0efddc31
0232e5fb
0470fdf0
15f70e54
24da0dc7
23b707f8
19c70b59
16fa14df
1de013a1
1e880097
0bb9ea6c
edbde602
dc36f616
e3d7076b
f9c206b7
08f1f3f7
07b4de00
fafbd20c
ec65d376
e2b3e019
e258f43e
eec508bb
04e71395
19381094
21c906ee
1f6a0251
1c410681
1eab0b66
213d090e
1a810227
09cc01df
fa370e87
f84821ec
05b82d6b
176327fa
20a815d7
1d630198
1166f382
0215edaa
f1d9efec
e339fb3a
dbbd0e33
e06121b9
efb12b2a
ff33236e
02300fdd
f610fecc
e500fa59
dc2affe6
df550422
e5d50000
e552f951
dfd9fc46
e2ae0bbd
f7031a64
1442168b
24d0fe28
1a7ae355
fd6cdc15
e465ed53
dfe10848
ee7e198b
02b6190f
11ec0c3e
1a71faf1
1ce7e8bb
1782d8d8
0a21d222
fc0adbb6
f9d5f1f5
082f0573
1c3a0812
232bfb13
1511f05d
fef3f854
f7250fd1
0639215b
1e011b38
27700043
1704e558
f6a5e017
dd77f4f5
dc94141b
f22e2688
0acd1f69
11490752
00eff45b
e90cf6db
dffa0b59
ef3a1e1e
0b551cfc
1ec20846
1e19f143
11bce914
0b2af055
1248f871
1f12f3b6
21c6e2c4
1387d3e8
fd77d46b
efc7e478
f3f6f7cc
05690051
163efa70
1c62ee61
1867e7de
13c7eb63
165bf1d8
1d7af145
1e9fe6e8
1243db5e
fcfeda77
eb12e793
e66cfb74
ef200bc9
fe7e141b
102115e1
223f10eb
2f8d0386
2ed5f20a
1df8e9b0
08c1f470
00420c9b
099f1f48
173c1d99
15760c5e
0016001a
e82606db
e30917fb
f23b1d3c
01d10bcc
fdc0f0e1
e76be404
d304ef1c
d16405bf
dfdd14d7
ee9c1546
f1e11000
eccc1098
e9b31763
ec8e1c79
efe61a7c
edc71579
e834151c
e7b81adb
f07d1fe4
fe431e86
0b2c17cd
16590f9c
21a505a2
2990f6b5
2615e654
15cee0c4
052eeef3
04690886
142e18e5
219e14b4
1a9c0722
027e0504
ee9a13c0
ec512384
f34223ad
f28817c9
e94511c1
e89d18e1
fc3c1e2e
17a70f92
21dff0e8
1158dc12
f963e514
f56702c5
0a93175b
22f3100a
2506f610
0d44e2ec
eef6e60c
df79f7c0
e2e204fe
ec0602ea
ebc6f782
dfdff280
d3f6fc94
d4b70ff2
e45b1e5e
f8601db9
03a70ff0
0033ff55
f1d0f60b
e10cf87c
d72804e6
d98c1432
e6d11e53
f8bb1e5d
088314bd
11bb04b2
11b2f1e7
07a6e186
f59dd968
e293de08
d914ed79
df11fce4
ef550107
fe05f7ce
0385e96a
019bdf53
fef9dbe6
ff00dbd7
00b6dc56
0298de11
05c1e0bc
09a7e16d
0a0edf4a
02b7dee4
f6b5e7ac
ef75faf6
f3ef10e7
01eb1fc0
122a2423
1f851f6c
267b1329
229a0183
10a7f25d
f6a2efc9
e2e0fac3
ddec073f
e14e089b
e02100cf
d910fd37
d8e902a6
e8620533
fcd6f7ed
036fe1a7
fa22d7b1
f427e40d
0188f7ee
1a13feb0
284ef6c5
244ff1f0
1c72fb0c
1f1c05e8
24c000f6
1969ef76
fa55e827
dde3f7cf
dac70f24
ed0a143a
fc5200e8
f9efe823
eee1dd14
ec5cde6d
f42bde43
f9fbd90e
f803d9dd
f84ee859
0639fa91
1ba6ffb1
250ef5b2
192aee06
0542f8d8
fe9e1171
0bd7231f
1f581ffe
28480d5f
22fffac2
1952f0fd
133fec36
0e70e61d
0425e028
f2dde293
e381f309
e23e0c31
f38d1f81
0e701e1b
206b0613
1b65e692
02f3d68f
ec55e0e7
ecbdfa29
04f4095a
1e240051
2072ebb2
0b74e5b3
f74dfa43
fb6917f2
148d20f8
270d0a8d
1cbfe8f2
fcbeda4a
e457e78d
e859fd68
010f02ca
15b5f423
1863e34a
11d8e16b
126ceb97
1bb1f114
1eeceae8
1093e407
f777ec04
e671044e
e8a71d42
f6ff27ed
03f4244e
0af01c63
11ac15ad
1bdc0bc0
2326fabc
1f83e919
13d3e286
0d18e932
1280f119
1b4bee91
18bee462
0735e1b7
f350f04c
eb4d0962
f12a1e79
fbc527fc
046b2916
0ca52504
15b517ea
1797feab
0829e3db
ed32daeb
dd1dea5b
e970ffc6
082e019d
1bc4eced
13dcdb13
00f3e482
ffa30262
145216e1
260f1148
1dd4015b
02860144
eeec14d6
f16a263d
fcfd2148
fbef0aee
eb29f83a
da39f445
d62ff6b9
db13f40a
de2bedb9
dfbbedaf
e912f3fd
fbd4f55e
0c5deb70
0f61de22
081bdaed
044fe2ea
0962e966
0d88e478
0433daed
efeedbd0
e034ead5
df4dfbff
e7b601d9
ebeffbf8
e651f585
dd31f7e5
da0502b3
e02e0f18
ecaf181f
fb561d0f
0a4d1de4
179f1998
20111098
20a30621
1affffbc
1577ffdd
160b0356
1da502db
2678f919
26f7e7ff
196fda7e
0463dd16
f726f18f
fd7a0a6d
132a13d1
23e204ce
1bcfea71
fca4de13
df2cec09
daff04ed
ee490e6c
01f9ff1f
041ee698
f94eda87
f467def6
fd55e4e9
073ae0a8
0303da99
f396e3ce
eb7dff19
f5e01ae8
08c42504
11b31e16
0ac01645
ffdd19ca
002e2387
0d842544
1c1f1873
20cc0480
1c9cf582
17d3eddc
14a2e795
0d05e060
fc4bdee3
e921ec56
e27406bb
f03b1e5c
099f220f
1bb50f13
1983f374
06c1e201
f363e1e4
eca8ead5
f201ef26
f82ae907
f4f8df02
e8e2dccf
dd84e7a5
dbdcfa41
e5260bcd
f5eb160c
093715aa
189709af
1d4bf5ac
14b8e1fe
0376d7a3
f3e4da12
ef51e2dc
f4abe77e
fa68e41e
f8badee1
f193e196
efa0eeee
fb15fd52
0f5fff6b
1d9ff0c2
19dfdc0c
06ded172
f39cd7eb
ed52e6ec
f3c9efb4
fac1ec0e
f7bae3e6
ebdee46e
e35df314
e918084c
fc981710
142917b1
253a0c3e
2aacfc3d
2572efcc
1acfebd6
1263f015
1165f661
163cf6af
1875ed4b
102ddfbb
fe39d8bc
eccbde06
e70ae97c
ec97eefc
f25bea0c
ef9ce37a
e872e684
e983f3df
f926fef1
0e6bfaeb
18b3e851
0efcd573
f8eed1af
e7dede6e
e684ee96
ef87f3fa
f4eced29
eed1e5f4
e3c3eb03
e1cffc6e
ef920e4b
06691552
1b340fc5
26f0036a
28ecf63d
2286eb90
14aae5b8
01b2e8de
f0c9f754
ea470ca4
efdf1eed
fbd0272c
074a25cf
104f1e7c
17d1110a
196efc29
0db6e64e
f5f4de48
e175ed2f
e230097e
f9761d34
15141b4a
21260ba7
1ad0017e
113906ad
133b1148
1e631007
229bfe15
13b3e89e
f699e2ee
ded5f425
ddf3108c
f46522f8
116a1e2d
207c0702
1956ef9b
04b4e6ed
f0d0ed6e
e455fa5f
ddfd0757
dc8113b8
e3471ee6
f41821f2
082e15ee
133dfd80
0f2ee5f0
03eadbf0
ff14df4d
054de434
0cdde1cd
0ac0de04
0115e507
fe1cf8c0
0bcc0aec
21790a03
2b86f560
2020deb5
09cbd7c3
fc85e0d6
0130e9dd
0c91e589
0dabd9ca
0295d8c1
fabaeafd
04be03f8
1b610df2
27b80330
1abcf564
ff4efa8c
f0591365
fc862781
15461f84
1ef7fed5
0f1be0ba
f7cbdad9
f11ee762
fe0def70
0a25e71c
0268dbb3
ec6be2f2
dfd8fffa
ebba1e15
06242490
1560104f
0a14f6ab
ee58f113
dcc40520
e7541f89
069e271e
20b51427
20def784
0a1eea9d
f33df820
f1f61287
075920ea
206a14ac
2653f5c8
126add17
f5b1deb9
ea17f716
fa050de7
15dd0d29
2265f5be
11e2de60
f11fde54
db89f64a
e0a51047
f653147c
045a00b6
fe57e8b7
ee2edf92
e6cbe5ce
ee9cebf8
f8e3e6e0
f672dd53
e7d1df70
dc46f20d
dec30818
e8f91260
ed1d10a1
e76d0e0d
e0bd1163
e15414b6
e5131080
e3890879
dde90755
e03b0fec
f178168f
08db0f41
17c2fc61
1963eae7
1546e3d7
145ee503
17d9e813
1c6fea5c
204decd1
23c4eec7
2460ee62
1d97ee08
0fecf4bc
04f205ec
072e18c0
137d1de4
18dd10a7
0a70000b
f0c10074
e29c150b
ed132b27
05942f15
16b420c8
164611ce
0e6a107c
0e0818e2
16381cb2
1b7b155b
14000aa8
0309081b
f3781000
ec241b4d
eba62239
ecab22b4
ebcf1f56
e9191af8
e57916ef
e1f414f7
e1d9161b
e939171c
f6ce10ab
004dff5c
fac8ec52
e825e90f
db3bfd37
e63b1a13
05842558
1ff113ea
1f9ff4f6
06dae229
ebe6e5e5
e1c4f445
e6c3fa38
eb43f327
e6a9eb10
e01dee35
e51bf9bb
f7caff15
0b5ff4a2
1000e067
02edd289
efd1d513
e48ee3e5
e545f36b
ec0afb02
f057fa3e
ed76f691
e35af65a
d76cff19
d363104a
de0c1fd5
f312208a
02980e05
fed3f512
ec03ea3b
de3bf47d
e5e80584
fdc30785
0f6bf4bc
0a02dd6d
f2e2d8b8
e089ed9f
e4700d05
fc802096
17471cd1
233107a2
1adef09d
04fce478
ecbbe816
dd84f9bc
e0b91103
f7421ec4
142e1722
23ccfd0f
1ba9e2e5
0493dc8f
f453ee33
fa7e0732
11b110fa
2411037f
1f56ec7c
05d4e1e2
eaafed07
dee803bf
e2d21506
eb001af3
f11c1c2f
f9ce1ebe
0a181e53
1c6b13f6
2510032f
212bf8cc
1b73fc3c
1e9b057d
26e0069d
256cfe4b
14c4fa5b
013205a2
faf81989
041f23f5
0d2b1b76
06fe09bd
f26d001d
ddeb06d6
d67416e6
ddcb2457
eeac27fa
02361f50
108f0ab6
11c5f0c7
056cde33
f701dc3a
f47de57d
fea5ea6e
05e8e3a5
fca6dd66
ea5fe9a1
e4c707b9
f5862179
0dcc22c8
14ee0f73
03b0feaa
eae3007f
defc0ec8
e29217c3
e86a13e2
e63d0baf
de980ac7
dbfa1371
e4bd1e3f
f6e52224
0b8b1af9
1ab2088f
1c07f023
0c14de57
f352e057
e429f740
eae81336
00c3210f
12371c50
13601272
0afa123f
08621add
110b1e91
1aa01357
17c8fe06
0624ec17
eda9e694
d8d4ee52
cf35fe0c
d4050d38
e37c128f
f3ae0991
f9eaf766
f3f7e80a
eae8e3fb
e94ee7b7
ef75e907
f379e4e1
ee6be3b1
e6b1f010
ea80079a
feee1a23
18ae1a5c
271a0b3c
257cfb0f
1cd0f271
1653eddd
10c1e694
0582de1f
f46edd7c
e646e981
e43dfcc8
ef350d5e
01c7153a
15ec1383
269208ab
2da4f75e
26ece806
163fe551
084af288
07800660
11e91366
1b871441
1be1109f
16f011bb
15f4162b
1a6514b7
1c2c08c1
12d0f7e2
fdc2ed01
e576ef0c
d3fafd1b
d0271024
db201e0f
edd81d5a
fb1b0c70
f8a2f630
e9ffea79
dfb8ef23
e6c7f943
faf3f8e7
0b96eb5f
0f51ddb2
0d25db4a
0fa8e0cb
1550e37f
13e9e2a6
0944e93d
0261fcc7
0b9a108c
1e981212
26aafdfa
160fe65e
f5ece218
ddf2f622
de7e123b
f3c321ba
0d501c20
1bd00760
19dceffa
0a22e0d1
f44ae177
e3c6f3bb
e48a0f76
f925237c
147d2158
22680a4f
179defd1
fc66e52e
e4f8ee4b
deb6fcc0
e41600d6
e6aff9dc
e10df3ff
dcebf86c
e57600d0
f841ff90
0702f07b
05d0dd7c
f70ad533
e73edcab
dfe9ecfd
e17ffd41
e77508f2
edc810eb
f4601839
fdae1f37
0b4d237e
1b662068
2639131b
22730157
0fa9f83b
fa6800c2
f37d1540
ffde239e
13061d38
1a4e050f
0f15ec30
fa68dfd1
e90ee0a4
e020e7c9
dd60f18c
e08afe8b
ec770c9d
0137144c
176e0ec2
2375fd86
1f63eaab
1047e099
014ce09a
f86ee3e6
f281e43f
e955e46c
de44ed67
dd420255
efbf17c7
0f131c93
26340bb6
2419f590
0e2af0cd
fb40036b
fc3a1c56
0ae52482
11e116c6
041a03e2
eb21ff76
dba80b03
def11645
e9f813bf
ebab0870
e18405b5
dab913ea
e5752761
fd842d05
100c1e3a
0dc90702
f96bfa90
e54500ff
e15d0fc7
edda15a5
fce109d9
fefef307
f0dae152
dc3be0e4
d016f12f
d4e1057e
e65b0fc2
f7990ac2
fe2ffc86
f950eeea
ee41e7b1
e1fbe779
d7b5eeb5
d52afdd3
e0db0f49
faae17de
16d30ee2
2450f8f9
1cbbe89a
0c17ec8b
04ce015b
0d0a156f
194a1bdd
1b831924
145d19b3
0fce1f95
12621f83
11951242
0200025b
eaa70202
e14a1390
f22923b5
108d1d4d
222b00da
18d1e452
fecadd3c
e986eda3
e544067b
edc518c4
f8ac20d3
01b02306
0b092164
15d6186e
1b900534
1353ee4e
fd09e1ac
e57ce9a7
dd3d01a7
eac61901
04fb1fa0
1a5b124b
1e96fb53
1141e8de
fb2be3cc
e6c3ecde
dc5dff0e
ded0111d
e8ad1ac0
f0721b25
f0dd18af
ed0319f3
ec0a1e23
ef061ede
f0481972
ebaf13cc
e698152e
ec101bc8
fed31b05
12c60a04
18abf03b
0ea3df1a
02afdfc4
027ce98c
0c01ec48
109de2de
06bfd7c3
f3bcd7b1
e51ce49c
e2aaf4ab
e925fd96
ef4bfc91
edcdf6a6
e326f4d2
d662fe92
d3691225
e0d7227d
f646212e
02340d9a
faa4f743
e83bef4a
ddb6f7e5
e5f7025d
f93bff2b
0695ee67
06d3dd8e
00b9d768
fe9ddabb
02ffdf50
08fae020
0b99de05
09eadc86
06b6de04
0545e194
0645e466
07fee498
0813e26a
0479dfa1
fc17df52
f0cae4c5
e6ecf01a
e16ffe93
e0740d19
e40d1a22
edc92311
fbab2206
05a21432
021f0037
f060f4e8
dda0fc4b
d97310a9
e6ed21c0
f9df24db
040f1da6
027918a4
fe1b1c41
ff352306
03fb23fd
043d1e0a
fd4a197c
f7b01cec
fe2821fc
0f0b1a95
1a4601cd
11cbe591
f9dcdab0
e5a5e8d8
e51603f5
f6ae187a
0b2a1e20
17c81af5
1dc01627
21c40e55
2098feb8
118aec1b
f5d4e54e
de55f26c
dc8608a5
f00912ed
05a40654
08efed09
f6ddddb1
e07be73f
db73034b
eeb61bc1
0cb71ec2
21180be9
1ff1f197
0c48e14e
f3f1e361
e50af4ca
e6c40ae2
f6db19ea
0c431c69
1db413ed
2611067e
2511fa68
1e1ff3d8
1695f35a
12d6f613
14d5f739
1a1df1bf
1b91e4c2
12bad6e1
00dad38f
f102e12f
f0adf922
02780a1b
18790605
1e3ff096
0b38de11
ecb4e199
db32facb
e3c31485
fbdf1888
0b380462
02d0eb44
ea4be47b
d8def5f5
df19101e
f8fc1dcc
149c163b
22190034
1c03e995
06bddf0e
ee5ae743
e10eff45
e80d19de
ffa625f5
16e61a57
1c15ffc3
0c66e998
f55ce456
e78debd9
e674f1ee
e8cfef98
e77bea2b
e4cde866
e6b5e967
ec12e77c
ed7fe38c
e8b9e664
e68ff5a2
f1280a59
0749168f
1cc51433
27ec089c
281efbdf
2126f16c
13f1e931
004ee74b
ec47f1ac
e35206b6
ec301ac6
01c72083
15f9134a
1c3afaf1
11a3e4e4
fd7fdaea
eac5de58
e1c5e91c
e39af151
e8e7f06f
e8b8e9f4
e2e0e832
e118ef6c
eb61f8a6
fe58f8db
0d4ced4e
0f6bdfeb
09aedc54
07b9e228
0cbde6e5
10d6e396
0a6adc93
f9ecdc7f
e9b7e788
e1a7f7a0
e16d0547
e48d0e95
e9311667
f24a1db1
009d206a
0f821b95
19d911e2
1ef7078f
20e4fe33
2008f430
196be956
0a17e238
f55de5e1
e559f719
e4c70f6d
f66d2062
10721d6c
21280658
1bf5ea60
0517dd6a
ee4ce734
e6aafe80
ef7313d9
feac1edf
0b93215e
15111f80
1d231801
1fc107a7
15b7f2d6
feb1e5d6
e631ea2d
dcacfc05
e89f0b34
ff570862
0c8bf3aa
0462dd06
ed2ad70a
d9d0e5d3
d7e9faeb
e26f047e
e928fe88
e2e0f5b2
d821f80c
d9e1037c
ec6c0711
0072f863
04c6e1f4
fa7ed8ff
f501e553
0245f80e
196ffe4f
2708f7e5
24f8f4a1
1fcdfcd1
22b505d4
26370187
19fff3d8
fd66ef68
e36dfcdd
dc6b0e23
e18510b2
e0cc0639
d817004f
d74c0544
e8020720
fd2df7e5
0290e043
f74bd7a8
f151e73f
0126fcbd
1b8e010f
26cbf47a
1a38ed72
0762fb81
02f814d8
0db8243d
16bc223a
131c1ae1
09c61b39
0834215a
110521b5
1b2f1656
1e880418
1a86f236
1189e40d
0515db7e
f87edafe
f1a2e1cf
f3c2e8ae
f972e853
f921e2f1
f0a8e2b9
e868ee5d
eab101f8
f9d61315
1007199d
24bb142e
30b405f4
2eaef570
1ed7ed49
0ac1f633
019b0caf
09721f4e
15f21f68
143010b6
ffd7061a
e8a20bbf
e0521908
e6481bb7
e9e01011
e2e706bf
df180d37
f05719df
11c415af
27d2fb55
1f42e21a
055de5f0
fa26053a
0a302049
1f0f1dff
1b4b0892
fe56fe77
e42c0c7d
e3da1f35
f56b1c67
fe73029d
f2b6e977
e17ee607
e15df332
f59bfb9e
0d58f36e
1770e30c
13f0d9ce
0e8edc93
0fcde413
15ebe794
1a9ae5d1
1b03e2bb
17f5e210
147be5bb
13adec8c
16def228
1a13f0bb
1423e8f0
0077e4e0
e7d4f03b
dd060985
e9e81e2b
028e1a48
0d2aff0f
fcb4e65d
e14ce9d1
d8ee0794
f0002385
131e2438
22f50d0a
141ff8b5
f86dfc59
ea4a12ac
f2522376
01391cfe
01e20552
f017f254
dc8ef1cb
d87dfbdd
e2b6ff5e
ea95f726
e4f6ef9d
d811f704
d44b0cee
e25720d1
f8722250
046210a5
fc9bfb0e
e981f22a
dc79f788
de09ff2c
e729fdc2
ea00f504
e1d4f269
d93eff85
ddc71582
ef64235d
fe8620e9
fe8d17fe
f4381753
efb22048
f874243a
036d1780
009300cd
ee90f34e
dd6bfa1a
ddc90d5e
f1ee1b50
0da6176c
204d030b
218cea48
14e9da07
0611d820
0034df4c
054ee4a6
0cece15b
0c8bda53
0324dbc0
fc35eca5
049403b6
19610da7
261c02eb
1a38f3eb
fef9f82d
f06d117b
fe1b26d0
18b91f70
22e6fea2
11b0e0d4
f6e8dd1d
ed37efac
fc540156
143401f1
21b8f6ce
2213ef18
1f27f107
201af760
23cbfb5d
259afc25
24a8fc7d
22d8fd3d
20c7fce5
1cc8fc19
186cfd98
1842ffc6
1d0ffbbf
1e59ed90
1365dd16
000ed76b
f2b3e003
f562eae3
0072e9cf
0293df06
f6a7db90
e9dceb4d
eca20690
fef01a62
110e1dac
16101951
111b19e6
0cef2013
0d4723b8
0c4d20b5
06421cfd
019c1e58
07881f7e
14c413d8
1902f9a2
0903e14f
ee88debe
dfa3f2ea
e7850be2
fd7e18e7
12051849
1f0011eb
26950991
2858fdd1
1f10f099
0a35eada
f35cf33f
e67204cd
e5a1138e
e966192e
eab91864
e8ca15ed
e54513e8
e14812a3
dddd1316
de1a14f3
e4961445
ee1d0be0
f343fc45
f054ed42
ea1ce57a
e727e449
e8c9e4a5
eb1de430
ec1be699
efd6ee1d
fb13f60b
0b5df60d
17c4eb0f
1750da85
0887cfff
f449d4d9
e76de913
eac1028f
fbce140e
0f07179e
19181316
19811109
18331511
1a9418ed
1c061611
146b0ee8
03a70caf
f34e13d7
eb651dec
ea3b21fb
e8cf1f50
e6231c39
e8341a17
f056123e
f5ed0143
f065ef9f
e445e969
de44ef85
e3b8f635
eb75f413
e918edaa
dc7ef0fc
d43203a4
dce61946
f25e1fc8
02c5123d
0156fd36
f166f0e5
e04bf34e
d886fedb
db2b0b0c
e44f140d
f0de1a75
006b1db3
10911b50
1c341348
1f4c0a97
1cbf0770
1b4309e7
1da00cae
200b0bfe
1eac09e3
1b100a6e
1a910d44
1e680c42
218a03a4
1e4df63d
1464e9d1
0743e1c8
f949de41
eb6ce031
e13fe983
e095f75c
eb4001da
fbb40132
07baf3d1
06a6e12c
f866d4b7
e58cd691
da23e61d
dedaf9d1
f22e0482
07f0fe37
1067eba7
05abdd31
f1eae1e5
e766f941
eef81372
015021e0
11622259
196e1c08
1c9713cc
1d7306ad
165ef37a
01e4e3e3
e7d4e64a
db6dfc69
e8c71566
07041cdc
1f630f30
235bfc6b
1901f644
1196fea4
16da0770
20bd01fc
1e70eeea
083cdf56
ea14e58f
dc1601b0
eb6f1ed2
0cdf259f
259d11e9
2294f7d7
0afdf11d
f7e00363
f9a91ba7
08e822f7
101e159f
03aa0424
ecf1ffd5
dd7c091a
dd1c12e2
e4271258
e5f609f5
dfc5057c
d9f00c72
df2b1adb
f1e92473
09d91f16
19d30a1a
1845efa5
0735df00
f450e0f8
eec5f0ad
fb8bff2d
10f0ffb6
1fb1f243
1fa2e203
1431d992
0521db18
f6a0e43a
eb45f460
e8e00a09
f5481cdd
0c6f2026
1ecc0e79
1d3af2b8
080ce0a5
ee7de366
e150f6a5
e6c30c87
f94b1918
0f201910
20790f40
28ff00bb
2751f3e9
1ea3eee8
165ff330
1524fae5
19b2fc1b
1aa9f214
0dcce426
f49fe1e3
dfb5f47f
e21911df
fd2b2323
1d0319c6
2931fdfa
1a8ce901
027bed2f
f8ba04cd
04721989
16da1a30
1b570a48
0b29fcc5
f2dd011b
e64e15f8
eef72b7d
051231a6
16b225ed
18451531
0dcb0ead
05f915e0
0b111f03
185a1a29
1cd80416
0d93eb92
f35be2a8
e272eb6e
e50ef5bd
f068f2c5
f1fae73c
e709e62b
dfd7f8ee
ec37130d
08021e70
1dbe138b
1cd7fff3
0867f80e
f2f2045f
ecd51c53
f9692f58
0e8a318a
1ce6230a
1b310fc3
0c1b0571
fb490979
f2ac1510
f1ed1dd8
f1f21f7e
ee201e28
ea5d1ef4
ed3e1ed2
f4cb15a1
f6b902f3
ed76f226
e088edcd
dc09f444
e2c6f9b5
ea25f63a
e6dbf05d
dae4f58e
d4ff091a
e0571d79
f675213e
050911bf
00fafd11
ef9ef2d8
df67f78a
d96c03c5
dd030f7e
e68217fc
f3e41d70
04331e0b
134d17fd
1c420de4
1e5c05c6
1e260350
1fec0426
22a40496
22950565
20a109b2
21400ff4
24a51159
22cd0a30
13b0022a
fcda064c
f0021731
f6d0244c
05ca1c51
0687030f
f20cf0dd
daf9f809
da36111b
f4ad2215
15d718f1
23acfd57
17d8e6cc
00cde3f7
ee73f0a1
e54301a5
e1cf118d
e3d92039
ee33296e
fdd02501
06111152
fcfbfb26
e863f3e0
db890044
e3b41266
fbc6187d
13820d53
1f48f9c5
1f61e8f1
1930de89
0ec7da31
002dde6a
f2aeee91
ef6006e5
f8e11b69
069222c6
0d361f3d
09f61ae7
042d1c75
036b2100
072b21bd
093e1de1
07541b03
064b1dce
0cb3222e
19831eda
236c0f14
1fa5f7d8
0bb7e67d
f177e5fd
dff3f59e
e0fa0985
f16711de
02620756
04cdf1c2
f5ece146
e004e1a3
d249f1c2
d4de0491
e2650c98
ecfb0748
ebc2feef
e364ffe4
e1580cf2
eef71b15
07661bb9
1b040a28
1c46f098
0b45e02f
f4a1e2bd
e5d7f539
e5970d3e
f199204d
02782887
0fcd25cc
12d71d8b
0c331945
05451d87
073e23b5
0f971f0d
10400d29
0018fc40
e93cfd8d
e17910c4
f32521ea
11141d42
22d00399
1b27e9af
049ae552
f694f890
fe9b112c
16441ae1
2ab50f90
2dfdfaab
2299ecb9
15ceec0d
1295f24d
185ff467
1cefee1c
17f6e6fe
0c0dea6a
04f6fb09
0b240e86
1adb1832
2851137d
2ad3063f
22b7f864
13c1eda9
ffe3e815
ea60ecb1
dd3dfedd
e4fc1688
01c6208d
1ff11096
276cf1b5
150edfff
ff54eb7c
fe450758
1116188d
20d31398
1b540616
058b0416
f2741187
eda620e8
f0cb24ee
f0221f7f
eab31afe
e9c71b11
f1cb1756
f9de089c
f55bf550
e3e2ecc7
d30ef679
d06d0a9e
ddee1a2a
f2171b81
00ca0f16
0270fcfd
f672f031
e46af119
d8210090
da791547
e8c62134
f6001ea6
f6fe162f
eee814fb
eb7a1cc4
f3d321a6
ff0d1833
fe880463
ef85f58b
dd3cf5e7
d53b01d9
da7d0e50
e6e515c6
f5a819d4
06421b9f
174818a6
22f30fb3
23ad06eb
1d3f0654
19bd0d5a
1d9011da
206b0b87
16c5ff9a
0167fd44
f10b0bf0
f5d3204e
0d9a24d0
22bf0fb4
2003eeb0
0481dc57
e5c2e744
db2c0545
e9791dfc
004e2063
0a331022
0013ff2d
ecd9fabf
df210173
dc3c086d
de9f084f
defc02d2
dc73fddd
daacfc52
dc08fc75
dec9fc2e
e11bfcdb
e3ccff0d
e6f000c3
e79c0099
e2dd0211
dc800b46
de761b3c
edc826de
028821e2
0c400d3e
023df8b9
ed26f4bd
df670442
e5dc1995
fd242279
15a9167a
1f15fb8c
1266e1d2
f737d9fc
e06be9b7
ded80602
f41c1a0c
105a186c
208f069b
1f21f616
1679f338
1494fa94
1c2ffeaa
2224f743
19beeb11
0375e8a2
ecb4f660
e1e80d33
e5292134
f0b72b10
fe2029b2
08301e97
096f0deb
ff4d0020
ee5dfe42
e2180af6
e3cd1d74
f1ef2900
02a427b8
0c5d1dae
0cc1136d
08410f98
060c1384
0cb41ae5
1cad1c39
2c9a1062
2e9afbc0
1e7fee53
0848f483
fdcf0a1b
05931cde
12f31df5
142a10b1
0452056c
ef050784
e2f813b3
e3c41d26
e8d51c61
e9501562
e47f107e
dfbf11b2
e004160c
e4a51760
e7e313b3
e5f30ec4
e0d10dcf
deeb11a1
e51114e4
f1801044
fb7100e7
f93fedc5
eadce45c
dbfaec27
d8c5fedc
e1c90ef4
ecf4162c
f36019fb
f9552026
066223d0
175019f7
1dbc0168
1069e898
f7b2e06b
e5e4eb6a
e715fccf
f80f046a
0b52fb3a
139ee662
0ba9d29a
f904cc1d
e8e2d6dd
e6c5ebc5
f533fc8b
0a21fdef
166cf1d2
1290e549
0585e60d
fe85f5c7
076d08ab
1bbe10ab
2e5d08ca
33aef74a
285fe7f1
12dce5be
ffe1f39a
fb7509b4
086b1898
1b4d12a9
2095fa35
0ed4e273
f166df34
dfe1f1bd
e7ab064d
fe9b080c
0ec0f5ab
0c11df99
fd0ad5a2
eecfd9ce
e739e4fa
e49af1bb
e4fdfef4
e8960bfa
eefe16a8
f6961eb0
ffef2470
0c74258a
195d1d83
1ee50ba9
1659f716
01a9eb1a
ebb8ed32
df79f81c
df3500cb
e3910072
e43cfa51
e010f5d4
dc21f707
dd36fae4
e1a1fc07
e39bf93f
e077f6fe
dbd0f919
db77fd9c
dfd9fdb9
e26cf754
deb2f0fc
d9b3f267
dd59fa8a
ed20ffa9
00cbf907
0a80e91b
04eade15
f9f2e350
f92ff59d
09410579
20ec0408
2e21f0a4
2648da73
105bd351
fdfcdfe1
fcadf51f
0aac02f5
1aaa030d
2120fc28
1e68f9fc
1c2bffa2
204d04b3
2423ffb6
1bcff3ce
058cee0a
ed2af69d
deeb081b
dd4e17ce
e369208f
ee3e2393
feb51fba
10a30fa1
17eaf4b3
0cbfdda2
f907daee
f16bec76
ffb7ff36
176a01c8
2437f686
20ceee78
19cdf322
1b48fc2a
2237fc1a
2297f0f9
16a8e4b2
041be058
f40be3e1
e9b2e9b7
e248efb7
dd5ff944
e0160784
ee791478
05201703
19740a9a
202bf4d6
170ee192
05bfd992
f73ddd17
f213e412
f412e695
f661e323
f483defb
f14cdfce
f2c8e517
f99fe7ff
fd51e4ba
f61be275
e7fbed27
e2d806a9
f2cb1f72
103e21ab
231f0888
1a48e7c1
fe49d990
e8eae510
ec5df917
0250ffac
1580f4f1
1a28e7f9
17c2e5f2
19faebaf
200cee7b
1f81ec11
1458ee80
089efd43
08f211de
15f61d95
23a818c5
27080992
2048faa1
1591eef2
091fe514
fa28dea6
ec00df84
e5ece65f
ea7aeae6
f1a5e6d9
f13ae05d
eb29e3ac
ec8bf37a
fdec021b
14d9fee3
1bdfea77
0879d9da
e97be20b
da500107
e8941e2b
071e2186
1bdb0ae8
1a46efcc
0dd5e41b
098fe74d
1223ea43
1a88e4d3
16e6dfe7
0c47e8e1
099efe7a
14231160
20c015f1
21c31107
18311038
124216cc
178917f6
1d7d07f3
1319ee2a
f712e0d4
dd80ecc8
dbac0718
f20f18a0
0e0f1600
1eb007cc
234efc6f
2499f68f
231cef1d
1611e5f6
fb95e6de
e26dfac1
ddcd179a
efd424ff
030915b2
00f0f804
eb47e7a5
daf5f0d3
e4c302b8
010f0392
1418eeea
0d7adb54
fac9e015
f6adf9db
0a570f00
23dd0ae0
29b9f380
1540e0e4
f621e42e
e1d1fb1b
e2db1670
f60a2641
0ecb21b1
1dce0a0a
1709ebe3
fc5adb35
e15de386
dbd3fab7
ef2e085b
076bfd9c
0e0ae5eb
0251d9d8
f883e4bb
01a3f947
17b80375
27b20003
2854fca1
23040366
230d0c9a
24640b4e
190c0149
00000000
edb31126
f59824c5
11112100
230a00e1
176fde06
fb4cd770
eed4eebb
003b07d8
1ce70a19
279efa65
193df1d6
04b7ff11
fe471793
05e82627
0b9b2458
064d1ddb
fdc11e2d
ff092279
0b331d74
14e808f3
0ed7ee5c
f9ccde3f
e2b9e021
d5e5ee83
d6c0fdb4
e0030548
e93e02f9
eb18fbae
e4e1f9cb
e023041d
e97f15ad
03301e44
1d81115d
23bcf60c
101ee291
f321e71a
e2d8fce3
e3f40f58
e96a12b3
e6ba0d5a
de600b15
db270d8d
e0130bec
e41802e9
e0bffd15
df2404fd
ed49148d
0a74191d
232f08e5
23baf0a1
0da7e894
f87afaf3
fa3a1773
0ff922a7
22251291
1de4f62e
05d7e404
ec33e4f9
defaf101
ddcefc42
e0d903ae
e44c0bb9
eaf4172f
f83b21e7
094c2478
14871d08
13941317
0aaf109e
064e1756
0e631d1b
1e1516a5
2842033f
244fef0d
1870e82f
12d2ef49
1965f77c
2251f4f7
1e53ebb8
0bf8ec11
fbddfe56
ff5d166c
14411d6b
24bc0992
1ca2ea66
ff6ddae6
e57ae721
e55700ac
fd920d0d
1656ff85
18b3e57c
0355d7c7
e98de3c8
e05e009e
ecdc19a3
04302044
170f13a8
1be7fd51
1336e909
0369dda8
f3c8dc6d
e966e2a3
e66ceb68
e94ff139
ecddf159
ebd0edf3
e580ed03
de08f248
da94fd8f
df2b0c21
ed9118c8
03e21c2d
195f108d
20aef927
12c1e3fd
f784e10b
e1f7f3af
e0d50e11
f13f1cee
032e177e
073404e8
f993f4c5
e3acf2c3
d2c4ff52
cfcf1232
dc271fdc
f0161e7e
fe130caa
fb6cf571
eb88ea04
df96f13c
e5e9ff6d
fb000231
0d0cf326
0d95de62
ff03d4db
ef50dbbb
e7a7ea8a
e598f7d7
e30f02b0
e09f0f70
e57a1ce2
f38921b0
01f116b3
038400ff
f456f0e4
df2ff3a7
d55e07dc
ded41db4
f26b2563
fe551e2f
fa69167d
f0911a71
f0692526
fb2125b7
01f914e7
f864febf
e469f5a4
d9cbfc62
e30403a1
f663fc82
02bfe9ae
0270da50
fe98d76f
0057dc03
05bedebe
064ddf6d
019fe5e7
0146f48d
0d17024c
203302f4
2ca7f40b
2810e069
14eed6f2
ffa8df7c
f6b3f5a1
00450aab
14900f15
219fff7a
1918e902
fe1edff7
e4a9ed58
df2b0503
edc9121a
002a09e0
054df3c8
f967e00b
e5cada10
d6b4e27e
d3ddf317
df7b028a
f4b706df
073bfbd8
09f0e903
fb12def5
e8ade8ee
e42d014e
f256177a
09311eaf
1b361824
23670cbe
24490227
210df927
1a09f0d2
0f04ea4a
0237e6c7
f4f5e4ef
e66de576
d87fec63
d2f7fb65
dd9409e2
f4060a4f
0583f8cf
0455e33d
f4c3ddc5
eb91ee20
f8040365
121806fb
2190f410
15c5dd1b
f6dbda73
dee4f1f6
e1761218
fb0521e7
161117c5
1feeffe5
189eee8e
0f28ec74
0f74f1c9
1794f2e6
1d7eec05
1a77e2f5
0fbede41
01cadf94
f2ebe60d
e4eff24a
dcdf037d
decf12f4
e6391768
e8381149
e10e0bc3
da5b0f46
e0f01538
f22d0e98
fce8f89f
f67ae3b6
e916e215
e952f1c2
fd8afe62
1537f8cf
1baae8a0
0f34e26e
015df076
035e08dc
16f518c7
2e401476
38300042
2dceec76
16f0e87a
03a9f798
00910efd
0d041d18
19b01825
159807ce
ff90ff71
e9e909b9
e78b1b52
f6e61e94
03570b8a
fb8cf1d5
e3d7e801
d11ff578
d2a10c1d
e30b1912
f16d17dc
f40f1282
ef4d1344
ecaf198d
ef211ddd
f25b1c34
f1df1791
ee3a161e
ed871a67
f4c22110
03bc2395
144a1d08
1e5e0f46
1ee400a6
192df641
130eef3f
0d99e6fd
03e6dc2a
f2c7d5e7
e19fdd73
dee4f0d9
f03c006d
095dfde0
1639ec1e
0e86de8a
fea1e56e
fb29fd0d
0b9e103c
21720d5e
2686f865
1383e5e2
f5b0e632
e005f89c
dbd40f77
e47b1e05
ef47210e
f55a1da0
f6591a62
f5d51a4a
f6951c6a
f9661e31
fc0f1d9b
fbe31bf4
f9b71cc5
f998212c
ff872578
0afd23bf
16c118bd
1c8a05bd
175cefeb
05c0e08f
edf5e1fc
df2ef734
e75c1447
046a23a4
21191965
25f7013d
10f3f4f3
f816025e
f2c71bdb
004826d9
0a2c1980
ffb903c9
e89bfaca
d9690192
db780898
e3d603eb
e442fa24
de44fb10
e1230a2e
f66218a0
13c21491
23fbfcf6
1ad5e351
000ddb30
e795ea14
e0c30515
ee2c1b94
069e2137
1b0513a8
1f90fbd6
1195e866
f9e6e525
e6e0f277
e11406db
e6c616fd
f05a1ed0
f9bb2155
03ac20b5
0f3f1b3f
19390f51
1daf006b
1d08f3d0
1b1eeb62
18ade403
0fc1dd01
fd1fde95
e94ff19f
e4d21167
f6402912
0d63258c
10d80c98
fa53f8ce
df2efcf0
da440ede
edd5139d
01cfff24
00bce32a
f085da8c
ea0ceaf9
fbadff94
18080112
2443f0cd
1715e60c
01f8f268
fcf90e6c
0e97227e
26d61dfe
30a406e9
26d3f268
177deede
1310f753
1b44fc75
231cf624
1d8bec8b
0cc5ee33
ffa1ff6a
02b114ab
13281cda
21411074
1e01f873
0805e6ad
ebb6e656
d880f59a
d5bb0882
de50132e
e71e1290
e8920d65
e47c0c47
e29e10df
e8011535
f26a120e
fa150527
f76cf3f8
ea44e862
d9d1e9d0
d0c2f80b
d61b0ad0
e8e116b2
005614cf
11de06ce
17d8f4eb
14b1e822
102de3d0
0fd7e44f
1305e52d
1695e5a2
191de6de
1b06e8ca
1b96e974
16f5e97e
0c9cee28
038efbb1
06400d4b
16ab15a4
291b0b9e
2e3cf515
224ae350
115fe29d
0ac2ee8e
1191f7b7
1a12f337
14a6e5be
fdebe056
e4d0ef39
dd6a0b86
ede71f3a
05ca18ce
0c7bfe34
f9cee92f
e027ee8d
d9d308f7
eec71f7c
0da61ef9
1e820ae0
17b2f77d
03cbf5fe
f4d106e6
f5481e59
04072dfe
16ec2dab
218a1f63
1d520d0e
0cf202bc
fb2f0647
f27f1316
f54c1e15
fbdf204d
fd861cc2
f99c1b45
f6841f7c
fa8125f4
066a2756
15191e0d
1dbb0950
1819f08c
03fae0c1
ebd1e3aa
df31f7b8
e77c0f22
ff2519be
16291290
1ffa0357
1dd6fa87
1ae0fccf
1de702d2
23bc0522
25930408
22bb04b3
205a07c4
206408b3
1eaf055e
19140288
159903d7
1ae203fc
2487f97a
24f1e524
14e8d5f0
ff68db05
f82df1f9
0694070d
1c9409b1
2491fd92
1899f626
06c1000c
ff3a1470
041a23b9
0a5f26b1
09822372
03ad220e
ffbb237b
ff6d22f7
fef91f77
fd301d4f
ff941ebd
09e41e4b
177a159b
1f760601
1f8ff772
1c52ede6
1854e66d
0f42df94
fdcedf5c
eaddee37
e508095e
f29c1ffb
086b21ff
127710c7
0756fe14
f068face
df480953
df441dfa
edc62a77
ff2728b0
08dc1db0
081b13b7
02d91257
02541885
0b251e6d
19451c05
23fc0fe8
24d7001a
1d09f541
1465f303
11acf58c
158af695
1bc5f185
1e11e6cf
17a7db5e
07e7d6ba
f4e7e044
e9f1f840
efcd13ea
030a2361
130d2019
1275150e
06051315
00351c68
0b222094
1b0c0fe8
1a93f00f
03edd974
ea49df13
e81ff88e
01750968
1d56001b
209be9a6
0b4fe339
f819f885
fda5164a
16c21f3e
28260ab0
1e34ec6f
007adf39
e82fea0b
e61efdc9
f70e073a
0b8ffe79
15d5e9ba
10bfd4cf
ffeacb15
ee34d25e
e913e6ed
f68ff9f6
0d27fd14
1ae7f12b
1757e5dc
0b66ea0d
0763fc67
104b0e57
1c4c1572
208815ae
1dc517b9
1b3c1b57
19cd19a2
1220118a
01230c07
ef881107
e8661be2
ec0020ca
efcd1bd6
ecb215d6
e90b17b3
eecb1e96
fe7e206b
0f7e1929
1b510d9b
227a0288
2648f759
22d4eb83
14d6e575
02f3ed7c
fb6001f6
060e13b3
1a391280
24ccfd27
190de3e3
fc2bdba7
e2baeda2
e07b0ec9
f8112751
16e6257f
22670e2c
10e1fa5f
f3cafebf
e6c11594
f254247b
033918ed
013ffd51
ebb1ec80
da2ef351
e1b702a3
fc0901d6
0edeed0c
0b36d9d6
fd5ddd0d
fc17f382
0e160765
254b0911
3058fc38
2b19ee17
1c4ee690
09aee602
f5dced02
e69dfdb8
e56313c5
f59821b8
0c5e1bde
18ba04e7
1355ebdc
0355de43
f43cdd56
ea8be2eb
e47bebf2
e1d1f9f4
e79d0bb2
f91118aa
100c1701
1f8c0468
1c5beb19
06ffdbc5
ec92e1d9
df73fb48
ea881856
07dc2504
22001914
247700d0
0e88f458
f55100d4
f00819f4
ff8f25a7
0e6c1743
07a3fcd9
edd2f15e
da2e0021
e1f91860
ffe42027
1b340ff8
214af82f
1754ee38
108cf5bf
1735ffb7
23ebfd57
2780ee78
1bc4dfb4
08bedc20
fa9ae360
f6e7ec78
fa07ef4c
fc1cea18
f786e1a6
eb84dcd9
dcd3e212
d56cf24c
de540541
f5700c3f
0addff68
0d16e893
f995dd9c
e30beccf
e0680c9e
f5162357
0da220ce
13600ca8
0249fd1e
eab5ffe0
df620e3b
e3471790
ea4313b6
e89b0a96
dfd80974
dc39144c
e68d21f2
fb6a2631
0f331bbb
178007d4
11fff444
03a3e80a
f2dee4b8
e3f2e956
da5df48c
d9a9039f
e34a1071
f4001572
05fb1090
13ea02e5
1a09f030
15f0dd2b
07c1d10e
f64ed31c
ed19e368
f4c2f732
08f2ffbb
1a47f822
1b88ead4
0f17e8c4
049af7cd
08400d0b
179519fe
270b18cb
2d970d90
2902fee5
1975f14c
0074ea90
e5a0f19e
d81a0574
e19516eb
f8a61392
05e0facd
fbaee2b4
e754e291
e3e4f80f
fa7e089e
167cffcb
1bd3e618
04eed772
e7dfe549
de5a0507
ed501c6b
02821abe
08b10678
faa4f2c8
e373edf3
d2a1f7ec
cfdb0744
d96612f1
e9c215c0
f9fe0de6
01c5fda1
fb3aeda0
e908ea4b
d8cef8df
d79b0fe7
e4c81ed5
f2101d44
f23e1414
e88f1252
e4151aa6
ed9b1fda
fb48148e
fc13fd8f
ed7fed86
df55efdc
e1f1fba9
f469ff0e
0765f2f2
0d73df4f
05c7d167
f802d004
ebb3dae2
e5d2ef7a
ec1408da
003f1ba6
18671cb0
22770d79
1607ffbb
ff4103c7
f29c1608
f5cf2401
fb5022bb
f6851b42
eda01b78
efc72178
001d1dd0
0fc90826
102dec18
047adbf6
fcb5dbd5
00cddffb
08e6ded5
0b75dc18
0a32dee7
0beae521
0f72e6a3
0b2de292
faace427
e920f5d1
e795115b
fa6623a3
12c91ea3
1d860758
14d0eeab
0145e171
ee13e0bf
e0e8e7e3
db8df22d
ddeffbad
e58eff64
eb20fb97
e811f6ff
df99fbaa
dd070adb
e6bd1a89
f68a20c2
01cb1dfa
044f1a85
02f51c08
030b2037
03cf2264
017a2272
fcbd2429
fb7526e7
ff1c23e2
012e16c6
f97e0543
e916fbd4
dc52ffe5
dcb908e0
e5d40a9a
ea750424
e39a011c
da380c4b
dd9520e1
f18f2cff
077622ea
0b860975
f9fdf626
e3cff77f
de080755
ed291178
01e30832
0826f0dc
f8d2df95
e146e544
d7baffd4
e8011ac4
08921fef
22180a46
22aae9e7
0cc2d751
f4b2df43
f071f857
03b40ae3
1c2f06fa
222ef405
104ee9b5
f9c0f7e4
f7421417
0c812331
23751447
22a1f33a
0870dd1c
ec24e285
e6b8f88d
fa3c0617
12d1fe8e
1d18eb0c
173fdc9a
0ba7da03
0142de0a
f601e446
e8f0eecc
df87fed6
df3f0e85
e50814cf
e7991178
e3700d52
df020ef9
e29e12c9
eda90f3e
f658010a
f4ddef69
ebc7e4e5
e429e3bc
e32ce641
e70ee72f
ec19e51a
ef87e17e
f03cdea0
ee25df50
ecbfe621
f188f189
ff1ffa49
1036f893
19a0eb63
13d9dc2e
02b6d6a3
f1eadddd
e8f0eb2a
e687f6ae
e542ff58
e4500965
e7e7164c
f3e121bc
059324d8
14761e0d
19c9131b
161d0cfe
11660fad
13481637
1b6d16eb
21a70de2
1ff10025
187df444
1001ea00
0611df13
f760d6ec
e6f5da10
e129ea78
ef20fb53
083ffc3e
1810ed1a
13fbdf95
064fe501
02d2fb2e
10660eef
215e127b
25c30b7c
1db0090d
16da0f9d
1a3d14b7
22450d6d
2316fb48
188ce991
09c0e0e1
fec8dfed
f7efe11e
efc3e468
e5dbefb7
e309054c
f0491b47
0a42216e
1fcb0fc0
1eb4f0cf
0595dbbb
e7b6e025
ddbbf6d3
edcf07b9
06850236
1109ecc9
07acdd83
fa0ee2fe
fac4f689
0c4c05a8
220d0577
2e8af988
2d63eb63
2066e242
0beae2c3
f664efb0
e99406e7
ec701d77
f9662577
00531d21
f8d9135d
ee4d1663
f3b720b7
0abb1dae
1e1e035a
1961e2f5
01dbd882
f2e9eb5b
fe9a059b
19050d55
26eb00c8
1c02f523
05f0fcb6
fa471330
ff7625b4
09b727ab
0abc1e92
01c9199c
fb9f1fd9
032028bd
14f02693
22f014b2
2098fc40
0e49ebed
f73ceb45
e72ef612
e17a02a6
e2c709f5
e5540a3b
e4a50694
e05e0364
db880406
da840795
ddfe0925
e1950560
e001ff7e
da60fe40
d85e033d
df6d07d6
ec3e044b
f659f7ec
f8f3e94c
f6e4df94
f5abdbda
f71cdae9
f883db2f
f90cdf43
fbd6e888
0499f377
12acf9ae
1fb8f7f1
255df13e
22adec9f
1d8feee0
1c9ff597
2154faa9
2711f9bb
2751f48c
1ee0f21c
1286f8fc
0ac90825
0ba71759
10321f09
108e2057
0c4c21d3
0a0b24c5
0c502179
0afd138e
fd7403a9
e8c400de
ded70e04
ead31c43
04a81a34
18d00598
1ba5ec45
11aedc2e
0522d7d1
fa27dae8
f0afe3a6
eb7ef33f
f03e0697
ffb2156b
13b2196d
245c1343
2d240709
2b62f89f
1d84eeca
0843f225
f953051d
fdd31ae9
12671f14
218508f0
1790e8d7
fa02da25
e35de69f
e87bfc1f
02200123
1672f1ae
1802e156
1197e155
1432ec5e
1ee2f0bd
1fd4e904
0cd1e4ca
f2b6f363
e6570e2b
eb2b2003
f1a91f0e
ed1f1630
e36a14a3
e4541964
f22f15c1
fdac02d1
f82eecc9
e5d2e75b
da8ef827
e52a1022
01021b4e
1c8411f1
2900fcf0
2563eae1
1a92e3fa
128be68b
11cdeba1
15bdec8e
1711e84f
115fe4eb
0748e9c8
01c9f8e3
094d0a63
1bbb1192
2cbf07b7
2f16f360
20bde3a0
0c35e39a
001df15b
02950172
0f000a77
1cdc0a1a
27050343
2b0bf80c
24c8ea78
117be247
f721e936
e4c10059
e5c11a0f
f54d23bf
012b173f
fb610199
e8a8f57c
dac6f6e8
dacefa0c
e0f3f50a
e1bfed2b
dfb0eef6
e813fabb
fed90089
132bf412
0fe9df78
f5a7dbf1
ddcff4c5
e0491798
f9922631
0eeb1582
0a35f809
f008eaf9
db24f960
e058130c
fbc61f8d
17b61589
21ae016e
1a95f610
11a2fa74
1424052e
20720655
2921f7df
229fe31d
0f84d837
ff12ddff
fe05eb12
0960efa7
1041e6e7
053fdd69
ee27e567
e00701ba
e9a51f05
01c625c8
0f5711e7
02c4f859
e7cef23c
d97a01f0
e6491197
008c0aca
0c61ef84
fdafd93a
e465dec8
db9dfcc0
ed4f19b2
0a6e2086
1d0811af
1beafc40
0cf7ed12
fa52e637
e82fe541
d8afeb17
d238f896
db6e062d
f0970737
0234f7a1
0353e35b
f75adc82
f01be866
fa50f9a2
10a8ff14
229ff4a6
2527e4cc
1a8fdb72
0ac9dc2f
fa99e50d
ec6cf534
e6720bec
f0632064
075623c9
1a3d0ef6
17b0eeb5
018adb2e
ed6ddec1
ed4debfa
fb8dedfc
027ce222
f6b9db7d
e58cebf4
e61f0d18
fd4824d9
15ae2140
16da0c41
ffaeff62
e62106fa
de621635
e5c6191e
ea4b0d17
e39b0373
de8d0a44
eccf1961
0c131ac6
24620534
20aaea5e
0779e4e9
f46afb15
fb6317c3
15251ef1
26e80986
1e1beafd
01acdd37
e9b5e7de
e78ffd0c
f97608bb
0f5c00c2
1869eac5
0ef9d632
fb17cff8
eba3d97d
ea36e857
f367eeff
fa26e9cf
f559e2b5
e8ede74f
e395fa97
ef40108a
05f61a47
18b514b8
1d820a88
18760826
15220f00
19d516ed
23bf1691
2a300ae3
258df8f7
13fce99d
fa27e625
e3a9f2e3
dd220967
ea24199a
ff0b15e5
085d004e
fc43ebbc
e565eb5a
d970005a
e54c192c
0242215c
1bfc11dd
2144f58b
0ff5dfcb
f519de0e
e31def9d
e4ac0797
f6fe16f8
0d8316e8
1d1c0cb8
2393012b
2463f7a2
1fefee49
128ce61f
fb57e688
e463f6cc
de551112
ee4821d7
04f018cf
0a1dfc2b
f657e6f1
dd6dee05
daf60ae5
f5e6218d
17fa1d31
249f0616
1596f741
fed10076
f6001730
fb122563
fde82443
f62f1f8f
ed65216c
f02223ea
fb5218f5
fdbb003f
ee73ed36
dc0af1a6
dd28086d
f70419d9
16c0151f
24e60215
1eb0f68e
1561fc5c
182d0873
23e009b2
2928fcb1
2033ed15
0f87e541
012de49e
f6dee470
eb96e450
dfa1eae0
db6afafa
e6e80cb1
fe861391
15450b7f
20d9fc79
2296f046
1fe9e81d
1824e151
0682df85
efa8ec8a
e3b408ad
ed3e2285
02482642
0bce12a3
fdddfc49
e537f7e5
da2d0457
e57e0cf6
f8970290
0039ebfd
f9eddb22
f23cd899
f355dd55
faacdf3b
ffb9dd14
ff76dcc0
fe61e0c5
ff19e455
fd6ee363
f44de20e
e67be810
dd19f752
dee108b4
e8a213fd
f30418b0
fbd81b78
06501e31
145d1d37
21bc140f
26c70455
1f03f648
0f0ff32c
0171fd76
ff1b0f66
0a091e3d
1c6a20c9
2b1a14b8
2c230188
1e61f3a6
0aeff4a9
ff0f0369
01a51528
0edb1e0c
1be01a7f
219b0fd5
211e03c1
1caaf669
12c9e83d
02f1de56
f342dd9c
ec95e34f
f0c1e652
f73fe13f
f645da9b
f037deb4
f281ef1a
0410fdc9
19aefc56
2082ee7e
135ee7a4
024ff53e
01380ee6
13451f6b
284819e8
2e9805db
245ef47d
1597ef8a
0e84f2a0
1079f3e1
14aaef6a
1653e7ec
14eae05b
0f18d990
01d2d7e9
f025e3a5
e652feb0
ef9f1c95
07c02995
19ab1d39
12fa05d9
f7e6fbe3
e0f2087b
e2861a7a
f6bd1928
04170011
fa36e546
e573e288
e17ff75a
f8f10921
16e70103
1caae5f4
02fad62d
e24ce5b4
d8b408a6
ec261f51
05471683
0977f9de
f62de64d
e17febe8
e25bffb8
f93e094e
10d7fbe8
1345e2ae
feb0d546
e5b0e183
de66ffec
f0241ade
0ee32048
25ce0e44
2658f3a3
125ee4e1
fac6ed5a
f3b00617
03a81955
1c0a13f0
23c3f76d
0e9adbd5
ec8bd9ed
dc4ef189
ec4e07de
0ae10434
197deb88
0dc4dabe
fc1ce604
fe140266
13ef13c1
25a90d28
1e68fda6
043dfd90
f0d8115a
f36d24ef
020e238c
06830d9d
f637f788
dca9f40d
cd9c0413
d33018d5
e6f52251
fa171c63
01e80d6d
fc6eff38
eefcf8ea
e10afbe6
d8960524
d88d1086
e2251a84
f5cf1df9
0deb145f
1debfd59
1ab0e46e
071fdbe0
f642ebae
fa57062a
114a128e
249705b8
1f68ed53
03e1e1d0
e84fed34
debf0217
e4eb0d09
eaf9088a
e6a1ff25
dc0bfdd1
d62e0713
db9a143d
eb861d61
006c1d05
12cd11ea
1b53fed4
150feacd
011fe0e0
ea2ee8c8
df06ffa9
e8211803
01322175
19d014a9
217bf9f2
13b2e331
fb85df03
e97bee02
e760051f
f3cc17a3
06201f05
15b71c63
1f0c144b
22ab0979
1fb8fc01
135eef3c
fea6ea8f
e9b6f332
df4206a4
e4141ad0
f34625b2
024424fc
09481e0c
07f91965
049e1b1b
054b1f76
09772016
0be31bba
09a5173b
06521842
09871dae
15681f89
234b16fe
2886052e
1eb9f483
0b49f0f6
fbd3fd9f
fb89118e
0b2a1e13
1fee19c7
2bad07aa
285ef527
1c9ceea4
15d4f57d
1b23fe2d
246afc0d
21e2f18f
0f1deec5
fb42ff3b
faa518c5
0efb229d
21f60f66
1c83edee
008edace
e781e398
e88bf95c
005c024f
16ccf697
1b68e68f
156be41b
1540ed81
1d73f2ca
205ced0a
1342e674
fc3bed06
eac801cf
e7b41951
efe42846
fbc12be7
0710269d
10be199c
147604f8
0c46eed8
f9bce25b
e846e5b3
e404f13c
ebaef636
f180ef8f
eb0ee72f
dc84ea63
d3e4fb78
da420f5f
ebdc1893
fcc511de
022400cd
f8bcf0da
e6efec0a
d74af47d
d24a04e9
dac813cc
ebe4188f
fb76103a
0030fffa
f762f185
e63cede0
d72ef70a
d2b30743
db22159c
ec0019a7
fc471056
0233fde7
f921edca
e672ec11
d7f7fbb0
d8c1124b
e6d81ff8
f3ed1e15
f3da1550
e9df13d2
e53b1c4b
eea020e7
fbe714b5
fc2efd02
ed12ecd4
de68f022
e1ddfdcd
f6aa01e3
0acaf3f7
0e31de34
00eed201
f029d6d1
e733e5d7
e5e3f54a
e70b01c1
e8880d2b
ecbd18a3
f51b2124
000d2424
0b682152
1603186d
1c9d0924
19e7f5ce
0a6fe68c
f34ce592
e15cf6b6
e1a110d7
f58b2284
106c1f02
1fa707d5
189fec06
0020dd95
e713e4eb
dec0f9f8
ebbb0a45
01ab0741
0d7ff2ea
056dddc5
f0eed7f0
e044e38e
dd3ff48a
e35ffe08
e73efe24
e42afc94
df24fea7
de4c0146
e02cff24
df3af997
db9df7f4
dccafd51
e8c20299
fa93fdce
053aeddd
010bdd90
f243d88c
e406e193
de83f23d
e1480208
e8090d8b
efd31582
f8361bb0
02322002
0e73208a
1b061a6a
231b0ce1
211dfb76
12d2ee11
fd69ec6a
eb00f756
e1dc0796
e1191649
e64a212d
f20326ca
030f21a9
113a0e8c
1252f3ff
0542e0bb
f65fddd3
f271e53b
f958e968
ff41e4ce
f9eddf5e
ecbbe651
e665fc7b
f1d71536
0ae72050
222c187b
2b6d06bc
267df8c1
1d71f5ae
198af9f3
1c3efd57
201ffad7
1d86f47b
126ff22d
053bfab5
00cd0c78
0b2e1d22
1fec2016
308b10f4
2f72fa65
1cf3ee78
089ef6b9
02290ae6
0a341a4e
13d71c5e
132d1842
0b4e19f7
08f1211c
10312138
16d8117d
0ff6f8cf
fbace76a
e85de518
e286ea38
e814ea69
ed58e3c7
ed38def2
ed73e1a7
f330e67f
f878e627
f3a0e5af
e79df17e
e5170b56
f78621d7
14c31fd7
23f8036f
1643e2fe
f779d83c
e3b4e7c3
eb9dfcde
04ed00ce
17acf1e3
17fae2bf
1098e34c
11efee4a
1bc2f292
1d92e9bf
0b7ce1da
efbeec7e
e155081c
eaa21ee0
fd791d87
035507ec
f58df2f9
e09aece5
d345f3d5
d1bffee2
d93e098a
e94112e2
0276156f
1c61090e
2649f15d
1894e13a
0239ea69
fc3b06ef
0d2f1c13
204f16cf
1c8601e2
01c8f8fa
e98908e1
eb1e2137
02d726af
17ac1139
1814f298
09d8e109
ffb5e099
0273e4bd
0b29e365
1054de75
1086dc7d
102adf0b
1165e225
1172e368
0ed7e568
0d13e94f
0e18eac2
0d2ce5c0
0388ddf1
f1dbdd00
e259e772
dee8f6a0
e65cfe0c
ecccf95d
e935f178
dec9f29e
d9b8ff8e
e0f00efe
eed417e4
fae31b31
03ef1ead
0f2a2221
1cc81d9a
230b0c5f
17a9f634
fd2bea80
e3e8f073
db63fdbb
e14c014e
e5dcf7de
e086efa5
dbcff576
e729020d
ffd00220
1074efa7
0873db85
efa1dd36
df9af860
e8d517d7
015c22db
112215be
0a7001c1
f426f972
de6901c4
d5591378
db98235c
ebec2882
fcc91f8b
044a0c2c
fd0bf91e
ec2bf336
e00afea5
e4e011c4
fa501c66
13af14d4
2190fe5d
1d94e6e6
0e99dac9
010fdbcf
fc84e17e
fe46e367
ff69e09d
fd2fddeb
fa66df62
fbbae352
0077e448
0248e0df
fba2df12
f00be7b3
ea77fc41
f34a1335
07bf1fc8
1cb51cef
28450f9a
28190139
1fd8f8f7
16d7f958
13f7feaa
187e00b8
1e8ef95a
1ce4e9bd
0f3ddbad
fca6d974
f244e1b5
f523e8c2
fc9ae597
fc70dd65
f4b3dd79
f19eeb05
fd6efbc2
13300054
223df445
1eece2d4
0d45daa0
fb16dedf
f090e75e
eb16ec3d
e442ef3d
dce8f8aa
dfd50aeb
f49e1b0f
135a19e3
27100505
20cbeddd
084fea91
f5e0ff98
fb1a1a2c
119b20f1
21910c60
1918edb6
fe31ddfd
e896e486
e7eff1fc
f4e7f369
fabee7bc
ef87e111
e010ef2b
e1480c41
f918218d
16d61cb9
22ca0190
1403e621
f897ddfa
e6dfe86b
e8f5f49a
f4dff36b
f7eae78d
ec23e33e
df2af38d
e42f10dc
fe862374
1b571af1
229bfe2b
0e7be55e
f168e256
e2c2eecf
e76ff5c7
ef51ece5
ebc4e0c4
e34fe39e
e88ff4d0
00d20085
19a9f75c
1bd5e32b
057ddc74
ec3aef3d
e56a0e10
efd02103
f8c21f71
f380163d
e7d415a4
e6c31c15
f3691a56
feec0868
f983f123
e50ae8e5
d38cf74f
d43c0ff8
e4b01f84
f4271dc6
f54e13ad
eac11023
e3e917f2
ebff1f30
fd2016d4
04fcfe51
f811e88d
e1c8eaba
db0e0593
f10f2163
14a72410
26110d31
1613f767
f64dfbe0
e6ca15de
f2412763
04371b56
0200fcb6
eab5ea00
d849f1b4
e1920361
ff7203cf
14aceda0
0ea9d86e
fa72de5b
f5cffcd5
0c2c1535
27590e4c
27d8f0e1
08cbdd38
e58de6ef
db490093
ebaa0d31
ffd300cf
04e2e9a9
feecdc0a
fcf8db12
0386dc0d
09aad932
0828d9a6
04eee5cd
0aedf8e5
1a1b0568
263c0570
26030174
1ee103f3
1c700a8e
1f7a08d5
1bc9fa9f
0828ec06
ec0fecce
d9d1fec7
dbef1384
ead31c9a
f81f1b01
ffd219d7
09621dd1
19ba1ecd
2826137c
264bfff9
10cff51f
f76dff9a
efdc17fd
001826b8
16b11a6d
1bcefab6
0a42e0c7
f50add0e
f127e74b
fe23eaa7
0783e02e
ff48d81c
eec3e4c5
eafc0354
fae41dd4
0e39240e
11911ccd
057c1aea
fc8a2374
01932780
09e818e8
02bfff55
eae0f31c
d9b801cc
e5e31ba3
0a262347
27e20dcd
2589f0a8
0a80ead8
f5a302a3
fada1f98
0f25251e
15f710ed
027dfbcb
e5e6fcb3
dbd00ebc
eb6a18f4
01250aec
049dee5a
f176dd75
db9de847
da2c0580
f19e1c72
11991bf1
24410672
1f7cece6
09c3e008
f186e60a
e47afa06
e8a11039
f9f31d23
0e771bb7
1cb40fb3
2182011c
1fc9f570
1b70edbe
163ce7c7
0e1ae213
00a4df7c
ef4fe5ea
e2caf853
e5421050
f8c12003
12a01b63
20c40339
1817e7bb
ff54dc11
ea56e6de
e972fb9a
fb6a068f
103efe69
17eae98b
0e90d755
fd04d292
ef32da93
eb77e744
f006f02f
f618f142
f5c0ecaf
ec04ea77
ddd6f1fc
d58d037a
da9a15a7
e8bc1b7e
f221129c
edfa075c
e3e7086c
e61c1656
fcee1f64
1a1412cf
255ff609
165fe1d1
ff1ae924
f9110468
09c71932
1e0f1588
1e2b01dc
0765f6fc
eee203b4
ec181d68
015e2b07
1ac41e0b
21b0ff25
0fb3e433
f0d2df2f
d9f9f207
da4f0d80
ef7c1bf0
06801256
0b2df9f7
f9d9e905
e2e1ef76
dcac08fb
efcb2002
0e04212f
1f870d00
17b3f782
0091f54c
f0170856
f3ce2050
06302b43
179e24f1
1e241696
1b840bcb
178d0878
176c0957
1a8a0a2d
1e460923
20210729
1fbb0630
1ec50710
1ea00911
20310a9c
225a09e2
228e079d
1fc1071b
1d050a93
1e290f48
21c50f13
20e307fb
15b900b5
041b0302
f7e910bf
f982215e
06d9291e
15e32349
1de0146f
1dc90456
1967f751
13e4ed11
0cdee43f
034fddf5
f7e6dcd2
ed25e210
e522ed1d
e288fd1a
e93e0f57
fb801bf9
12f918b9
211b036c
1992e8ab
ff7edbfb
e519e716
dd78016b
ed371728
076819fd
1a650c16
1ee7fbce
1b2ff4e2
19aff77c
1db2fbc2
22ccfc63
2448fb22
22c6fb87
214dfdac
20bbfe83
1ef7fd75
1be1fcf5
1b0afdca
1e37fc10
211cf375
1c26e63a
0c74dd30
f876e0b6
eaabf03a
e8fa0448
f3471531
055f1d8d
19a01aa6
28450d1c
2a07fc27
205ef377
1710f8db
195a0398
23450436
248ef72a
1270ea87
f61eeea2
e33401f6
e1b7125c
e62612f9
e2a10a51
d9700767
d9c20ca3
ea110b94
fc19f947
fd9ce139
f16ada31
ed48e9f9
feccfd72
196cfebc
244defaf
1732e71d
040bf539
014110a6
118b2252
248a1e14
2a6a0bbf
2257faa9
16e9f1a9
0eecebd0
0736e47e
fb56df1c
ed5ee1a2
e364ecbc
e0d2fb49
e3d70807
e8241217
ed661b5d
f6752302
04492496
12721afe
18e10751
1238f184
fffae40a
eb05e51c
ddcef2c2
dd1903e3
e46b0f79
eb6914c5
ef1a1a09
f5852271
045926c7
16a01c23
1d340160
0e22e60a
f30addba
e297ead6
ea14fb2e
ffc7fbeb
1002edad
1346e086
12e0df72
18d0e4c2
204ae57b
1d34e40e
0fabedd0
07a405fe
10441bf2
1dda1ca7
19d70b84
ff6d00c5
e5720c01
e4921f5c
f91a1f04
06890457
f9a2e7dc
dfa4e667
d7b3006c
ee8e19f2
10c21ba1
22020ae4
1c880042
131707dc
16451514
2189146d
22a00389
110cf1ea
f61dedcc
e0f3f682
d6f80330
d5fb0ef4
dd4818d2
ee0d1d44
03db1505
127bffb5
1240e928
09b6deb7
064ae031
0bc3e24b
110edf19
0de0dde3
0780e84a
09ccfb6b
169f0999
228f0b58
240707b8
1ec108b3
1c830d26
1f300bd8
1d74004d
0eaff291
f647ef38
dfd6fa14
d5010d29
d8201ecf
e5e926b3
f67b2054
ffb20d0a
f9f9f722
e914ede5
dd92f729
e6650678
fed006eb
0fa3f2b0
074edbf0
edffdb5f
ddcef552
e73214de
01f121de
18321749
1ceb020d
1288efb0
015fe4ad
ee38e108
dcf1e626
d516f384
dc55004a
ed9b01aa
fc37f606
005be6a0
fd3dddc1
fbcedc73
fea7dc48
00d2dac8
fedfdcf0
fe63e77e
06d1f59d
165afd9d
2317fc2a
2695f7ec
240bf816
222bfbd4
21cffe03
1fb6fe27
1c65ff62
1c0d0135
1eeffd94
1e31f18f
1367e39e
026bddd8
f5c6e1a3
f382e6b4
f6d5e559
f7bddfe3
f5f2dd0f
f6e1de75
fbe0df04
fea8dcd4
fb10de73
f737ea56
fdd6fbd5
1007044f
20effa6c
2122e4b1
0ea9d4ec
f836d6b6
ef3ee3ff
f6cfebb3
00b1e4c2
fdf6d952
f242dba7
efdbef6f
01a60369
1b7a0407
249ff1dd
1279e287
f3efe911
e15901b6
e3151667
eba117d1
ea190cc7
df6407c3
dcad0e21
eb5d11e8
ff7704b2
037eec00
f20dde9c
dd14ec6a
dc8b0c62
f5e723dd
162a1ef1
23250225
13a7e5ab
f796de36
e757e90f
eb81f2b0
f6baed3d
f69be026
ea83df8b
e3b2f350
f00f0deb
09961b88
1c4217dc
1c7f10ba
12c31416
0f871e5a
154b1f3d
154b1062
04170009
eb7701ad
e2ed156d
f52d261b
139e1f31
23af01d0
1782e477
fa2cddc8
e33af01d
e0c00a91
ed4519ee
f8c818aa
f8391084
eec60f7a
e99219b4
f1c12664
041429bb
148e2009
19d81126
14fb08c0
0fd80b59
12ad1234
1c811382
24e20ac4
248afc51
1bdeef66
0fbce712
035de29e
f736e16a
eb69e4e5
e292edfd
dfd7fac4
e34b073f
ea31114c
f2961a32
fd8a2247
0c1225f5
1a541fd2
1efd100f
13d20113
ff21ff97
f00f0d7b
f1731fcf
001e2862
0fda2308
18441684
1ae40b4c
1d7101b3
1f42f526
1994e6bb
0a11ded5
f817e497
edb9f5cf
eef50a79
f92c1c12
08da272b
1a46286b
263b1d4d
22ac0b53
0e260091
f615079d
ec9a19e7
f64723da
0338182d
00000000
ec5bf18d
dbfff7eb
e0b606af
f6d0085d
08e4f597
0616dcc3
f284d20e
dfeadb47
dad1ee07
e243fbde
ec11fefb
ef96fb5f
eaebf8b0
e20ffd9d
dca00bf0
e1e51dfc
f1522838
00132389
01ae16b1
f7061124
f03e1924
fb26223a
11e919e5
1f18fd7b
14cee0c4
fd41dacd
f0f3edfd
fd740596
16ff0b50
24d2fd65
1a95ef37
03baf421
f78c0c11
025a23a0
1a442781
2add16d7
29a40206
1dccf93e
1607fe6e
19c4066f
228f051a
22a5fa7d
1361f357
fe90fc6e
f6fd12a9
052822f8
1c2a1b5e
247dfe34
12d3e278
f3eade75
e09bf38b
e5dc0e93
fa481c4a
0bb31af0
1140159a
0f2b15b7
0d3f1ac7
0d4f1fdb
0dc222b9
0dcc2390
0d1b2251
0b041fa8
07391d64
03e01dc0
04dd1f9f
0bb11d5e
136211f4
1387fead
074feb8b
f22de263
dda5e776
d33ef6cb
d6b80740
e4410f8d
f3560b96
fb78fe2c
f8f1eea4
ee00e490
e0efe45c
d875edbb
d911fcfe
e4cb0d1d
fb18177e
156c147b
25ce0275
2049edc4
08f0ea13
f5d6fec2
fb021a39
138020b9
24ad095b
19f3e83d
fb38da77
e4b8e7b7
e96cfc45
009d00be
139df2fa
175ce3d5
1432e13c
1699e7ae
1dd1eb58
1e4de94c
131dec24
06f0fc46
0860121b
17751ca3
262513f3
27c10084
1d19f095
10bbe91c
08cce4ef
0188df94
f554dd43
e7a8e6e9
e3d7fca1
f0a712c2
08371c11
1cc714ea
24350509
1f83f756
16fdefca
1077e9ff
09afe0db
fca5d7ab
eabcd91e
e167e9c8
ec8cfe8f
072704ab
1b4ef542
1643e04f
fd2ede2c
e827f525
e7bd12fa
f4ff2130
fb8e1d02
f35716c0
e9301adf
ec3621a1
f9571a79
fe5d0390
f11eeec8
dd56ee79
d8e300ee
ebd81285
093513b9
1f9106c7
2903f6b6
2885e9ff
2056e241
113ce276
019aefc3
fe540694
0ca31665
1f900fdd
214ff6a2
09ebe17b
ea76e3c0
dc5ff8d6
e7dc0a15
fe28067f
0abff19b
062fdcc1
f827d4ae
eb6bd9f7
e4cfe728
e447f830
eaee0a52
fa6c17e1
0f22186e
1e8d0856
1d4def3d
0971dd32
ee4ae028
df41f88c
e8b5169e
05502589
1ff51b96
241503bc
0f66f569
f55fff10
edb41764
fcb724fd
0df9185b
0a1efd6a
f0d1effb
dabffe28
df8f18ab
fc9723f8
1933154d
2039fb14
11edec89
ffd7f45e
fa4d0a8f
04f61f53
18362784
28d3208d
2d690f97
2184ff63
0b17fc2e
f90d0949
f74b1b84
032321e1
0c541647
055903ec
f0fbfbde
de91054c
db491769
e6d42438
f7ad2592
054a1e54
0de214ff
14780c7a
1ab30330
1f0af76b
1eb0e9a6
170bdd25
0861d7c6
f8b1df40
f334f2c0
ff6305df
158a086e
2216f792
16e1e2c6
fa11df41
e211f312
e0630f34
f2f21ed1
09921977
170606b0
1978f27a
154ee27c
0ca6d7e5
000ad569
f439df0a
f307f2b2
01ac038e
16ab0387
1feef2cc
132ee0f4
f82ae012
e2e7f4df
e340120d
f800236c
11631e6f
1e6a0852
188defce
0517e1d4
eeabe42b
e0d7f598
e3fa0dd8
f9831f0a
16821c43
26ff0578
1e4aeb7d
02d7e316
e9b5f210
e2ab0a26
ea01178f
eecf15c2
e8b71113
e07d1412
e3261988
eefe134e
f537ff36
ee69eb73
e3e2e4e3
e390e79d
ec9be670
f103dfa5
eb7de102
e83bf35a
f4d20c65
0d40197b
1e8515dd
1e791011
1728149c
16551d6f
19fe1be5
13d00f22
ff17069c
ea890dae
e73c1bb9
f3a51d71
fd510c70
f6a0f5df
e350eb3d
d265f175
ce3400a5
d7b00f5f
eba61734
04351314
175d0221
1bfeed07
13b9e1a6
0b5ee5b0
0de6ef9e
169df045
1507e651
01a3e128
e929ef43
e0940b5f
ee841fc8
03e01bf0
0a8904af
fac3ef79
e150eebf
d29101ed
d80d1889
e9a92274
f69d1d38
f4c81465
ea401532
e6d91f0a
f15822c5
fe561461
fcf9fabb
eb5eead3
dc25f0f6
e33e01cb
fe040539
1340f277
0ea0db5a
f634d9f9
e3fef40d
e97b148c
fd4f230e
08951d70
02051597
f61519d5
f5002553
00722978
0d6d20d7
14cc1255
191b0505
1dfdf730
1eb9e62e
1507d8a3
054dda13
fe2bec10
08920077
1bd407d8
265e02bc
228fff57
1ba6061e
1d120e74
223509ff
1b1af868
019aeac8
e4b7ef9a
d91500b7
e12f09f7
eb74022f
e892f619
ddeaf8d7
df6a0cbb
f7751e4b
179f18cf
25fafdd8
1722e46c
f91de11e
e388f2da
e16b06cc
e9580d10
ec07071c
e4e2016b
dc4904a6
db470e59
e38117af
f1501cd3
023c1d4d
13b817ac
20900bc6
2445fecc
20bdf83f
1d63fa3f
1f76fed7
23d5fe9f
2195f9bc
15eff8fa
089502e8
033b138c
081620ab
0fa623d3
11b3203e
0daf1d97
08811f0e
064622db
07822554
0a10241e
0a181f6f
05d81aee
00411ac8
000c1e4f
09341e46
16101245
19f5fad7
0c51e4ba
f383e04a
e149f17b
e32f0bc8
f6f61d3c
0f0b1d39
1e2b1087
214d0232
1e74f877
1ba4f1d3
192bea43
12a7e122
0464db94
f131e245
e49bf82b
e9a7137e
fe9322c4
12d01cd7
15940a1e
04c9fd1f
ee7c018a
e3b9134d
ea242434
fa63297f
0978236f
121918e6
16480f55
198f069d
1be3fb65
1956ecc7
0f11df24
ff55d88f
f0a0dbf6
ea3de64d
ee93eed7
f69bee2a
f713e753
ec62e648
e0cdf535
e48c0f04
fc2c2029
188118de
238dfda8
150ee3b9
fa04dd98
e7bfebe4
e9b9ff24
faf106f3
0d18fd42
1366e895
0a65d532
f7cbcddc
e723d6ca
e4dbea2a
f406f943
099ef8c3
1608ec5f
14a7e264
0f23e491
111aed45
18b9ef40
1780e744
04e7e289
ebacefcf
e0c90b82
ecee20a0
01921ccf
0762048e
f6edef17
df33edb0
d3c3fd51
da140e23
e7f11606
f2c7185d
fab91c08
05852052
14041e0a
1ec20fe7
1c3ffac3
0b12ea6c
f379e80d
e14cf364
dbcb04a4
e1b612a0
ebd519ae
f5081c99
fd221f02
074020c4
14881c7a
1ea30d62
1beff684
0885e447
edd6e3fe
ddbaf61c
e32c0cfb
f97c185c
11b612b4
1fd603ac
2325f684
2195ee76
1bfee784
0d55e250
f5c2e807
e28ffe58
e3bf1a70
f88825f3
0af715fa
05e3fa0e
ed19ed57
d9b3fabf
e0331202
fb8b1afa
15290f37
1ea6fd56
1d11f557
1cf6f832
21e5fd1e
25ecffff
26230417
26660a47
27e70c4b
23d006b9
1384012f
fdae0786
f307191a
fb7324d2
09711ae7
070b020a
f068f2ed
daadfdac
ddb216c5
fa0f2364
18d115a2
227ef8f6
1424e417
fca4e353
eaebf202
e3690560
e44916c0
ebb9230b
f78a2706
02cc20b2
07521289
014d039f
f21afcac
e1ac03eb
daf516eb
e4242a4b
f87c2fd6
09152204
07af0a43
f49dfad5
e0c0fde7
ddad0a82
ebc80e19
fb4a0056
fd83eaf5
f45dde47
ecd7df25
ef02e4a9
f63be4d0
f79cdfcc
ef90deab
e491e809
df5cf98c
e2f30c53
edb41a8d
fb792133
07722098
0dc41c58
0e271a2f
0d4e1ce7
0f37204f
10d21f3c
0cb51be8
04fe1d01
0379224d
0c0e20e8
15530f9c
10f6f466
fd78e195
ea68e1a1
e79beb41
f222ed06
f86ce3f0
f0b3deec
e597ebf5
e8c405f3
fe2919d9
17571ad6
24b60ea8
25010255
208af9e9
1adff0fc
1080e6a6
0093e0b1
f18ee2cc
e9e7e927
e942eca1
e9dceb2d
e8b0e863
e7eee75d
ea2be5e8
ec5ce19e
eaaddf0b
e928e4b8
f08cf064
0242f739
1410f266
1a42e7a4
1538e31a
101de89a
12a1eeca
172ceb45
12abdff9
028bd88d
efc8dd78
e62ceb4d
e906f704
f0bff84c
f234f132
e895eb6b
d907f105
d02c0374
d81117dc
ecfa1d73
fe210e00
fcedf58e
ecabe85a
e03aee03
e6bcfa0c
fb70faa4
0c71ed1a
1085deae
0e64db37
10b3e007
1670e329
1673e35d
0dd1e954
067dfa9d
0c580ec2
1d7a151d
29ea07ff
25bef347
15f8e6af
0871e44a
01c3e33d
fab5df69
eddde050
e20def41
e468089a
f8bf1c5d
130b1d0f
205b0c31
17d1fa3f
021ff7d2
f17d0833
f3dd1f4a
07652b77
1ce324c3
253e1351
1ebc06ee
154a086f
154d1146
1dbb1330
21ad090e
167dfca1
00dcfd07
f20a0e22
f7c221ca
0d062488
1e291031
1adaf235
03ffdf63
e916e362
dbcef9e6
e3f01320
fc231f44
1555170a
20500044
17b1e980
0261e03c
ee44e8ec
e6d5fcf3
edf710ef
fe4d1d64
112d20ce
21921ba0
29880f1f
239501a4
11ddfd88
ffe707d8
f9ba1927
ff9f238a
0683213d
054619c7
fedb18b1
ff031f8d
0af3243d
1b3e1d78
24070cb1
2037fc6c
15dff65e
100efa71
147cffda
1fa2fc91
264ceddc
1f3fdc3b
0c60d4fa
fa5edf9c
f769f561
05e305f2
18e805c3
2023f960
167af003
05baf604
fdd00a0d
07271f3f
1ca026ba
2f191b48
30c50576
1fcbf633
085ef996
fba60c6d
002d1e26
0c4b2043
0f06139f
018d06be
ecf505b5
dfbf0ec7
de6915b1
e0fb1358
dfc40d00
dd0e09dd
ded809bd
e46d0778
e6a103b7
e48306e0
e6c514b9
f52f2437
09df2799
151e1de7
0f9d1555
04ac19d0
0440248d
0e4923a7
11a410d1
011efbf8
e6cffaaf
dca60f2d
f075223d
128b1c37
2580ffaa
1c6ee738
06f3e8df
fde1006c
08e516d9
18f21c42
1c7215ff
132113e4
0c1f1ad3
112b1f11
1a4e138b
1753fb3e
02ace702
e75ce54f
d685f49e
d6e106fe
e0f7109b
e93811bc
ebdc112f
ebd512a6
ec0314d3
ebb015fe
e9ef179b
e90c1aa3
ea711c38
eb26196b
e73f153a
e110157c
e04419d8
e83e1a29
f2a60f8e
f574fd20
ee14edb7
e4d1e910
e2ffebc7
e866eccd
ec55e9c7
e92bea3f
e4eff608
eb380a03
00741870
1b0d1545
2af60180
2819eb4c
19e5e114
0ef1e53f
1007ed68
181aedf0
1acae644
11cde1c7
0476eb34
00e6005f
0d4a11e1
1f271137
2464ffd0
1500ed8c
f9cee96f
e21ff4b9
d70d0691
d85d15b2
e2061dbd
efc61c25
fb19108e
fcf6ff91
f2edf26a
e335f1ab
d8b3fe1a
daad0f83
e7031bdd
f6541f16
02511bc9
0a661719
123712eb
1c790b6e
250dfcba
246ce9bb
17eadc71
075ddeb3
0038eec2
0800fff5
173b0784
21d50594
2328035d
211b06a2
21ec0ac0
21e508f6
198303bf
08fc04b9
fad7111d
f9582259
04922c2e
13632835
1cf118ca
1d010407
12acf0b3
0000e5cc
eb58e902
dfbcfac7
e67410f0
fd0b1c27
154414ee
21950149
1e98ee04
1367e3b8
0888e143
00d3e11b
f8d6e07c
edaee2e0
e255ed69
df530071
ea9113ca
01101c25
1763133c
2082fde1
16ade95d
0010e2ca
e9feede4
e04603cd
e5101831
f18322c7
fd27239c
03991fb4
05031c44
045d1bd3
04341d8f
05391f91
07042041
081b1f20
07461df6
05f11ec6
066a2090
086820d5
09aa1f38
087d1da5
06701ef8
070d2243
0a1a2305
0b5f1f88
073a1bb6
00f61d0f
00eb2241
09be21fa
13391481
11cdfde2
0339ea5b
efc4e2a7
e170e545
dab3ec68
d9acf6af
e06d05fb
f4d014ff
130b1663
288e047e
240eeeea
0c18edc4
fafb05ba
01a31fd7
135d22ca
1591102d
003600ad
e6a2053d
dfad14db
ec2318e4
f8df08b1
f701f0e2
eaa3e28a
e15ce11a
e1c7e40c
e7f6e45e
ee79e1a8
f2c3de2f
f3f7dbb8
f202dcc6
efb4e4e3
f3e0f302
025ffe3b
140efc5c
1ae8ee09
0ebbe085
f6bbe34b
e4c7f92f
e5af15f8
f7a1287d
0c6428e0
16bc1df1
14d7150f
0f8615f2
10581c7b
173c1e83
1a4e1755
114f0d61
fefe0b02
eed412ea
e8da1c6f
e91c1dd7
e6dc1880
e25115a9
e4f91723
f22512bb
fe1400fc
f9c7eb8f
e727e62f
da6df8c9
e54513fa
036e1f6f
1e58121f
2358f8ce
12f7e74f
fb20e63b
e7adf168
dce701aa
db6311a6
e20d1c15
ec521d07
f2191581
ef090e61
e9b8109f
edc11aa9
ff841f7f
14821386
1c22f99c
0ee5e1fa
f590dce1
e21ded34
e19f078a
f3c01b84
0d911e54
20950f55
219ff72e
0ebee482
f1d3e463
dcfcf872
de491303
f2fb1f35
077313ad
08cffbda
f659ed66
e0e1f539
dc000c73
ed431fac
09601f0a
1d71094d
1c89ec15
0825d9c5
ee45dddd
e0e1f56e
e9e810d1
034c1e10
1b1516d7
21b00638
1922fe41
119904aa
166d0d76
215e091b
211df668
0ca8e5a5
ef15e7d0
dd89fd3c
e353152d
f99a1e88
10d41578
1d8c01b1
1e2eede1
16e9e064
0c69db22
03daddec
014ce4ac
046ce8d3
0793e67f
03a5e027
f72ade36
e91ae636
e13df4a9
e0af027b
e3290c53
e65b14c6
edd31d78
fd8b2136
115d1749
1c01feb9
1353e4e4
fc4bdbe0
e8cae9bc
e71c0329
f58f170d
07d21e90
152e1d90
1d8218cb
22730f8a
2047ff9a
1165ee31
f7e4e6f3
e11df139
dc620576
ec40116c
01930866
0890f057
fa4cdc93
e2b0dd4c
d51cf07f
d9860465
e55c0a1d
e915043c
e1d70067
daed0621
df3a0de2
ec6f0b42
f674fc01
f63bea02
f0c0dff4
ef40dda5
f307dc47
f5bfda36
f547dd4c
f840e8d5
04f9f59f
1701f92f
2223f2f3
20f6ed01
1ad1ef7a
19edf679
1e5ff6f8
1da1ecd6
101fe108
fbcddeb8
ec20e60b
e560ee85
e200f3e1
de90fbaf
e1a20abc
f38719fc
10201a9e
24d80726
20aaecf2
0658e1eb
ea95ef0c
e0210809
e6d617e4
ee6015e8
ea450cee
e0160c24
dfec1399
ef41146f
001c03a4
ff57eaa7
ec40e0c5
db59f17d
e12f0f7c
fd2e2171
1a791937
2316ffd3
13a8ea7c
fb18e5b8
e880ed2e
df8ff6f8
dc44ff3c
dcda08d0
e5c41495
fa161afc
122e12a8
1f45fc63
17f7e5ec
0183defc
ebbbec9d
e4780574
ecfc1a53
fbfb22fd
089021a0
10f21c5c
17dc1579
1d960b52
1f34fdf8
1ac4f065
11b6e652
0670e075
f9d0dec9
ed2ee2eb
e43becd6
e186f985
e4270542
e95d0f15
f046190d
fb5922fb
0b8e279f
1aa82138
1e821176
11f803b0
fcde03b4
eec4112a
ef4f1f6b
f7d32254
fb481ae8
f530154c
ef3e1b15
f5e726fd
09592a9f
1bb01e7e
1f3f0a46
1260fca8
ff99fecc
f42a0e27
f6311fcd
01e12975
0f6127d5
193a1ccd
1c110c09
1602f9b4
0693ebc3
f173e8e7
df84f42c
da580837
e3701941
f1fc1eef
fa6c1c15
fa8b1a8b
f9491e88
fb9f229a
fd4a2139
f8781e6f
f12c2175
f118277b
f93b24dc
fe231412
f52fff31
e3a9f5e5
da71fb8c
e3ad0260
f6bdfbd9
02a6e993
0238da7e
febed76f
011edb1e
06acdd05
0711de3b
029ee6b1
0362f79e
103305b2
21e704a6
2982f502
204ee41b
0de3dd7e
fdafe127
f3d4e859
ed3eeed7
e688f5bd
e02d00b8
de850ff7
e5071ee1
f3272693
02472138
086610ab
ffebff2d
ed74f930
de0b02dd
dd0d144e
ea182074
faab21c0
065c1d4b
0e0819bd
16c01689
1fd40d33
2141fbc8
13f6e9aa
facbe377
e3a6f02c
de610869
ee571ae2
07c61af2
1aa00a41
1e58f4ec
16ade678
0c2ee137
02dfe067
f89ce181
ebffe682
e09df1ec
dcb9012a
e1ce0c87
e9730eca
ebf50ad0
e7af0804
e1670bed
e07c168f
e9bb21dd
fb26258f
0d371cca
16f109c9
1367f484
04cfe60d
f246e37a
e388eb87
dccaf8f2
dd980634
e39a102e
ebd71660
f5051a2a
003d1c98
0ee91b86
1e1512c5
267402cd
23dff359
1a4eecdd
139bf0c9
15e8f6e1
1cb3f57b
1c3dec55
0edae5b7
fac9ebb3
ebbffe33
e8511522
f0262757
fe592eed
0c5d2a26
12d81aed
0c64088f
fa91fe60
e90403de
e5a813eb
f50c1fb8
0d3c1a12
1cb302ad
1890e7cb
061fd940
f3d2daf5
eb1ee46e
eb06eb51
ec33ebdf
e9f9e9ff
e641ea5e
e5bfec77
e902eb81
eac0e646
e7d9e2e3
e4fce7e1
eb8bf38e
fe0dfaa1
11c3f3a7
17cfe34b
0d28d873
fcb9db9f
f18ce717
ea6bf12b
e158fa39
d90b085f
db7c1969
ebaa1fb2
fc1e11c0
fc5df8e2
eceae9ec
dfbeee14
e496fa3b
f834fc6a
0a1df01a
0f47dfe8
0b92d81b
0925d9f4
0c35dee5
117ce204
158fe343
177ce386
15e9e336
0f3ee4a3
0619ec9f
028efbed
0b5c0ae6
1cce0daf
2a0d00dd
28c0ed9f
1abde149
0afce1a0
0354e9e9
058cf049
0b58edcf
0b19e29f
fecfd79a
eb06d7de
dccce678
df80f963
f07c0123
0157f85f
06d4e8de
03c8df3f
02baddb8
0714dcf3
0a04d9f3
0769db1a
0531e6d6
0c53f855
1b1a0396
26100535
26df04e5
23030949
21e10e3a
20d00ad4
15a20155
0004ffde
f00d0eb8
f6d021ad
10322162
22c9068f
1ab7e5ca
ff5bdaf4
ec8eece6
f512069c
0fd10e40
23c7fdf3
1fbde621
07b7dc1f
edc3e882
e2dc032b
ebae1c12
016f25fb
16d81b74
1e3d015a
1085e6b0
f4a3dcbf
dd78e9bb
dc7001d5
f1f00ed6
0a5503bf
0f1fea6a
fc77dba9
e5bbe7aa
e20b0564
f4771ce3
0ad01fa4
12211632
0a9212ab
032d1b08
06d9251b
121f2471
1a5517d4
1b7e077a
19bcf899
1741ea02
1087dc05
0342d562
f6a8dd51
f647ef74
0476fde2
16ebfed5
2093f5c8
1e7eedf6
187fee4c
17a1f3c7
1d26f572
2210eded
1d3de0b8
0b88d878
f3fadfdf
e542f892
eabc15ed
001724d4
12391dfe
10dc0cef
fe110460
ea5f0ab2
e296151c
e2bb1697
dff51028
da160ce7
dc350f59
eb6b0c11
fb5af9ef
fb79e309
ee9adc69
e9bbec1f
fb36ff89
16e4ffbc
2249ecd3
1264dd60
f644e482
e536fed9
e77c18a3
f35124d0
fdb725b5
05ec220f
0f5d1a54
179e0a38
155af3a5
03eae2df
eb35e4ea
dc55fa8c
e316156d
fc212287
164f180b
2001fd3a
13cbe3f8
fb9edc34
e94be890
ea23fcfc
fcaf0791
1153feb2
1746e893
0a1ad60f
f4ced3c0
e76cdf85
e7dcebef
eeebeee0
f1c6e9cf
ecd9e60f
e68beb1c
e91ef6f5
f810febf
0b3cf8f2
148ae684
0c26d3b9
f7afcea3
e652dafe
e47fef82
f2aafcbf
0505fa3d
0f28ed91
0eeae281
0c21dfd4
0df2e1ec
126ee278
1399e160
10f8e3a7
100be9ac
1306ecb8
12d8e71d
073ede5c
f2dddde8
e2ede93b
e071f5be
e63ef7d9
e830f075
e27eeb9e
df19f0b9
e7f9f957
fa70f95e
09f9edd7
0dcbdf4b
08a7d8b9
0483dc35
06efe283
0cabe3d5
0f28dfe3
0c28dc21
077ddd4a
0738e23c
0cd2e4b4
124ee0e1
106fdb9e
0864ddf3
032aeb77
08b0fd2f
16ec07fb
22bc076c
241d0298
1e6802b7
1b96082e
1f880a22
23c5017e
1f45f1c4
1115e534
0143e109
f596e1c0
ec6ce3d4
e341ea5f
deecf97e
e7980c41
fd071687
13fe1157
20e5015e
2121f06c
192ce4ab
0dcfdf48
01eddf88
f76ae419
ef06eb40
e7bcf3da
e13aff21
de930ed1
e50f1f76
f44a27b6
02c02171
05931153
fa92033c
ea0bffc4
dedd04e1
dc27098d
dcc408d9
dc980589
dcbc0315
df14006c
e121fc42
dfd0fa85
df6b0154
e9580dd9
ff7313fa
16c80b40
223ef80c
1e36e6c0
1219df6f
0678e008
fc3ce2b2
efbfe741
e2c5f1ee
dcbb0126
dff70c04
e55b0cb2
e4df078f
dfbc05a0
dd780900
e1da0b77
e73d080c
e69c0373
e182069e
e1cb13ed
ee692231
022e25c5
0faf1d7b
0fa013ea
084113c2
05ac1bff
0d242216
18711cdf
1def0e11
1baffe9e
1775f25e
1420e66c
0d3ad9b5
ff4dd3bf
f114dd5f
f0a8f419
03a706a5
1c4d0458
22ceeffe
0dfee09b
eecbe953
df0e0411
e52b1874
f03017b7
ee110bb3
e1b4083b
de1b1266
eec61b77
09c41328
1ad2fb30
1984e5c6
111be154
1104e942
19dbeead
1fb8ebff
1bc6e8d9
1453ec98
1342f311
1813f0ee
16d0e2ef
0711d50b
f065d678
e4f9e870
eee8fb21
04e7fe3c
14e5f1dc
167fe44d
10e3e1ca
101ce86a
169deca9
1aafe855
1401e108
048ddf98
f432e60e
e7b7efa4
de8bf953
d8e70461
daef10ec
e86118b2
fb3c1283
04ecfea8
fba6eb99
e708ea77
da77fe79
e44e185b
00ae22c7
1b93135f
2139f469
0e3cdc11
f1e8dae9
e2abeeae
ec0f048d
04e10879
1673f728
115ae185
fb24dc6c
e759edf7
e54a0a0f
f3e51e42
05a122e8
106f1e0c
15cb17b3
1aea10a4
20050497
1f5af3a2
1633e587
09f9e0ff
0391e4f9
0627e939
0be0e6d7
0c73df97
0548d9d2
f901da81
ec45e3e4
e473f58a
e6fb0b6e
f6ae1caf
0e181e70
1ef00c6b
1b6bf0c5
0373dee6
e80ee354
dde1f7fb
eae608c4
01af0628
0e1cf252
078ede1f
f5c0d80b
e6ace11d
e132eff6
e249fb7a
e3550327
e3a00c14
e921181e
f9632043
0fce1a77
1ea404b5
1a43ea99
0469ddcd
ec20e81d
e2c602e5
ed461b59
ffc622bf
09601aad
03dd11d8
f9b414f7
fac22145
0b98275c
1fba1c91
26eb07f5
1f35faca
1683fda4
19420715
23750800
2530fe1a
163af6f2
00f80012
f8591599
02af24db
14271f30
1ac20731
0ed2ed4c
f85bdfd2
e3ede13a
d8f9ebd9
d8c3f8a0
e11f0266
ee9605ac
fbffffdf
0231f189
fb76e1f9
e9f7db81
d840e40c
d2a8f742
dedc0848
f5790a35
06b4fb17
065be6cc
f6f3dee1
e7a9ead4
e6a602b7
f5e416fe
0bd11dfd
1d4418b9
25a60db7
25c701e5
1ecaf697
104dee83
fc87ee9a
ea92f9bd
e1a80c9f
e5391f84
f2872a67
0259296a
0c931d4c
0b200c90
fe1300e8
ed340193
e3350da3
e5e71ce5
f3222638
038325a8
10131cc2
16041100
17ba06ab
190cfd0c
19e9f0ad
160fe16b
0a12d50f
f8ecd440
ed8ee286
f2d4f71b
06f30210
1a72fb6a
1d5eec22
0ef7e720
0003f64b
020c0ef8
15661cbe
29571585
2e31020f
2405f279
1616ee60
0ea1f16f
0ef2f37e
127cf057
14f5e8f6
1374df29
0ad7d684
faa7d665
eaabe590
e7df0029
f6d9170e
0cee1da0
1a0515aa
18170d8d
10f70fef
11461804
198e1827
1df70aac
1438f7c3
fde6ec15
e564ee10
d528fa78
d16609bf
d91f1569
e8f517e8
f9c20db8
00f8f9c1
f809e8b7
e676e974
de9efd63
ec08149b
078d1cbc
1e63119c
24c1ff00
1e7df226
165feca9
10b4e783
086ddf7b
f99cda90
e95de032
e2b6f029
eb97ffcb
fe480339
0dc6f780
0f5de419
0121d58f
ebd6d5d1
de1ae410
e01bf440
ec65f872
f37aeef9
ec4be68b
e015eec4
e1b606d0
f9271b94
17771ac8
24a0086a
184bfa84
01e70169
f62e16a8
f94d2646
fd182605
f6591f79
eca31faf
ee9c226e
fb1218ac
0009ffdf
f1a8eb65
dd8df047
dd1f0a96
f7f81fcc
19a31b62
262c03e3
1663f393
fdadfbb4
f3c713cf
fc61255c
07aa2491
06c31a86
fc0b1798
f73120ab
01ff2a2b
15d62674
23211429
1fcdff54
0f77f6a3
ff3ffefb
fa2810c4
013720a3
0e9126e8
1ae62217
215f14dc
1eb0030f
11d8f2ba
fdbdeab9
e96bef37
dde0fed7
e0291124
eca01cea
fa831f76
039f1df2
0a751ded
146e1cf8
1fcd1302
219efe6c
1250ea2f
f7f7e491
e2a8f12c
df800572
eda71063
ff3308e5
051cf402
fa24e042
e549da8c
d473e5d1
d27ef944
e03706dd
f3b20574
0000f719
ff89e714
f73edfca
f1b5e274
f42fe704
f99be584
f856dfc3
ee78df19
e37ae926
df40fa43
e34b0aa5
ebc0163c
f5901d63
009420c5
0c0d1f84
1599191c
1b4a0f43
1d7503e2
1c97f633
1575e69d
064ddb39
f5d0dac5
eeb0e2f8
f3bbe843
facee35c
f8b9dbd8
f095df25
f07aef5b
0065feb3
168bfe5d
1fd8ef1e
1397e160
fb47e49e
e8c5f97d
e60713b0
f0262649
fe752c9c
0a552804
0fd81c44
0c440dfa
ff6d0426
eebc056b
e49b11f0
e7c32165
f6102984
073725d9
13621812
1690056a
0fd1f33f
0040e763
ec60e67d
dc51f1e8
d7b703dc
deae1220
e97f160c
ef2c1222
ed4b0e77
e92610a2
e8de17bd
ef2d1f12
fac32269
08a61f87
15d9161a
1eb10775
206ff783
1beeeb7a
151ae6c5
1147e82c
1253ea9d
1502e9e1
14dce74a
121de66a
103de7e3
1143e8ed
131ae5cb
104bdf07
05a8da3b
f5e0dded
e7a7ed1a
e3bb051d
efcb1bc2
07d82312
1c5c1414
1cc2f87e
07cbe4b0
ede9e4c7
e178f237
e5bafb34
ed20f66b
ea3fece7
e027edf7
de39fd11
edcd0dc2
07e2126e
1ed30938
2a97fa2d
2b7eecab
2317e407
133fe42f
026ff130
fca807dc
08fc1901
1cb31377
2100f7db
0a26dd79
e7efdca8
d929f439
eb1a08d7
0a6a0284
1800e831
0b07d83e
f9dbe5d4
fe170385
164f13d1
279d0ac4
1d6bfa7a
010afc7f
ee991304
f54e26da
078d2118
0a950575
f4f7ef98
dab9f592
d7741083
f1c324c7
14941dbe
241d0191
1741e7bd
fba6e242
e667efd9
e1640079
e5c90650
e75a0176
e1effc11
dc74fcfd
ddb000ec
e3b7010d
e639fcc9
e146fbd3
dad1059c
dda71764
edaa2453
01a521bb
0b3c10ad
02effdf8
ef17f7d9
ddee0204
dae0146c
e65b2240
f6b02432
017b1d82
041c16ad
02b21520
029818e6
06231ec2
0e29230d
199c20ed
233a1421
21affe26
0ed5ea2d
f1d2e680
dd52f5c1
de0c090a
ee8b0dd5
fcf0ffc7
fd92eb2e
f481dee5
ee6edd8b
f0b2decd
f62edd1a
f90edb33
fad6dded
ff92e2b5
0395e312
fd78e190
ed7feb09
e3e00502
f00b202b
0bdc2539
1e880e8c
175eeff2
ff67e117
ee41e50b
ee42eaec
f4a9e636
f457dd5b
ef0bddf7
f1ebe985
01e6f38e
14daf334
1f40ed45
21baeb63
2383ee56
255af06a
2111f0f3
15c5f71a
0c2f066d
0c371797
12391f7b
138c1e0e
0de61ceb
0a461fe2
0ecc1e9b
14a11066
0f93f95f
fdafe820
ea7de540
e225eade
e49bed6c
e955e97e
eb73e3c7
ec33dfef
ece8dde0
ec71de5a
ec85e42f
f31beecd
02d6f63c
13e3f336
1b48e9a1
180fe4ac
13e2e8fc
1625eebd
1a0aecc3
15c0e41f
06c5de6d
f496e1e5
e7b1ec28
e16ff6b5
de64fff3
dedf0b06
e8051691
fab11ac9
0ef61125
1995fc69
156ee67c
0603d968
f464d917
e91ce244
e779eca8
eb97f18e
eeb5f014
ec3fecca
e534ed52
de9bf474
dd33006e
e24d0daa
ed691937
fd341fc9
0d941ebc
18e517a6
1c710fb4
1a7a0c81
18dd0eea
1b1411f9
1e151149
1cfb0e52
18760e3e
169611d8
1b6c1296
21bb0946
2040f839
1573e999
08fae292
005edf85
f895dc9f
ed1cdecf
e2baee31
e6030837
fb9f1ccb
16ca1ce2
22b10b89
16f0fc21
0049ff39
f2ce11ba
f59c22be
fecc259f
009e1df4
f8eb18fc
f2951e94
f8f92820
0ac5287d
1b301a13
1f08040e
1560f25e
0510eb32
f3eeee02
e4f5f917
dbd60aa3
dd361da9
e9f928df
f9b123c9
ff9810f0
f64bfd8f
e5a9f5f1
dbe2faa3
df21000b
e6fefcd7
e7acf5a8
e124f7d0
e119089b
f3971b2e
11fe1b1f
24bd0348
1b2ce625
fd0ddbee
e2d9eae6
df400331
ef380eb6
00c30576
05a6f103
fc71dfb0
ed15d9e0
e010dfdf
dabaedd9
dfd3feef
ef250cb0
042d1122
17610a99
21dffc91
218dee11
195ce41c
0cfedfe8
fdc6e213
ee56ed0b
e60d0176
ed0817cb
02ee21b7
1a3315c9
213afa18
1201e1eb
f7dbde42
e614efc3
e7500862
f7121977
09c81e38
176c1a33
1eb71246
217b07c2
1e5bf98a
119feb58
fc35e5f7
e724f052
e025080d
eebe1e93
0aff2308
211c10ee
2068f4e3
093be38c
ec85e88b
dd70fcd4
e1380e84
eca01097
efe706d9
e7800186
e03d0b07
e9d11bc7
04482087
1cfa0e2a
1f4def45
088edb9b
eb58e225
ddc9fb6f
e6b811e6
f9601540
03cd06b6
fe6af379
ed3de7c8
da38e8a7
cea1f450
d071047f
e1230f9a
f8d10b5b
0754f787
01bae31a
eea8e10b
e24ef617
eba01276
04df206b
18d019e9
19480e20
0e550e94
0a971a0f
14571f00
1e3810a6
16edf6d6
fe21e5c0
e48be7e6
d930f5d8
dbfd022e
e31a0930
e9411047
f2671b1e
028d23e6
14572233
1bda1757
15900eee
0b901190
0b571a1f
164319a7
1ef20806
169eee86
fd55e066
e3b9e995
dd1c02bf
edbc182f
08291bc0
1b260ff8
211d015a
1fdaf747
1cdbefda
16a6e769
092be048
f6d8e0dc
e8e7e9ac
e43ef2a7
e4c9f4f4
e3f5f1dd
e0eaef0c
e020eef1
e3eaedb7
e78fe8d3
e60ee578
e3dfeb74
eb9bf8d1
ffe2fff0
1362f64d
13f5e29a
fe51da3f
e567eb6b
e07e0bf2
f405228a
0e291f7a
1ab00947
1508f20d
078ae439
fb17de07
efeddc18
e518e172
e010f151
e8b105cf
fdbb12a1
13d411b7
1fcd084e
20d800fd
1e2e0095
1de6047b
200a080f
22b60a35
25250ae5
25b209ce
22390826
1b290a22
16cb110c
1a9714f2
203b0bbd
199ff6da
0122e68e
e47fea3f
da05fcd1
e7cb087b
fd12feb7
05fbe85b
00f7d999
fcdcda15
02e0df54
0ad2de76
08d8dc67
ffebe64d
0027fc37
10b20c0c
23e40609
2411efc8
0bdfe056
eca0e86c
dd4c032b
e6c41ca3
ff2c23e1
14f21658
1c24fddf
1302e75f
feafdd1c
e97ee543
e07ffd84
ed291887
0a672354
237215cc
2492fcf3
0e35f0ac
f5cbfd57
f1cd1737
046424ff
19921828
1bdafaee
098ee456
f4fae0a8
ee73e722
f484e888
fa82e184
f940daf5
f5f8dcff
f8a9e3cd
feb1e580
fd48e109
f038e04b
e03aeb8d
da40feba
e0b60cbc
ea540de6
ec9806e8
e6010305
df530909
e15b1594
eda2202f
fea5228a
0ce11ce1
15341430
19c60bca
1d1802b0
1db7f5fd
1798e6a7
0946daf7
f87cd9e7
ef4ee272
f29ceaab
fb27e940
fc37e134
f255dfcd
e7c4edf7
e9f5065f
fc1119ce
13171ceb
216b1284
23850546
1faafb47
1ae9f27a
136fe802
0613df6e
f636de92
ebade5c4
eb32edae
f05dee83
f1dbe895
ebb6e388
e249e656
dc97f158
de7800f6
e8ec107c
fbb71ac9
12b418ba
224306ee
1d45edca
023cdff4
e2a2eb46
d6b107ba
e5c01bdc
fd5f1445
03c9f892
f39fe3bb
e22fe6ec
e614f6df
fd63fc11
128eefc2
1729e0d3
12b2df63
144fe866
1c7fece5
1cfde78c
0c75e502
f535f2f6
e9ca0cad
edd82016
f48f2356
f2531de3
ea0e1bb2
e6821d16
e8e81a14
e9491225
e6070ee4
e99a156f
fcba1ae1
165a0ffc
21a8f631
14aee1de
fda6e5b4
f4e6fdec
03db137a
1d0f1264
28f0fb1f
1b0be194
fc04dbd9
e279f030
e11210d8
f7e42699
143d2318
1f2c0cd4
10fdfa50
f89bfd4a
ecd5114c
f4f220dd
029a1ca0
035109cb
f396f982
de8df732
d18700a8
d1560d5f
dc5d1791
f0de1aed
09b51262
1b9bfd13
1b88e527
0bfbdbfc
fe5de94b
02b500ce
16100e0e
256e09ab
23970127
18d9040b
16800e85
1eba0e7c
20acfbfe
0d82e61d
ed7de39d
d97ff962
e260146b
ff7a1d5b
19031080
2078fe24
1b9cf7da
199ffec3
202b060e
26240514
2318011b
1b0d02dd
189008fc
1e8c087b
2343fa6f
1bb1e67d
09c9db5f
fbdcde6d
fc22e623
0569e5f6
093bddc0
0231dacc
fa42e6bc
ff1dfb41
1205079f
24e60176
27f4ef75
19d8e1ac
06f3e012
fa73e4d6
f3cbe6a7
eb28e5b3
df35ebd8
dbaafefe
ec0e1509
0b6b1bc8
243f0cc9
24e3f795
11bdf211
ffae0258
fe0719cb
08362519
0e282060
07d41844
fe631966
011f1fad
11781b63
1ee40451
16b2e6c1
f9a4db8b
de5ceec8
dc131236
f3a12944
0de22272
11140833
fa4cf5c3
e07ffb5e
dc550d95
ef431385
03a001ae
040de69c
f2f7dbe1
e791eaf8
f4610253
11b6074d
2399f368
1772db6b
f6fcd995
de88f2cc
e1b1134f
fb2a21a8
14a31616
1d6dfed9
17d7ee8e
118eebe8
13bcef93
1b1fefd4
1ecdec27
1c6aeb6f
19faf06b
1c57f4fd
1edbf1ab
1938e869
0a47e1de
f925e340
ec35e959
e34eef92
dbf3f702
d8ff0380
e2021216
f80f17fc
101a0d6d
1c3df83b
1927e7aa
11dbe51f
1203eb19
18acee09
1c4aea9d
1875e818
137eebbe
144cf071
1890ed12
15d4e12a
06e6d784
f304daf6
e7ceead5
ec8cfbd9
fcae020f
0d03f9fc
13d7e87c
0d72d69e
fc97ce26
eb47d551
e5fbe8bd
f313fb76
0ac6ff13
1a8bf20a
16f0e391
0745e5c1
ff45fa7f
09ed10c8
1e4a164d
2a410a01
261af979
1956efb2
0eb1ea61
05d5e271
f80bda2c
e725dc65
e031ec60
ed0cfd5e
0580feb9
1527ef80
1110e075
02dbe275
fd4bf4ea
092d086c
1eb40e02
2f7e03c3
3240f225
25c8e488
1065e3e3
fe3cf357
fbef0aee
0b6418fe
1de21049
1f48f680
0974e131
ebdfe238
de93f5db
e9c50639
ff1b02d2
0b1bf034
0852df45
00d9da34
ff32dd44
03e1e017
0989df33
0cd0dcb0
0da3dac7
0c24daa7
09b8deb9
0ad0e65a
10e8eb2a
1485e7d4
0b71e13d
f5cae5dc
e3d7fd25
e66a19f8
faf12540
0ab315d1
02dffc7e
ea7af28c
da6bfd38
e1940a75
f68f0695
0439f16e
00b6db84
f31dd289
e694d7bd
e04ce680
e295faf6
f04c0f1b
076f18ea
1c7a1244
22590167
163ef5e0
03d9fb29
fad10e61
017d21ed
116b2992
1f51231a
244f1373
1e5c013f
0e5ff226
f7fcec26
e425f2e1
dc680139
e2940b4d
ec5808e7
ec48fff9
e1aeff6e
d9b00e87
e19323a7
f7822cc1
09b82181
08db0cd8
f75000b4
e4fb0348
de650afd
e05d0b6e
e03004b9
dbd000da
dc6304c2
e99708ae
fd1a009b
05bbeca5
fa19dd83
e563e431
dd68ff28
edb31a4e
0c3320c3
22cb0e67
2215f234
0d0be086
f380e379
e50df644
e7a30c75
f7571aba
0b1c1ce6
1ac914bf
220b07bf
21cbfb8d
1d6df2a0
173aeb9b
0e4ee52b
016be11f
f1f5e2e3
e44eec42
dd87faaa
df05083b
e5170fd2
e96f10de
e8b90fc8
e5521062
e2fe1286
e3271312
e37010a7
e22f0e6f
e2480ede
e62c100a
eb870eba
ecdb0c15
e9400f22
e8601c28
f3a32bcb
08842ec0
16fb1e4f
0fb605cd
f5c6fa77
df7f05b9
e1071809
f62118b9
05e10113
fe03e583
e74fe0e2
dc4af778
ebe3138b
0a131d8d
1d651496
1ba70bac
11b810c3
10e41c7b
18391d34
179b0e81
0543ffee
eced034e
e511172c
f6ff2725
14aa1ff6
245a0239
1726e3a0
f6c0dc62
dcbaf144
dbc10f51
eebb1d80
003f12bf
ff51fbf8
ef02eda3
e0f6eeaa
e0a0f445
e848f23f
eaa4ea24
e44fe93b
e10ff7a8
edb80c9e
07e716d8
20120f3c
294afe79
249df152
1b60eb40
11b4e79e
05bce488
f713e500
e997eb23
e12ff469
dd3cfd0e
db9305f5
df841197
eeee1b8e
07aa1960
1c14061d
1e00ec37
0d9cdeea
fbdce83c
fa74fed7
0b960f23
21220caf
2a56fbe3
2309eb5d
143ce446
0873e454
00cce3e8
f732e1db
e94ae5b4
df24f53a
e35f0b79
f7c31acf
119118a9
21250659
1cfcf04a
0885e510
f0cbea96
e1b1fbea
dedd0ef2
e4ee1c59
ee8a220f
f7c820ed
fd6d1acc
fd0a145f
f8da1432
f9771ce4
068e2639
1b6f236a
284a1235
226eff5c
0f88fb00
001d07be
fdfb190b
034a21da
04272260
fec923b9
fb7c27f1
fe2d2691
ff3f193d
f53206e2
e392fd68
d893ffa9
db6402f2
e39bfdfa
e506f64a
e0ebf9fe
e6760c34
ff0a1c51
1d8916b4
27ddfe3e
1467ec5f
f722f645
ee171407
024227a5
1e011b03
23d8f790
0deadc1c
f2e2dd34
ed68f286
0158029f
1a66fef2
23e4f228
1ea4ef3d
1ac5f9d7
20d9032a
25e2fd83
1918ef00
fb40eb3e
e123fac3
dc0d0f65
e69914cb
ec8f0925
e46dfee0
dbb305fc
e5901719
01fe1c6d
1c430b0c
2082efb6
0f29df9a
f820e414
e960f70c
e6920d1e
ec761f63
f8252aa8
05d22b3f
0e3e2063
0a39103c
fa7a05f9
e90d07cb
e099106c
e1ce157a
e4be12d8
e3d70de3
e1bf0cb7
e35a0e9f
e8160ee6
ea8c0cfd
e81e0e9c
e6641903
eed0279f
01ff2cbd
13491f56
1254062a
fc62f589
e3bffc82
dff113d7
f7452306
16b81820
2415faa9
185de556
058fe9b4
0145000b
0e2f12ea
1bf81743
1d9215b6
178d19ca
15ab20b1
174d1eb7
10bb1222
fcdf0822
e83d0c5c
e3a11859
efa01a7e
fbe30abf
f8e1f35f
e76ce6b7
d59bec8f
d003fe41
d95c0f86
eba61792
ff6e1473
0ef807e9
15e4f64e
13bde609
0b5cdb94
0010d878
f3a9dd0b
e8c2eb69
e68a02bb
f34b1995
0a792175
1bdc1516
1855ffe5
01aef6ae
ec2f03e0
ec3a1c4b
02dd2851
1c5d1a69
2280fbbe
0f71e30e
f15be13d
dd08f537
de650ece
f0e51bd7
044a1477
08c50020
fa21efd1
e374f0c9
d5610284
d8e4179a
e85421b3
f5411d91
f5bb150d
ee00147e
eafc1c82
f31721a1
fe7a1877
fead03d7
ef93f358
dcaff339
d56d00ce
ddf00eee
ecd91591
f91e18d2
042a1e83
1318230f
22431cf5
24400bfe
1271fe24
f85b0217
eb7a157d
f4e92378
06131ae8
083f01a7
f53aef54
ddc0f5ec
da090ff8
f19c24e3
13391fe7
23bd03f1
1735e78b
f9b8dfb5
e2eaedd8
dfa80082
e88c05e4
ec8cfd57
e4e1f594
dba1fbc3
e0bf0c4d
f7a916ee
12df102b
225cfd0c
219eeb5e
1844e37a
0e8ae25c
0444e220
f5fce3ba
e668ebdf
dda3f9a9
de87048e
e32a0676
e3ea023e
dfe3ff77
dd5d017a
e00303db
e4110255
e430ff8c
e0810182
df020b10
e5ab17f0
f4a02081
06182005
1343182b
1a350e40
1d580518
1edbfbb9
1de7f020
16ece370
0859dbe2
f6f4df9e
ebbbeec7
ec6f0292
f82a1320
099a1c44
1b8b1ccc
291714b1
2cbe0634
21eef82f
0c00f5da
f9280453
f8691989
093721ec
1a5c134b
19def787
06c0e2ff
f102e177
e8fbeb7b
ef4df0e4
f68eea7d
f398dfe9
e736dd6a
db6ee82c
d9b4fb9c
e4ed0e1f
f8b816ff
0cd412fa
19b90475
1b64f1f8
134fe322
06c4dbfe
fa2edc47
f03ee236
e98aec1a
e64ff888
e634055e
e82b11c0
ec5b1e08
f56f2885
04142b0e
11541f04
1054083c
fcd6f79d
e552fcb9
e0ff12b4
f710222a
15b418d8
23b2fcff
1917e735
0598e91f
fe4dfdbd
087d11d8
18611851
205f1431
1ddd102e
17de129a
15d618b2
184f1cc2
1b6c1c79
1bd21960
17db16c1
11b0188d
0f0b1e73
12f5211c
17621947
11830927
fdcefe38
e8ed04bb
e64117cc
fb6a2319
17e8168a
2308f885
1527e194
fe93e4bd
f750fd13
06fd1310
1ebd151e
2af705d9
25ccf4c8
18b2ec30
0e9be99f
08a2e4e2
ff56dd1c
ef49dbbf
e1b6ea49
e4a003fd
faa417ed
15141941
21740d63
1bee0601
12c30cbe
14d21783
1ec9148d
1f0b00ea
0be8ecb7
efbee8f5
de1bf4a5
deb5ffcf
e71afe32
e863f3e4
dff5ef6a
d890f7e0
db910726
e7a613f5
f6a61b5f
05a11e4c
13a11c40
1dbb14c1
20430b09
1bc30583
170d077d
189b0bf4
1f990af3
245f015c
20d7f3ec
158be8f4
0722e335
f84ae1a7
e9d4e491
df4eed5d
dd7ef892
e43efe82
eb2ffae9
e97cf442
e01af61e
da9a0501
e26517cc
f3772112
00081e95
00f91a46
fc5a1ce5
fb64234e
fe8924bb
fded1f5d
f6cd1b76
f1cd1ebc
f8cf227b
096119a7
146d0107
0e72e67c
fe12dad9
f451e02a
f969e860
0421e679
04ecdd18
f800d9ba
e7e4e46f
e099f762
e27406d3
e55b0ec7
e5f3154d
eb841e18
fd1a21af
13e8148f
1e79f803
12e9de15
fb33dad5
eedcefe9
fb8d088a
161e0cf5
24d3fa5f
18aee4c4
fba5e202
e4cbf489
e1550b2f
ea031407
ee3b0ded
e6e30670
dc2108d3
d98d132e
e2561cbb
f2cb1fdc
06031a7e
16cd0c15
1d98f656
133fe1e9
fa2addf4
e3f3f256
e37b12d3
f8db271f
0f5a2190
11370c66
fd60feb9
e6c503c3
df28114b
e4b4154d
e7cd0c9b
e1ab0530
dcd80a66
e7ed15ab
019c15d8
18cf0421
1eeaeb96
155fdc8e
08b3dbca
0010e0ee
f741e5b1
e9f9ed1c
dd6bfc15
db050e2d
e2d916b9
e9031118
e49e07ae
dc440771
df280f8c
f12c10e7
03740116
0398e99a
f06be0a4
dd6af290
e091132f
fb962713
173b1db8
1a280261
01e1f11f
e5c4fb65
e1d116fb
fb1d26fd
1abd1973
2564f9ea
169ae47b
020cea12
fdd401cf
0c8814e5
1cf116e4
1ee61080
15681147
107e1a6d
16f51d7a
1d3e0ef0
139ff65f
fa38e73c
e1a8eb1d
d7def96b
db51053b
e25c0bc0
e9ea1332
f69b1c80
09112084
18e71a9f
1d581158
18c90f25
15ef1543
198b1a0a
1cbd1545
153b0b56
038c0838
f30a108e
ed4b1d5e
f067241b
f3792262
f1831dc3
ecf01c0e
eaa51cba
eb141c5f
ec311af0
edca19b3
f104185e
f4591590
f4bd138a
f35117f9
f88b2405
0a372d01
1ef02540
239a0ee0
1016fd95
f3f002f9
e7e518a3
f29925ad
01551944
fd8efe24
e84eee11
d8e6f3a6
e13bffa3
f9b4fcc2
0b98e94b
0b6dd86e
04cbd942
0793e4dd
11bde940
1194e2ba
fe31e199
e699f537
e2d014fd
f6fb2689
0cc01a38
0b7ffda1
f2d8ed67
dacdf8c0
db0712d4
f3ec2238
118d199e
1f7500c3
1841e9ce
04ade13b
f0bce8a9
e424fa86
e217101c
ea9221ac
f7c1283f
ff692357
fbd91c01
f30b1c19
f13c22c7
fac7235b
04ca144a
001dfd0b
ec73f124
dbfafc16
e22b1285
fddf1d20
1a0a1165
232ffbb4
1ab0f098
121ef6c5
163f019d
22820149
2807f273
1dade0af
0996da0d
f9d6e0f7
f77bebbd
feb8ee8a
0363e68e
fc86dd28
ed30dddf
e080eb4a
de58fc96
e3980775
e75a0932
e4c20780
dfb50823
dd9c09ba
deb507f4
dec102e8
dc630052
dda60414
e96f0868
fba9022b
0502ef55
fb4add93
e58edd5e
d68af045
d92c0673
e55d0ec8
ea9008a5
e2e0021a
d96f0636
dcc00eab
ec6c0c82
f9c4faec
f9b1e5fe
f128dcca
ed9ae101
f44ce724
fc29e5d1
f8a0e23b
ea8bea3a
e22f02c6
ef451d7b
0d2922ae
24000a52
1f4de668
0344d453
eae5e0dd
ed92fb9b
07bf08cc
1fc5fdd9
200fead6
0c23e8de
fc08ff04
01e71a01
155620ba
1cc70f48
0a2efbbc
ec1bfe40
df45157a
f0472894
0f152158
201e0329
1743e573
ffdedcf8
edadea99
e96e0055
ee0b12fc
f585215b
00462b69
0e422bcb
16fb1dd4
0f9e08a9
f909fd19
e3f8054d
e34a182d
f8bd2044
11ef11b6
1b51f669
1385e319
0a46e17b
0c6ae83f
163be99e
1af4e45c
1685e2f2
1235ea57
153df160
190eecd4
1010e009
f953dab3
e513e48b
e137f288
e941f45a
ec97e964
e4d6e19d
dee5e961
eab5f7db
0455f9c7
16beeaf4
1495dd6d
0855e3d5
06aefb0f
14a90eda
239b12ab
24aa0e08
1b320f66
160f1738
1a9616e1
1bd005b9
0c16ef14
f044e696
dce5f117
dde7fe94
e949fe9b
ecabf3d0
e2d5ee4c
d74bf89c
d7e70ca6
e60c1bd0
f69c1dda
fe8216e0
fbb5113a
f5041453
f4391ef1
feaf28e7
10ba2891
1ee21ac0
1eea07d7
115efcf2
00af0112
f7bc0ff1
fa181f9b
041128a1
1089284b
1b551e03
1eba0a99
14c5f3e9
fdcee5bb
e5d7e969
dcbefa1a
e7f4074f
fc450353
0849eff3
0426dc1c
f61dd4cb
e976dba1
e401ea0f
e513fb19
ec6c0cf5
fc721afb
124d1b12
20ee07c0
19a6eb77
fd60dbe3
e0dfe5bc
dacbfef6
eefc0f0b
09b305d5
1198ebce
0097db13
e915e4bb
e1db0157
f04e1a84
057920dc
0ecf18ed
08d11312
ffcb18e1
00df2405
0cf6275d
19ee1d17
1f0e0b3e
1c16fad6
169cef92
1176e709
09c0df9b
fd4adcaf
ef6ee282
e665ef7f
e431fd33
e47807bc
e3f2115f
e62e1d27
f18e26fc
050d243f
14190f81
11daf2dd
00cde036
f1aadf66
f196e5a9
fb32e43a
fee3db5a
f7b2da20
f358ea39
00caffbe
19950504
2629f5c2
180ee4cc
fa37e746
e4a8fd72
e26a137f
e906192b
e8c111e2
e0710c16
db3c0d62
df200e09
e4eb0829
e4720258
e21507a9
ebe11608
056c1c03
1e420c99
214befa8
0a46dc7f
ebade32e
dd23fd19
e5d213dc
f8f916a6
03f8069d
fddbf1fc
ec11e672
d98be8a5
cf89f59d
d36905f7
e45a0fd0
f9520bb2
052cfb29
0039e9de
eedde621
dfcbf51b
e1410dfe
f6591f45
12991b10
23200246
1c0ae4f8
01ebd7e5
e8d6e4af
e3ea0151
f59318ba
0e231d53
1ab01486
17390f75
10d016ba
13a9208f
1a991d82
14920d79
fc4b02d9
e4150b7a
e2301c81
f53d1c7c
038c032b
f989e6b9
e1d5e2fc
d968fa9f
edf01489
0e66195d
202c0d4c
1dca0681
17f90ecc
1bab19d0
21401815
18be0d81
02690b27
ef6a1673
eb2e229e
ee8a2239
ec111925
e495157c
e6761a62
f8fa1a1c
0f6d084a
1761ec86
0ee3db4d
072cdde6
0d63e75f
1907e78b
17cfe164
0841e709
fe0aff2a
09381702
1fbe1640
2605fbb6
0ecbe182
ebc1e08c
daf0f614
e7a00863
00b9037e
0e0aed1f
0907db22
0021daae
0222e3ce
0cb3e68e
1097df34
062ad953
f536df06
e90aed9c
e3dcfb8a
e0d105a9
deec0ff2
e4071bb4
f42d2133
08cc17c2
14cc0105
1157e9a0
0508de6a
fccedfb7
fe01e3d5
03c1e361
0717df0c
0615dbc7
03dedc47
037bdf1a
0581e122
078ee098
0750dec6
04ccde7b
029fe0f2
02f9e3d1
0498e422
049ce1e0
013fdf2c
fa03deaa
f014e300
e680ed87
e100fd95
e3091019
ed4a1ee3
fa812472
027b20ec
00f71c00
fb251d20
fa4322ce
00aa231a
05f2177b
ff8805c2
ed65fc27
dc69027f
d96b11c9
e49e1d10
f49e1f4a
03001c7d
104517e2
1c9f0fd4
238f03fb
21bef947
1ae3f65c
1790fad6
1bc9fe97
2216fa55
2162efbf
1756e6b9
08dbe367
f98ae488
ea0ee93f
dc91f321
d71b00ba
dcf90a57
e7440853
ea29fe4f
e384fa60
dfc80561
ecc81716
08f01cf5
21410d4f
2212f455
0ca3e9a2
f6e7f831
f62612d7
0b6c2081
22f413a5
26aff59e
10f0de43
f1cde053
e0a5f9fe
e8cd177b
0080249e
12881dc4
118a1145
046a107b
ff3f1c47
0c172206
1d2010c0
1b65ef89
02bbd935
e953e010
e941f8db
03580700
1d73fc6c
1fcee8b5
0d5be641
feb1fc52
05041700
17691e98
1e4b10ea
0e570195
f39303dc
e39b172a
e7d62b85
f93932c9
0a6529fd
11ce17b3
0c3905ca
fd05fd90
ed470378
e7c9144f
f14a246d
032c28ca
114a211b
153e1615
12f410a3
121d115a
14ce134c
181b13ca
1a20148e
1c151650
1db316b9
1ba515ca
15cf17de
12431e38
15b6217f
19cf1946
11ed08ee
fbed0058
e78409e7
e7861c1b
fc282185
12291034
17fdf42f
0f1be1a3
06cfdf5d
08f1e3f6
10c1e489
1502e1e7
1471e284
146fe721
1624e959
1332e669
0660e566
f513efbe
eb41057b
f0621d2a
01412b64
13f32b5a
1ed01f9c
1cdf100f
0ee10588
fc0106a2
ef931247
efbd1ed6
f7e92198
fc371a05
f6be13e3
f06d19c4
f7bf273b
0e012b62
22061ce1
2263066b
1017fc97
fd5a071b
f816197c
fbf12356
fb51226c
f27b2182
ec7625cd
f1c6255e
fa311586
f69ffc78
e5fced79
da31f304
e4810088
ff10ffc9
114bec13
0b73d9cb
f9a9dfc6
f6c1fb3a
0c80106d
263f09d1
281cef79
0d04ddb0
eb0de68e
dc49020a
e72b18b6
fda51c14
10180fd3
1a64ff39
1f56ef8f
1eb5e12c
1554d7a2
0576dba2
fb61ef77
01ff0719
1575105e
237c03ee
1bc1ee12
00d4e3d6
e618eea0
dd2a0387
e54b0f47
ee320a85
ea69ffef
dd9bffa5
d6580d79
de591ec9
f2102606
044f1e15
0a4a0d71
0209ff11
f113fb3e
e10104a4
dbc816a4
e53b2656
f72f29cb
05e31f46
085c0e1b
fe320130
ee48ff34
e14407f5
dd4c1615
e3fa2280
f35e2716
05ce1fb2
12cb0c3b
12bff3ce
062ae251
f6c5df0d
ef76e681
f331ed8f
fa10eb2e
f81ae1aa
e9dfdd47
d955e776
d51cfc59
e1d50cd9
f5db0d4d
02b3feca
00baec53
f2bde23d
e2f3e5a6
da55f2b7
dba101c8
e3170d35
ec421476
f5ac1989
00b61ccc
0e3f1c86
1c341596
252b07cb
24b1f8b2
1c88eff2
13faf067
11c8f5a2
1675f797
1b9bf0d0
1861e354
0992d8ba
f6cad9d8
ec15e577
ee80f040
f666f05e
f75ce83f
ed61e3aa
e002eb0b
d9dcfbf8
dec50c4d
e8621408
ee5813c8
edb211aa
e99e121c
e6de1573
e77e1878
e9be1892
ea4f1659
e88514a3
e624159a
e5f21878
e82b19ec
ea3f17ec
e8ae13ba
e3921201
e0f31587
e6f61917
f3861313
fb2b00e6
f4d1ed6f
e4e3e70e
d99df0e7
db6300e6
e5bd0cb5
ef8114a4
f84f1e3b
05e82768
1711260a
1e6716a0
11bd056f
f8c70343
e8341188
eb251f3c
f8251b3e
fc6506de
f121f303
e07fecbf
d8c5f1bf
dd01f5f8
e484f278
e604eb97
e253e9d3
e0aaee42
e40df2ae
e7d7f1de
e622eed3
e0c1efd5
df0ff481
e2bcf614
e5bef0e4
e278ea7f
dc89eb1e
ddeef2fc
eb77f8a9
fdd7f37c
0986e646
0b98dc92
0baedc72
1033e087
1512e176
1146e1ab
05d8eb19
0020000b
0af112b6
1e1c108f
2371f7ff
0dfbdeba
ebc4ddd6
da7af5ff
e8f90e1e
07b70cdc
1811f31e
0a49db3a
ec9ade5f
db6dfc14
e5721bac
fdfc2420
0b761308
00c5fc6d
e8eaf524
da1cfe0c
ddab05d3
e76effb4
e6f4f3ef
ddf3f556
def4085a
f5a21b43
15c418ea
25f100fa
1a09e866
fde5e2f3
e777f10b
e1430302
e5270ade
e76a07ed
e36f02aa
dd9f00fc
da590210
da2a034d
dc290317
df0d00c5
e04ffc61
ddfef906
db30fb2c
deac0221
eb910592
fb04fd9b
01dceca3
fbb5ddca
ee7adac2
e408e408
e0b8f313
e34702e8
e98d11eb
f36e1e7b
ffac24ba
083c2256
078a1ccc
00f01c6a
feae2182
04be21e0
0a39162f
035c04cb
f076fcf8
df5106a1
dd531a48
eb6628ed
fec72978
0ab71e8b
09fc12f9
026c1098
ff9c183c
08b52033
19901cdd
257e0c34
2453f93c
1b00f0af
166af48f
1cc5fa15
256af6e5
22d6efba
1448f29f
07a504ff
08b31a91
121a2341
142e1e14
0a4b1945
02111db1
087420c2
16c41298
18cdf4a5
056fdc7c
ec39de76
e66ef5b5
fb310896
171a0346
1f9eec55
0e21dbee
f32ee260
e36ffaf6
e6c31488
f58d2219
044b22ec
0d3a1df3
1244199f
184c1627
200c0ea9
2372ff5c
19ebece6
029ee312
e895eb28
dc3b016f
e56315cc
fb75171e
09d802d7
01ceea7f
e98ee4bc
d85bf910
e13c16d7
ff86242b
1b8f167f
203dfa8a
0d68e6f6
f560e652
e861f009
e6aaf573
e681f278
e33eed5c
e11aeb60
e48de955
e946e330
e85bde6a
e5b2e508
ee1df53b
04c1fedf
19fef5df
19dfe399
03a0deb0
ec1af1ec
e7160fa7
f1b420c4
f9071f54
f3171934
e9601ab5
e9ae1f71
f3881961
f85a0560
ef19f181
e047ebac
da84f233
e114f7a6
e90cf43e
e708ee6e
dce1f219
d6d2025f
ded3161e
f2fe1f83
087d1875
14d00551
142ff03a
0ae2e1ab
ff01dbd2
f3e1dd55
eaa1e508
e4a4f318
e5fe06be
f390194b
0b581e4e
1f140e17
1e5bf123
0690dc69
e903e00d
dd9ff6ec
ec650a2c
05ef075a
12bdf1d1
08a1ddc2
f1e5de04
e2e3f405
e7e00ffd
fbd72088
0ff82057
1a581716
1c780e90
1db6089c
208dff86
1f18f089
13cbe242
01b6de47
f202e7ea
ec3bfa63
f15e0dcf
feb21d0b
106a247d
21362157
298c143a
22ba0482
0ebffdcd
fa140698
f2e21874
fc412312
09291a8d
07a704fc
f3c5f631
dc96fca4
d61c1369
e5a126ae
fbef27d5
05ed1c43
005315ae
f91a1c85
fca126db
06b024d0
079414e8
f8ac0585
e506028f
dba60811
dde70928
e0dd020c
ddc2fc61
dc6e01a7
e8240d01
001d10c5
1707067f
20f1f634
1f22eccc
1bd1ee10
1d95f3f3
2231f7d8
2556f9d1
26d7fba8
26f9fba2
21c3f944
14cffadb
06f506b4
02f1182b
096a22d1
0fbf20a2
0cc2196a
054818f7
062b1f3c
13681f87
21a31174
2428fca3
1b82ef90
1410efff
16c0f56d
1e8bf537
2145f050
1d20eef4
198af421
1ba8f8dc
1f5ef52c
1b75ea27
0d48e105
fb63e063
ee2ee63c
e67cecd2
e097f3b7
dd13fed3
e2790ebf
f4fa1aac
0db817cf
1dfc04c6
1b72ed32
0899e089
f250e646
e522fa2f
e6c711ff
f4a82319
065827e7
12392249
13d819f7
0ef31707
0bfd1a66
0f191d56
141b18ce
12970da8
06870467
f4f6065f
e91e14cb
eafd27ac
fa26331e
0d8f2e47
172f1a16
0da802f2
f5e9f9cd
e2760565
e4df1928
fc131f41
142d0def
1aeef22a
1203e1e4
0bb9e424
1308eb67
1de5e94b
1b7be338
0cb6ea54
04390257
0de418a9
1dd919a1
1d2208cb
0644fdb5
ed5d0820
e92f1e50
fbd828a0
126c1aa7
1987fd47
0e19e31b
fa6bd786
ea2bd9ed
e344e34e
e567ec59
ec47f06a
f180ee9f
ef35ebc1
e6c2f040
e1e70081
ebd21528
046e1e41
1cd81114
2270f496
0fc0dd66
f255dcb4
e083f293
e67e0da2
fd731b53
142616c5
1e1709e5
1c5e0265
193c04bc
1b5e0aa6
20320c53
21670965
1d8d074b
1a360977
1d340ba2
2434060c
260ef74a
1c16e75a
0855e064
f396e80d
e815fb9b
eabb115f
f8941fce
09b421f6
16061a30
1b5a0f9f
1d2c0662
1f38fd1e
1f7ff07b
1787e293
05dfdcbf
f312e6f5
eb87fdba
f2c113ec
00f41fe2
0cdc22e2
158821c4
1d6c1abc
201d0933
1466f1a1
f979e343
deceea25
d94bfe73
ec5709b5
04b3fe0c
0c1de5c1
002dd93a
f4e7e4d0
fd0bfb60
145c062e
2634ff29
2613f42a
1bbef446
17b2fe5b
1fe40329
287ef7fd
22b4e41a
0e37d8b1
f91cdfb5
f325f317
ff830308
1329045f
2054f8a4
20d7e9b8
179ddfed
0ab3dd7e
fdb6e0a2
f194e7ec
e7d2f2ce
e25dff69
e0ec0a71
e1b61327
e55a1b41
efc521c6
02c81f90
16580db1
1c08f070
0d2ad9b6
f6d4db1f
efdef248
01bf0867
1c5608c0
2571f65c
138de9d7
f9c9f6e1
f43014bd
09892572
22e01565
23c1f0cf
08ddd86c
ec40df93
e9fbf956
02900835
1c8ffeaf
2059ebc8
108ce86c
030bfb61
069b1402
13ff1faa
1b1f1cc6
1621179e
0dc519cf
0d8b1f7d
16171e84
1f2312ad
20da0055
19c9ee9f
0cdbe2be
fe89de98
f34be0bc
ee03e5a1
ede7e827
ee6ce67b
ecafe461
eb7ee56b
ee72e740
f324e56c
f2c3e18b
ec58e438
e7fff264
eee106a2
015f153c
16ee1764
263d0f56
2be8030a
27fcf614
19ebec55
0476eba5
f00cf72b
e5d209f0
e8141924
eef31ccc
f05f17f6
eb29149f
e70c16ca
e8f4198a
ed3417ae
eda01414
eace15ec
ecc91eb0
f90a2687
0b8923fd
19d4140a
1aa6fd7f
0d4deba1
f8e6e5c7
e6a3eced
dd9afbda
dee70ac4
e5ec14d0
edba1a3f
f5791e28
ffe320d5
0e281de6
1ae6112f
1d9dfc9e
114fe996
fa6ae379
e4f8efb7
de8a085f
ec681e49
06d22241
1c370fd9
1d35f2c6
0975debf
eff3dfc3
e2fcf20c
eaae04c5
fea407e3
0df9f8ef
0ce1e2a6
fc23d48a
e7edd728
de03e5df
e220f419
ecaff7f0
f1c1f24f
ebcaedab
e193f485
e07606df
f051186c
0b0b1a9c
1ffb0929
2071ef15
0c32deec
f17ee3bb
e1a9fa17
e554131b
f7e9200c
0dc01b3f
1bb007ca
1a3eeeb5
0893dd03
ef7cdedc
e060f607
e869142d
03b6241f
1e321bb6
236a04f2
10a5f6a3
f83bfeeb
f02a1577
fc46233d
0b141af6
09540596
f4def7a9
dd48fd9f
d478118a
de7f22ce
f1002664
fe991dfd
011e13d1
fcbd1149
fa7e17a5
0110209b
0f0a230e
1c811afb
223b0c91
1f34ffc3
1838fa3b
1445fbe3
172dff11
1f1afcf1
2507f2d1
2199e493
1293daea
fd72de6c
ed9ef105
ec880a1a
f9201c41
075e2079
0c551c92
08531b2c
04341f44
04e922ec
072220dc
05851bc1
01be1a50
03501e05
0f201f99
1f40165e
26e003b0
208df3e4
14d7f20c
11a0fb00
19ea003d
22acf810
1f30e800
0f1add57
fd8cdea0
f495e575
f365e8ae
f359e681
f1b5e335
f12ee20a
f3b4e0b4
f602dd52
f4aedb4c
f299e021
f699eb37
037bf508
13aff669
1e3af0d6
20d5eb9c
1fc8eae3
1ea0ed55
1e26f0d0
1e15f4e3
1f81f86e
2128f7d1
1d7cf191
0f7feb94
fa5eeefb
e8defee0
e4431393
eb712262
f738275b
034624d8
0f5b1b37
176608a8
136cf13e
0134e1ab
eb52e463
e0e7f72e
e9070cd2
fdd518a5
149f170e
25220bc6
2bb6fc8e
271cef5e
1a30eb05
0c97f2d7
06e40314
0bb51269
15bd18f3
1c8d16c4
1c34125c
180111d3
15ca15e0
18101a36
1c291aef
1d4e17f7
190915d3
12f01847
10be1d6f
14191ed8
17421719
119208f0
008cff8c
edc204f5
e9671721
faf62529
16811da0
240e00d7
15dbe376
f563dd30
dc3ef2c2
dc7510a3
f08b1e23
02411301
00ecfd12
f015efb8
e0c2f118
de1ef783
e431f759
e751f008
e271ec06
dc5ef310
ddc40217
e76e108b
f4831aa3
01c120df
0f1a22d9
1aef1d4a
1e65104f
14dd0393
02b1013a
f37d0ca9
f1611e69
fd122a87
0e512977
1b221c25
1d4a097e
1539f959
06cfefdd
f5acee68
e47af555
d81804d8
d7301877
e42925b9
f712221d
00730e2e
f7d4f8bd
e62df169
dd70f910
e6280156
f7edfd0c
03eeed2a
0484ddc5
008ad792
000ad883
03a7da88
078cdcab
0b84e054
108ae32f
120ee1c1
0984e078
f89fe97b
ec2e0058
ef9d19c9
fe44251e
06c11f5d
00351762
f5f71a81
f87d233d
08e51ffb
162808f9
1107eb6d
fcefdb36
eaafddf8
e441e934
e49ff2db
e414fc19
e3970a7c
ea3f1be4
f8a6264b
04d32389
05411a53
fc8a16d7
f76e1ce3
ffaf225b
0f991a08
17d60313
0f4fea36
fa95de0d
e72ae2ac
de60f02a
def4fc3c
e17e0425
e34b0bf5
e8261602
f4361ed3
06c11f33
17b61299
1ceffc9d
11b1e82e
fa30e11c
e32cedfa
dc490908
ec4b2029
084e21bf
1b7d0bd9
183aeeab
044ede3b
f286e0ae
f087ea9b
fa2eec3d
ff51e36c
f71fdd7e
e96be831
e6db0215
f7531a65
10c520df
212815b4
21b806fb
1b9dfe72
18faf82b
1849eb50
0f4cd9ad
fbdad1fe
ec29de55
f131f54d
097a0188
1fc3f93d
214aea7e
11eceb25
066fffc2
0b49177b
172a204b
19051c1e
0f051a2c
07c8205f
0d98223f
16971205
10d5f5df
faaee29d
e626e359
e3d9ed47
ef5dee21
f580e3e5
eda3df0d
e457ed1b
eb0d06a7
02851866
1af01874
27190ddb
27980356
22bafaab
1934f0b6
068be843
ed8aebd7
dd3affa0
e37f17d3
fd80205c
174410cb
1e7ef59c
1450e40b
0982e4a9
0b31ed23
1589eea7
1a47e5e2
11c7dd01
01b6dd6d
f3ace623
e9d3efbe
e091f8a0
d8f604df
da8013ae
e9061ba2
fba012d6
026dfcbf
f6bfea86
e41ceb90
dcd4fe0c
e919126c
025919d5
1a4b105d
26d1fd1f
2601ea48
1be8e022
1165e1e0
0ef0eb2b
15caf174
1bd7ed4c
1456e460
feafe568
e991f853
e52f1368
f0f3228c
fb981dab
f76c11a6
eba710b7
ebd61be7
00a72122
1ac81012
21b1f02c
0ea6dc04
f627e619
f3020430
09bb1830
238d0ec7
2532f18c
0a56dcb9
e954e2ad
dd40fa21
eb8409e0
021b02bf
0bfbed08
0600dcee
fdb6dc39
fee2e362
0757e571
0b12df6b
030ed961
f356dc70
e5dce9b3
e0d1faee
e3c409dc
eb1d13d8
f33f19eb
fb851e85
05362265
11ad22de
1e011a69
21e6078b
151cf1f4
fa49e7cb
e1b7f00f
dab5001c
e3d205d2
ebd2fba5
e619f0ca
dc0ff7b4
e2dd0dbf
ffe61c2e
1eb412f3
26d0fc36
1588f153
0000ff0a
fb151862
052a2690
0b80230d
04041c08
f9a81e71
fc0e2461
0a9b1dec
14f70605
0db4e9d7
f983db73
e78ddf3f
e0abebde
e1c2f7ca
e38e0201
e5900e53
ec691bc5
f95f23c6
06592182
0b4718ca
0787133f
02bf1684
06041f7f
1343242b
22af1cd5
28dd0aca
1f34f87d
0a52f2f4
f895fef1
f791131a
08041ea7
1d11161c
248dfcb5
14e5e450
f6e5dffc
df30f486
deaf13cc
f4a726cb
0d2f2026
12880882
0062f6a9
e7d6fa53
df490ea6
ee3a1f00
07ce1b7b
19340643
1a8fee71
127ee042
0a2fdb97
01ecdb48
f63ce0f3
ea9df1e3
e9f10beb
fa2e2081
11e820ff
1edc0cb0
167ef2e3
ff9ee4ff
ea8ce696
dfddef11
dccff757
dd310063
e3cd0d86
f5eb192e
0f5f17c6
212d0528
1d2deca2
0586e109
eb99eb37
e02b0277
e625154a
f2751926
f78f119c
f12d0bf0
e7cf1245
e8112311
f7c93182
0e752f08
19511a1f
0cc2030a
f1cffd5e
dfc40bee
e52c1b82
f8271653
0091fc96
f429e571
e2e2e4ea
e47ff5c1
fcfcfff2
169bf53d
1affe268
0b84df7a
fe90f47e
06721016
1d5d1a1a
2d690cf1
29c8f833
1a67ec40
0de2e98d
0852e697
01cfdf87
f3bfdc8c
e47de88e
e23b026d
f3e11a9e
0f6c203e
203311c5
195aff24
01e8fb96
ee8d0bbf
edc62122
fc142a68
0b302374
12651638
16980c55
1e920388
266ef51c
22ede3d8
11c9de40
00d0ed7d
00cd07d7
11cc17b1
2115116b
1bedff73
034bf843
ed070776
ef1c1fff
089e283c
21e11426
22e4f1be
09f2dd1c
ec84e57d
e11300ed
eafe186a
fa521ed8
ff4d19f7
f9241788
f3131c9a
f61c2167
feb71b9a
01170a71
f535f965
e013f668
d0e8059f
d4381c10
e7d827ea
fc4d207f
02380c77
f6effb85
e638f7bf
ddb9fd19
e0260028
e4edfb43
e376f520
dee7f854
e2c3067f
f6121440
119f1369
2472025e
2459ed6a
167fe23c
0869e266
0048e4ba
f95ce296
ed09e064
ded2e88f
db4dfd08
eb8c1227
08d91821
20560b66
2484fa50
1aaff67e
14b301c9
1c120b9e
252e03b2
1badeedf
fcb3e405
dea7f152
d994091b
ec7f1132
00000000
0125e606
f574d9f3
f0e7ded7
fa9ae459
0472dfc1
ff7adaa4
f0c7e5b6
eb440158
f8591b46
0bf622e9
14431ba4
0def15b0
05291a11
061122b7
10e223f6
1c651928
2071072e
1c90f5a4
13aae858
0851e08e
fd77deca
f5d1e17f
f2ffe50e
f347e5ee
f373e44e
f2c6e1ff
f276e02b
f2f8de6d
f336dd9c
f3cedfb0
f6dde3d8
fbd2e635
fd45e482
f5dae407
e8b5ee59
e35e05bc
f1801cd1
0dcd2081
23300a2d
1f32e993
04bed881
eb74e326
ea09fbea
fff5092d
1756ff5c
1bbce9c1
0c24dd8a
f786e4e4
eb9afa24
eb271199
f29f24b1
ff702ff8
0dec2ef2
14ab1f6b
0a410ac9
f27f0180
dfde0a30
e1be1737
f2bb145d
fd90fe5a
f5c5e785
e649e347
e4bdf01e
f7c2fa2a
0fecf3e5
1b49e48c
18a0dc8a
1496e177
174cea18
1c4cecdf
1b1eeab5
141ceb1e
1020eef0
121aed62
1181e1a8
04fed45d
f043d46a
e428e72c
ee07fef6
07e2076c
1c14f9ce
188ae4dd
0005deeb
e74af0ce
e1610dab
edd71f3b
fa651bcf
f7be0f96
ead60deb
e8081a3e
fa79237e
15da1777
2164f8de
1240dec4
f5ebde2e
e455f5c3
e7bb110b
f57f1dd5
fcb01c28
f7f6187f
f0071b6e
ee6520f3
f273207d
f41d198c
f01e152f
ee2119f8
f79c22e3
0b262406
1c5a1877
20220923
193102d5
13c20841
17e70f93
20ed0e2b
250802f7
1fc6f4ff
145feaa7
0832e3fa
fbc3df3b
edf7dea0
e25fe60f
dff5f474
eafe017c
fe450295
0caaf484
0a4be062
f81ad5a4
e3a4dc40
db39ed68
e0b1faa9
ea52fbed
ed2ef546
e6def1b8
df9bf9a1
e3190a0f
f56016f2
0e5c152f
206a0499
234deead
18ebdefc
0a9adb7b
028de0b7
031ae57f
0661e44a
0613dfe7
021ede88
ff66e23b
0168e6b3
04f3e656
029de0d9
f6c1dd1e
e655e2af
dbfff1d6
de210197
e84e0735
ee890167
e9bcfac1
df13feb6
db290eff
e5d920d4
f8f526ea
06501f91
057d15d0
fcb615b8
f9fa1f07
04202463
121419b3
150b01e0
087eeb96
f5a1e106
e6f3e10f
decde628
db31f019
df6500df
f1471225
0d0316f8
22c00a2d
23c4f75a
1271f12d
0099fefe
fe2a157c
09402289
13532022
122117fe
09f21697
06ea1e1f
107924d1
20ed1edd
29bd0a49
2048f2c2
07a4e81d
eed1f086
e3390306
e4eb1017
e7fb1076
e3170b8a
db700c02
dcbc1068
e9870ce2
f603fb42
f601e5a7
edcddbf5
ebf3e043
f59fe582
fe7de205
f8c4df6b
ea1bee4c
e78f0dfe
fb5f26f2
14b42385
17f909f5
ff37f744
e24ffee6
dde71552
f3671c98
07d2079b
0333e958
ea18dfdd
d822f44f
e15112ce
feb420c2
1742168d
19d202dd
0920f900
f468013d
e995160e
ee532b41
fed73501
10202dcf
15ab199b
095a0640
f37d01f1
e54b0cec
e860187b
f49c15a8
fa0604bd
f28bf2e6
e5edea74
de61ea29
de50eaf3
e1e4e9c8
e636e7a1
eb01e589
eecfe2e3
ee0ae19f
e928e82c
e8cef9b8
f57a0e28
0be4180e
1d6f1373
20990b65
1b400bbd
190712df
1bed16c2
1c9513fd
17681121
135a1328
176a1453
20420bb1
230bf95e
1ab2e87d
0e0ce2b1
07d6e5ef
0a41e8cd
0eeae694
103be1e5
0e66dfa6
0d29e0c5
0e4de2ba
104be305
10c8e298
102fe344
0fb0e445
0e85e47b
0c12e4fb
0a14e6b7
0a53e75a
0ab7e38e
062bdc3a
f9d7d802
e9e7dec5
e109f2d5
e8d50b4d
ff4a1997
1659169f
20b90964
1cc5ffbf
15110193
154109c5
1ecf0bdd
27cb0055
24afece0
14b8df9b
0425e02e
ff0ce89c
0565ec42
0b9fe5ed
07d1dc97
fba1dae8
efd2e341
e8e0eff5
e44ffc0c
dffa08c0
dfc617b9
e97223e7
fa5b22cb
058b11b8
0050fc15
ede5f270
de5bfbc7
e0600f63
f54c1c44
103516c8
2149018d
20b8e932
130cdaaf
046fda7d
ff84e1b5
03dae4e0
07d9dfeb
041eda69
fcd3de58
fc9eeb76
076bf800
16a5fc85
213ffb18
255bfa42
26cbfc3d
273bfda7
22bcfd56
17d1fffd
0bb1098c
055b1721
058e2183
06d125d6
06172731
0541271f
058d22a2
023617b4
f6ae0bcc
e6e50704
dc980943
db0609de
db6904ac
d93200ab
db9b03f9
eaed06d7
ffd9fc42
071ae661
f95ed9d7
e760e779
e84f065d
fdae1cdf
12c41e8a
15cb17af
0c651a3b
085724cc
0d1c26ac
0c3c1940
fb9e09e3
e5440798
db040f96
df751225
e4ad098f
e1a6020d
df640824
ecb81572
082c1747
1eab05d5
1f17ee9d
0d93e688
fdcff422
ff1e0bb8
113c1be5
27c01b05
34c00bbc
30b3f8b8
1db8ef53
0776f7f1
fd730e1a
0598201e
13a11ee8
13880d69
fef5ffb6
e6b60547
e0d91656
efa41b98
fead09be
fb07eebb
e7a6e1b7
d7d0e9f1
d7e1fb1c
e21407ac
ebaf0f75
f3491960
ff9024a0
109126ac
1a951add
13210acc
fe8f0569
ec4e0e7c
e6dd1b63
ea7a1fbe
ec411ac4
e847153e
e4f91584
e844175f
ee5714b6
efa41045
ec781369
eeed2066
fe402c4f
1349295f
1cf41605
10a301a5
f767fe3d
e6d10d25
eb1e1d28
fb5c1bd1
03860846
f8cff2c7
e2fcec80
d2bff874
d2990b99
dffa1837
efaa1916
f7bd12bf
f62e0e56
f12011ed
f0851cb2
f92b2786
08a129eb
16c6203a
1af30f13
1243007c
0228fda3
f4cd0878
f30e1b65
fede2b74
11b72eed
1ff82302
1ede0ec9
0d00009b
f6230324
eb1e1303
f2a61fb8
01611ab9
04c906c6
f60ff518
dfebf4a5
d31e046e
d7471735
e6dc204a
f6131d39
fca01499
fa7e0f9c
f6191343
f7b41e43
03ee281a
162126f3
229b1888
1fb40671
1005fe29
ffcd04d3
f8fa135f
fb8b1f29
006823d4
024d23df
00cf2279
fcaa2119
f6d321ad
f2e52540
f539282f
fc1f230a
fdff13c5
f4180372
e484fcbf
dba1ff07
dd390016
e10cfa42
df65f482
dcc6f98d
e64d082d
ff6d117c
19c90aa1
24e7fbdc
212ef5b1
1cf4fcae
20e704c0
24e602c8
1c1ffbf4
0886ff70
fb1b1172
ffee24ed
113b295c
1eec1c84
20b709c5
1b34fb64
15fef1bf
119be832
096edf10
fc1bdbcd
eed1e25c
e78cef4e
e61afbfd
e522062c
e337125e
e70021d7
f5582b76
07182467
0c710dc9
fd5ff8b4
e561f713
db40088c
ea3219d9
06c11849
1b490470
1db6f06d
1813eb08
18b3f0e0
2024f52b
2484f42d
2153f486
1cfbfa6d
1df2ff72
1f85f9ed
14feec43
fb8be670
e2ccf473
de680e83
f1501ff0
0bdd1bbd
1be306a3
1b8aefb4
10f0e194
048add4a
fa77ded6
f1e8e32a
ea3eea08
e437f3c5
e115006f
e34d0f69
ed991d02
fe0b2323
0c841fa1
1240184c
111415f3
10ef19f4
14981d6d
16b71bfc
11d81984
09d91cb6
092a2309
11721fc9
16b60c58
0cc0f283
f69ae3ab
e59de5df
e553ecac
ee26ea37
f0e4e1a9
ebbfe181
ebe7ef5d
fbcdfe7f
133cfd4a
1c8eea88
0c87da1c
f017e049
dff6fc49
e9221a3c
03bb254b
1bd31806
21c3fd9a
139be821
fc42e398
e9bdf017
e4490498
eb711726
f9e22153
08c421cb
137c1bf8
19bd13f3
1d3d0b00
1e7d0045
1beff3a2
137fe6c3
04c5de46
f41dde60
e836e634
e520ef1d
e764f297
e86af09d
e610ee37
e39fef0a
e476f127
e735f0f9
e756eef3
e356ef54
de9df5b6
ddfd016a
e42d0ecb
f11c1a46
02b3206e
14761ec3
1fa8160e
1fd30d24
19600c31
167012b1
1ace16a7
1ebb0f96
165b026a
01a0fe39
f0330b6c
f2371fbc
06e62680
1b5a1569
1c99f73c
0829e123
ec77e085
db53f336
ded80c65
f5501c7a
128f188c
24cf01b4
2049e743
09eedd9f
f68fed6b
f9ba089a
10f61552
247b087b
1f73f061
04a6e50d
e998eed3
df320027
e1ff0784
e3e90259
df3bfb33
dad0fa10
dd82fb40
e3bff857
e4fbf440
e195f85c
e41307b2
f5591788
102817b5
22770359
1db0e7ff
04bbda2f
e991e495
df7affaf
ec911950
074a21b6
1d6d156e
211dffe6
11c6f2a8
fd00f90e
f4fb0eea
00d62269
164f2488
248015ff
244904bf
1cb6fc4f
18d2fcb2
1bf9fe03
20cffbac
21d6f8c3
1ffefa80
208e0024
23e40294
22f2fe74
173bf98d
0490fe7c
f984101d
01a02244
17772453
28d412fa
28affcae
1c92f39b
15ddfa7d
1cd402e6
26f4ff69
2384f4d5
1185f42f
014404b9
00cd1a16
0c8421ff
130217bf
08b70850
f2af038e
e0220df5
dbdd1ebc
e5bd2a70
f7012aa2
086c1e3e
125d0730
0e5fed89
fe90ddcc
ef9adef0
eeeee8dc
fa4deb50
0014e237
f586dda8
e65fedf3
e81b0d4c
fec62315
16351f6e
17760c39
01e30161
ea350926
e16d1741
e4621b2d
e55b13c3
e0750d36
df5d0e95
ea170fd2
f98d057b
fddff0f1
f043e230
db90e67b
d10dfac8
d7df0f51
e78015a5
f1210dd0
edf20435
e50c05ad
e5411309
f6921f43
11261b5a
2212047b
1b17e9b8
0036df8d
e564ee2b
dda00921
e8be1a87
f58817ed
f43d0bce
e84d0920
e48a154b
f5a3218d
12921ab4
237aff3f
18dae361
fbc3de45
e486f368
e2f10fb2
ef9c1d0e
f67d1884
ef0b11a4
e50c14fb
e7f21cbd
f6db18b1
00af0408
f7e0edd3
e33be9e7
d7c7fc47
e3bf1483
016a1d5c
1ccf0f63
248cf4b6
159fdfba
fb7eddcb
e6ddf04e
e43e0c9b
f514220d
0d9c23c4
1ba611f3
13effc13
fcb5f580
eaa004a2
ef0f1bca
07e224ea
20e81522
2505f694
0fafe0be
f0c3e46e
dee2fdfc
e42f18ee
f5d821d6
fedb1833
f6850e06
ea311294
ee882006
067020ec
1d7f0988
1db4e8ac
088bda42
f6ece99a
fd8d0516
15cd118b
25f307c8
1d86fa39
0661fdcd
f7371227
f96124b3
021c27fc
03522090
fbbe1c29
f60020ae
fb0c27c1
095c2727
181f1a2c
1e310428
164ced72
01e2e0cf
eb04e5de
df96faab
e8c61225
017e1bd0
1893127a
205600df
1aedf700
15abf9e7
195c00c7
230d0124
28e9f88e
24a1ecc9
16c2e449
024ce376
ed0eedd9
e0bf0317
e6a019c0
fd122293
14e6145d
1bfcf73a
0e4adfc7
fb17dcce
f555e7ca
fea1eddd
06e9e676
ff91dc77
ed09e24b
e304fb87
ee661746
07d22189
1c751584
1f3bfe61
107feae7
f986e36d
e4d1e7fa
d8f4f379
d7acff96
dea905fe
e66a0402
e7c6fe83
e348fe15
e12406bb
ea131323
fe7117cf
143a0d74
1f3ff782
1a51e104
0a45d501
fa64d76d
f4bee222
f9e2e977
006fe72a
fe88e023
f3dbe003
ea2eed38
ec1502a1
faf214eb
0f0b1c05
1f4a18a8
27e00f66
288202f7
1f27f530
0ad3ec9e
f248f0da
e26400f5
e1ef10fb
e9c715ae
ed5d1046
e8300baf
e2000fc2
e3db196f
ef1c208f
fef220e0
0ec81a25
1ba50db5
2253fdcc
20bef03c
1a90eb5f
1816ef11
1cc3f321
21b1f08a
1d7ceba0
10d1efd8
07d800f4
0b8a145e
16a81c95
1bf218e0
16a2147e
0fea1762
11d21bee
1aee17ac
211b0859
1e2df5e3
14b7e85d
0aa3e174
01a6de57
f72fde98
eba1e696
e5bcf8b4
ed730e94
02211bbe
19671805
26530709
249bf4e2
1abbeb3a
12dce9f1
1143ea8c
12c8e862
12efe4d7
1263e47f
14e1e713
1a27e7f9
1c20e536
163fe4d2
0ca8ede8
090aff80
0fd30fbc
1b1d1519
20ca104a
1d460a80
174b0b94
185010c3
22021063
2b4803cf
276fef74
123ce1df
f68de7bd
e5e6fe97
e7d3161c
f3651f60
f90c1a2e
f2ac139c
e9e216d4
ed441f5c
ff161e17
116c0ab2
14e2ef0b
0a53dd99
00f3dd45
038ce3f3
0cdde4b4
10dcdf57
0c6fddc3
0858e427
0aeae9e2
0da0e5c9
05a3dba7
f291d8b1
e0f6e4ae
ded5f83f
ecf9045b
ffad00a1
0a4cf0cd
07b6df71
faffd658
ebe6d9b5
e244e741
e248f922
ebaf08cf
fb7011c2
0d8711ce
1df507ff
26a1f58e
2224e1a1
1239d7c2
02adde78
ff97efb5
0a4efe50
18d502ea
21b5013a
23bc00b7
23d4039d
24b105f6
22a10460
18c2026a
0988075d
fe1814d6
fd5622ee
03382811
05fb240a
02231f44
fce61fc7
fc6722f8
ffbf2330
01741fd6
fff61d64
ff011e75
017b200f
04951f2a
049a1d5e
027a1f0b
030523c0
0691258f
0747224c
01421f1b
f98a21ff
f95227a0
020d248a
07911291
fd43fc7b
e79df52d
dae802ee
e6f416c0
054d1aae
1e930906
2220f31d
178fed72
130bf852
1c07010e
24d0fa0b
1bdeeae6
01cbe706
e8ccf664
e07a0e6b
e79d1f79
f35024b4
fd4a22f9
06891e95
10931726
19230b88
1d25fdba
1c90f145
195ce74f
1303dee4
06dbda6b
f5d8e088
e9aaf4c6
ecf20ef5
fe5f1fa2
10501f3d
1587150b
0e480fb7
075b15b3
0ca41f04
1bf01d6c
27460cfa
24f1f897
18e4edaa
0fbdef9b
116cf58c
199ef4ad
1d69ec15
17f8e324
0c7ddf98
ff03e16d
f0d0e717
e34ef197
db4600c5
dcee0f5e
e5751526
eb9810f1
e9ae0aef
e4530be2
e5791433
f29e1ab2
06701564
155e0297
1754ea3d
0c6fd74a
fbb2d0e5
edead7d4
eac3e754
f490f5dc
05befaa7
13a8f441
1793e99f
1330e3bc
0e8de594
0ff2ea0b
15a3e8ce
1679dfef
0ba3d743
f87ed992
e7fbeaea
e53f054d
f3611b5c
0a1b20f7
19d01473
16e201f3
0444fa6e
f132057f
ecf31b06
f9702b0f
0bde2be9
17f02098
19521291
13890a3b
0e330a40
0fb50eff
19b510cb
26ac084f
2ba4f5e4
2187e4bc
0ec8e1dd
0234ef5c
052d01e6
13110c82
1f230c5d
229809b5
21570b68
20e20f3c
20761063
1c2e1002
165112a3
162c1607
1b9410ae
1bc4feec
0cb8eb03
f275e525
de8af39e
df790af6
f3a41977
0cc416a0
1df307e2
2437f66e
2192e790
179edecc
0a73e030
0195ec5e
03e1fd2a
10ca0838
208807c4
2a0afd8f
28d2effe
1cc1e519
084de25b
f23dec4a
e51d018c
e85117a4
f8842116
07d9173f
07740234
f550f431
df22f98f
d5e40e32
df6d2231
f20827e5
fe6b1f68
fd6314e0
f590139c
f3791b93
fddf21b6
0e3b1a9b
174605ef
10fdee4f
ff6ce02c
ecf1df86
e12de812
dd48f3d8
df09ff30
e4640902
ebfa112c
f5581804
018e1dd2
11691ff1
21a619f8
2a1f0b92
23c4fcbb
1122f9cf
fff007a0
fcd71b79
050c24e5
09db200f
037918f7
fb421ad8
ff8b20c0
10851af2
1d0e0289
1440e5a8
f985dba2
e293ed03
e1c90b6c
f5862007
0b1c2044
11cf14df
09960ee1
012715bd
06132128
17512269
273813cd
28fbfe9c
1de0f2fa
138df6f7
150f0102
1ed301ef
214af5dc
1252e8a2
f82fe92f
e3d7f9be
e07c0e04
ea091716
f2081177
ee170878
e2790a65
dd891a66
e9792c77
00df2f6c
11491e2e
0c2a05f1
f5a7fa9d
e1c10308
e1131264
f12c14d3
ffa4037d
fcf8eb91
ecd2e0e7
e0fbe9ac
e5dff9b8
f631014f
0378fd7c
05cff774
0198f7ee
ff96fe0a
01e902bd
0410028b
028d0067
ff86001f
fe4f0147
ff1d018b
fff1007d
ffcfff58
ff6bff4a
ffa3ffcf
00180002
0059ffe2
002effd7
00000000
00000000
00000000
00000000
00000000
00000000
00000000
00000000
00000000
00000000
00000000
00000000
00000000
00000000
00000000
00000000
00000000
00000000
00000000
00000000
00000000
00000000
00000000
00000000
00000000
00000000
00000000
00000000
00000000
00000000
00000000
00000000
00000000
00000000
00000000
00000000
00000000
00000000
00000000
00000000
00000000
00000000
00000000
00000000
00000000
00000000
00000000
00000000
00000000
00000000
00000000
00000000
00000000
00000000
00000000
00000000
00000000
00000000
00000000
00000000
00000000
00000000
00000000
00000000
00000000
00000000
00000000
00000000
00000000
00000000
00000000
00000000
00000000
00000000
00000000
00000000
00000000
00000000
00000000
00000000
00000000
00000000
00000000
00000000
00000000
00000000
00000000
00000000
00000000
00000000
00000000
00000000
00000000
00000000
00000000
00000000
00000000
00000000
00000000
00000000
00000000
00000000
00000000
00000000
00000000
00000000
00000000
00000000
00000000
00000000
00000000
00000000
00000000
00000000
00000000
00000000
00000000
00000000
00000000
00000000
00000000
00000000
00000000
00000000
00000000
00000000
00000000
00000000
00000000
00000000
00000000
00000000
00000000
00000000
00000000
00000000
00000000
00000000
00000000
00000000
00000000
00000000
00000000
00000000
00000000
00000000
00000000
00000000
00000000
00000000
00000000
00000000
00000000
00000000
00000000
00000000
00000000
00000000
00000000
00000000
00000000
00000000
00000000
00000000
00000000
00000000
00000000
00000000
00000000
00000000
00000000
00000000
00000000
00000000
00000000
00000000
00000000
00000000
00000000
00000000
00000000
00000000
00000000
00000000
00000000
00000000
00000000
00000000
00000000
00000000
00000000
00000000
00000000
00000000
00000000
00000000
00000000
00000000
00000000
00000000
00000000
00000000
00000000
00000000
00000000
00000000
00000000
00000000
00000000
00000000
00000000
00000000
00000000
00000000
00000000
00000000
00000000
00000000
00000000
00000000
00000000
00000000
00000000
00000000
00000000
00000000
00000000
00000000
00000000
00000000
00000000
00000000
00000000
00000000
00000000
00000000
00000000
00000000
00000000
00000000
00000000
00000000
00000000
00000000
00000000
00000000
00000000
00000000
00000000
00000000
00000000
00000000
00000000
00000000
00000000
00000000
00000000
00000000
00000000
00000000
00000000
00000000
00000000
00000000
00000000
00000000
00000000
00000000
00000000
00000000
00000000
00000000
00000000
00000000
00000000
00000000
00000000
00000000
00000000
00000000
00000000
00000000
00000000
00000000
00000000
00000000
00000000
00000000
00000000
00000000
00000000
00000000
00000000
00000000
00000000
00000000
00000000
00000000
00000000
00000000
00000000
00000000
00000000
00000000
00000000
00000000
00000000
00000000
00000000
00000000
00000000
00000000
00000000
00000000
00000000
00000000
00000000
00000000
00000000
00000000
00000000
00000000
00000000
00000000
00000000
00000000
00000000
00000000
00000000
00000000
00000000
00000000
00000000
00000000
00000000
00000000
00000000
00000000
00000000
00000000
00000000
00000000
00000000
00000000
00000000
00000000
00000000
00000000
00000000
00000000
00000000
00000000
00000000
00000000
00000000
00000000
00000000
00000000
00000000
00000000
00000000
00000000
00000000
00000000
00000000
00000000
00000000
00000000
00000000
00000000
00000000
00000000
00000000
00000000
00000000
00000000
00000000
00000000
00000000
00000000
00000000
00000000
00000000
00000000
00000000
00000000
00000000
00000000
00000000
00000000
00000000
00000000
00000000
00000000
00000000
00000000
00000000
00000000
00000000
00000000
00000000
00000000
00000000
00000000
00000000
00000000
00000000
00000000
00000000
00000000
00000000
00000000
00000000
00000000
00000000
00000000
00000000
00000000
00000000
00000000
00000000
00000000
00000000
00000000
00000000
00000000
00000000
00000000
00000000
00000000
00000000
00000000
00000000
00000000
00000000
00000000
00000000
00000000
00000000
00000000
00000000
00000000
00000000
00000000
00000000
00000000
00000000
00000000
00000000
00000000
00000000
00000000
00000000
00000000
00000000
00000000
00000000
00000000
00000000
00000000
00000000
00000000
00000000
00000000
00000000
00000000
00000000
00000000
00000000
00000000
00000000
00000000
00000000
00000000
00000000
00000000
00000000
00000000
00000000
00000000
00000000
00000000
00000000
00000000
00000000
00000000
00000000
00000000
00000000
00000000
00000000
00000000
00000000
00000000
00000000
00000000
00000000
00000000
00000000
00000000
00000000
00000000
00000000
00000000
00000000
00000000
00000000
00000000
00000000
00000000
00000000
00000000
00000000
00000000
00000000
00000000
00000000
00000000
00000000
00000000
00000000
00000000
00000000
00000000
00000000
00000000
00000000
00000000
00000000
00000000
00000000
00000000
00000000
00000000
00000000
00000000
00000000
00000000
00000000
00000000
00000000
00000000
00000000
00000000
00000000
00000000
00000000
00000000
00000000
00000000
00000000
00000000
00000000
00000000
00000000
00000000
00000000
00000000
00000000
00000000
00000000
00000000
00000000
00000000
00000000
00000000
00000000
00000000
00000000
00000000
00000000
00000000
00000000
00000000
00000000
00000000
00000000
00000000
00000000
00000000
00000000
00000000
00000000
00000000
00000000
00000000
00000000
00000000
00000000
00000000
00000000
00000000
00000000
00000000
00000000
00000000
00000000
00000000
00000000
00000000
00000000
00000000
00000000
00000000
00000000
00000000
00000000
00000000
00000000
00000000
00000000
00000000
00000000
00000000
00000000
00000000
00000000
00000000
00000000
00000000
00000000
00000000
00000000
00000000
00000000
00000000
00000000
00000000
00000000
00000000
00000000
00000000
00000000
00000000
00000000
00000000
00000000
00000000
00000000
00000000
00000000
00000000
00000000
00000000
00000000
00000000
00000000
00000000
00000000
00000000
00000000
00000000
00000000
00000000
00000000
00000000
00000000
00000000
00000000
00000000
00000000
00000000
00000000
00000000
00000000
00000000
00000000
00000000
00000000
00000000
00000000
00000000
00000000
00000000
00000000
00000000
00000000
00000000
00000000
00000000
00000000
00000000
00000000
00000000
00000000
00000000
00000000
00000000
00000000
00000000
00000000
00000000
00000000
00000000
00000000
00000000
00000000
00000000
00000000
00000000
00000000
00000000
00000000
00000000
00000000
00000000
00000000
00000000
00000000
00000000
00000000
00000000
00000000
00000000
00000000
00000000
00000000
00000000
00000000
00000000
00000000
00000000
00000000
00000000
00000000
00000000
00000000
00000000
00000000
00000000
00000000
00000000
00000000
00000000
00000000
00000000
00000000
00000000
00000000
00000000
00000000
00000000
00000000
00000000
00000000
00000000
00000000
00000000
00000000
00000000
00000000
00000000
00000000
00000000
00000000
00000000
00000000
00000000
00000000
00000000
00000000
00000000
00000000
00000000
00000000
00000000
00000000
00000000
00000000
00000000
00000000
00000000
00000000
00000000
00000000
00000000
00000000
00000000
00000000
00000000
00000000
00000000
00000000
00000000
00000000
00000000
00000000
00000000
00000000
00000000
00000000
00000000
00000000
00000000
00000000
00000000
00000000
00000000
00000000
00000000
00000000
00000000
00000000
00000000
00000000
00000000
00000000
00000000
00000000
00000000
00000000
00000000
00000000
00000000
00000000
00000000
00000000
00000000
00000000
00000000
00000000
00000000
00000000
00000000
00000000
00000000
00000000
00000000
00000000
00000000
00000000
00000000
00000000
00000000
00000000
00000000
00000000
00000000
00000000
00000000
00000000
00000000
00000000
00000000
00000000
00000000
00000000
00000000
00000000
00000000
00000000
00000000
00000000
00000000
00000000
00000000
00000000
00000000
00000000
00000000
00000000
00000000
00000000
00000000
00000000
00000000
00000000
00000000
00000000
00000000
00000000
00000000
00000000
00000000
00000000
00000000
00000000
00000000
00000000
00000000
00000000
00000000
00000000
00000000
00000000
00000000
00000000
00000000
00000000
00000000
00000000
00000000
00000000
00000000
00000000
00000000
00000000
00000000
00000000
00000000
00000000
00000000
00000000
00000000
00000000
00000000
00000000
00000000
00000000
00000000
00000000
00000000
00000000
00000000
00000000
00000000
00000000
00000000
00000000
00000000
00000000
00000000
00000000
00000000
00000000
00000000
00000000
00000000
00000000
00000000
00000000
00000000
00000000
00000000
00000000
00000000
00000000
00000000
00000000
00000000
00000000
00000000
00000000
00000000
00000000
00000000
00000000
00000000
00000000
00000000
00000000
00000000
00000000
00000000
00000000
00000000
00000000
00000000
00000000
00000000
00000000
00000000
00000000
00000000
00000000
00000000
00000000
00000000
00000000
00000000
00000000
00000000
00000000
00000000
00000000
00000000
00000000
00000000
00000000
00000000
00000000
00000000
00000000
00000000
00000000
00000000
00000000
00000000
00000000
00000000
00000000
00000000
00000000
00000000
00000000
00000000
00000000
00000000
00000000
00000000
00000000
00000000
00000000
00000000
00000000
00000000
00000000
00000000
00000000
00000000
00000000
00000000
00000000
00000000
00000000
00000000
00000000
00000000
00000000
00000000
00000000
00000000
00000000
00000000
00000000
00000000
00000000
00000000
00000000
00000000
00000000
00000000
00000000
00000000
00000000
00000000
00000000
00000000
00000000
00000000
00000000
00000000
00000000
00000000
00000000
00000000
00000000
00000000
00000000
00000000
00000000
00000000
00000000
00000000
00000000
00000000
00000000
00000000
00000000
00000000
00000000
00000000
00000000
00000000
00000000
00000000
00000000
00000000
00000000
00000000
00000000
00000000
00000000
00000000
00000000
00000000
00000000
00000000
00000000
00000000
00000000
00000000
00000000
00000000
00000000
00000000
00000000
00000000
00000000
00000000
00000000
00000000
00000000
00000000
00000000
00000000
00000000
00000000
00000000
00000000
00000000
00000000
00000000
00000000
00000000
00000000
00000000
00000000
00000000
00000000
00000000
00000000
00000000
00000000
00000000
00000000
00000000
00000000
00000000
00000000
00000000
00000000
00000000
00000000
00000000
00000000
00000000
00000000
00000000
00000000
00000000
00000000
00000000
00000000
00000000
00000000
00000000
00000000
00000000
00000000
00000000
00000000
00000000
00000000
00000000
00000000
00000000
00000000
00000000
00000000
00000000
00000000
00000000
00000000
00000000
00000000
00000000
00000000
00000000
00000000
00000000
00000000
00000000
00000000
00000000
00000000
00000000
00000000
00000000
00000000
00000000
00000000
00000000
00000000
00000000
00000000
00000000
00000000
00000000
00000000
00000000
00000000
00000000
00000000
00000000
00000000
00000000
00000000
00000000
00000000
00000000
00000000
00000000
00000000
00000000
00000000
00000000
00000000
00000000
00000000
00000000
00000000
00000000
00000000
00000000
00000000
00000000
00000000
00000000
00000000
00000000
00000000
00000000
00000000
00000000
00000000
00000000
00000000
00000000
00000000
00000000
00000000
00000000
00000000
00000000
00000000
00000000
00000000
00000000
00000000
00000000
00000000
00000000
00000000
00000000
00000000
00000000
00000000
00000000
00000000
00000000
00000000
00000000
00000000
00000000
00000000
00000000
00000000
00000000
00000000
00000000
00000000
00000000
00000000
00000000
00000000
00000000
00000000
00000000
00000000
00000000
00000000
00000000
00000000
00000000
00000000
00000000
00000000
00000000
00000000
00000000
00000000
00000000
00000000
00000000
00000000
00000000
00000000
00000000
00000000
00000000
00000000
00000000
00000000
00000000
00000000
00000000
00000000
00000000
00000000
00000000
00000000
00000000
00000000
00000000
00000000
00000000
00000000
00000000
00000000
00000000
00000000
00000000
00000000
00000000
00000000
00000000
00000000
00000000
00000000
00000000
00000000
00000000
00000000
00000000
00000000
00000000
00000000
00000000
00000000
00000000
00000000
00000000
00000000
00000000
00000000
00000000
00000000
00000000
00000000
00000000
00000000
00000000
00000000
00000000
00000000
00000000
00000000
00000000
00000000
00000000
00000000
00000000
00000000
00000000
00000000
00000000
00000000
00000000
00000000
00000000
00000000
00000000
00000000
00000000
00000000
00000000
00000000
00000000
00000000
00000000
00000000
00000000
00000000
00000000
00000000
00000000
00000000
00000000
00000000
00000000
00000000
00000000
00000000
00000000
00000000
00000000
00000000
00000000
00000000
00000000
00000000
00000000
00000000
00000000
00000000
00000000
00000000
00000000
00000000
00000000
00000000
00000000
00000000
00000000
00000000
00000000
00000000
00000000
00000000
00000000
00000000
00000000
00000000
00000000
00000000
00000000
00000000
00000000
00000000
00000000
00000000
00000000
00000000
00000000
00000000
00000000
00000000
00000000
00000000
00000000
00000000
00000000
00000000
00000000
00000000
00000000
00000000
00000000
00000000
00000000
00000000
00000000
00000000
00000000
00000000
00000000
00000000
00000000
00000000
00000000
00000000
00000000
00000000
00000000
00000000
00000000
00000000
00000000
00000000
00000000
00000000
00000000
00000000
00000000
00000000
00000000
00000000
00000000
00000000
00000000
00000000
00000000
00000000
00000000
00000000
00000000
00000000
00000000
00000000
00000000
00000000
00000000
00000000
00000000
00000000
00000000
00000000
00000000
00000000
00000000
00000000
00000000
00000000
00000000
00000000
00000000
00000000
00000000
00000000
00000000
00000000
00000000
00000000
00000000
00000000
00000000
00000000
00000000
00000000
00000000
00000000
00000000
00000000
00000000
00000000
00000000
00000000
00000000
00000000
00000000
00000000
00000000
00000000
00000000
00000000
00000000
00000000
00000000
00000000
00000000
00000000
00000000
00000000
00000000
00000000
00000000
00000000
00000000
00000000
00000000
00000000
00000000
00000000
00000000
00000000
00000000
00000000
00000000
00000000
00000000
00000000
00000000
00000000
00000000
00000000
00000000
00000000
00000000
00000000
00000000
00000000
00000000
00000000
00000000
00000000
00000000
00000000
00000000
00000000
00000000
00000000
00000000
00000000
00000000
00000000
00000000
00000000
00000000
00000000
00000000
00000000
00000000
00000000
00000000
00000000
00000000
00000000
00000000
00000000
00000000
00000000
00000000
00000000
00000000
00000000
00000000
00000000
00000000
00000000
00000000
00000000
00000000
00000000
00000000
00000000
00000000
00000000
00000000
00000000
00000000
00000000
00000000
00000000
00000000
00000000
00000000
00000000
00000000
00000000
00000000
00000000
00000000
00000000
00000000
00000000
00000000
00000000
00000000
00000000
00000000
00000000
00000000
00000000
00000000
00000000
00000000
00000000
00000000
00000000
00000000
00000000
00000000
00000000
00000000
00000000
00000000
00000000
00000000
00000000
00000000
00000000
00000000
00000000
00000000
00000000
00000000
00000000
00000000
00000000
00000000
00000000
00000000
00000000
00000000
00000000
00000000
00000000
00000000
00000000
00000000
00000000
00000000
00000000
00000000
00000000
00000000
00000000
00000000
00000000
00000000
00000000
00000000
00000000
00000000
00000000
00000000
00000000
00000000
00000000
00000000
00000000
00000000
00000000
00000000
00000000
00000000
00000000
00000000
00000000
00000000
00000000
00000000
00000000
00000000
00000000
00000000
00000000
00000000
00000000
00000000
00000000
00000000
00000000
00000000
00000000
00000000
00000000
00000000
00000000
00000000
00000000
00000000
00000000
00000000
00000000
00000000
00000000
00000000
00000000
00000000
00000000
00000000
00000000
00000000
00000000
00000000
00000000
00000000
00000000
00000000
00000000
00000000
00000000
00000000
00000000
00000000
00000000
00000000
00000000
00000000
00000000
00000000
00000000
00000000
00000000
00000000
00000000
00000000
00000000
00000000
00000000
00000000
00000000
00000000
00000000
00000000
00000000
00000000
00000000
00000000
00000000
00000000
00000000
00000000
00000000
00000000
00000000
00000000
00000000
00000000
00000000
00000000
00000000
00000000
00000000
00000000
00000000
00000000
00000000
00000000
00000000
00000000
00000000
00000000
00000000
00000000
00000000
00000000
00000000
00000000
00000000
00000000
00000000
00000000
00000000
00000000
00000000
00000000
00000000
00000000
00000000
00000000
00000000
00000000
00000000
00000000
00000000
00000000
00000000
00000000
00000000
00000000
00000000
00000000
00000000
00000000
00000000
00000000
00000000
00000000
00000000
00000000
00000000
00000000
00000000
00000000
00000000
00000000
00000000
00000000
00000000
00000000
00000000
00000000
00000000
00000000
00000000
00000000
00000000
00000000
00000000
00000000
00000000
00000000
00000000
00000000
00000000
00000000
00000000
00000000
00000000
00000000
00000000
00000000
00000000
00000000
00000000
00000000
00000000
00000000
00000000
00000000
00000000
00000000
00000000
00000000
00000000
00000000
00000000
00000000
00000000
00000000
00000000
00000000
00000000
00000000
00000000
00000000
00000000
00000000
00000000
00000000
00000000
00000000
00000000
00000000
00000000
00000000
00000000
00000000
00000000
00000000
00000000
00000000
00000000
00000000
00000000
00000000
00000000
00000000
00000000
00000000
00000000
00000000
00000000
00000000
00000000
00000000
00000000
00000000
00000000
00000000
00000000
00000000
00000000
00000000
00000000
00000000
00000000
00000000
00000000
00000000
00000000
00000000
00000000
00000000
00000000
00000000
00000000
00000000
00000000
00000000
00000000
00000000
00000000
00000000
00000000
00000000
00000000
00000000
00000000
00000000
00000000
00000000
00000000
00000000
00000000
00000000
00000000
00000000
00000000
00000000
00000000
00000000
00000000
00000000
00000000
00000000
00000000
00000000
00000000
00000000
00000000
00000000
00000000
00000000
00000000
00000000
00000000
00000000
00000000
00000000
00000000
00000000
00000000
00000000
00000000
00000000
00000000
00000000
00000000
00000000
00000000
00000000
00000000
00000000
00000000
00000000
00000000
00000000
00000000
00000000
00000000
00000000
00000000
00000000
00000000
00000000
00000000
00000000
00000000
00000000
00000000
00000000
00000000
00000000
00000000
00000000
00000000
00000000
00000000
00000000
00000000
00000000
00000000
00000000
00000000
00000000
00000000
00000000
00000000
00000000
00000000
00000000
00000000
00000000
00000000
00000000
00000000
00000000
00000000
00000000
00000000
00000000
00000000
00000000
00000000
00000000
00000000
00000000
00000000
00000000
00000000
00000000
00000000
00000000
00000000
00000000
00000000
00000000
00000000
00000000
00000000
00000000
00000000
00000000
00000000
00000000
00000000
00000000
00000000
00000000
00000000
00000000
00000000
00000000
00000000
00000000
00000000
00000000
00000000
00000000
00000000
00000000
00000000
00000000
00000000
00000000
00000000
00000000
00000000
00000000
00000000
00000000
00000000
00000000
00000000
00000000
00000000
00000000
00000000
00000000
00000000
00000000
00000000
00000000
00000000
00000000
00000000
00000000
00000000
00000000
00000000
00000000
00000000
00000000
00000000
00000000
00000000
00000000
00000000
00000000
00000000
00000000
00000000
00000000
00000000
00000000
00000000
00000000
00000000
00000000
00000000
00000000
00000000
00000000
00000000
00000000
00000000
00000000
00000000
00000000
00000000
00000000
00000000
00000000
00000000
00000000
00000000
00000000
00000000
00000000
00000000
00000000
00000000
00000000
00000000
00000000
00000000
00000000
00000000
00000000
00000000
00000000
00000000
00000000
00000000
00000000
00000000
00000000
00000000
00000000
00000000
00000000
00000000
00000000
00000000
00000000
00000000
00000000
00000000
00000000
00000000
00000000
00000000
00000000
00000000
00000000
00000000
00000000
00000000
00000000
00000000
00000000
00000000
00000000
00000000
00000000
00000000
00000000
00000000
00000000
00000000
00000000
00000000
00000000
00000000
00000000
00000000
00000000
00000000
00000000
00000000
00000000
00000000
00000000
00000000
00000000
00000000
00000000
00000000
00000000
00000000
00000000
00000000
00000000
00000000
00000000
00000000
00000000
00000000
00000000
00000000
00000000
00000000
00000000
00000000
00000000
00000000
00000000
00000000
00000000
00000000
00000000
00000000
00000000
00000000
00000000
00000000
00000000
00000000
00000000
00000000
00000000
00000000
00000000
00000000
00000000
00000000
00000000
00000000
00000000
00000000
00000000
00000000
00000000
00000000
00000000
00000000
00000000
00000000
00000000
00000000
00000000
00000000
00000000
00000000
00000000
00000000
00000000
00000000
00000000
00000000
00000000
00000000
00000000
00000000
00000000
00000000
00000000
00000000
00000000
00000000
00000000
00000000
00000000
00000000
00000000
00000000
00000000
00000000
00000000
00000000
00000000
00000000
00000000
00000000
00000000
00000000
00000000
00000000
00000000
00000000
00000000
00000000
00000000
00000000
00000000
00000000
00000000
00000000
00000000
00000000
00000000
00000000
00000000
00000000
00000000
00000000
00000000
00000000
00000000
00000000
00000000
00000000
00000000
00000000
00000000
00000000
00000000
00000000
00000000
00000000
00000000
00000000
00000000
00000000
00000000
00000000
00000000
00000000
00000000
00000000
00000000
00000000
00000000
00000000
00000000
00000000
00000000
00000000
00000000
00000000
00000000
00000000
00000000
00000000
00000000
00000000
00000000
00000000
00000000
00000000
00000000
00000000
00000000
00000000
00000000
00000000
00000000
00000000
00000000
00000000
00000000
00000000
00000000
00000000
00000000
00000000
00000000
00000000
00000000
00000000
00000000
00000000
00000000
00000000
00000000
00000000
00000000
00000000
00000000
00000000
00000000
00000000
00000000
00000000
00000000
00000000
00000000
00000000
00000000
00000000
00000000
00000000
00000000
00000000
00000000
00000000
00000000
00000000
00000000
00000000
00000000
00000000
00000000
00000000
00000000
00000000
00000000
00000000
00000000
00000000
00000000
00000000
00000000
00000000
00000000
00000000
00000000
00000000
00000000
00000000
00000000
00000000
00000000
00000000
00000000
00000000
00000000
00000000
00000000
00000000
00000000
00000000
00000000
00000000
00000000
00000000
00000000
00000000
00000000
00000000
00000000
00000000
00000000
00000000
00000000
00000000
00000000
00000000
00000000
00000000
00000000
00000000
00000000
00000000
00000000
00000000
00000000
00000000
00000000
00000000
00000000
00000000
00000000
00000000
00000000
00000000
00000000
00000000
00000000
00000000
00000000
00000000
00000000
00000000
00000000
00000000
00000000
00000000
00000000
00000000
00000000
00000000
00000000
00000000
00000000
00000000
00000000
00000000
00000000
00000000
00000000
00000000
00000000
00000000
00000000
00000000
00000000
00000000
00000000
00000000
00000000
00000000
00000000
00000000
00000000
00000000
00000000
00000000
00000000
00000000
00000000
00000000
00000000
00000000
00000000
00000000
00000000
00000000
00000000
00000000
00000000
00000000
00000000
00000000
00000000
00000000
00000000
00000000
00000000
00000000
00000000
00000000
00000000
00000000
00000000
00000000
00000000
00000000
00000000
00000000
00000000
00000000
00000000
00000000
00000000
00000000
00000000
00000000
00000000
00000000
00000000
00000000
00000000
00000000
00000000
00000000
00000000
00000000
00000000
00000000
00000000
00000000
00000000
00000000
00000000
00000000
00000000
00000000
00000000
00000000
00000000
00000000
00000000
00000000
00000000
00000000
00000000
00000000
00000000
00000000
00000000
00000000
00000000
00000000
00000000
00000000
00000000
00000000
00000000
00000000
00000000
00000000
00000000
00000000
00000000
00000000
00000000
00000000
00000000
00000000
00000000
00000000
00000000
00000000
00000000
00000000
00000000
00000000
00000000
00000000
00000000
00000000
00000000
00000000
00000000
00000000
00000000
00000000
00000000
00000000
00000000
00000000
00000000
00000000
00000000
00000000
00000000
00000000
00000000
00000000
00000000
00000000
00000000
00000000
00000000
00000000
00000000
00000000
00000000
00000000
00000000
00000000
00000000
00000000
00000000
00000000
00000000
00000000
00000000
00000000
00000000
00000000
00000000
00000000
00000000
00000000
00000000
00000000
00000000
00000000
00000000
00000000
00000000
00000000
00000000
00000000
00000000
00000000
00000000
00000000
00000000
00000000
00000000
00000000
00000000
00000000
00000000
00000000
00000000
00000000
00000000
00000000
00000000
00000000
00000000
00000000
00000000
00000000
00000000
00000000
00000000
00000000
00000000
00000000
00000000
00000000
00000000
00000000
00000000
00000000
00000000
00000000
00000000
00000000
00000000
00000000
00000000
00000000
00000000
00000000
00000000
00000000
00000000
00000000
00000000
00000000
00000000
00000000
00000000
00000000
00000000
00000000
00000000
00000000
00000000
00000000
00000000
00000000
00000000
00000000
00000000
00000000
00000000
00000000
00000000
00000000
00000000
00000000
00000000
00000000
00000000
00000000
00000000
00000000
00000000
00000000
00000000
00000000
00000000
00000000
00000000
00000000
00000000
00000000
00000000
00000000
00000000
00000000
00000000
00000000
00000000
00000000
00000000
00000000
00000000
00000000
00000000
00000000
00000000
00000000
00000000
00000000
00000000
00000000
00000000
00000000
00000000
00000000
00000000
00000000
00000000
00000000
00000000
00000000
00000000
00000000
00000000
00000000
00000000
00000000
00000000
00000000
00000000
00000000
00000000
00000000
00000000
00000000
00000000
00000000
00000000
00000000
00000000
00000000
00000000
00000000
00000000
00000000
00000000
00000000
00000000
00000000
00000000
00000000
00000000
00000000
00000000
00000000
00000000
00000000
00000000
00000000
00000000
00000000
00000000
00000000
00000000
00000000
00000000
00000000
00000000
00000000
00000000
00000000
00000000
00000000
00000000
00000000
00000000
00000000
00000000
00000000
00000000
00000000
00000000
00000000
00000000
00000000
00000000
00000000
00000000
00000000
00000000
00000000
00000000
00000000
00000000
00000000
00000000
00000000
00000000
00000000
00000000
00000000
00000000
00000000
00000000
00000000
00000000
00000000
00000000
00000000
00000000
00000000
00000000
00000000
00000000
00000000
00000000
00000000
00000000
00000000
00000000
00000000
00000000
00000000
00000000
00000000
00000000
00000000
00000000
00000000
00000000
00000000
00000000
00000000
00000000
00000000
00000000
00000000
00000000
00000000
00000000
00000000
00000000
00000000
00000000
00000000
00000000
00000000
00000000
00000000
00000000
00000000
00000000
00000000
00000000
00000000
00000000
00000000
00000000
00000000
00000000
00000000
00000000
00000000
00000000
00000000
00000000
00000000
00000000
00000000
00000000
00000000
00000000
00000000
00000000
00000000
00000000
00000000
00000000
00000000
00000000
00000000
00000000
00000000
00000000
00000000
00000000
00000000
00000000
00000000
00000000
00000000
00000000
00000000
00000000
00000000
00000000
00000000
00000000
00000000
00000000
00000000
00000000
00000000
00000000
00000000
00000000
00000000
00000000
00000000
00000000
00000000
00000000
00000000
00000000
00000000
00000000
00000000
00000000
00000000
00000000
00000000
00000000
00000000
00000000
00000000
00000000
00000000
00000000
00000000
00000000
00000000
00000000
00000000
00000000
00000000
00000000
00000000
00000000
00000000
00000000
00000000
00000000
00000000
00000000
00000000
00000000
00000000
00000000
00000000
00000000
00000000
00000000
00000000
00000000
00000000
00000000
00000000
00000000
00000000
00000000
00000000
00000000
00000000
00000000
00000000
00000000
00000000
00000000
00000000
00000000
00000000
00000000
00000000
00000000
00000000
00000000
00000000
00000000
00000000
00000000
00000000
00000000
00000000
00000000
00000000
00000000
00000000
00000000
00000000
00000000
00000000
00000000
00000000
00000000
00000000
00000000
00000000
00000000
00000000
00000000
00000000
00000000
00000000
00000000
00000000
00000000
00000000
00000000
00000000
00000000
00000000
00000000
00000000
00000000
00000000
00000000
00000000
00000000
00000000
00000000
00000000
00000000
00000000
00000000
00000000
00000000
00000000
00000000
00000000
00000000
00000000
00000000
00000000
00000000
00000000
00000000
00000000
00000000
00000000
00000000
00000000
00000000
00000000
00000000
00000000
00000000
00000000
00000000
00000000
00000000
00000000
00000000
00000000
00000000
00000000
00000000
00000000
00000000
00000000
00000000
00000000
00000000
00000000
00000000
00000000
00000000
00000000
00000000
00000000
00000000
00000000
00000000
00000000
00000000
00000000
00000000
00000000
00000000
00000000
00000000
00000000
00000000
00000000
00000000
00000000
00000000
00000000
00000000
00000000
00000000
00000000
00000000
00000000
00000000
00000000
00000000
00000000
00000000
00000000
00000000
00000000
00000000
00000000
00000000
00000000
00000000
00000000
00000000
00000000
00000000
00000000
00000000
00000000
00000000
00000000
00000000
00000000
00000000
00000000
00000000
00000000
00000000
00000000
00000000
00000000
00000000
00000000
00000000
00000000
00000000
00000000
00000000
00000000
00000000
00000000
00000000
00000000
00000000
00000000
00000000
00000000
00000000
00000000
00000000
00000000
00000000
00000000
00000000
00000000
00000000
00000000
00000000
00000000
00000000
00000000
00000000
00000000
00000000
00000000
00000000
00000000
00000000
00000000
00000000
00000000
00000000
00000000
00000000
00000000
00000000
00000000
00000000
00000000
00000000
00000000
00000000
00000000
00000000
00000000
00000000
00000000
00000000
00000000
00000000
00000000
00000000
00000000
00000000
00000000
00000000
00000000
00000000
00000000
00000000
00000000
00000000
00000000
00000000
00000000
00000000
00000000
00000000
00000000
00000000
00000000
00000000
00000000
00000000
00000000
00000000
00000000
00000000
00000000
00000000
00000000
00000000
00000000
00000000
00000000
00000000
00000000
00000000
00000000
00000000
00000000
00000000
00000000
00000000
00000000
00000000
00000000
00000000
00000000
00000000
00000000
00000000
00000000
00000000
00000000
00000000
00000000
00000000
00000000
00000000
00000000
00000000
00000000
00000000
00000000
00000000
00000000
00000000
00000000
00000000
00000000
00000000
00000000
00000000
00000000
00000000
00000000
00000000
00000000
00000000
00000000
00000000
00000000
00000000
00000000
00000000
00000000
00000000
00000000
00000000
00000000
00000000
00000000
00000000
00000000
00000000
00000000
00000000
00000000
00000000
00000000
00000000
00000000
00000000
00000000
00000000
00000000
00000000
00000000
00000000
00000000
00000000
00000000
00000000
00000000
00000000
00000000
00000000
00000000
00000000
00000000
00000000
00000000
00000000
00000000
00000000
00000000
00000000
00000000
00000000
00000000
00000000
00000000
00000000
00000000
00000000
00000000
00000000
00000000
00000000
00000000
00000000
00000000
00000000
00000000
00000000
00000000
00000000
00000000
00000000
00000000
00000000
00000000
00000000
00000000
00000000
00000000
00000000
00000000
00000000
00000000
00000000
00000000
00000000
00000000
00000000
00000000
00000000
00000000
00000000
00000000
00000000
00000000
00000000
00000000
00000000
00000000
00000000
00000000
00000000
00000000
00000000
00000000
00000000
00000000
00000000
00000000
00000000
00000000
00000000
00000000
00000000
00000000
00000000
00000000
00000000
00000000
00000000
00000000
00000000
00000000
00000000
00000000
00000000
00000000
00000000
00000000
00000000
00000000
00000000
00000000
00000000
00000000
00000000
00000000
00000000
00000000
00000000
00000000
00000000
00000000
00000000
00000000
00000000
00000000
00000000
00000000
00000000
00000000
00000000
00000000
00000000
00000000
00000000
00000000
00000000
00000000
00000000
00000000
00000000
00000000
00000000
00000000
00000000
00000000
00000000
00000000
00000000
00000000
00000000
00000000
00000000
00000000
00000000
00000000
00000000
00000000
00000000
00000000
00000000
00000000
00000000
00000000
00000000
00000000
00000000
00000000
00000000
00000000
00000000
00000000
00000000
00000000
00000000
00000000
00000000
00000000
00000000
00000000
00000000
00000000
00000000
00000000
00000000
00000000
00000000
00000000
00000000
00000000
00000000
00000000
00000000
00000000
00000000
00000000
00000000
00000000
00000000
00000000
00000000
00000000
00000000
00000000
00000000
00000000
00000000
00000000
00000000
00000000
00000000
00000000
00000000
00000000
00000000
00000000
00000000
00000000
00000000
00000000
00000000
00000000
00000000
00000000
00000000
00000000
00000000
00000000
00000000
00000000
00000000
00000000
00000000
00000000
00000000
00000000
00000000
00000000
00000000
00000000
00000000
00000000
00000000
00000000
00000000
00000000
00000000
00000000
00000000
00000000
00000000
00000000
00000000
00000000
00000000
00000000
00000000
00000000
00000000
00000000
00000000
00000000
00000000
00000000
00000000
00000000
00000000
00000000
00000000
00000000
00000000
00000000
00000000
00000000
00000000
00000000
00000000
00000000
00000000
00000000
00000000
00000000
00000000
00000000
00000000
00000000
00000000
00000000
00000000
00000000
00000000
00000000
00000000
00000000
00000000
00000000
00000000
00000000
00000000
00000000
00000000
00000000
00000000
00000000
00000000
00000000
00000000
00000000
00000000
00000000
00000000
00000000
00000000
00000000
00000000
00000000
00000000
00000000
00000000
00000000
00000000
00000000
00000000
00000000
00000000
00000000
00000000
00000000
00000000
00000000
00000000
00000000
00000000
00000000
00000000
00000000
00000000
00000000
00000000
00000000
00000000
00000000
00000000
00000000
00000000
00000000
00000000
00000000
00000000
00000000
00000000
00000000
00000000
00000000
00000000
00000000
00000000
00000000
00000000
00000000
00000000
00000000
00000000
00000000
00000000
00000000
00000000
00000000
00000000
00000000
00000000
00000000
00000000
00000000
00000000
00000000
00000000
00000000
00000000
00000000
00000000
00000000
00000000
00000000
00000000
00000000
00000000
00000000
00000000
00000000
00000000
00000000
00000000
00000000
00000000
00000000
00000000
00000000
00000000
00000000
00000000
00000000
00000000
00000000
00000000
00000000
00000000
00000000
00000000
00000000
00000000
00000000
00000000
00000000
00000000
00000000
00000000
00000000
00000000
00000000
00000000
00000000
00000000
00000000
00000000
00000000
00000000
00000000
00000000
00000000
00000000
00000000
00000000
00000000
00000000
00000000
00000000
00000000
00000000
00000000
00000000
00000000
00000000
00000000
00000000
00000000
00000000
00000000
00000000
00000000
00000000
00000000
00000000
00000000
00000000
00000000
00000000
00000000
00000000
00000000
00000000
00000000
00000000
00000000
00000000
00000000
00000000
00000000
00000000
00000000
00000000
00000000
00000000
00000000
00000000
00000000
00000000
00000000
00000000
00000000
00000000
00000000
00000000
00000000
00000000
00000000
00000000
00000000
00000000
00000000
00000000
00000000
00000000
00000000
00000000
00000000
00000000
00000000
00000000
00000000
00000000
00000000
00000000
00000000
00000000
00000000
00000000
00000000
00000000
00000000
00000000
00000000
00000000
00000000
00000000
00000000
00000000
00000000
00000000
00000000
00000000
00000000
00000000
00000000
00000000
00000000
00000000
00000000
00000000
00000000
00000000
00000000
00000000
00000000
00000000
00000000
00000000
00000000
00000000
00000000
00000000
00000000
00000000
00000000
00000000
00000000
00000000
00000000
00000000
00000000
00000000
00000000
00000000
00000000
00000000
00000000
00000000
00000000
00000000
00000000
00000000
00000000
00000000
00000000
00000000
00000000
00000000
00000000
00000000
00000000
00000000
00000000
00000000
00000000
00000000
00000000
00000000
00000000
00000000
00000000
00000000
00000000
00000000
00000000
00000000
00000000
00000000
00000000
00000000
00000000
00000000
00000000
00000000
00000000
00000000
00000000
00000000
00000000
00000000
00000000
00000000
00000000
00000000
00000000
00000000
00000000
00000000
00000000
00000000
00000000
00000000
00000000
00000000
00000000
00000000
00000000
00000000
00000000
00000000
00000000
00000000
00000000
00000000
00000000
00000000
00000000
00000000
00000000
00000000
00000000
00000000
00000000
00000000
00000000
00000000
00000000
00000000
00000000
00000000
00000000
00000000
00000000
00000000
00000000
00000000
00000000
00000000
00000000
00000000
00000000
00000000
00000000
00000000
00000000
00000000
00000000
00000000
00000000
00000000
00000000
00000000
00000000
00000000
00000000
00000000
00000000
00000000
00000000
00000000
00000000
00000000
00000000
00000000
00000000
00000000
00000000
00000000
00000000
00000000
00000000
00000000
00000000
00000000
00000000
00000000
00000000
00000000
00000000
00000000
00000000
00000000
00000000
00000000
00000000
00000000
00000000
00000000
00000000
00000000
00000000
00000000
00000000
00000000
00000000
00000000
00000000
00000000
00000000
00000000
00000000
00000000
00000000
00000000
00000000
00000000
00000000
00000000
00000000
00000000
00000000
00000000
00000000
00000000
00000000
00000000
00000000
00000000
00000000
00000000
00000000
00000000
00000000
00000000
00000000
00000000
00000000
00000000
00000000
00000000
00000000
00000000
00000000
00000000
00000000
00000000
00000000
00000000
00000000
00000000
00000000
00000000
00000000
00000000
00000000
00000000
00000000
00000000
00000000
00000000
00000000
00000000
00000000
00000000
00000000
00000000
00000000
00000000
00000000
00000000
00000000
00000000
00000000
00000000
00000000
00000000
00000000
00000000
00000000
00000000
00000000
00000000
00000000
00000000
00000000
00000000
00000000
00000000
00000000
00000000
00000000
00000000
00000000
00000000
00000000
00000000
00000000
00000000
00000000
00000000
00000000
00000000
00000000
00000000
00000000
00000000
00000000
00000000
00000000
00000000
00000000
00000000
00000000
00000000
00000000
00000000
00000000
00000000
00000000
00000000
00000000
00000000
00000000
00000000
00000000
00000000
00000000
00000000
00000000
00000000
00000000
00000000
00000000
00000000
00000000
00000000
00000000
00000000
00000000
00000000
00000000
00000000
00000000
00000000
00000000
00000000
00000000
00000000
00000000
00000000
00000000
00000000
00000000
00000000
00000000
00000000
00000000
00000000
00000000
00000000
00000000
00000000
00000000
00000000
00000000
00000000
00000000
00000000
00000000
00000000
00000000
00000000
00000000
00000000
00000000
00000000
00000000
00000000
00000000
00000000
00000000
00000000
00000000
00000000
00000000
00000000
00000000
00000000
00000000
00000000
00000000
00000000
00000000
00000000
00000000
00000000
00000000
00000000
00000000
00000000
00000000
00000000
00000000
00000000
00000000
00000000
00000000
00000000
00000000
00000000
00000000
00000000
00000000
00000000
00000000
00000000
00000000
00000000
00000000
00000000
00000000
00000000
00000000
00000000
00000000
00000000
00000000
00000000
00000000
00000000
00000000
00000000
00000000
00000000
00000000
00000000
00000000
00000000
00000000
00000000
00000000
00000000
00000000
00000000
00000000
00000000
00000000
00000000
00000000
00000000
00000000
00000000
00000000
00000000
00000000
00000000
00000000
00000000
00000000
00000000
00000000
00000000
00000000
00000000
00000000
00000000
00000000
00000000
00000000
00000000
00000000
00000000
00000000
00000000
00000000
00000000
00000000
00000000
00000000
00000000
00000000
00000000
00000000
00000000
00000000
00000000
00000000
00000000
00000000
00000000
00000000
00000000
00000000
00000000
00000000
00000000
00000000
00000000
00000000
00000000
00000000
00000000
00000000
00000000
00000000
00000000
00000000
00000000
00000000
00000000
00000000
00000000
00000000
00000000
00000000
00000000
00000000
00000000
00000000
00000000
00000000
00000000
00000000
00000000
00000000
00000000
00000000
00000000
00000000
00000000
00000000
00000000
00000000
00000000
00000000
00000000
00000000
00000000
00000000
00000000
00000000
00000000
00000000
00000000
00000000
00000000
00000000
00000000
00000000
00000000
00000000
00000000
00000000
00000000
00000000
00000000
00000000
00000000
00000000
00000000
00000000
00000000
00000000
00000000
00000000
00000000
00000000
00000000
00000000
00000000
00000000
00000000
00000000
00000000
00000000
00000000
00000000
00000000
00000000
00000000
00000000
00000000
00000000
00000000
00000000
00000000
00000000
00000000
00000000
00000000
00000000
00000000
00000000
00000000
00000000
00000000
00000000
00000000
00000000
00000000
00000000
00000000
00000000
00000000
00000000
00000000
00000000
00000000
00000000
00000000
00000000
00000000
00000000
00000000
00000000
00000000
00000000
00000000
00000000
00000000
00000000
00000000
00000000
00000000
00000000
00000000
00000000
00000000
00000000
00000000
00000000
00000000
00000000
00000000
00000000
00000000
00000000
00000000
00000000
00000000
00000000
00000000
00000000
00000000
00000000
00000000
00000000
00000000
00000000
00000000
00000000
00000000
00000000
00000000
00000000
00000000
00000000
00000000
00000000
00000000
00000000
00000000
00000000
00000000
00000000
00000000
00000000
00000000
00000000
00000000
00000000
00000000
00000000
00000000
00000000
00000000
00000000
00000000
00000000
00000000
00000000
00000000
00000000
00000000
00000000
00000000
00000000
00000000
00000000
00000000
00000000
00000000
00000000
00000000
00000000
00000000
00000000
00000000
00000000
00000000
00000000
00000000
00000000
00000000
00000000
00000000
00000000
00000000
00000000
00000000
00000000
00000000
00000000
00000000
00000000
00000000
00000000
00000000
00000000
00000000
00000000
00000000
00000000
00000000
00000000
00000000
00000000
00000000
00000000
00000000
00000000
00000000
00000000
00000000
00000000
00000000
00000000
00000000
00000000
00000000
00000000
00000000
00000000
00000000
00000000
00000000
00000000
00000000
00000000
00000000
00000000
00000000
00000000
00000000
00000000
00000000
00000000
00000000
00000000
00000000
00000000
00000000
00000000
00000000
00000000
00000000
00000000
00000000
00000000
00000000
00000000
00000000
00000000
00000000
00000000
00000000
00000000
00000000
00000000
00000000
00000000
00000000
00000000
00000000
00000000
00000000
00000000
00000000
00000000
00000000
00000000
00000000
00000000
00000000
00000000
00000000
00000000
00000000
00000000
00000000
00000000
00000000
00000000
00000000
00000000
00000000
00000000
00000000
00000000
00000000
00000000
00000000
00000000
00000000
00000000
00000000
00000000
00000000
00000000
00000000
00000000
00000000
00000000
00000000
00000000
00000000
00000000
00000000
00000000
00000000
00000000
00000000
00000000
00000000
00000000
00000000
00000000
00000000
00000000
00000000
00000000
00000000
00000000
00000000
00000000
00000000
00000000
00000000
00000000
00000000
00000000
00000000
00000000
00000000
00000000
00000000
00000000
00000000
00000000
00000000
00000000
00000000
00000000
00000000
00000000
00000000
00000000
00000000
00000000
00000000
00000000
00000000
00000000
00000000
00000000
00000000
00000000
00000000
00000000
00000000
00000000
00000000
00000000
00000000
00000000
00000000
00000000
00000000
00000000
00000000
00000000
00000000
00000000
00000000
00000000
00000000
00000000
00000000
00000000
00000000
00000000
00000000
00000000
00000000
00000000
00000000
00000000
00000000
00000000
00000000
00000000
00000000
00000000
00000000
00000000
00000000
00000000
00000000
00000000
00000000
00000000
00000000
00000000
00000000
00000000
00000000
00000000
00000000
00000000
00000000
00000000
00000000
00000000
00000000
00000000
00000000
00000000
00000000
00000000
00000000
00000000
00000000
00000000
00000000
00000000
00000000
00000000
00000000
00000000
00000000
00000000
00000000
00000000
00000000
00000000
00000000
00000000
00000000
00000000
00000000
00000000
00000000
00000000
00000000
00000000
00000000
00000000
00000000
00000000
00000000
00000000
00000000
00000000
00000000
00000000
00000000
00000000
00000000
00000000
00000000
00000000
00000000
00000000
00000000
00000000
00000000
00000000
00000000
00000000
00000000
00000000
00000000
00000000
00000000
00000000
00000000
00000000
00000000
00000000
00000000
00000000
00000000
00000000
00000000
00000000
00000000
00000000
00000000
00000000
00000000
00000000
00000000
00000000
00000000
00000000
00000000
00000000
00000000
00000000
00000000
00000000
00000000
00000000
00000000
00000000
00000000
00000000
00000000
00000000
00000000
00000000
00000000
00000000
00000000
00000000
00000000
00000000
00000000
00000000
00000000
00000000
00000000
00000000
00000000
00000000
00000000
00000000
00000000
00000000
00000000
00000000
00000000
00000000
00000000
00000000
00000000
00000000
00000000
00000000
00000000
00000000
00000000
00000000
00000000
00000000
00000000
00000000
00000000
00000000
00000000
00000000
00000000
00000000
00000000
00000000
00000000
00000000
00000000
00000000
00000000
00000000
00000000
00000000
00000000
00000000
00000000
00000000
00000000
00000000
00000000
00000000
00000000
00000000
00000000
00000000
00000000
00000000
00000000
00000000
00000000
00000000
00000000
00000000
00000000
00000000
00000000
00000000
00000000
00000000
00000000
00000000
00000000
00000000
00000000
00000000
00000000
00000000
00000000
00000000
00000000
00000000
00000000
00000000
00000000
00000000
00000000
00000000
00000000
00000000
00000000
00000000
00000000
00000000
00000000
00000000
00000000
00000000
00000000
00000000
00000000
00000000
00000000
00000000
00000000
00000000
00000000
00000000
00000000
00000000
00000000
00000000
00000000
00000000
00000000
00000000
00000000
00000000
00000000
00000000
00000000
00000000
00000000
00000000
00000000
00000000
00000000
00000000
00000000
00000000
00000000
00000000
00000000
00000000
00000000
00000000
00000000
00000000
00000000
00000000
00000000
00000000
00000000
00000000
00000000
00000000
00000000
00000000
00000000
00000000
00000000
00000000
00000000
00000000
00000000
00000000
00000000
00000000
00000000
00000000
00000000
00000000
00000000
00000000
00000000
00000000
00000000
00000000
00000000
00000000
00000000
00000000
00000000
00000000
00000000
00000000
00000000
00000000
00000000
00000000
00000000
00000000
00000000
00000000
00000000
00000000
00000000
00000000
00000000
00000000
00000000
00000000
00000000
00000000
00000000
00000000
00000000
00000000
00000000
00000000
00000000
00000000
00000000
00000000
00000000
00000000
00000000
00000000
00000000
00000000
00000000
00000000
00000000
00000000
00000000
00000000
00000000
00000000
00000000
00000000
00000000
00000000
00000000
00000000
00000000
00000000
00000000
00000000
00000000
00000000
00000000
00000000
00000000
00000000
00000000
00000000
00000000
00000000
00000000
00000000
00000000
00000000
00000000
00000000
00000000
00000000
00000000
00000000
00000000
00000000
00000000
00000000
00000000
00000000
00000000
00000000
00000000
00000000
00000000
00000000
00000000
00000000
00000000
00000000
00000000
00000000
00000000
00000000
00000000
00000000
00000000
00000000
00000000
00000000
00000000
00000000
00000000
00000000
00000000
00000000
00000000
00000000
00000000
00000000
00000000
00000000
00000000
00000000
00000000
00000000
00000000
00000000
00000000
00000000
00000000
00000000
00000000
00000000
00000000
00000000
00000000
00000000
00000000
00000000
00000000
00000000
00000000
00000000
00000000
00000000
00000000
00000000
00000000
00000000
00000000
00000000
00000000
00000000
00000000
00000000
00000000
00000000
00000000
00000000
00000000
00000000
00000000
00000000
00000000
00000000
00000000
00000000
00000000
00000000
00000000
00000000
00000000
00000000
00000000
00000000
00000000
00000000
00000000
00000000
00000000
00000000
00000000
00000000
00000000
00000000
00000000
00000000
00000000
00000000
00000000
00000000
00000000
00000000
00000000
00000000
00000000
00000000
00000000
00000000
00000000
00000000
00000000
00000000
00000000
00000000
00000000
00000000
00000000
00000000
00000000
00000000
00000000
00000000
00000000
00000000
00000000
00000000
00000000
00000000
00000000
00000000
00000000
00000000
00000000
00000000
00000000
00000000
00000000
00000000
00000000
00000000
00000000
00000000
00000000
00000000
00000000
00000000
00000000
00000000
00000000
00000000
00000000
00000000
00000000
00000000
00000000
00000000
00000000
00000000
00000000
00000000
00000000
00000000
00000000
00000000
00000000
00000000
00000000
00000000
00000000
00000000
00000000
00000000
00000000
00000000
00000000
00000000
00000000
00000000
00000000
00000000
00000000
00000000
00000000
00000000
00000000
00000000
00000000
00000000
00000000
00000000
00000000
00000000
00000000
00000000
00000000
00000000
00000000
00000000
00000000
00000000
00000000
00000000
00000000
00000000
00000000
00000000
00000000
00000000
00000000
00000000
00000000
00000000
00000000
00000000
00000000
00000000
00000000
00000000
00000000
00000000
00000000
00000000
00000000
00000000
00000000
00000000
00000000
00000000
00000000
00000000
00000000
00000000
00000000
00000000
00000000
00000000
00000000
00000000
00000000
00000000
00000000
00000000
00000000
00000000
00000000
00000000
00000000
00000000
00000000
00000000
00000000
00000000
00000000
00000000
00000000
00000000
00000000
00000000
00000000
00000000
00000000
00000000
00000000
00000000
00000000
00000000
00000000
00000000
00000000
00000000
00000000
00000000
00000000
00000000
00000000
00000000
00000000
00000000
00000000
00000000
00000000
00000000
00000000
00000000
00000000
00000000
00000000
00000000
00000000
00000000
00000000
00000000
00000000
00000000
00000000
00000000
00000000
00000000
00000000
00000000
00000000
00000000
00000000
00000000
00000000
00000000
00000000
00000000
00000000
00000000
00000000
00000000
00000000
00000000
00000000
00000000
00000000
00000000
00000000
00000000
00000000
00000000
00000000
00000000
00000000
00000000
00000000
00000000
00000000
00000000
00000000
00000000
00000000
00000000
00000000
00000000
00000000
00000000
00000000
00000000
00000000
00000000
00000000
00000000
00000000
00000000
00000000
00000000
00000000
00000000
00000000
00000000
00000000
00000000
00000000
00000000
00000000
00000000
00000000
00000000
00000000
00000000
00000000
00000000
00000000
00000000
00000000
00000000
00000000
00000000
00000000
00000000
00000000
00000000
00000000
00000000
00000000
00000000
00000000
00000000
00000000
00000000
00000000
00000000
00000000
00000000
00000000
00000000
00000000
00000000
00000000
00000000
00000000
00000000
00000000
00000000
00000000
00000000
00000000
00000000
00000000
00000000
00000000
00000000
00000000
00000000
00000000
00000000
00000000
00000000
00000000
00000000
00000000
00000000
00000000
00000000
00000000
00000000
00000000
00000000
00000000
00000000
00000000
00000000
00000000
00000000
00000000
00000000
00000000
00000000
00000000
00000000
00000000
00000000
00000000
00000000
00000000
00000000
00000000
00000000
00000000
00000000
00000000
00000000
00000000
00000000
00000000
00000000
00000000
00000000
00000000
00000000
00000000
00000000
00000000
00000000
00000000
00000000
00000000
00000000
00000000
00000000
00000000
00000000
00000000
00000000
00000000
00000000
00000000
00000000
00000000
00000000
00000000
00000000
00000000
00000000
00000000
00000000
00000000
00000000
00000000
00000000
00000000
00000000
00000000
00000000
00000000
00000000
00000000
00000000
00000000
00000000
00000000
00000000
00000000
00000000
00000000
00000000
00000000
00000000
00000000
00000000
00000000
00000000
00000000
00000000
00000000
00000000
00000000
00000000
00000000
00000000
00000000
00000000
00000000
00000000
00000000
00000000
00000000
00000000
00000000
00000000
00000000
00000000
00000000
00000000
00000000
00000000
00000000
00000000
00000000
00000000
00000000
00000000
00000000
00000000
00000000
00000000
00000000
00000000
00000000
00000000
00000000
00000000
00000000
00000000
00000000
00000000
00000000
00000000
00000000
00000000
00000000
00000000
00000000
00000000
00000000
00000000
00000000
00000000
00000000
00000000
00000000
00000000
00000000
00000000
00000000
00000000
00000000
00000000
00000000
00000000
00000000
00000000
00000000
00000000
00000000
00000000
00000000
00000000
00000000
00000000
00000000
00000000
00000000
00000000
00000000
00000000
00000000
00000000
00000000
00000000
00000000
00000000
00000000
00000000
00000000
00000000
00000000
00000000
00000000
00000000
00000000
00000000
00000000
00000000
00000000
00000000
00000000
00000000
00000000
00000000
00000000
00000000
00000000
00000000
00000000
00000000
00000000
00000000
00000000
00000000
00000000
00000000
00000000
00000000
00000000
00000000
00000000
00000000
00000000
00000000
00000000
00000000
00000000
00000000
00000000
00000000
00000000
00000000
00000000
00000000
00000000
00000000
00000000
00000000
00000000
00000000
00000000
00000000
00000000
00000000
00000000
00000000
00000000
00000000
00000000
00000000
00000000
00000000
00000000
00000000
00000000
00000000
00000000
00000000
00000000
00000000
00000000
00000000
00000000
00000000
00000000
00000000
00000000
00000000
00000000
00000000
00000000
00000000
00000000
00000000
00000000
00000000
00000000
00000000
00000000
00000000
00000000
00000000
00000000
00000000
00000000
00000000
00000000
00000000
00000000
00000000
00000000
00000000
00000000
00000000
00000000
00000000
00000000
00000000
00000000
00000000
00000000
00000000
00000000
00000000
00000000
00000000
00000000
00000000
00000000
00000000
00000000
00000000
00000000
00000000
00000000
00000000
00000000
00000000
00000000
00000000
00000000
00000000
00000000
00000000
00000000
00000000
00000000
00000000
00000000
00000000
00000000
00000000
00000000
00000000
00000000
00000000
00000000
00000000
00000000
00000000
00000000
00000000
00000000
00000000
00000000
00000000
00000000
00000000
00000000
00000000
00000000
00000000
00000000
00000000
00000000
00000000
00000000
00000000
00000000
00000000
00000000
00000000
00000000
00000000
00000000
00000000
00000000
00000000
00000000
00000000
00000000
00000000
00000000
00000000
00000000
00000000
00000000
00000000
00000000
00000000
00000000
00000000
00000000
00000000
00000000
00000000
00000000
00000000
00000000
00000000
00000000
00000000
00000000
00000000
00000000
00000000
00000000
00000000
00000000
00000000
00000000
00000000
00000000
00000000
00000000
00000000
00000000
00000000
00000000
00000000
00000000
00000000
00000000
00000000
00000000
00000000
00000000
00000000
00000000
00000000
00000000
00000000
00000000
00000000
00000000
00000000
00000000
00000000
00000000
00000000
00000000
00000000
00000000
00000000
00000000
00000000
00000000
00000000
00000000
00000000
00000000
00000000
00000000
00000000
00000000
00000000
00000000
00000000
00000000
00000000
00000000
00000000
00000000
00000000
00000000
00000000
00000000
00000000
00000000
00000000
00000000
00000000
00000000
00000000
00000000
00000000
00000000
00000000
00000000
00000000
00000000
00000000
00000000
00000000
00000000
00000000
00000000
00000000
00000000
00000000
00000000
00000000
00000000
00000000
00000000
00000000
00000000
00000000
00000000
00000000
00000000
00000000
00000000
00000000
00000000
00000000
00000000
00000000
00000000
00000000
00000000
00000000
00000000
00000000
00000000
00000000
00000000
00000000
00000000
00000000
00000000
00000000
00000000
00000000
00000000
00000000
00000000
00000000
00000000
00000000
00000000
00000000
00000000
00000000
00000000
00000000
00000000
00000000
00000000
00000000
00000000
00000000
00000000
00000000
00000000
00000000
00000000
00000000
00000000
00000000
00000000
00000000
00000000
00000000
00000000
