00000000
00000000
00000000
00000000
00000000
00000000
00000000
00000000
00000000
00000000
00000000
00000000
00000000
00000000
00000000
00000000
00000000
00000000
00000000
00000000
00000000
00000000
00000000
00000000
00000000
00000000
00000000
00000000
00000000
00000000
00000000
00000000
00000000
00000000
00000000
00000000
00000000
00000000
00000000
00000000
00000000
00000000
00000000
00000000
00000000
00000000
00000000
00000000
00000000
00000000
00000000
00000000
00000000
00000000
00000000
00000000
00000000
00000000
00000000
00000000
00000000
00000000
00000000
00000000
00000000
00000000
00000000
00000000
00000000
00000000
00000000
00000000
00000000
00000000
00000000
00000000
00000000
00000000
00000000
00000000
00000000
00000000
00000000
00000000
00000000
00000000
00000000
00000000
00000000
00000000
00000000
00000000
00000000
00000000
00000000
00000000
00000000
00000000
00000000
00000000
00000000
00000000
00000000
00000000
00000000
00000000
00000000
00000000
00000000
00000000
00000000
00000000
00000000
00000000
00000000
00000000
00000000
00000000
00000000
00000000
00000000
00000000
00000000
00000000
00000000
00000000
00000000
00000000
00000000
00000000
00000000
00000000
00000000
00000000
00000000
00000000
00000000
00000000
00000000
00000000
00000000
00000000
00000000
00000000
00000000
00000000
00000000
00000000
00000000
00000000
00000000
00000000
00000000
00000000
00000000
00000000
00000000
00000000
00000000
00000000
00000000
00000000
00000000
00000000
00000000
00000000
00000000
00000000
00000000
00000000
00000000
00000000
00000000
00000000
00000000
00000000
00000000
00000000
00000000
00000000
00000000
00000000
00000000
00000000
00000000
00000000
00000000
00000000
00000000
00000000
00000000
00000000
00000000
00000000
00000000
00000000
00000000
00000000
00000000
00000000
00000000
00000000
00000000
00000000
00000000
00000000
00000000
00000000
00000000
00000000
00000000
00000000
00000000
00000000
00000000
00000000
00000000
00000000
00000000
00000000
00000000
00000000
00000000
00000000
00000000
00000000
00000000
00000000
00000000
00000000
00000000
00000000
00000000
00000000
00000000
00000000
00000000
00000000
00000000
00000000
00000000
00000000
00000000
00000000
00000000
00000000
00000000
00000000
00000000
00000000
00000000
00000000
00000000
00000000
00000000
00000000
00000000
00000000
00000000
00000000
00000000
00000000
00000000
00000000
00000000
00000000
00000000
00000000
00000000
00000000
00000000
00000000
00000000
00000000
00000000
00000000
00000000
00000000
00000000
00000000
00000000
00000000
00000000
00000000
00000000
00000000
00000000
00000000
00000000
00000000
00000000
00000000
00000000
00000000
00000000
00000000
00000000
00000000
00000000
00000000
00000000
00000000
00000000
00000000
00000000
00000000
00000000
00000000
00000000
00000000
00000000
00000000
00000000
00000000
00000000
00000000
00000000
00000000
00000000
00000000
00000000
00000000
00000000
00000000
00000000
00000000
00000000
00000000
00000000
00000000
00000000
00000000
00000000
00000000
00000000
00000000
00000000
00000000
00000000
00000000
00000000
00000000
00000000
00000000
00000000
00000000
00000000
00000000
00000000
00000000
00000000
00000000
00000000
00000000
00000000
00000000
00000000
00000000
00000000
00000000
00000000
00000000
00000000
00000000
00000000
00000000
00000000
00000000
00000000
00000000
00000000
00000000
00000000
00000000
00000000
00000000
00000000
00000000
00000000
00000000
00000000
00000000
00000000
00000000
00000000
00000000
00000000
00000000
00000000
00000000
00000000
00000000
00000000
00000000
00000000
00000000
00000000
00000000
00000000
00000000
00000000
00000000
00000000
00000000
00000000
00000000
00000000
00000000
00000000
00000000
00000000
00000000
00000000
00000000
00000000
00000000
00000000
00000000
00000000
00000000
00000000
00000000
00000000
00000000
00000000
00000000
00000000
00000000
00000000
00000000
00000000
00000000
00000000
00000000
00000000
00000000
00000000
00000000
00000000
00000000
00000000
00000000
00000000
00000000
00000000
00000000
00000000
00000000
00000000
00000000
00000000
00000000
00000000
00000000
00000000
00000000
00000000
00000000
00000000
00000000
00000000
00000000
00000000
00000000
00000000
00000000
00000000
00000000
00000000
00000000
00000000
00000000
00000000
00000000
00000000
00000000
00000000
00000000
00000000
00000000
00000000
00000000
00000000
00000000
00000000
00000000
00000000
00000000
00000000
00000000
00000000
00000000
00000000
00000000
00000000
00000000
00000000
00000000
00000000
00000000
00000000
00000000
00000000
00000000
00000000
00000000
00000000
00000000
00000000
00000000
00000000
00000000
00000000
00000000
00000000
00000000
00000000
00000000
00000000
00000000
00000000
00000000
00000000
00000000
00000000
00000000
00000000
00000000
00000000
00000000
00000000
00000000
00000000
00000000
00000000
00000000
00000000
00000000
00000000
00000000
00000000
00000000
00000000
00000000
00000000
00000000
00000000
00000000
00000000
00000000
00000000
00000000
00000000
00000000
00000000
00000000
00000000
00000000
00000000
00000000
00000000
00000000
00000000
00000000
00000000
00000000
00000000
00000000
00000000
00000000
00000000
00000000
00000000
00000000
00000000
00000000
00000000
00000000
00000000
00000000
00000000
00000000
00000000
00000000
00000000
00000000
00000000
00000000
00000000
00000000
00000000
00000000
00000000
00000000
00000000
00000000
00000000
00000000
00000000
00000000
00000000
00000000
00000000
00000000
00000000
00000000
00000000
00000000
00000000
00000000
00000000
00000000
00000000
00000000
00000000
00000000
00000000
00000000
00000000
00000000
00000000
00000000
00000000
00000000
00000000
00000000
00000000
00000000
00000000
00000000
00000000
00000000
00000000
00000000
00000000
00000000
00000000
00000000
00000000
00000000
00000000
00000000
00000000
00000000
00000000
00000000
00000000
00000000
00000000
00000000
00000000
00000000
00000000
00000000
00000000
00000000
00000000
00000000
00000000
00000000
00000000
00000000
00000000
00000000
00000000
00000000
00000000
00000000
00000000
00000000
00000000
00000000
00000000
00000000
00000000
00000000
00000000
00000000
00000000
00000000
00000000
00000000
00000000
00000000
00000000
00000000
00000000
00000000
00000000
00000000
00000000
00000000
00000000
00000000
00000000
00000000
00000000
00000000
00000000
00000000
00000000
00000000
00000000
00000000
00000000
00000000
00000000
00000000
00000000
00000000
00000000
00000000
00000000
00000000
00000000
00000000
00000000
00000000
00000000
00000000
00000000
00000000
00000000
00000000
00000000
00000000
00000000
00000000
00000000
00000000
00000000
00000000
00000000
00000000
00000000
00000000
00000000
00000000
00000000
00000000
00000000
00000000
00000000
00000000
00000000
00000000
00000000
00000000
00000000
00000000
00000000
00000000
00000000
00000000
00000000
00000000
00000000
00000000
00000000
00000000
00000000
00000000
00000000
00000000
00000000
00000000
00000000
00000000
00000000
00000000
00000000
00000000
00000000
00000000
00000000
00000000
00000000
00000000
00000000
00000000
00000000
00000000
00000000
00000000
00000000
00000000
00000000
00000000
00000000
00000000
00000000
00000000
00000000
00000000
00000000
00000000
00000000
00000000
00000000
00000000
00000000
00000000
00000000
00000000
00000000
00000000
00000000
00000000
00000000
00000000
00000000
00000000
00000000
00000000
00000000
00000000
00000000
00000000
00000000
00000000
00000000
00000000
00000000
00000000
00000000
00000000
00000000
00000000
00000000
00000000
00000000
00000000
00000000
00000000
00000000
00000000
00000000
00000000
00000000
00000000
00000000
00000000
00000000
00000000
00000000
00000000
00000000
00000000
00000000
00000000
00000000
00000000
00000000
00000000
00000000
00000000
00000000
00000000
00000000
00000000
00000000
00000000
00000000
00000000
00000000
00000000
00000000
00000000
00000000
00000000
00000000
00000000
00000000
00000000
00000000
00000000
00000000
00000000
00000000
00000000
00000000
00000000
00000000
00000000
00000000
00000000
00000000
00000000
00000000
00000000
00000000
00000000
00000000
00000000
00000000
00000000
00000000
00000000
00000000
00000000
00000000
00000000
00000000
00000000
00000000
00000000
00000000
00000000
00000000
00000000
00000000
00000000
00000000
00000000
00000000
00000000
00000000
00000000
00000000
00000000
00000000
00000000
00000000
00000000
00000000
00000000
00000000
00000000
00000000
00000000
00000000
00000000
00000000
00000000
00000000
00000000
00000000
00000000
00000000
00000000
00000000
00000000
00000000
00000000
00000000
00000000
00000000
00000000
00000000
00000000
00000000
00000000
00000000
00000000
00000000
00000000
00000000
00000000
00000000
00000000
00000000
00000000
00000000
00000000
00000000
00000000
00000000
00000000
00000000
00000000
00000000
00000000
00000000
00000000
00000000
00000000
00000000
00000000
00000000
00000000
00000000
00000000
00000000
00000000
00000000
00000000
00000000
00000000
00000000
00000000
00000000
00000000
00000000
00000000
00000000
00000000
00000000
00000000
00000000
00000000
00000000
00000000
00000000
00000000
00000000
00000000
00000000
00000000
00000000
00000000
00000000
00000000
00000000
00000000
00000000
00000000
00000000
00000000
00000000
00000000
00000000
00000000
00000000
00000000
00000000
00000000
00000000
00000000
00000000
00000000
00000000
00000000
00000000
00000000
00000000
00000000
00000000
00000000
00000000
00000000
00000000
00000000
00000000
00000000
00000000
00000000
00000000
00000000
00000000
00000000
00000000
00000000
00000000
00000000
00000000
00000000
00000000
00000000
00000000
00000000
00000000
00000000
00000000
00000000
00000000
00000000
00000000
00000000
00000000
00000000
00000000
00000000
00000000
00000000
00000000
00000000
00000000
00000000
00000000
00000000
00000000
00000000
00000000
00000000
00000000
00000000
00000000
00000000
00000000
00000000
00000000
00000000
00000000
00000000
00000000
00000000
00000000
00000000
00000000
00000000
00000000
00000000
00000000
00000000
00000000
00000000
00000000
00000000
00000000
00000000
00000000
00000000
00000000
00000000
00000000
00000000
00000000
00000000
00000000
00000000
00000000
00000000
00000000
00000000
00000000
00000000
00000000
00000000
00000000
00000000
00000000
00000000
00000000
00000000
00000000
00000000
00000000
00000000
00000000
00000000
00000000
00000000
00000000
00000000
00000000
00000000
00000000
00000000
00000000
00000000
00000000
00000000
00000000
00000000
00000000
00000000
00000000
00000000
00000000
00000000
00000000
00000000
00000000
00000000
00000000
00000000
00000000
00000000
00000000
00000000
00000000
00000000
00000000
00000000
00000000
00000000
00000000
00000000
00000000
00000000
00000000
00000000
00000000
00000000
00000000
00000000
00000000
00000000
00000000
00000000
00000000
00000000
00000000
00000000
00000000
00000000
00000000
00000000
00000000
00000000
00000000
00000000
00000000
00000000
00000000
00000000
00000000
00000000
00000000
00000000
00000000
00000000
00000000
00000000
00000000
00000000
00000000
00000000
00000000
00000000
00000000
00000000
00000000
00000000
00000000
00000000
00000000
00000000
00000000
00000000
00000000
00000000
00000000
00000000
00000000
00000000
00000000
00000000
00000000
00000000
00000000
00000000
00000000
00000000
00000000
00000000
00000000
00000000
00000000
00000000
00000000
00000000
00000000
00000000
00000000
00000000
00000000
00000000
00000000
00000000
00000000
00000000
00000000
00000000
00000000
00000000
00000000
00000000
00000000
00000000
00000000
00000000
00000000
00000000
00000000
00000000
00000000
00000000
00000000
00000000
00000000
00000000
00000000
00000000
00000000
00000000
00000000
00000000
00000000
00000000
00000000
00000000
00000000
00000000
00000000
00000000
00000000
00000000
00000000
00000000
00000000
00000000
00000000
00000000
00000000
00000000
00000000
00000000
00000000
00000000
00000000
00000000
00000000
00000000
00000000
00000000
00000000
00000000
00000000
00000000
00000000
00000000
00000000
00000000
00000000
00000000
00000000
00000000
00000000
00000000
00000000
00000000
00000000
00000000
00000000
00000000
00000000
00000000
00000000
00000000
00000000
00000000
00000000
00000000
00000000
00000000
00000000
00000000
00000000
00000000
00000000
00000000
00000000
00000000
00000000
00000000
00000000
00000000
00000000
00000000
00000000
00000000
00000000
00000000
00000000
00000000
00000000
00000000
00000000
00000000
00000000
00000000
00000000
00000000
00000000
00000000
00000000
00000000
00000000
00000000
00000000
00000000
00000000
00000000
00000000
00000000
00000000
00000000
00000000
00000000
00000000
00000000
00000000
00000000
00000000
00000000
00000000
00000000
00000000
00000000
00000000
00000000
00000000
00000000
00000000
00000000
00000000
00000000
00000000
00000000
00000000
00000000
00000000
00000000
00000000
00000000
00000000
00000000
00000000
00000000
00000000
00000000
00000000
00000000
00000000
00000000
00000000
00000000
00000000
00000000
00000000
00000000
00000000
00000000
00000000
00000000
00000000
00000000
00000000
00000000
00000000
00000000
00000000
00000000
00000000
00000000
00000000
00000000
00000000
00000000
00000000
00000000
00000000
00000000
00000000
00000000
00000000
00000000
00000000
00000000
00000000
00000000
00000000
00000000
00000000
00000000
00000000
00000000
00000000
00000000
00000000
00000000
00000000
00000000
00000000
00000000
00000000
00000000
00000000
00000000
00000000
00000000
00000000
00000000
00000000
00000000
00000000
00000000
00000000
00000000
00000000
00000000
00000000
00000000
00000000
00000000
00000000
00000000
00000000
00000000
00000000
00000000
00000000
00000000
00000000
00000000
00000000
00000000
00000000
00000000
00000000
00000000
00000000
00000000
00000000
00000000
00000000
00000000
00000000
00000000
00000000
00000000
00000000
00000000
00000000
00000000
00000000
00000000
00000000
00000000
00000000
00000000
00000000
00000000
00000000
00000000
00000000
00000000
00000000
00000000
00000000
00000000
00000000
00000000
00000000
00000000
00000000
00000000
00000000
00000000
00000000
00000000
00000000
00000000
00000000
00000000
00000000
00000000
00000000
00000000
00000000
00000000
00000000
00000000
00000000
00000000
00000000
00000000
00000000
00000000
00000000
00000000
00000000
00000000
00000000
00000000
00000000
00000000
00000000
00000000
00000000
00000000
00000000
00000000
00000000
00000000
00000000
00000000
00000000
00000000
00000000
00000000
00000000
00000000
00000000
00000000
00000000
00000000
00000000
00000000
00000000
00000000
00000000
00000000
00000000
00000000
00000000
00000000
00000000
00000000
00000000
00000000
00000000
00000000
00000000
00000000
00000000
00000000
00000000
00000000
00000000
00000000
00000000
00000000
00000000
00000000
00000000
00000000
00000000
00000000
00000000
00000000
00000000
00000000
00000000
00000000
00000000
00000000
00000000
00000000
00000000
00000000
00000000
00000000
00000000
00000000
00000000
00000000
00000000
00000000
00000000
00000000
00000000
00000000
00000000
00000000
00000000
00000000
00000000
00000000
00000000
00000000
00000000
00000000
00000000
00000000
00000000
00000000
00000000
00000000
00000000
00000000
00000000
00000000
00000000
00000000
00000000
00000000
00000000
00000000
00000000
00000000
00000000
00000000
00000000
00000000
00000000
00000000
00000000
00000000
00000000
00000000
00000000
00000000
00000000
00000000
00000000
00000000
00000000
00000000
00000000
00000000
00000000
00000000
00000000
00000000
00000000
00000000
00000000
00000000
00000000
00000000
00000000
00000000
00000000
00000000
00000000
00000000
00000000
00000000
00000000
00000000
00000000
00000000
00000000
00000000
00000000
00000000
00000000
00000000
00000000
00000000
00000000
00000000
00000000
00000000
00000000
00000000
00000000
00000000
00000000
00000000
00000000
00000000
00000000
00000000
00000000
00000000
00000000
00000000
00000000
00000000
00000000
00000000
00000000
00000000
00000000
00000000
00000000
00000000
00000000
00000000
00000000
00000000
00000000
00000000
00000000
00000000
00000000
00000000
00000000
00000000
00000000
00000000
00000000
00000000
00000000
00000000
00000000
00000000
00000000
00000000
00000000
00000000
00000000
00000000
00000000
00000000
00000000
00000000
00000000
00000000
00000000
00000000
00000000
00000000
00000000
00000000
00000000
00000000
00000000
00000000
00000000
00000000
00000000
00000000
00000000
00000000
00000000
00000000
00000000
00000000
00000000
00000000
00000000
00000000
00000000
00000000
00000000
00000000
00000000
00000000
00000000
00000000
00000000
00000000
00000000
00000000
00000000
00000000
00000000
00000000
00000000
00000000
00000000
00000000
00000000
00000000
00000000
00000000
00000000
00000000
00000000
00000000
00000000
00000000
00000000
00000000
00000000
00000000
00000000
00000000
00000000
00000000
00000000
00000000
00000000
00000000
00000000
00000000
00000000
00000000
00000000
00000000
00000000
00000000
00000000
00000000
00000000
00000000
00000000
00000000
00000000
00000000
00000000
00000000
00000000
00000000
00000000
00000000
00000000
00000000
00000000
00000000
00000000
00000000
00000000
00000000
00000000
00000000
00000000
00000000
00000000
00000000
00000000
00000000
00000000
00000000
00000000
00000000
00000000
00000000
00000000
00000000
00000000
00000000
00000000
00000000
00000000
00000000
00000000
00000000
00000000
00000000
00000000
00000000
00000000
00000000
00000000
00000000
00000000
00000000
00000000
00000000
00000000
00000000
00000000
00000000
00000000
00000000
00000000
00000000
00000000
00000000
00000000
00000000
00000000
00000000
00000000
00000000
00000000
00000000
00000000
00000000
00000000
00000000
00000000
00000000
00000000
00000000
00000000
00000000
00000000
00000000
00000000
00000000
00000000
00000000
00000000
00000000
00000000
00000000
00000000
00000000
00000000
00000000
00000000
00000000
00000000
00000000
00000000
00000000
00000000
00000000
00000000
00000000
00000000
00000000
00000000
00000000
00000000
00000000
00000000
00000000
00000000
00000000
00000000
00000000
00000000
00000000
00000000
00000000
00000000
00000000
00000000
00000000
00000000
00000000
00000000
00000000
00000000
00000000
00000000
00000000
00000000
00000000
00000000
00000000
00000000
00000000
00000000
00000000
00000000
00000000
00000000
00000000
00000000
00000000
00000000
00000000
00000000
00000000
00000000
00000000
00000000
00000000
00000000
00000000
00000000
00000000
00000000
00000000
00000000
00000000
00000000
00000000
00000000
00000000
00000000
00000000
00000000
00000000
00000000
00000000
00000000
00000000
00000000
00000000
003a0014
0018fffe
ff2e006b
0051ff9f
00c7fe45
006102a7
010802bf
fa75fad7
fc45fe7a
1939fdda
1f9ded58
fcdffe98
f7dc23e0
12a214d4
17c5eae4
12b9dbf0
09dfe026
f141f6b8
e45d1582
eae51fca
fa461df1
14bf0eb6
19f2ebf3
faa8df4e
e127fc73
ee9c2051
14801a7e
1b79ecba
ffc1de8a
005dff41
18a61651
15651d55
fe9823d3
ea7d1db9
e61813c4
fc2d00ad
036fdf5e
ebc4d9b4
e6b7ec73
f897e898
ffa0dd18
04abe7cd
148febcb
13b0d5b2
fbb2dad6
03470c31
1e9a17cf
fe83fd4b
d95905bf
fb5a05e0
15f1e00b
fb6be1c2
e44c0a8a
dbe21f65
e7141aee
01e7f490
fc83da95
facd012d
1e7f172a
1a10f02b
f1c7e037
fb6deac2
14dadf73
0a96de25
f8c1e7b3
e3eee373
dd9dee37
06aafaa9
2462f205
199c04c4
1d2815ed
1242ee69
ee88de1c
ff51fc30
22e409a5
1bff17ce
0d382311
f5770b5d
dcb6f4b9
e628e1dc
f45adb9f
0b840043
24ef111a
fe380232
d8f1101e
004e023f
0eefd83b
fa96fa72
12562596
1d23ffab
00c3dcfb
0947e732
2319ee49
1bbcfb15
1a650c89
27edf9c1
1bcae7c0
1392041e
22dc0c75
0d40e609
e730e305
005100c7
25d102eb
18560a08
10e61e56
1b340390
0245dd4b
e1c8eb11
e823137d
0e6321f5
22500393
0240e5dd
e6f5ea35
f769e52c
0328dad1
067bfb3e
17fa1ce7
125b1729
faf31c42
0bca2dc6
1c951718
f623fb03
db33029e
fbf3ff41
1944e4f5
1409ea66
1e0102e4
2dc1f142
1354e23d
fc9e09c2
06e022a6
feca06d0
e3e4ec23
e4c4e634
fc6de05b
0c61da33
1141e44c
1dddfa82
23cffb2f
ffc9ee1b
e061f20e
ede1e5b2
f85fd9c3
08e9fda2
224f1330
04880acc
db780df7
d8c3fa35
e10ce800
081ef949
2808f892
ffce00ae
ea612385
03fb05d6
f453d814
e407fba2
fa3f222d
f15b1854
d9d10d4b
e3e8fac2
e6f9edbe
e83e104d
0cec23e8
1eeff856
074add7a
0bb9f333
22a2f332
051ce399
dc53f8bc
ebf8141b
112f16af
239618d8
212f0e6e
faabfba5
df110e50
04891fa1
230e051a
046df9af
e4661548
e5102487
f6ca1c3e
123e0982
1e17eed8
0de9e04e
01e1e158
0106dd0b
f022e370
e27b0d7b
fa142491
0900fb6f
ead1e0f4
e3250baa
017324a5
f83a0ebc
e1a012b5
06801f63
26a40126
fceff2c4
e2331a15
0f6c2082
22f7f8e2
ffbf00f0
ebea1e3d
dff50e87
da37fd32
ff16f825
1a8ae7a5
071ff420
000e2238
17a73103
180c13c6
f58dfce0
e03c0252
f7140564
159be7e1
0b69ccc4
f902e158
0a6e02d1
1b6c0f86
13051e91
06be23e2
f44507a9
e0eceb93
eca4e1a3
fec9dedb
0134f939
185d1617
2e0f025e
1e4bf2dd
16c80e13
1ed61417
0126fb56
dc8406d7
fa48237a
21610d96
0229f524
df650e78
f67b1e94
1ab509f6
2a8af4c5
2223f498
140a0b2d
1b5e10d9
1510ea39
f132dd9b
f93005ab
23790d98
1768ee37
ed14e495
e39be8e4
e51df22c
eb4d1237
0c9c1fb3
2411f8bf
0b37de07
f2d702ed
0e6620e6
2607f73f
0686db29
f99f088d
15b91f6e
03bbfe8c
da4ef8f7
f37d0456
1f7ceaab
1774d69d
04c4e57e
0aeaee8e
1801e9e3
1d25e303
07b7e152
e435f7c4
e40114f4
02ce065c
047cdd4f
ed66d86c
ecc2ea9c
f8dfe6f3
fef7de94
0e72e247
1b0de981
192bf907
1e560426
2380f330
159be662
13aef7ec
239400d0
2015f5ae
12c2eb34
0c06db96
feefdbec
00e80052
1a811845
22f00b98
1c45fd01
2078efb5
16b6e566
ff6bfcf2
02ed2249
193a23fc
18ba10bb
091f1357
078420d7
0da41fe6
17ce1415
2308fe07
1eeef65b
1e9e0aae
1e9e12a1
fe440aac
dd5d0a11
dc8afa9d
e43eeb80
fdbef82f
21d9f8ee
22f8e855
0dbde5b7
001ae47a
f405dfed
eda7e1ae
e6b6ef63
e9581557
0aae23da
1a77f874
07f1ddc9
14b5effb
262af419
ff2c0000
ed4a23b8
12a711f7
1e39ea80
194afe5a
21b9111c
0558ffb3
de380b33
f81e2544
23960a5a
0e8fddaa
eba8e559
0308007d
22490421
1b6d1252
10c1210a
fe40090a
dcf2f542
d81f027e
e9a410d7
f09d1c75
f71f22ab
f74e12bd
e6030df3
e63a25dc
fd7823e5
fa15f901
e7c3e435
fb7be71e
0926dea5
ea9df0de
e47b1876
02400a79
022adc35
ebc3d67f
ec88e9cb
fbdcebc8
0098df58
f615dd4f
ea91e9d6
e32ef488
de46fefc
e3a00cc1
ebf415e6
ef9b20a5
00842373
12b305fc
123de4d2
10e9db9d
0377e036
e1e2fe76
e6bc1c77
0659fd8e
fe1bda6d
f5ddfd20
1a9018ed
25a9f1dc
f87ddbcc
e1050428
f2ac1d51
e8b20a4f
d98c061d
0007ffdf
1665e0ab
f45ae86b
e1630c44
e47806fb
e10cee4a
e84ae037
f918de67
0dd5e7a5
11e5e589
f034ec32
df400b51
fb390997
0dbde0ac
0381cd65
f816e254
007d06c9
1bce0f50
1ccdee65
f353e0c2
dcef01d2
f4c11cee
1486131a
1e17f41e
108bdf5b
0a33e30b
147ee865
1bedf01e
2321026c
21400af3
00e80b0f
e08c106f
dd9d083f
e23ef391
e815ed35
f256e780
e70de018
dc4cf7b2
fa391513
14d417e6
09341e1a
f8c72476
e9bb1321
e2640dea
046718d5
23ff05d4
05b1f81b
e40114f6
ed0d2ac1
fc081e7a
f3ae0e13
e6a01496
efe8224d
fd151ecc
f72a17cd
e88d152f
df1e0f24
e023ffb3
e1caea53
e760e719
0784f5c4
244cfea1
1f17106f
150c1c24
00000275
dc93fb45
ece51c14
1e1e165e
1884f1f7
f9c6e4b3
ee69dc2b
e6f5e585
f2f50ea6
06d8223d
f85e1c1c
e96c1a49
f6e6054f
fb2fdf0f
ee97d297
e754eb48
f4a41486
0762223c
f826163e
e9d11af5
0a141495
2181f581
18eff976
1d1a14da
25a01100
1ae2f7b5
03dde43e
e74eec9f
e44f16d0
0996244c
1a25f7ea
0997df47
17ebf0ab
26bff54f
ff040492
ec012411
03360382
f367d85b
e4b2fe9e
fb3421a1
eea0164a
db8210a4
f468f86f
0b07daa2
1cbde5e9
23c3f52c
006c0866
f01d22cd
010504cf
f0bedd1f
e336fa19
fb2c2119
09a726ec
0c5b1da6
11b900be
085fded3
f67bd5f0
f07be513
ffa2fdc5
1ecc07de
2dc6f791
1a4eedbd
00950230
fa4e1f3c
068b29fe
13a419f3
10d5fbc4
03c2e204
f35ad49c
eadee43d
045e0490
238b0403
1074ed4e
e84cea56
daaaeeaa
df4ef935
fba4138c
19c319a1
0c5c1440
fb6f21fb
095f22bf
17091421
1e240df9
206b0199
0c16ebc2
e84fe849
d748fd21
e1a5033d
e5dbef79
e518eaa7
01a7f68b
21d3fae7
25fb05d4
19e51708
06ed1e9a
01381f25
119209ac
14d2e549
03f3d959
fa74e138
f4d4e644
e708ed22
d8fcfea9
def408b3
eb60f45a
e42aea4f
ed9a0cda
0b8a2215
03481755
eaff1c17
f7362434
0b241c64
118d1aa8
1af71138
17ecf0f3
f836dfa7
db7afe12
f039210a
18d50bcb
1be9ef90
1cfb042f
23390fa8
fd2f0700
dc750e55
f53300d4
0e42dcec
11cbdf56
1ee2f7ac
23d8fea6
1a2d0872
1a341882
12bf1c57
f7b821c4
f29521c5
003ffc5d
f137de3f
e49700d6
fb81233f
f9311594
de87109e
e68f1985
fbb71a86
086e24d6
13381fa4
ff290006
dbe4f8a2
dc6e06e2
e9a90f8c
ecfa2168
fa1f23f4
fca2fdfb
eb1be2f5
f0f7e919
0652e216
fb51d237
e985e681
01c90887
21c302ec
114ee867
e894e7d8
dd7ff9a2
e2f5fd47
db25058a
e7151962
0bc6112f
1edafc94
1ef2045e
1a7f17dc
09582314
fd952267
fb8a0392
e82ce5f4
db88f37c
e3c00558
dfd10b0b
e6dc18b0
0fb81314
2301fa51
145c001c
17e1166b
29d60ba1
1fbdf90b
0fd608e3
1a8813ae
1d0df7ae
faefe04e
da1df824
ec851ca8
19a010b3
1f29f4d2
14830661
1eee13bf
1228f625
f393e217
f864e083
0fcbe04b
2245eb8a
22d0f78b
03dc0be2
ee1720f2
e98c0fa0
dfee0495
fb8b1b24
22490fbd
0517f5d6
ddc70d38
f7d42499
1f5c0945
1685e4fd
f3b1e586
e3da00b5
f25e1ca7
0e2124a7
105e1b53
fb252072
f61421a7
f5c10028
ee0be1bb
fb6edc47
0c24e013
0853fa32
0f8a1e05
20422090
1d7507bc
095decac
ef63e222
e396f026
e3cafc2c
d832037f
e0781244
091a010d
09a2dcd5
e25af00c
e47618e8
0344015c
0242d994
052fe6ed
1edbf081
129adc3a
fbd1dffe
129eeab6
1dabe73c
012203c3
fcd925aa
03b20a43
e7e2e424
d43fef3f
e42b00f4
ed90f71d
e5a8eb2d
e06de9aa
e0cffd26
f80c1d86
197317f3
14b9f0d9
fbbfe09e
0024e490
1582e561
214eedaf
2174fe7c
18aa0f61
17c714c9
155dfbf7
fb15df31
e41edfb0
e771ecc0
f5f8ee2a
faa0e117
ec41dac0
e527ee99
fde2006c
1df0f8a3
2846e4e4
133ee379
fb8006ed
07412245
184e0736
0e05e150
0256da2f
fa5ae263
e752f993
ee431cfc
16981bb3
2051f4c5
fa20e296
e162f375
f008f59b
f61cdfc5
e3a8e0dc
e312f607
f1a2f174
f137e130
ea5de349
e452f2b5
dfe10877
e442109b
e00c00a5
dd30f534
f1fae878
f508df2b
e7120434
f7bd249f
ff9d03a8
ebcde136
f36be08d
0c00dfc9
12fee651
1a7ff1e3
1caee98c
05e9df7e
e8bcf023
e6d21173
03ad20d7
1e790787
11f0dfc3
ec94e389
e7c61006
fe212115
f5491261
e3be150b
fc601748
201b00a6
2a3cecf0
1a61ec1d
01210379
fd62225a
09ac2428
122c1542
228b09fb
254cffcb
0ffe0e6b
133a1c4d
1c04f47f
fe33d9e4
f79f02d4
1c4d18bb
1cd1f904
f9fee234
eb2cdded
e81ee69a
f12b0797
067320f0
0f68261b
162f187d
12e0ec07
f93cda8d
031bffd8
20af14d8
0e7c1825
fed3239c
141207a7
13f3df35
0c75edad
21caff14
241ce80e
0d53e2a8
1351f956
230ef846
092be9b9
e1d1f265
d9baffd5
e0e804e6
ea55121e
f3721ddc
f6242398
07501f6e
1b9ffd2f
0eeae1e3
fbe6f836
0a351f22
258e227c
1db50af5
f8cb0817
e4210f13
dc430022
dd7cf373
0050f17d
20f9ee8c
24d20288
1fdd108c
fd7b02d3
dd840cd7
fe00198f
22600561
1ac10849
10bd2158
040c23a4
f3071cf0
f0421490
e8b00f42
e0581e6f
f53d2256
095cf98e
f00ddfd4
dda10a8c
fc462545
0453f99d
e738e2db
fbf4fc30
25de0212
1e950982
12781f22
179c1782
1c2101e8
24ccefee
1b13e801
061d06e7
010824e5
ed641ecc
e02914ee
fe7ef93c
07f6d9fe
f928fcbd
150e20b3
2439f1a8
fa9dd81f
fc050a0b
1f81180b
00a3ffb8
d9c20506
f48effd5
16bbe26c
1e60e560
22630164
1f9b1261
159413e1
02e60732
e26f02e9
d1a11531
e9a81a7f
08cbf842
fe61dc8f
e3e8fcec
ed75209c
f0e7089a
db07005f
f8d11e6d
225d11c4
ffb4fa97
dc010b43
f706070b
10e2e086
09a0d122
f95ee1cd
eeff01ab
f0f91dc3
f729269b
058d1db3
1d29fdcc
133fe0ca
f47dfe86
08a723d8
2610ffa7
0b6addd5
f85b0320
0fd9201a
0ab70705
de78f506
cd460052
e3cf0969
03ec0009
0cf5e467
f72dd5c0
ef74e352
0641e67d
0b61df9c
00bcfa90
0ee41e0d
24931bb7
1e89077f
0bd20d0c
10cd1d99
1f5d1515
1c950674
16b00cd4
143a1a06
06722443
f83922d6
e9681008
e3320f74
055f18c2
226d0419
0875f980
e6e8165f
e5892bf7
f7581eb8
0542f6b7
f064e2f4
de760d0f
fd092689
06dbf763
e6a6e292
f8dc058b
26530382
0f97e42e
e403e9fd
f2bcf33b
05a4dbb1
ee82d9f6
e772f01f
fa1ee3e7
fc54d928
093efd68
1eb618b7
0a191cb8
fa7b2313
133d0685
17aee049
109ff3ec
236903e1
1010e50a
e017ea3b
e9f511f2
092a1ca7
00a41c84
ec6b1ddf
df750f50
de6d041c
f875fa7d
12c6e373
11ead67c
fc4be322
e23802ac
e9b41bbe
0ac601b5
fc2ddc86
d91afcdf
efe62126
0a3dfb8c
f508ddb2
f493feb7
1e8a10be
249aedd8
f449e084
dab40858
f3281e17
02b2fd89
f417e000
f5f3e73c
0ea6e5e6
0809cf83
eec8df74
07b60a71
25050b15
fd4801af
dd9e12cd
f84b0041
0a1fdaf9
1205e556
2143f46f
092aee77
ddd8f904
d173085f
e2e60ca0
0574fe9c
0b00e05f
e998e828
e4b813f8
043d1dff
1bbd0596
2530ee0f
1e0aebb4
16d00565
1fb00a2f
0e59e799
ea33e38c
f88201d3
22f0048a
2887f2a7
16deed19
0fe2ea0a
0674df06
ed81decf
e871eb3b
fdb8e006
015eda48
082a030c
1add1ac8
01ce0ab4
da7d0193
db8af221
ead3e3e5
03e4f52c
22670301
20960477
148a15fb
1fb81b75
213cfd83
0219e2e1
e75cebfb
f8580062
2001fb6f
2cb3e912
1604e93f
f93e03b7
00bf1f90
209f0d9a
15f3e4c9
e961e949
deba07f5
ef03001f
e564e961
d6effa00
e45009d7
e53bf60e
df65ef22
00b0f50d
21c4f377
264105d0
1f181556
faf30c89
da0a08ef
e435fa00
e835ea12
e8c3104a
0c462634
0838f996
dc67ef18
e9d312b0
10881b94
08e119b0
f12921bb
e6bd197a
e08c08d2
e3d8ff4e
e4c6f3e7
d9f2f913
e2a00eee
fff9154a
1c8f0a75
2bd3f827
1cf4f0a1
035806c9
f8131dff
ee73211c
e3a91295
d816f9cc
dd99f457
08eaf939
2101ef3e
021bffae
f525236a
03cf0d52
ee76e05a
d40ee8d8
e29bfc8b
f43cee21
eb7fe498
e820009d
fd221f3e
0ea42413
12f81b85
152b0e77
1d280337
29ddf2b7
1b10e858
fddf099b
ff70248b
fa3506cc
e611e6df
f0b1dd1c
0451de03
0be7f8c9
156c18bc
15c52208
01011f2d
e7631fde
e7e11974
fb31f569
fe16db5c
0617f79c
1cba187a
11a71f73
fc6821c7
fd72084a
e9e8e64a
d270f50b
e1c5085e
ee6ff300
e29be983
ec7906d7
099b1f98
135c2405
160115f2
146aed6a
fad2db63
f7560339
1dea14d7
1ff3f09c
f547e1ce
e147fb12
efd9179e
076e2735
0bcb2114
f1ab1b46
ec351ec2
01ddfd9a
f63fdb49
e6f4fba7
f73d201d
efbb19a9
db940caf
e167f792
e448ed50
f1090cea
0ee5206f
09891838
f0eb1f6d
f4c1274f
0b941a8e
1e20fe8c
0e31e19a
e461ee75
e2e1110e
ffaa05c0
0684e030
0022d13e
f4afe05d
edaf0c92
f8622498
eea50ff5
dd8c0d1c
03cd1643
26bc03eb
12570d29
0df523dd
16e3fbcc
034fd897
0a46ef6e
2119f1bf
fd4fe1bb
da15fb93
ff430c15
1d3be8f1
fc7ddbde
e1160002
f0bc1af6
10281838
272105bf
2209ff05
174a1836
181c1d56
f6f6fff1
d8b8fdcd
feedfd4a
1ce3e4a6
0764fb0b
ffb32768
fbce2007
e4ca129f
eb8b1f10
04ef1f77
0cc319dd
15db17d6
22a3096b
203efce5
16300546
17b7161a
23db12a8
2004fa81
0683ed78
e8e0eeeb
d22df631
dca802fa
0958fb28
16ace4f3
fcc5f8ef
039c226d
23351192
11b1e2e7
e516e5b4
e1fe07e2
01b5074b
0fd9e4de
01ced25a
f87de04d
0668ee66
1102e499
01eed974
f5b9e27b
029de61a
0ec6e14c
1594ec6d
200cf772
1d1fef7a
0bfce30b
fbf9dd54
f5e9e162
fd80e887
0bd9e3aa
09a9d6bc
f3a6e0c8
e98607ff
f6241f53
f3891438
dfd20e70
e29b151f
f67e1a03
09f223c3
1224203a
f93815d2
f0ff1fbd
16870f9a
1e52eb0f
01bbfdc5
fa442390
f2982042
e0c10fed
e028033a
e247f716
df7fff02
e6d312ab
f11320a0
f815213f
f4f91160
e6630ea6
eb322516
fe0e23d3
efb30abe
e15611eb
0a731d84
256a0093
fccefbe2
e62a1aa1
fa4309f9
fe5bdc60
f6f6d096
eebbe64a
ed211351
ff8b24c0
fc390192
e483e6de
f169e269
056bdd5c
0212f886
14cb1bc7
2ca80b84
1e72f8c7
147d11ab
1c7918f6
ff83ff52
da970234
f1bc16af
1d391164
25a8080e
1e9100cd
0997e859
e482e958
e3771027
078a2069
1b48066a
10a3e5f0
ff98d9f5
fb90e01b
03bae8c0
0f6fe6cb
0fb0d812
f971dd88
ea7006ad
f16d1f4f
e9e70fe0
dcdd070e
f8ec0157
132de1cc
015bd42a
f52ee4c3
01b7e78e
0d76e1e6
1567e7ff
1d90f525
24ab0184
1f2d0bca
0fd61e71
0b4c2173
fddfff2c
df80f060
e8160ee9
11c11d2f
1dc31409
1bbe0e9f
1f7cfb70
1af0ee93
1e1ffae4
20e7096b
16c81930
0f6c1d59
fe0708d2
e009f8a5
d1f5fc7c
e2f00d6e
0f6317db
23d7084e
fe67027e
e07a1447
e7ee079a
e1c4f4ce
e6cd1157
13e21de9
24dbf3a0
02d7de39
f4fe035b
15a41af9
22fafb9d
012cdf6c
e4f2f212
e9fe13ad
f60224b6
fb5e21c4
f65812f5
e9011292
ea762576
fef5230f
005afce9
e762e5e2
deb4f2f8
e4c7005a
db4d0d12
e5011a92
063bfd67
ffa3d92b
e858f751
efdb1ce8
e8e112be
d8d00365
e6d1efb5
eaaae4f9
eb800d5a
066425e6
011d0364
e147eae6
e80ce7de
ff7ade70
06c0e0c4
1092e905
14eade03
faf8dd1a
e293040c
efa11e96
fdc70086
f502dec0
feb2dd97
14ebe263
1908f0da
1ec0fd30
1b57ea0d
0ad5e105
16a6ede9
23b4f413
19340900
1c231401
1305ef44
f1c8df44
f89ffbd7
1f920b9e
306804e3
1f63f691
f681ef38
df7cf54f
eaa1e98c
f27ade89
0541f827
22310c39
1ac51211
0b541fd6
12631aec
1d14079c
26b7f80c
1dc8f08f
041d045d
f80b1f75
f0252237
e34611b5
d924fb79
df4af666
0535f910
1d78ee6d
09cdf96e
f8a220fa
042631b0
11d01951
0e84f4f6
0559e1a4
09b5e196
1906eaa0
2717fb97
235105c6
fee20ba0
e2b6163c
e4c6073b
e103f828
ed9212d6
179c1bbf
1ea5f67d
fe6fdf3a
ee06e411
ec90e846
e1b7ecac
dd63ffc0
f84313f9
198c1452
2236100c
1f3603d9
0923e559
e5c0e661
ea5a0f71
06a02036
fcef1a72
e7db1c20
e52a0e09
df18fe31
e2250c74
f0681af9
f1ea2045
0041221d
1b9f0252
1369e162
ff50fad6
0902238f
13b42617
14d71192
17ecf11e
fdd4dcce
dc4c00a5
eeb820c5
057efbd9
f516dd84
f96cf845
1f210fa6
2f620863
1de3f8db
fddfee13
e2fff0f5
da1efa4f
e0b90868
ff1f1910
20590de0
14aef112
f20de5f6
deffe22d
e0d5ed8c
06d703e6
23c1f65e
fc8fe3e2
dbbef6db
f2bdf35d
f57cddbd
e2dcfdad
f5f122a4
091e06d6
f0b3e0d2
d655e969
e144f9c8
f2c4e6bb
eeffdf5d
ff8503e0
23ee0bb2
10d6e96e
e968e597
f8c9eb7e
0953dcc2
f4d1ea7f
e74213a5
ec4d2c59
f9032230
f6ebf919
e951e2ff
fd65e5d8
0b24dd99
e9c3f3d8
e4b51c00
fc440133
fdbcd8f3
1100e06a
2175eba2
02e0062a
f8c12612
04f5058c
e8f7e1ab
dc0a041b
043821d6
1c690c5c
13d2ed1f
04a6d751
fdc6dc0b
12f7ed72
1a87e8f2
f4b7eeac
dd38048c
e53ff9b1
e841e74e
f843f6df
20df0023
3004e85d
12ebe50a
fe190c46
057f2191
fe0b06bd
e42cebcb
e4b6e782
fd30e00f
09adda40
10ade6d3
1fb5f45d
209ff808
06350432
eef71d6e
f0b82881
04c21e11
1c68007d
127be248
ee11ef09
e2920bb7
e3310553
dfd4f11a
eb6ddfe1
f7bedced
08e0fbe7
20aa1262
153b11af
04391f60
1b1a1c81
203d0617
0e63190e
10502462
f84a00b2
da5df468
fa76f690
20aeeb80
27a8ff55
237a11c9
f86e087a
da140fc3
ff08fc69
0ca4d83e
02ddfda1
15db22c5
01480b4b
d8effa53
e01ee8a2
f025dc7b
0ad0fb80
265d0a90
04dd07ea
ded216fd
e170051f
ded5f115
f548106e
1a031e00
05ed16a7
f437228c
123c0f5b
1b5fe723
10d4f067
2214075e
2c7bf944
15e8eb9b
fe55fd6c
feb31e20
116c2d90
15a619db
f87bff61
debafd36
e5edfc75
ec50e9f8
d9a1e56f
dbe9004c
0ab5048a
1a24e529
f351ea32
df350758
e4aaf85f
e4a2e4e2
000af768
25b4ff42
1dc901b5
14ee1670
267113ff
20d7faf8
fd44fb4a
ebce197b
fc3a2b91
06091fcc
f28c16aa
ebbf1ae1
fe3205c9
fad8df63
e311da59
e522eec7
fc4bee7c
f95de0f4
e288f376
edeb1ae9
1b001c77
2156f6d9
f644f6dd
ef431e8a
15e91b2d
1d9df47c
fffbf54a
f35f1c87
014d339f
0a83204a
f5a2fc63
e006f19c
ef5aed10
f790e019
e612f7f6
f2fd210c
163e1721
1bacf14e
10c2e2b7
0c44e12b
05eedf6e
f453e408
dffaffc0
f29c209d
1e9f0ec9
1d4cec51
0059021b
f94c2306
ee661af9
e12c0de3
f4b50246
09f1e237
fa36caf1
ec1fe2f4
0bb30999
242c0734
fd02ff27
e0ac14fa
fea50852
06f5daeb
eb32e678
e8531737
f5c22787
f8ef1e49
f35714ad
e8be143a
e6311d25
fb6c1fd8
19fc0b0d
198cea69
f725e649
e016ff22
e1471194
e7cf1615
f05e18ae
feeb1f0f
13de2120
184515fc
04db1739
006022a6
0f690e46
133de61b
0c5dd375
023cdf56
fe35054a
160b1925
215ef43d
facddb0f
e392ffbb
f20e1a70
e9e411d5
daf20878
e3a7f0c2
e671e571
f2c80ba2
0b3c24dc
f91e1b2f
e61d1b7d
0063024e
fe10da5e
df4cf72f
ef8822ad
06d10494
f363db80
e773e41d
eb7ff0fd
d876fb42
db490d95
048cf8b5
0f3cdbbe
07b1fd5a
103b2395
fcca23bd
eaa01e4a
fd4dfe48
f8a1dc3b
e3f2fb82
f3e12358
fb0d13e1
df930849
dcab2064
f87720be
fa59f9bd
ec5ce1f1
0135dfd0
1100de12
ff5e00ba
0c822437
200bfe24
0496db07
fe23fd9a
17791b8a
0c21227d
f44025ed
e6b11016
e05809fa
08341a7b
27a006c0
fc5ffe58
e04c1961
f87801ac
02c0d70e
12c7e26a
2300f169
ffdf0008
f2ef233b
1df8126e
1bdce479
f871ff12
00c7259a
031f0a41
e55fe80a
d86fe408
e202f851
ff531bb1
19b31c84
fc72014e
d8d5ff7c
e8eff5d9
eec8e33e
e3b30762
ff9b27d9
0c96fcd5
e50be340
dfe21205
07ec2308
00dcfd2b
e1d3ec54
efd0e878
006adbff
f1c4f08a
ebbc1c10
f8d32dac
039e1ea8
fbab0208
e56cee0b
d8a6edc7
e0c501d5
013b1d0a
1ce91586
0162f96b
dc3705fa
f4d71cb4
1df40e86
23fafe6a
1f14fc91
1a30ef6f
0de5e196
0657e190
faede1e9
e433e866
e0a7f279
f2f7e77c
f775dd7b
fe3ffaf7
1f4c1220
2ac3fe47
1948f4e1
1b570034
2001094b
160e1c90
0dc821be
f6290794
de25f3bf
e6d4e66d
f4f6dfd1
02aaf82f
1f6d0d2a
2a1e00ca
1b18f25b
0f03e988
08d5dfef
0357da61
f2ece380
e46d07eb
f6a52092
06f8052b
ef64e3c1
d636e908
e016f84b
f6a0eebe
f0d8e46d
df9a0157
f7d921de
1e460a8b
1a79ea29
0fe4fb5b
214a07fa
1855ea50
ea90e533
ddd00e2a
fd892020
096d00dc
eb56e692
d452f30f
e111ff44
ecbeeca3
e7a7e6b0
fe4bfb8f
23bcff44
26c3f5f5
16adeefd
04b2def7
fbf2dc3e
12f3e625
1c7ee7b5
ffea0516
fdd525e3
068104a8
e661e41e
dc4f08a0
07ba2329
1b9c05b9
0edae8bc
0accda2d
ff9fdbdd
ed35ff9c
eca21e05
e9e3123e
ddd0015c
e412fc3f
e90aeeae
d7b0edf6
dd780596
08c105a6
14f4e484
eaf0e31d
ddad0993
065508ff
11c9e0a7
f135e437
e28c0ba5
e8be1b97
ed931a95
fa031ddc
0b8c1dfd
151d197d
1be70fd6
1e5d0080
1de0f4a2
1c4cead2
0e8ee39a
f19fed94
dfd90be0
ebf820cc
f63d1ae3
eaea16b8
e29a11fe
dce3f857
dd0aefe7
074afc38
250ef183
fecbfc24
f097257b
1437126b
1a45e8a0
1ac7fa76
26040bf6
03ac08ef
dede1362
e10008fb
e130f37a
df0cfdad
e74c12e1
ece91fdc
f8211f95
ffbc0438
ee4ae671
d746e36b
dde0f86e
0a850304
1efdec96
f5f8e8b2
dc740085
ea30f3a6
eb7ce14a
fc16fd37
231b0620
19a8e76f
e8b1e6b0
dc420f18
fff921bd
19a202c5
1375e805
1983f1ec
2658ff85
162211cb
12241c75
1824f346
fe9bd8e1
fb7f0383
1c1619b2
0c080082
db3801de
d78a1909
ee5b15e1
ec9a06b6
de9f0693
df0e0b89
eae514cc
ff64241a
08f8222b
f08519f4
e7371c94
0227fddb
fbe8d8f7
e73efaa1
f3fe20ab
e9a512b5
d76f07b8
f9bcf730
15d5dc71
1869f1eb
23130168
02f2e4d1
dab2ed8a
030503d8
25fff1ac
057effdb
f11823e3
ead416ef
dca50725
f44e0ff5
20b90b05
3007ff56
1f1cf986
f86cffcf
edb91b71
191c199e
235df08e
f51df963
f23623ee
173f1197
1b4aed6d
1853fbd1
21080ca1
0b1204cb
e27b0dac
dbdb2807
f6642161
ff94f10f
edf2df10
014c03a7
26140ad6
044dfa75
dcfa1497
01af1c65
2101fe43
1c0908f1
172920d7
fe801fed
f2ec2060
11b408b7
1d62e759
163cf866
22000afd
1290efbc
e668e3ed
dfb9f4e8
e636fad8
d88809eb
e3d3192d
03cdf9a0
0294dac3
fd2df957
178b1b78
26be0fa1
1d50ff39
1cd8faa4
1915ea6a
f6d9e244
ddcaffb3
f8c5216d
19a5158c
0433fbc0
deda0366
db381403
e9c816b8
f854176a
03c01f18
12652673
198c15d1
fde4fbe3
dda303c3
f10c1944
1bc210ff
29100055
1f90fe1a
14bc04c5
18cd0ffe
2a260e58
219afb0b
f8d9fba0
ec8f1adc
1105200f
20cdf7b9
fe05e018
e381f159
effcf667
f716df28
e7fada01
e598f18a
fe400286
1cecf784
22c4ddb1
0d8be117
0674076e
0d901ed6
fec220e4
f0851eae
f7580532
f50fe042
e3fadb2b
e200f5c2
f5ff0e76
0d3c1b76
1c7c1e10
1f080ce9
0974ed08
ef18e2a4
f87ae845
0c14df16
0431dc29
f191e747
df9aef1a
de00f67a
f21bef5f
f1dce2df
e3d3fc7b
f8752114
1c0d1674
1a03ed43
f6c6e01e
e23dfae1
efd9173e
0f5d1a6a
26ef09d6
227701c2
135e180f
14181f20
fe2efc6f
dac4f8f6
f36516ed
1a171659
0b5917bb
fc922550
fb060a38
e715e5db
db2ae2f3
e2a4fb63
fdec1dfe
18621b36
fd7bfbe2
db56ff96
f8070510
1893e666
0f7cd648
ff3be13c
f5efeab2
e9a5eb32
d5d9f20a
dc0503ef
07e9f9bb
167fe173
0651fffb
071325af
f7611de6
e5f91865
055b10f8
23b2f79f
1dc1fc43
1a8f16d5
150f1cf6
03381ebc
f8b8203e
eed018c2
e5f012f5
e378081a
dc9bfb01
e0dbf191
f39add89
f987dbc0
067804c4
1e021581
05fcfb59
dbae0569
f980268a
23e20e22
fed0f2e4
dc5f0f35
ff6b1c08
1e75071e
18850ea6
0def2330
fbae1f32
ef061b19
092113db
21c0f250
136edc98
0919e4bb
1527ea20
1cd4efc7
205402dd
1f210b52
068705b7
e35c0e43
dda1248c
f6c41fe1
039af7f8
ef79e1f4
e464ffe0
faf020ed
0a6221d7
0cec1c08
1c6e10b0
21c602a2
17800fc1
13101ef8
05511880
f7281d62
094a26d2
166d1947
017114e0
f97121a3
114912a6
1a68e959
08d1d8d2
033de3b1
0dfae548
155ce7b0
23e4f9bc
24e40272
000e0b0c
e4cc18bb
e5d109fd
e018fb77
ed681294
18961830
2341f51f
fe7be04b
dd23f6c1
ea011813
110413fe
1eb1fd08
1b16012d
1a7a1397
12b3220b
03902326
ecdd178c
e8181822
0c991084
2336f7f2
182903de
1abd18b8
1573fbd3
f63add6c
e999df2d
e9a4edb7
ea2f0b3a
03cd20ea
23bf095c
12cfe296
e4c6eb44
e08b0abf
00000000
0dfee18f
139de3e8
2200f72f
236106ad
1acb115b
0fc713aa
08c71c65
17f721a8
1edf0d97
009cff71
e1460c97
df551c2d
f2d51c88
0cdf0d09
1e57f380
1be3df90
0b3de340
0183fd2e
0cb01b81
24cd2210
20060b55
f594003a
e14d0e90
fbf1081a
0b37e024
f554d07d
efa5e602
0535ebb4
07c0def5
f170ec62
e5ef1233
ee7a2667
f6ff1ea5
f39c104b
e70310a0
e53e2231
f9e92128
0107fe22
ec8fe507
dd46ec76
e10efb56
e51c0587
e6891449
f04821de
fbc61f80
f90a139c
e86e1349
e66b25c7
fec521f7
0225f964
e83ee81f
e4f401db
ffbd1dc8
196226b5
18d81881
f65d0727
dd2a0256
e1d7f0e1
e832e617
0177fc15
239dffd0
135bec1b
e59ced0b
d1a0fa25
df8b003f
0180f864
15e4e7fc
15b0eb47
1e44fbc8
2a4cf851
15e0e6ba
e71ded20
dcde0734
0171fd6f
1357e053
1491efe2
2318fec2
0c4ce8b1
df3aee5c
e6a10e54
0a941b95
1d8d1e1d
1c0313e3
fed001f4
debd0703
e0d818cd
f3661bb8
fb491bad
07972081
1b5d1692
1d4e0b1b
13a4173e
0be92127
fa2119f6
f07f1ae8
0bcf18c4
20def4dd
0000da23
df50f46b
f4301894
0fdc1bb6
04e01909
f31c20cd
ef5d1713
e3e90ac6
e0631ba9
f75721a1
0286fe40
ee76e18d
e12eea23
e4a5f83c
de810126
e087127a
02f6145d
20840237
27fdfd95
1debf385
f305e5d0
db7cf878
0388034b
1e6feb9d
030cf45a
f980230a
11e62de6
128a16fa
fda314d2
fdf52084
10ad11f8
17a9ed17
0a06d438
0100ddb8
1457f119
1cd3ead3
f50bebee
dba003f6
eb1cf5b9
e826e031
edb60719
08ab2429
f41c1c9c
e1261bf1
fbecf877
ff6fd689
0415fd77
1edf1a8b
049b097a
d91b0541
dc4ff783
e823e58a
ff62f6cd
2355ff16
259cf07a
116be7c0
0288e15b
fb1fdfb1
0304e30a
1283e46f
1ea9ed5e
2237fb5d
17580ba6
178c134e
1b21f583
fa1fddea
dbf8fe0a
efa81d0b
082b0465
f845e09b
dcc5e226
e1d5f1d2
f922e52a
f8b9dd05
fbe9034e
1d68151b
1b09e75e
f01fdb80
fe830a79
25f20ff5
ff78fb4f
d8f30ea5
0097088c
11f4da7a
e9dcea23
e3851647
eb950158
db67ef31
f0330d13
14f51c29
0a6f1dd3
f23b22c2
e824148f
e37b0aa1
f9701558
20a50b68
2820ef5f
19a5eefd
1d3704b1
213e07bc
03d902cb
e3961248
e64b212b
f8e71e72
07d1194c
12bb18e4
1e8e19ec
222f0863
03a7ea12
e6c7e64d
fbbce406
09b0da8c
ffb500c9
13dc21ff
1bf3f7d4
fc77d930
086befbb
2223eb89
f6f7e555
d8c704de
fe13ff18
1762e0b3
1f93f419
270a0631
ffa802ec
e18a1926
06f11789
2154f81e
1df5026e
1d4919d9
06be2021
fb5623bb
11a302db
1498df8e
1a02f37a
273e0183
ffc400cb
e3d01c4a
0c2b172d
2292f3ad
1a1303a4
1d1d19ad
04af0604
dadb02ef
dd8e160d
f2b519ee
f4c51cbf
02f92141
1f70066e
1343e169
e936edc1
e1990bd8
ead0fde4
e0a2ee84
e94f046e
0b621b82
245522f0
1f9b1306
f1b900be
dad10b49
023bfc59
116bdbf3
0179fea7
0dfd2554
039108c4
dd1af08c
e225f1f1
f784e200
ebe3d898
dfeaf51e
f7c2185d
0f601c0a
012f1782
f485204a
08541592
1bb7ef92
18a0d6b8
0b35e19e
060104d7
0e451d31
0b2e1af8
f8691d0e
f92d2b59
11651e1e
1555f0b2
03dade33
0fadee38
1ff9ee59
fe29eba5
dc24fe1b
e4e8f7f0
edbee0aa
f73de470
06f9e3ac
fbf0d693
e9a8e581
fdf603a7
22000339
258ceee1
1700ec80
17d7f841
208d008d
1ef40b9c
163a1998
09581fa1
fd291f3c
f5ec1947
eaac15fa
e7592039
ff6920ef
193c0272
1623e871
0f78f0a1
1f61fe1e
2dd6f332
1711e804
f5230224
006f21af
22a009e7
14d3e3a1
f64efc61
06512300
1c680eab
0f3ee66e
ff15d6b9
fd01dcd8
0846eced
149ee9c5
0369d8a0
f45adfe6
0dcce5f7
15d7e162
0088046f
064e2429
07e3040e
e363ec5d
da2f0e7a
092120f8
289bf9e0
0eeee0b5
f8530740
0c1822db
06ebffd3
ddbeeeff
e5b50e12
116a1d6f
1b59198e
17e51123
16e8ef32
f634dc0c
dc2107d8
f65723c5
033ef991
ed34e094
fdb8f880
22a9077c
22bd1364
0efa222b
f6bf1fe7
f1581c8d
11be0ad7
2035edee
14cefaa9
1e640c70
1a54f087
ee96e28e
d8d10617
f89c2041
1ddb0838
1b3cebeb
1241fd3a
213009f7
159aeb7c
e954e367
e3cf0757
ffaf1e9f
094a231d
10c41cd0
188bfa3a
037bdd48
e8deefe8
e88114e5
f6552634
fd9d20d4
f28d1483
e5d0151e
eff21b59
00a41d92
0d2424c6
16c71b2c
0047faeb
dc11fd0a
ef1a1ca4
1bd415c7
18f2f52a
fbdae3af
eb61db75
e7e6e5a0
02140447
23cb008c
0e4fe2ea
e34aed01
e6d40ca4
040e1b85
1ba12209
1c97167b
f7cd05bd
dc2e0564
e4a4f957
e7d2ea3e
e8a7032a
0665220f
1fb61c2d
19ee106f
0c7f1894
070520b4
fe01185f
ee7a18af
f59b2ab8
0ba120da
fbaefd4f
dff7f211
ead0ed16
f7b2dd6e
f12ce28f
e60ff3ed
d89e0226
dea80bd9
fd74fa6a
0cf3df21
1527e56e
22aef59b
1b4b032b
192110df
2509fd2f
1c52ebc1
1d2c06fb
25091035
f92c0314
d9f00f4d
00e100c6
1011da73
f899f9b8
0ea324df
2495fd02
04e1dba7
faca00b8
14851d41
0edc1760
f5831f68
fd892e0a
12871b58
0192f72e
de51f87d
ea6018f7
161a1a0d
1ad6fa2e
0171e44b
f2b6d6de
ed2ddf8e
03fb06f1
24fb092a
0ac7e6b2
e50de7dd
fa1aebb3
0607da83
ef95f33e
ea6f198c
e702149c
dbbdfe34
df4dea4c
ebcce572
052bf7e9
21920318
1ed10495
148b167d
20fa1b69
20dffec7
016ee69c
e7d6ea84
f0f2f07d
ff44deeb
f168d5ea
e860ed4d
fd7e014c
1cc1fcc2
2c0ce6d0
1668e367
fe8c0d15
05eb24d8
fc3102f0
e047ea8d
ef38e91d
0139dd97
e92af305
eb7121b3
0fca1750
1b71f2fe
2041eb6e
17e4e563
eac3f01e
dcfa0c92
fc6efd38
0eb5df3a
1a76e79e
21eef889
0ac00801
efa21cd2
e6ab1f70
e2310aa7
d9caf2e8
e12bf153
07f7f8b5
200ff3bf
0aaa0045
f3461ef5
eb30238c
e1900cfb
d815f5f7
e032f240
07b8f8cc
21dff161
06e90059
f392242b
f2431a78
df960951
e6181ac0
fc8b1ebc
f110173c
e0ce1325
dedb003b
e0ebf408
f93efc29
1daaf1e8
1ce6d7dc
037ce000
065a0460
157618e0
0ad8218d
f85e23cc
eabc12df
e4a10e38
01f91ba6
235b06ce
0c58e307
e937e7ac
f3f9f15f
0411ddf8
f80ad319
eccee870
fe1a03ba
1e380383
289feaf1
17dfe6f1
16d302d8
23c504e6
065ae82d
e2cbe892
f8f3eca6
05a0db89
e620f4dd
e88f1e19
01920372
fb64dafb
ff50e1e6
1976e913
16c7ddb3
faf1e15c
e972f9b6
ec5017e2
fbbd271b
02be1fc5
fac915f9
eecc1897
ed482685
03f122dd
1622faff
1057e253
181cf16b
2346faef
07ae019a
eaf01c56
f73c29b6
0a111c18
0e5a16dc
1a901460
25d1fca1
1dabf358
1d5b0b18
1f8a1189
fcdd03ab
ddf00a90
f4c50705
0ed6e06b
05a0cc01
f78be2ca
ffaf0867
1be30fcb
1c27ea87
f121df05
e48a06e2
f9631d37
f16d190f
df5111d0
dcb9fa71
e08eef69
008dff62
2191f45f
0451df80
dcd1f836
ed701670
109a17fc
229b1591
20410b7c
00790087
e2d30f01
e84424c3
fa642030
f3020d3f
e28d1120
ed772033
fc0c1dba
f26618bf
e5ac155a
de4403df
ddd8f986
faf4f9ae
1bc3ea78
1c45df1d
0533e3e8
e51cf4be
e29d1304
0ed91902
2401ff96
10320846
15361cd4
1d3ffddb
fe2cdd9f
e4f6f04b
ebe314f3
faf72893
ff752302
f01a12c5
e6f31557
06031712
234afd83
1cf2ec7d
13f7ec18
0e40dd34
fc0adba9
ffb400ea
1cef1679
225f0b2a
1c22fe6f
2018ebb3
1421e348
054c014e
06f72193
ff0324ad
ea921abb
deba0cf7
e1dc0338
f878fe54
1226e86f
0adfcccc
f6e4de0b
08740a0c
1eee123d
026d0341
dc1008d8
e3810674
e815ebe1
d37bf5a6
e1ab0f7f
007cf900
0abbe005
1a13e861
2191f50b
0a2d0767
f2401eee
e7b52041
e0310b60
dcf7f4e4
e423f106
0000ffd0
1e77f720
08efdbc3
de72f276
ee6221cf
11ed1c69
fedbfd1c
deaef8a1
e55bf3ad
f1a2dfaf
eaa4e2c0
e3dff9d4
dde90a14
e0dc10a4
ead0021c
e1edf55e
da500796
e61e1337
e70f046f
df0bf89e
e66ef393
ef4ce600
e471e169
de6bfa21
fa171802
15df1896
097f15b9
faa22326
0315221a
11cc1654
23d90ec4
23140260
00bc06d1
e70917f6
dfdd10ed
ddeffc36
e7a6ecef
ec57e83f
eaecffc9
ff0620a3
19a8251a
16d417af
00a21531
fe661e62
1a9e1185
19b2e7c9
e9b1e2b5
ddb305b4
02ed00fe
136de35b
1577ec36
23c0fe81
22c5f83b
1118e8fc
01bddb42
fb27dcd3
0b19eab0
16fde796
f7dee984
dbe307c9
e710166b
f080156d
f57c27f4
06ef256b
fd80f6e2
e17ae97a
faf00756
24c0fb6d
0538d987
de24f018
039e0aba
2372f4f4
0073f4a0
ed691f79
144f22c6
2172f121
f743e31b
e2f9f90c
ed98eaac
efe6dbf3
07e8f85a
25c60da5
13da1850
05872391
146ffeea
0b8ad8d5
0de8f131
239af893
ff2ce1b8
da05f556
01d0066c
217aee62
03bdf443
f43921b3
0d2d2ea0
11f3195c
f7c31979
f5162315
0473fec3
efd4ddb4
ded2062d
fd842620
0122fe5b
e661e331
f9e3e57e
0baedcf3
f0b2f1f6
e5821719
eb2510c6
de14fab4
d3cbfd17
e6801084
12981aee
25110581
f823fc98
e0f71820
04f005a2
044fd804
e5cff346
eca01c90
e95d0b76
d8b3fdde
f84efc9d
1b44e57e
1408dcae
00d9e4c2
ec42e560
e4d1e8bc
f8b7e486
0102dd99
ffaffa1c
18af17bb
2b5f0d0e
1e10fcf0
10930528
19f912f0
28770f29
2050fe71
fdebfc60
e99f1824
fe0c2c1f
09451da6
eff119e9
ebe31ff7
fbc9f98b
f63adade
03eff6bc
215211ee
16d31cce
03be236b
faf40802
e2fbeb01
d913f69e
e57b09bc
e8db169a
eda51eb2
f2510f54
e17205db
dce61bb9
f4e51f10
fb93fc4a
f13ce2da
fba4dbf1
0ebcdf09
1ca3f245
1fbaf72c
0000ec62
df0cf448
e7a1f660
f3e0e008
ea15dcee
e431f6e2
edf41575
0bc31e2e
20e1fc8d
0967df11
ea81f127
e5720fec
ea021ed6
f6a61f50
0c0e0e2b
1b80efed
1678d870
06e7dfb7
079a029c
133a1bdb
0ad71f70
f7751ff5
ef74195e
e74a1079
e46d1a57
fab5224e
15970981
17ffe99a
103ce25e
07fbe1b9
f00de0d8
e71de9cf
fd55e03f
03adda73
076202c7
18c51bf8
042308d6
dbbaff6b
da86f9c0
ea8ae53a
f625dd2e
03c6e165
094ee955
128bec8c
1527d705
fef0d9b4
02c90c63
1c7e1b00
ff17fc3c
d83800c5
fdbf099d
1b7be33f
efc9dfd8
de8b0a7b
fee0037a
1027e24e
187ce46b
2378fb15
23df10ce
18fb1541
fc090826
df3103bf
e0c90182
e73def13
d9beeb0b
de9a06da
069619a5
1e0d1012
0ba410fe
05842178
1af40b50
101be025
ec78e7c7
e32e0c6d
e9f91a75
eea01b5e
fc671f83
0d3a1d6d
14341873
1b911021
21ddfaee
1cc3f0cf
1e240135
21900e93
0e0215de
079d1e5e
1d4004da
0e8fde05
e467f010
e33c1295
eebb01eb
dec8f32c
e6610f30
11821ba3
24cfff42
0939e38d
e0ceec4d
e0f30fac
0e0f179f
21b5042c
133e11cd
11dd2001
015b02e6
dd38f656
e6f611f3
16111b9a
26ca099e
1b450604
1b4c10d8
16cd16d0
019d24c2
fa6e254c
f75ffb44
e899e172
fedff94b
26900391
1cf80717
110f1d52
203f12ce
1dbdfc7a
1a570836
1aaa181c
08382342
fc9f2308
f77b0272
e958e625
ed39e738
009ee23c
fbaed4a8
e676e8c2
ef6c13bd
04b51fee
f89d1635
e88e1ad3
00291602
1f5ff8cc
280ce67d
17d1e914
f9950496
007021af
1fc50926
1342e269
f8e8f8d0
07f22197
1d16231f
185f12be
099f0f9a
06891e47
170824d1
1bee1047
00980098
e1ae099f
d98b1714
ed5c1b6e
12c70b6a
2045f477
187dfea8
1e5411c3
214308e0
1a3df5cd
1aece359
10b7dfb4
031d0399
0c0f21ef
07311a16
f0821c44
f8f62a8e
0df01c1c
03e8fefd
e2a7f5cb
cf5b0387
e1a10d98
01c9f927
0aede00e
0cc1e6de
1d95f33c
2109e7bb
0760e063
eed1f335
e6160fa6
e7f82382
f5c81f2d
008f006a
f234e3bf
d829ea07
de09fbf3
f52eeb6e
eee2e082
e8b807c3
fd402410
f6f4127a
dff81143
fecf1c48
25320183
0ff4e8dc
eadaec03
d8d7ee90
de59f8fa
039501e9
1ad3ecd6
fdfede2f
de01fd2f
f20d2378
18581767
142df03c
fe6ee33f
0491e27c
158be3fa
26ccf844
26d80304
f8f809ba
e2351ae5
ffa6fce9
011bd78d
fd88fe1c
1bff1cc3
0bb9fd6e
d8c7ffb3
ed1a22c9
1f9a1273
1506ebcb
f835e540
00bce2e5
12bae07d
224df373
2458fe4a
ff1f03d2
e82a1c2d
081418fb
2120f426
1ed8e938
14b8e9ed
f100e923
db3c0677
007e1c6c
1fca0dcf
102e0d88
06cc22cc
15081eba
1b100b4b
1fbc0648
21c4f86e
01ebe4df
dfa2f235
eb2b0fc0
0ce61bc0
1fe71b62
1d5c0fd8
00ab00b1
e0540a35
e3d820ea
f67e1d90
ef9e0df2
e1440ec7
e5a1166b
f4ac1c2a
077c2218
0ff01d64
01d6184c
f4a81f74
fdb922d5
0fda19ea
1d8e120e
1fc80b2c
11f30a30
0db4195f
237a1fdd
238f07bf
f4dafef4
e0a51435
01b40484
082cdaeb
ec5dead0
e793180c
ee9020e8
f6871c1e
157d114e
1ecfecfa
f20ede9d
dc24fea3
03b0074d
1a34e793
fe15e31c
e1d100db
d95514e1
e4c61475
fe3cfd7d
0321de2e
f29fdb1d
eaeaea86
e4b1f4d2
de3a0012
e2450acb
ea4a15e5
f667223b
00b4209a
faff1636
eb58170d
e9f824ba
01c2220d
15caff1c
12f2e493
16ffef48
2426fe13
1a6b077f
141e162f
26760a54
21c7f4b4
12d90c86
1e38192e
0fb8f25d
f276dfa7
065fe169
1696dfe9
077e0434
08a62595
fe430b5e
decaee33
e359e51a
fb48dc1c
0c05e501
1268e9eb
f221e703
da5607bc
05051ed9
22c10aaa
0a8d10d3
081924bc
18130114
0c65dd0c
0bceefb8
20d4f8af
0be3e108
dec4f144
ea65210b
10771e57
00bff770
de2df552
f5c003f5
1fe2ef70
1bf7da2b
09f0e53d
0c98f0f5
1a37ef5a
2090e45c
0a6ae0bc
eb97f8e2
e4341050
e5fa0b46
e1eef8ef
deeeeb77
ec3de5bc
0501d9b4
085fdc5f
067e07c0
14af2040
ffab0263
d92af89e
f5c101ec
2038e848
150add64
0419e870
f3eadc32
e601e1af
0785fdc4
274d0255
153a0d87
10641d1e
1b93f9a3
02aeda91
f3a1ff49
16cd1c3c
269ff65b
fdd5db5e
e25affe2
ef291a23
e51b085f
d82a01c7
00cff7e9
1ab8e1d6
08c1fe3c
039627ae
f8131e07
e46c15b8
021c1525
2528f8c6
1f40ebeb
1469ed5c
03dadd4f
f6cadcf0
0d6ee75f
1845e4f0
fed7fe5f
02bd2321
1f5e0e8f
1289e207
ebcbe6ee
e16d09ad
ea8a14ce
ecca18c7
f9c52755
0a9d1f79
fbaf0285
e291f1bd
e31fe913
f644df80
0b7ddaf8
1100e384
08b402e8
08892021
05cc1eb6
f2f81abe
f09d28b0
0ad32090
1862f4fb
0bf5deca
0ff1f43a
2185f78e
01e2e1d2
db8af3ce
fecb0972
22bbeefa
036fe2f0
df6cfb39
dbc30483
e27a097b
ff961b79
21140c1b
11f0e34a
ee3ce2e6
f7e60401
20710916
2ad7f0b7
198aee15
1b120431
227607c8
03e30183
e0fd1300
eab020f2
fda51b76
024a22cd
12351f54
1604f36c
01cfdc6c
0995edeb
1cfbece7
01e1e30f
de7bfe23
ec1e1efd
141917fc
211df167
01a3de81
e6f3fb7b
ec0215ae
e787110f
dca80331
df73e93f
e82ce33e
0adafdfd
24f40225
02a0010a
e67c1916
fa030e98
fe44de13
e86acdc4
e8ffe936
0bfd06b3
22b300fe
fecef78d
e5261859
137f21be
257ef770
f5cafc62
eb8620a2
01d50350
f7f4dac2
f7d7f3e3
1ee81474
31880a84
1c27fab1
ff30008e
efa919d7
f86b2cd5
06e21efa
00d7fffe
e632f022
d05bfb32
de81098b
03d3f88a
1165e110
0fd5ece7
1deefa3c
2136e571
0cb9df31
1103fa0a
2121f872
01e5e03d
decbf035
fe3e0d5d
2347f5c3
fd0bd858
dbb3f527
086007e1
2246ee87
fce7fc54
f31b23a4
066b09e0
f1aedee5
d7c9f857
f68f21a7
23810e73
1be9ed63
fc93035d
f9242257
f30715cf
e13e0eb1
f84a1aa9
216c0645
1984e27e
ef9be66a
dd810e4c
f74e2184
0ba2fb02
ed09e07a
de9a0bb5
00402319
00000000
e6d6e838
f335df29
05c5db7b
0c6af9b4
165a1be0
101323a9
fa79207c
eb7817bb
e91e122e
ff7d15b9
21ab04e3
22c0e504
133be7f2
20fbfe6b
253fff64
fc6d06df
e5401bc7
f9a202f3
feedd8a6
035ee33e
1a6aed21
0e11daa1
f890e00c
0b6fe9f3
16c9e55e
05c1f8a4
02c620cc
18022e4f
1a7012fd
f563fd1b
dfc60659
f76a02ab
115ae4e3
1039d0db
fb20df45
ed850742
f05d1c21
e5ce120c
dd960941
f6ddf5d7
0fa8df8a
20fbe9e4
24bdf96b
008a0ba8
ec43206a
f77f030f
f4d6dbe8
ffbadfe9
1346e4bb
fc90ebce
ded90cac
e209233d
f2da1aa7
fbb9fff6
f53fe3d5
e44cdbc8
e08af267
f93311ad
10251cea
04b51f02
f1ce21d1
e956107c
e24d07bc
fc0e1c54
24130e40
0d9ee3d5
ea52e4c0
0033eb6e
0c99dc80
f134f09d
e44d14f0
e64a0e7c
df14f4d6
e16eed47
f180e6f2
fa5fdb98
03a3df76
1a77e9f5
1df6edce
ff8a026a
f7d921bc
13e9155a
1a3cea10
09a3dc69
05b0e1a1
fe9bdeb3
eb99e804
e3800564
fa6c1f34
20ea103f
1bbde87a
edcfeb8e
df3e037c
e7b8f129
e70fe433
027efbe3
246000c9
0d99fd67
e7d0197d
e9392fc4
fe591e2f
03aef5fc
ebfbe8a4
df8b0f46
0059244e
0db2f93d
e627e670
dee01478
07222387
0490f896
e0f0eaad
f74a0044
261bf9f9
21c6eae2
0e26eac2
0afbdc6e
fcadda3b
faa306dd
1c23184b
1c9cea42
f422dcee
fcb30668
21380ff4
0ac601b5
de290cb1
d65f1779
ed9e172d
16490e8a
23e3f729
0068fbf6
ee29210b
fe92250f
07c01902
195e1df1
224e0f6f
f9d50081
dd920db3
f8260563
0ddedeb4
03a7d204
f4fee4ba
ec650113
f33d1dcb
06e627b8
0cbd1c85
01b91463
f7591cef
fcf62ce9
0dfb1fc3
0120f606
df8ff30c
eb771ac9
13e51e69
069bfc52
db11f8d0
dba8082f
e9230b7a
e8f32079
f92d263d
fd07f82e
e972e077
fee3fa87
263f0576
1d420a6b
0e621f0b
1a65168e
1f63fe05
21e8fc1a
1df7f15c
f2efe35d
d925fbef
056a0847
1e26e700
f592e6cb
df9a049b
e64ef6a7
e5cce483
0080f391
2480fee8
26280bbf
16e31b39
00f21e0d
fb961f56
17b008a1
1933e443
fdd9f945
036625ad
112e23ed
12c3132e
222506d2
23d3fb87
131c0a32
180616bd
1c2efa41
fbabdf8f
dc38f345
ec1c18c3
19e41a4c
21ccfb37
f9aef9ab
eb431bfe
0de51c3e
203bf6c0
1675e79e
122ee769
0996db5d
f7badfff
fc64ff74
1b3510ff
2ed700cf
1fbdf553
113d0bba
1c9e12fe
15ceece3
f2e8dd9b
f8f4002a
22fe0f1e
25e3fff5
184bf982
1d55e4ee
0db8db19
029e0830
11582342
fce907b6
db03f467
e6f3e7b1
f681ddd5
00affc30
1f1b0eef
1dd8efa3
f012e295
d878031f
f5d71e2c
20290cc2
1d61ef98
fde3003d
f72c20b1
f7db1c2f
e4360ed6
dbdc1b03
f89720df
177403b0
1a71ec18
1b22fbab
210c08e7
080001d9
e3741014
e91a2aed
fe002174
ee4808cc
e20d12a2
0af81d44
2470015f
fcdcfbd8
e5a018fa
fa410abb
00addc8d
f47ccfb7
ed79e84d
f2130d18
fe1b2161
fac61c6a
e79815e2
e0410f00
e085fe14
e1ccf290
ea93eb71
f1dce244
fc5be02b
0eeee04c
173ce5a6
1a09fbec
211e018d
0bc7e875
e352e981
e76f0c04
08311de8
13aa21d9
174618d5
0ffcf12e
f974db07
0060eae9
1735e94e
06fdd6b6
f490e008
0d5ee9da
16d8e301
fc49fe20
032a23ac
23c107ea
1229de95
f243ff6d
09dd251e
1f1c00f3
0b40dfe9
0e0af1f2
2391f7bf
0aa3e89d
dfb0f29c
da650574
e42108ab
e322100f
f0f61f06
13e313c5
1ec4f1f0
0297e5de
e2d3f6c6
d6420539
dff309b5
ffe300d5
0fcde2bc
f67ad54a
ee14e604
082fe346
0aa1dc8a
03700318
12c31fc9
05d10a45
dbe8f83d
d07bfd6b
e6680ae1
0b631ad8
21fc0c9b
fe7af663
df310ff0
06472351
241d0401
009df849
e2c91640
ee322186
fb7e1a50
0596255b
14aa1f69
00d1f7d4
dbd9f76a
f14b1e4b
1a441a9f
013cfcb0
d9ffff3d
e6eefbb6
ee53e2a2
dc12edb6
e04f02fd
eb71f222
e8cce573
f9d7fa19
219e0303
2e9cebf1
1416e713
03cd08ef
04d12100
f2b12092
e5d51931
f6c9fc95
00cbdc12
020be1f2
1514ec71
162ad828
fa37dc57
fd910830
1dd715cf
17eef71d
f60ce1d1
ecc5dd00
e993e76c
ec4a1419
07be25a3
00dcfc08
dfd0ed00
f5b6fcc7
21f4f51d
2b31ea1a
1415e8a5
e7b3f257
dc2e0963
ffb3fd1b
101adeda
154aec65
244ef9bd
0993ef41
ddeff4f6
d5c7f9c3
e1ab028c
05cc1c94
236712e3
fae4fa39
d94a0d35
02ea06f5
1135da65
ec1febdf
e57b1500
e3c00350
da81f10b
fe94f50a
2334f00f
1ee8fdc0
1cb70e49
14eaf805
f0e7e232
d640eb7d
e085f657
f76deb62
f27de31e
e1f403cc
f719217a
0b95028a
ee1ce338
d82cfde9
f9b11e3d
243d0f99
1ca5efb2
f310fac4
f6372078
224c126b
1d48e8ff
f43200af
fbb125f1
08fb01d0
e853e24c
e163059d
016d206d
010716c8
e4c116ad
e24e2241
fd991d83
186b034b
19b8eb3b
0f96f1ec
1e1f0291
2f0cf3c4
1727e66f
fafd0818
029f22e9
01e30826
e52ce970
d793ead9
e283ff70
fab917d7
180617b0
19c1f664
fbc1df39
e6bce2de
e7fbeaf6
f49ceb8e
fc81e052
f273db1b
e739ed73
eb9e0b43
02d22082
1dc01afa
1ae90f1b
0b201de5
08cf2201
f6d9061b
e149ef4d
e931e16d
fa3dddde
0915f790
1ccd1257
1be118df
07561ff3
f8672289
eef61a61
ed390f89
e4bd083b
dad1194c
f13220bc
01f8f7de
f2c5deec
fad0f8eb
1fe10dba
2e9f03c0
1c41f437
ff2cef79
e311f481
d35601b7
e14b0b9b
059b007c
0e02e2d5
e8f6e3f2
dfec0f0e
0c471e25
20c80815
0cc10ab9
0d6f1d7d
20f106ff
0a90df53
dbb8edef
e300138a
0ab1ff59
06aadce9
f7f8fa51
14731d71
256403dd
02b3e111
df71ea9a
e6f40ff3
0f462094
21060654
fdb5f671
e4f014a8
02a823b8
1ee301b6
1148e091
edfee6fb
df8a0e10
fd352218
18ee04a8
1544e9f5
17dcef67
2307fee1
20ca1402
15ce1b92
fa68072f
dda3fc90
e325fc7e
ec3deb0f
da2ce63b
dcaf00df
09f206a9
18e8e6e4
ee97e2f2
dd630575
00f1038e
14fbe2f2
1307e99b
22420049
2851f553
0f9fe5c1
f549ed9f
e3700222
dcd51c5b
ee2d1e26
f7d4f865
f569df01
0a41dc80
1687e19f
075e06b6
07022627
fdee0779
df10eb40
e93becfd
fd94df59
eb74e030
e253f4cc
ee66eee2
f551de98
0011df19
1008e43e
1973e9d9
1d71f544
20c503a6
1db10db8
10f81560
0b281ddb
14171c6a
1d6f0cc2
1e0ffba1
1d00f1a5
1c7beb87
0dc2e3d9
e87eeb99
df100e73
0977197c
210b06d3
13f00fa9
0ec61fd9
04df0944
e031f4a7
ccf60558
e54211d5
01c1f81b
0616de6e
0cf7e77a
1f18f0f9
1751e63f
0184e243
fe03dcc4
f066e039
e6c00c85
fcc924a6
fec501be
e8bde4b6
f079e202
0760deea
0fcee417
179aee3b
1a6fe5e5
0319dded
e592f5ce
e90c1686
053f18b1
1da0026c
266ee986
1833e6ab
076b0873
03162382
ee681f5a
e31f17d9
fcdcf8f5
0270d9de
fc9cfb8b
19f31b80
1efcfab6
f9d9def7
e820e356
e8ede908
e654f2ef
e2800336
e08017d2
ea241ce7
eab9023c
de79fe90
fa5b1e8a
1fa01710
fe08f72e
d8d7057d
00a10b0e
17cbe11b
eb74e198
dec70ccf
0218045a
0f5fe005
0febe76a
221bfa21
272af0ce
0e2ee4a2
eebaee96
e0f50899
e8c51942
f2001aa4
f8502241
0b422168
14770053
0a2be1fa
04c2d85a
f7d1df7f
e68904f2
f41f2117
00a6060b
efdce231
e385dbca
e3dcf079
f72f18f9
107320d5
fd10031c
dcdef5e5
e53feccf
f3dfdfed
ff10f55f
1f3f0c49
3120fd55
1b5fef5a
fca50292
f7612091
075523e0
0fe718a3
19921853
221108bd
08f2ec54
eb71e618
f31ee6bc
06b4de7e
116ce093
1b0dee61
20cffb0f
1e6a055f
18180cef
13cf1760
1d331c01
2143050d
048ce6d0
e90fe72b
f529ee06
03f3dea0
f4a9d8d0
ea92ea5b
f682eeba
ff7edf23
f935d5ac
eaa7e82a
edae0ed1
0072212a
fdf71779
e8fe1692
e8ee2438
02462015
142403f9
146de7d7
0bffdb42
febbe09c
ec68f7d1
e90b194c
fe492799
06351c8f
f5d41d7b
eddb1e57
e38206fb
db9c02bb
fe2f1164
1f191016
138d188e
05122406
f976099d
e261ebf0
e466e693
fb7cdfa9
080eddc8
108be75d
15c8ef7e
1bc5f5c6
25f3efbc
1396e279
e840f407
dea00e52
ebc6fa8b
e294eb7a
eb021291
0fd222dd
02feff27
dc36f2f9
e7cbf32d
f7abde26
e6abe0e3
e378f845
eea6f48b
ef27e241
ea51dc18
e3faf1a3
f3121d0f
108f2145
fec1fa7f
db80f52b
f7dd0260
2174ecca
18cde0d8
07f6e7c0
f99fdb60
ebc0e013
04b5fe72
23f5075d
1a1a0ba1
0f511dc7
19dd19c3
1e1f0421
1d8ff65a
1c22ec9a
123fe789
0613e2f6
f100dc85
e8bde63a
0157e765
06f1dc6d
ee26f609
e80319c8
e7280ef0
db4bf99a
e6c6f332
f146e7cd
dbcdee0a
daa80309
f347f1bc
eb7ce161
e4290e34
03732767
012efa98
e119e655
fd34fc09
27fdfbc4
1b5406e2
154f1cb9
193cfc2a
fa4adaf5
e59af371
f085188b
faa62b82
00c02388
f961fe1f
e628e834
ecd4ee29
fdbee375
edb2d396
e23beb13
095d07ad
24dffa3e
fdd5f7b0
e9761e9c
13e11cdc
1ff7f27c
0082fc1d
f3b91fde
e9851e14
db990923
ddc7f1c2
e563ebcc
01100035
2201f9d5
09ade0a5
dee0f27d
ea09131f
0ca11a0f
1ea51ac6
1e9b115d
ffe9ffe7
ded50a41
e5921f9f
f67e1c7e
ed9e129e
e18c0f1e
e01501c4
e153f2b5
eb6cecfa
f32fe460
e967e094
e094f4cb
f2971493
10591ce2
1afe11d4
1d97091d
24f4fcfd
1c48efef
0174fbfa
f79a1e72
09c730fa
12e91b77
f5f0ffa0
de70fb0b
e89df052
ee96e27a
ec1dfa1c
fc322268
0fc82afc
0fad1829
00bc02dd
e46cfae3
ce470d11
e43417dd
065af2d8
024cdaee
02be016c
192a1bb7
06210874
da8cfebd
dad3fa72
ede3e4ca
f343de9c
0014e482
0edadf32
147ce5c6
2223fc2d
246d00ab
fe2c0278
e5df1a27
041818dd
20c6f915
23f9ed96
17cceb45
f150ec29
dcd60285
fac50737
1617e6db
0993ce1d
f87ce072
0b58020f
1dc20f74
0f8c2066
05a12687
f593fdbd
df17e939
0113fa90
26fff6f5
0a6601b7
ed0f22a2
e4201812
dbf10242
f8c5fc02
16f3e37f
04a9d85c
f383e704
f0bce229
e15feae5
ef821849
103d209d
fdaf02f3
ddbdf559
e64ee6e5
f5a9dc56
07edf786
20fb1036
192712b4
08881ec7
14221e2b
1db408b1
1f67fc6e
1fdff2d6
1443eb57
08fde4ca
fbbfd6f7
ef9ddfe0
05c40053
22a00ade
171f0b79
0b761cc6
1fd21b35
224c055c
0a7c0d96
0f241fd7
1f79ffa2
0528dc18
e6e8f47d
e9e3135e
e70f0dcd
dd06fd32
e1f3e724
eb88e188
09daf7db
252e0485
18251275
10771ed9
12c8facf
009eda0b
0858ea14
1e47ec9a
00fbe7ce
dd8200e1
dd2a1270
e6521404
f35f1687
00c61cef
10c1293a
18f21b87
f592fae8
d9d3fe8f
018d0181
1c1de5e3
fd84f569
fe642593
220c1432
1508e2ac
eb8ce9fb
e1a1069d
e765fc99
e544e7f8
ef92e9b2
ffe5e3c7
ee64d53a
e08ceb36
0ae504c9
25d1f8cb
ff2afff2
ea1f1fc2
fe730a38
f8f1dac6
e6deddb2
e888f1c6
e1cdf783
ddb1070e
f9701783
1d540fee
268afc69
1d16f7d3
1bd9032a
1e510db7
145719e3
08a921a1
fbd918f5
f0701935
fdc027c2
0e47201d
fa8f1220
ef111da9
101618c1
2083f15d
ff2ce1b7
e1d8f7eb
df5004a9
e05f09f5
eca719f3
f8951e39
edf218a9
e1c5100a
ddfdfdab
e164f51e
fac7f8eb
1ba4f0c2
2345dfa8
0a44dfc8
ea63fe19
e42d13d7
e2c40173
ddd9f589
fd67fe53
1f47ee09
052ee236
defefd42
da05130a
e3fa102c
ea81020d
e258f9c0
d9f70a05
e7131644
eb3f04c0
dd12fa86
dfab0681
eb151347
ed3b2276
fadc2391
03fafcd3
ea47e339
df620678
028a2309
18c00b45
12aceb04
0d58d776
01bedbec
013f04c1
19d019ad
196afd3d
fa1ce10a
e90dd8d6
eadfe514
037e06e1
2280043a
091add1a
e0bce8c5
02d109cd
261df9bd
021bf895
ea031f4b
05fb1e11
1da3f63c
2119e324
1639e7a2
00f60037
0407208f
19c722d6
19ad10e4
0af70eb1
08a31d46
15f927d7
1c74145c
fb5bf5fd
dcc306a4
feec212c
1f990d09
02e8fee4
e16d0d50
dc340885
e04fefda
ec53dda7
f84edf5b
07e6fc77
1d88117c
18540ea5
08111ab4
1ab5272a
22ba0cee
f44afb4e
dddb0f3c
03190582
0d44dd2e
eba9e95e
e4d61221
ec530ce4
de30f534
d4bcf72f
e47d0cb9
0b341b4e
20ff0977
0252fcd5
e2a71245
e70a1fe7
f7351cce
08df1d41
12a31ae2
08cd1be0
fa112129
eb721d68
e23811f7
e5d0fec6
e342f6fd
eada152a
14251eb4
205bf096
ffafde8b
ff54ffc6
171415df
14531f61
fef423b6
e41f1e5f
e33b151f
ff81f4e7
03bfdbe5
0124fd45
180e1b10
0d57075c
dcd8fef0
cde81293
ea7915c9
057ef98d
ff3bdfce
eae8f096
eb5717af
f8972b21
011d216b
fb6c01b6
e5bae9cf
db2cee26
e33a0123
f7bd1bc9
18bb18b2
1950e9e9
f810dcc5
ff910239
1e8e1273
155a13e9
02ed2310
0b262264
19ca0e62
22d9016a
218cfb08
1530019b
19751141
2a050b57
1facf7a7
fe4cfdc0
ef901bc6
ff772b55
0a2a1ef8
fb23140f
eebc1d2b
fd2f2259
0bd81b10
12961e37
1df5120c
0f69e88f
f15ddf92
ff5cfddb
20b40cad
1ed01004
0a651e6a
017326d0
f61c1ced
e1e1139a
e12b0f1c
fab9f869
0b72de9a
1063e5ef
1dbaf512
1c62e91b
05badf17
fc50e400
f524e34d
de33ecae
dd9cfbb7
f252eafa
ef3edf46
ec2c056d
fd3722b2
f28a18c2
e02912d5
f5390137
07b1dc6f
fd2cd3e1
eea1e8c7
e78d06ab
fa231f8e
19dc139c
18c3ec8b
f70bdd65
e06efa62
f641225e
17591b4e
015af774
dae0fdda
f08616dd
19a113cb
2313103c
1f71067d
074ce55a
e7a3e571
f9c406f3
21db0159
163cdf0b
e7f3e868
e1f61966
03202233
021bf78c
e46de9f4
f6dbff44
2332fafe
26feeb68
1490eadf
04b0e5f1
f8b7dfa5
f3c2dbbe
e842e8cc
ec2215e1
080723bb
fdf5ff65
e0d6ed9a
edb9e928
fbfcddd7
f008f140
ef9c1c4f
ff3e311d
071020c9
f5b5fd99
e187ee17
f0c1eab9
fbcfdf97
e706f545
eeab208b
13d517f9
1d22f24f
1583e7a8
10bce49a
007cdd9b
f409e213
fcf1e929
0cfbe328
0982d65b
f38ae0c9
eb8e07b6
f5f31ebe
efcc177d
e0d30da2
e0c5010c
e267f3e1
dea2f9a7
e3e20e60
efe81e27
f6b5200b
ed841541
e11a0e47
e73304f5
e459f62a
d40301f3
e2e112fc
0255fbad
0753de76
0782e69a
1bd1efff
209ae020
05efe077
f89e0464
11171a65
252dfe82
0704de31
dba3f6a1
e6661774
020cfc3f
015edcca
0aa4e683
1c2ded1d
04c9e83b
dd48fd6f
db8418fd
ea4f152c
e2a60171
dcc6fec5
fcb4fd71
1b38e769
0fe7dd91
fe34e5bb
f271dc24
e6b6e367
02670783
258d0214
07dee403
e321eb68
f565f0a4
004cdd9b
e7dcec11
eaa61a2a
128c230d
20cafbcd
fd6ce200
e50bed9d
f585ee4a
fcc5de54
eac9f0b5
eca21c1c
031a297f
064a1d47
f6451cca
ee561da4
e7e509aa
df370390
f626189f
1ed512ca
182bedf9
f3cfe182
e89ee968
e6d3ede1
dd21fe39
e0b80ca7
e983fe04
e22eee78
ddfcfb1a
e47a0bc2
e4be1519
f0641dd0
0ec210ed
1e4cf348
16cde36e
0c2fe228
033be3a6
f53de310
df5eea3d
df65f710
f3f5eab2
f21ade5c
ec8c0117
fa38224a
f1a71b8c
dd5e0ef1
e35dfdfa
e5e5f2e1
e7b310e3
0eef2157
248af3d5
062bdcb3
fa6b0680
13371dc3
0b0f0206
de8bf73a
d26b112f
e8971429
e4effa1b
dc0cf96b
020a0213
1f2cebed
fafbe35d
dbf5004b
ec32fdcd
ec22e04e
dcdbed13
e4d00172
e574f5be
e568e87c
fb22dbc7
041adbe9
074602a7
17b51aa7
083f0846
dd0eff99
d04c0c9f
ea7914e2
0ec60f09
201c00cd
1964016e
17811451
23271a5f
20ef00e0
fdfbe1ba
e3b4e8ea
02e4ff70
2574fb57
18c30525
15e61987
1cc7f9ac
fa4ada23
e0aefcde
f1d71c81
f1770f60
dbfe0735
dd420d62
eeeb1637
02fc239f
0960224c
f35f1a38
eb7f1b73
00950235
f994deec
dfe7f0e6
effc1c63
1a121df3
207ff71a
f74ee3a8
e126f3ab
f493edf8
f559dca1
eba8fba0
f7591f6e
f0421ce2
dd060e59
db88f668
e264edc9
0381ff88
2243f5c1
029de481
de7df721
e930f937
f1ffdf48
e8c7dc6c
e451f64d
ef8e1731
0dcf1e47
1b5bfd96
0764e0a4
f75addde
f25de21a
e927ee47
e1aefb03
d9bb00a7
e15a0f2a
092e155e
22c30584
154a08e4
0ff71e0c
1c6616d0
1f5b0214
1efafc6d
1bf2f11b
fb8ce133
dba9f8bc
f6cd20bc
19f61845
fd6b01bb
dbd30222
e115ef82
ea7fe07d
05a2fb10
24fa05fd
0aa2fda9
e2f61623
ef332c85
01571ca1
f4e11197
ea27191c
edfb1e40
fe15203a
13181a5f
17531366
0fed1bd9
04ab2247
ebf71f1c
e5ad18ee
feb3f8f4
0114db31
f945fbad
19441a65
2503f474
f8b9dc06
e1eb00b8
f0c11b66
ed131016
dc8b0424
e48cfd6e
e9feedc9
d522f04f
dbb107ac
0b16fe1e
15fbe0fa
f888fc00
05342647
239104b3
0d19dcc7
fd8c01e1
103f21f1
fd831c0e
ea511fc7
083b0fe3
1ecceff6
20a8f7c5
21e91137
11852072
054b20e1
0015fde0
e438ecd7
e40416d8
0efc22e0
0acdf629
dcfaf240
e7d01a81
11b91ade
07b5ffb6
e0cff9ea
cfe1000a
df9f0ad7
0bf710c5
23c8075b
13d2154f
0e742313
ff15ff45
dbe0f219
ef85142a
17751b44
07871859
f501239c
fc700a63
ee00e142
d8ede218
e297faa5
025e018b
1990eec3
1348d9ed
03a0df26
0cfcf01a
1c20ec58
114ce316
0204e275
f9c8dc73
eb68e42a
eb920a54
ff9f2187
fc481851
e65f161e
e51b1f2d
fd981f0e
1b320839
1875e814
f6dbe944
e1ba02e3
da200fee
e54b16b2
0dbc0e1d
229dfbcd
1b930962
187e188a
04aa0998
deba0162
d21e0f92
eb4718e5
0fa60b79
201efa9c
1f2204c0
1b4b1663
0a411ac5
00921ecf
16880d6c
168fe3c4
ecc8e1b7
df1c09f2
fe05192e
19210dcc
27450724
22f2fa8f
fe4aed27
e126f0d9
ea1debff
f8d5dd80
03aae1f0
11ede68f
0930de53
f3a1e1fc
ecd2e8d1
e437ef5a
dd5101fc
e3080aed
e4900173
e25ff455
e53ce69c
f279e004
0a1fdf14
1059e269
febcffea
09782142
23350622
0a6fdc8a
e696f210
e7b71132
e5280896
dc39f6e3
e85ce5b3
f3b4df87
005cfb51
1fe70cce
29dcf817
18d9eecc
1802fca9
20fa06be
1b82107f
10e71bfd
05e22117
f9c82019
ebdd18f7
e35e11b2
e8500524
e2f2f8b1
d6170712
e5e71696
fef2fb5d
0141ddcc
0b4be0b9
1cbfeb01
1de9fa54
1e3f065f
1f99f97b
176fe7b2
1159e4ac
0408e226
e616efa0
e5fa147b
117a2078
23c10109
f941f49b
e53e18cf
10811eea
2204fb06
0054fcd1
eb401be6
e792176f
dc99ff57
de07f47d
eb8eeabb
f151e39f
faaae2c3
0a43dd7e
1405e3ac
20d5f8df
2134fe6a
000bff4b
ea851795
09932416
23b1fc0a
fdced7cb
dfd4eee5
07d304e0
24b4f451
03be015f
ee5a2414
e94c10a8
da370078
fca91802
259b0fe4
01b90268
db400f66
df2ffd64
e35aea04
fce7fdd6
2182f9a4
0d89dde0
e09df0c5
e80d2091
0cfe1f10
04e4f573
e090f287
e9c415f5
0e871cf7
0b051138
f35f1f58
f9c32f96
0d601bd8
01bdf831
e21cf607
e3d81466
0e531cb2
25cffaaa
08f7e106
e5e8f509
e47f0f75
ecb30a58
e10bf803
d2defcbb
e4b21117
0b161307
1e7a0644
1ba40983
12e11acd
077c2564
f9d21ffa
e9f51457
e59312ef
fd73129f
1f58032b
2d03f091
1bceed36
fb900455
fa0c2220
15fe111f
17dfe769
0b88dea5
05c5e1f3
f2a2e1da
e792e920
f5e2e676
023ddf0c
090ae474
151de949
1b42e1c3
037edf10
de40fe1d
e70f1bbc
05cbfa1d
fcabd9f8
fe25fe77
1e501734
0bbc05e6
db5306cb
d1af0ef1
ea3e131f
166612e0
256afd88
fb32ff8f
e8201d5e
ffe4090f
fbbcdad8
e6f8de55
e78af1ed
e301f249
de1002de
fde51ffc
1f0b147a
0171f4af
da930675
fdae22f5
217b0d23
ff64ff6c
deaf0def
df900020
e311ec55
f808f7ab
2078f8b8
295bdffc
0c6ae29d
feec0a5f
0b921d6c
074807fe
e436f38f
c902fedf
df740ddb
0aabf481
0cf3dcad
02260309
12072384
ff9006e8
d847f4dd
ea4aeccb
f803dbb2
e79301fa
f8db26d3
fe350342
ea08e262
f83bdbf3
0bc3dd16
0ecdfcda
12431f01
05d52663
f5b11fa9
f42103a8
eebde319
f23bdd44
077de057
1635e4a6
1b2aef73
17f8fb79
1c4a0530
2aa4f8e6
1bd5e95e
fe420565
fcd023a4
f8a318b6
e52b11f9
ea26220f
ff2c2165
f9640f53
e5961352
f009275e
0339211b
ef880fe1
e2ea18a8
0a4711ec
22bff9af
1c170bad
19981c8f
fd3a0581
dae3ff07
f374039c
18a8e6e1
1144cfe0
fd67e0db
029904af
199a1606
21e309b2
1bd3fb91
22ddeed6
18fce410
f909031a
01992651
1cdd03fb
1061de15
0fe9f6e2
26ecfe7f
05a6e448
dd21f123
fda4fe09
2216f127
24d20313
1f9616f0
fcc00be1
d9fe085b
e359fb8c
e7b2eabb
e8100a76
0b5124da
1d02028f
08bee0ee
028cdc8c
fb36df72
e3e1fe96
f01722ce
149f0f35
1b1cee0c
1d0bfb9c
24a20ebe
0def1899
06132103
1b22fd0e
0d3fdb6c
fa9e01b3
0fc021e9
0bd304da
dea2f36f
cf400aa3
e6ba1077
eabbf78e
dcfaf645
f3ff1067
150d19f9
0b241d29
f4d623ba
eb7f13e8
e4f10bc0
fc661c88
21440a74
1249ddad
eb2de26d
fae70cdf
24760766
0f2ee031
e6cde7da
ffdf0008
235dfe39
1ff30eb1
15c71f1d
fae10a4b
db8bfb35
e172f58b
edfae556
e5ace8ce
e0e00116
e19110a7
e6241531
ed010986
e14bfe4d
d6220be4
e97a1773
02bd0101
fee5e02f
ea57d9be
e89ae944
fa89ef64
ff1be10d
eb71db4e
e611eaea
fbb0ed9b
fed2df6a
e66af059
ea521a77
12371ec1
2153f956
0279e69e
e626f07d
dbb2f529
dea302c7
fe861955
1cca1322
08d0fdcf
ded006c1
d9131fad
f0251aba
fb78f9c3
f732e150
fd96de6f
10e6e31b
1cdeec06
1f27f8b8
1b1c0391
1acb0e7b
24fb0ab2
1f6ff4d4
0156eac4
e309f34c
d5cb016a
e2a50a33
fd2900a0
0bf8e5a8
0100ccc9
f14fddfc
0aef0a88
23b80de2
fbbb003a
dc550f7f
fde40311
0e51dc5c
fc64f2a2
0e5e220f
2a091942
1d38056c
0c5c1780
11af1f11
02d4fecf
dd98f632
e62415c5
13a61a37
1fadfbc1
06dfe31d
ecb4de7a
ebcce52f
015ee01a
074adcc1
06b5ff9b
15aa1ede
0b3e1987
f4641e84
0a9025cb
19f51441
01071cd7
fc0a2855
f914fc4f
e5cfe12e
0006f8c1
27cd02dc
1a9e09a6
0fcc1bed
1d550099
025dda45
dc71f5b0
eb2f1a22
04ce03eb
fcefdf32
ed70da5e
ea1ee843
e8d6f755
e1bf0374
d83b10b4
e6e61883
07a2fc2c
008fdbf8
e3bbf94c
eba71e9f
f1850a3d
dd8ffec7
ef6c1c9c
1daa16b8
16e3e850
f643de9f
05d7f01d
1797e5d9
f106e3a2
dbb708b5
058d0c0e
1385e04b
ebf6e23d
e2da0b75
fe6b0a6b
0cc0e4bf
047acaa1
f794dd17
0a2e0b0f
217d118b
fc930196
db150dbb
f83dfe95
0f7bdad4
16abea79
237efc1f
03baebae
dab0f1ad
ec5cf688
fa62de80
e0e3e303
dfa2fa4c
f3c5e82e
f1bcdcc4
ff630227
21e30e68
1569ec42
ee34e315
f328ee9a
0aece07a
0395cf7f
f0f7e3a7
ff170ad7
1f2e0a0a
1483e536
ee2ce32d
f5c4048c
214a07e2
2b13eec0
18acef53
1b0302b3
20810454
06e90385
e692140c
e08924fc
f95f2008
1561003b
1939ea7e
1bf3f850
22fb04d1
0867056a
e40416db
e53c22b8
fce61b64
198a0be3
1c30ece8
f0a5e260
dbf70127
00160544
1784e508
102bdc59
035de330
eda0e4cc
e576e95a
f851e479
00f7df07
fffff70b
16e4155e
314b1310
2238fefe
f2f002fe
e707194a
06f80506
0024db74
db5af577
ed581fc0
0844fe9b
f64cdcd9
f98ff65c
1f2e11a8
2eb40f86
1d2cfde5
fc87ea6d
e435eac8
eecff32d
fc33e214
e7f9d78d
e166f107
0653ff23
1fe4f40a
1c88fed0
1e9e12f4
1f4a0af1
19ecf6cc
1bcae240
1182df01
04fa05b7
0c2f2426
febc192b
ecf019b9
0e511a51
24abf3c4
f8d3dfd5
dca0f831
f58af184
f5a8dac7
e30b018f
f7ca2605
ffe90019
ead6df3d
fd8ae3f1
10d4dfc0
f2c6effc
e10312bd
e9b90dab
e1c3f4a2
d25cf9e6
e30f120f
0d2311fb
1fdb03ba
18c312da
13ea200a
f99d0820
da46f863
e7daeff8
f2b7e0e7
e6b9fe71
fbba2618
16861160
1418e9fc
1337d916
0a47de54
fbe30595
10751e1c
2237f5b0
02f0d9f6
f430060d
187a1d06
1c7af316
fcc2de75
059decd0
1bf9e95b
0181e5a2
dc7a0154
dfd71928
ec6b1416
e3380b7c
dd7104f8
e511ec96
e82ce3be
01530280
24fb03cf
099ce0a5
e008ea3d
00af0320
25b4f8e8
193c038e
17a619e5
1be8fc75
f991dbae
dd7ff626
f1271b5a
0eb817d9
1c39fcf4
1bb7e14f
114ae15f
1a24fb7a
241bfadf
008cec0a
e02ff33b
ebf6e844
f77bd94f
09acf96d
22d414e4
0fd41760
0039208e
1bd104d0
13aadcbb
f47efe90
0a8e2583
1fe4ffbe
0a61de7e
0a4af291
2230f721
0b94e14d
dde0f2bd
ea4f1d15
11481b67
04e3fff0
df63f975
d323fb2e
e172081b
0b551acb
22520c82
fcdafd6f
e0db0fef
f8930b80
089ee05f
fa10c982
f13be1ab
09ea0a56
22270b75
ffe3f9d2
de77111b
04cb1de8
23cf0202
11d508b1
1130208c
194b036d
0424dcdc
efa7de64
eeaee853
e8aee6a4
deebf8d9
f5561da5
16731bed
0403f932
db85fbf2
ed8d187c
18cc1581
210f0a9e
1f0e0771
1d3af255
14e8e62b
1c8ef584
24c202c8
15180ea1
114717f4
1e0ffce4
03e0dc11
d910f8e1
e8e21d63
08f3f996
fb4bda8d
fe1eff56
1da21648
0c8905a6
dcf105f0
d0ef11ce
e9dd1592
13870ba7
2351faf1
15b108ed
1923179a
14f3f709
f80add6f
faaae79c
154ee5e2
11d6d86c
f8bee0e8
eb5dffc8
efa71bf3
f7e0239b
04bf1e16
1b68062f
1412e33e
e7bde7ea
dea00c8a
017204f3
0e4ddf01
039fd9b6
fa1ce3e9
e64ae98e
dfd8f2e8
f2cdeb1f
f5a6dfd6
ebc1f6d3
f3f01d09
06a62f80
0ced1f6a
f555ffde
df39f4b3
eb9aeb64
f411decf
ee44f9c8
f81321ef
00e92ab4
099c1c86
18e7f95a
0c3ddf53
f9ddfa05
0eaa1d99
29d6184a
205f0814
0781132f
0db11dbd
1f96fa5d
0860dc1e
f53801a8
13e9200c
1e97fa4d
00a4ddca
04f4ebcf
2080ecbf
165ae2fa
0033e4af
fb03dc2c
ee42e000
eb950da5
fee425ed
f4c0100d
e15b1137
070d1d63
25f401b3
fed7f5dd
e3a618dc
06061fc0
2190fc5c
1b30ee7f
18b8eed1
102bdc59
fc33dd83
05b2feff
1b00151c
13901e94
002f23a3
ee7e19b2
e7bf15ca
052a134d
22a8fbbd
1fa9ec8a
15efeb1d
05a0e096
f79bdfa4
087ee211
17afe28c
19b9fa16
1fbb01be
07cae410
e1bae852
fbf00bb6
260cfb87
0545db7c
dfa8f157
00090391
2146f3bf
1d53fc0b
1cc31502
211a0df6
1c32f5d7
1702e664
1228e478
105def02
1bf8f718
26a0ebc8
1185e10d
eaa1f77f
e10d0fc7
e435faae
dec2ed71
009cff3f
250bf512
036be603
dcf9f823
e8bef3af
f3bcdc5a
fc2fe31a
0e84e5b4
0374d6b7
eebae329
ff4e000b
1f8b082c
2bc0ff1c
1d8ff223
fb13edf4
dfe6f886
d9a301e8
e30b0d23
0442198e
23580897
0ee4eb81
eadee867
e147e7e3
e074f38b
f70a197d
16d41e14
003400f1
da92fbad
e47ef6f5
f067e1a5
e427e916
e07b0124
dfd1056d
e3d70f8b
08131e0f
256b053e
055be311
e4d1e992
fbeeeac7
0543da1c
ec93f701
ea441c14
e6f70dbe
db1dfc91
f63cfbb4
1b30e8c6
15aad74a
fc3ce24b
ef89f9b8
ec67138a
f25f2e0e
02582632
f898f49d
e18ae5c3
04b900e3
29c0fbd0
ffcd00ab
e5d52208
fd500186
f952d568
011ef853
22d9184b
113c164c
fcd62237
193b0d3b
14c1dee5
ec7dea2f
e3800ae5
e59603d8
e152efa2
e882e113
f8a9dddf
0e94e599
12b5e640
f2f6ef31
dd860a08
eaa807df
e54aed33
d183f83c
e3970dfa
004cfb41
09d1e259
1558e200
20e2f227
239c0abd
1da5109d
fd20017d
df840a4e
f8a51c63
20680ad7
231ff52a
1ce8f3f1
1b6bedf0
097ee248
ea79e957
e3210c84
07f92445
20600afb
fdb3f32d
e1d90e78
04fb265f
21c7096c
fd2af093
dfed0fc0
0a0e2688
259504cc
f610fa29
e06b1814
02ef003f
065bd837
fe21fc22
161c207c
0cde04ce
dbb2f7c9
d30e138c
eb8815cc
e4a7fbf2
da0afc3c
035701c8
1e73e7bc
f841e829
de8f0489
e505f719
e677e395
0060f39d
2564ffdb
25740b4b
152d1c29
035e1c29
fbd31c32
177910d7
1ca2e715
ea68e32f
dcdc08a2
011cfd42
1128e00f
206ff0a8
2929ffb8
fccb0a50
e40d1e65
fdf7fdbe
fc94d75c
feeffbca
1f7017f5
0cdc0493
dadd0713
d563161f
edcf1625
0e4e0f3d
22a5fa84
1977ec0c
0fa7e84e
06e9d8c8
f65ddda1
04ae00d8
1f191059
160813cf
06ba20ce
0eb020fc
1c520d6d
20ddfb57
1f03f76c
1c2eff08
1c4b0d6a
19aa195a
0b051f24
f7e020c3
f2411b88
fb1e05db
f663e426
dc43d90a
ddd3f440
0f2effcf
20f4ee2d
002503c8
f6c124f4
f8470768
eb07e0ba
fc30d885
0ec8dd1e
0b300484
10e821a7
fe5c0bc2
dc61f6e1
df60eabe
f1a6e155
05bff35d
20c70953
23bf10b3
0f941c22
ff0423ff
f95b1d0d
fbc90675
efeee79f
d525e205
dcdffa70
0e02ff42
1daceada
fc09fc25
f9bb2504
199110a3
16b6e559
1131f270
26050619
22a6f9ba
1186ebc8
118adcb0
05eddc14
fa940518
141b1cea
221ff27e
fe77d99a
f5950741
1ca11abe
1894f1f3
f77adff7
0758e571
1b68e3a8
08c6001a
002526e9
fe821d1f
e8fe124f
edab29d8
085922b8
fa0ffb3e
e24ced15
f1a3e8bd
fd90de12
eec9f0d4
ece71baa
010b2d52
06231f56
f33a1492
ec861a68
09f81564
2241f762
17d4e741
0f16e88d
091ad9c5
f6f3dccc
fe9c0574
1ee51306
19a2f19c
f25bdfc4
e688eb3b
e844f08f
d874fbfe
de590de7
0113fb29
0e30de50
0f40ea05
1fb4f827
1e7be638
0989e124
0d32f176
1f15f333
1c5fe72e
0a0fe1c6
fde7e53e
f447e37f
e023e5cb
def5f709
01fafa2e
1da8ee97
2030f724
1f380adb
1871130a
0f361bac
14ca1d80
1dfd076a
12e2e76c
f0aae347
de7a0ba1
f9bd220c
088bfd48
ec31e4cf
e01eff29
fa471e6c
184b2292
15ab18d1
fcae21d5
fa8f2472
faccf9cf
e82de1a8
ff44fdff
275d0390
0adefddf
e2651a22
eb9224a7
fdc71978
10161e50
199e1a5e
03be1533
fcbd2037
15dc126f
1773e983
f2b1db9d
de43fec7
feb723a0
1c5116c6
fb7eff00
d9d20500
e92ff765
eae6e345
e5d00c78
060d2879
04c2fa5f
df44e77b
f96803bc
277afa99
0db7e5bb
e232f1c7
da88fa7b
e01800f7
f7ea1752
1c8c132e
1d43f0c8
f9a8e1d9
dc06f978
ec341be6
1b7d13b0
2073f443
0065032d
f25a1f7e
e64617fa
dd9b084f
f522f7da
10dce2ac
1899e12f
1da2f5b4
265b0ad6
1f070f3d
fac60a4a
ddfb0b5d
e4aeff50
e5f2f066
e50f0b9d
0b3420fa
279afb71
0c80df84
f2170287
0c18214e
2698fa67
088edb0b
f96f089b
15b1211a
00030022
d8d1f81e
f7cdfa48
20f5eab0
2343f7dd
1ea30de6
094c06c5
e2900d29
df6428e4
fb4c20c5
fdd7f54f
ec10e477
f9f1fa13
2280059b
2dfff92a
170fef9c
fb09ec2a
e139f74b
db7d1464
e88e1779
e219fe41
dc25fa9d
00bb0064
1d26e9f2
fdcee2f8
de140224
e01310b7
e653119c
f44e1e42
0228207a
f7301b08
e7df17e3
e0bc0cb1
dfe2ff77
e5d5f35a
e820ea1a
e44bedad
e195ffb2
e4381812
eabc1bfb
e2e2050d
dd1bfea0
01270375
199be8d4
f0e9de6b
da6d055e
075b0d2d
1817e18b
ea4de330
df430d19
0028ff52
0d5fddef
1e15ec38
2909fbef
fe0709a4
e6d720c8
fed8ffcd
f8d4d761
f982fc06
22e3161e
1b27f4ed
ee3ee34f
e733e0d8
e81ee896
ef341814
0cb826d1
fe65f8fa
dbc1eea8
fe9a016e
245ff25a
07e5f7c0
f11721c9
fef62d2a
0b7f1b57
10cb119f
1c930cd1
2ad9fd1a
1fa4eff9
ff7e0891
f54c23cd
ed161230
de5b09ab
ffd91a40
257d090d
05befa92
df8e14df
e7331f28
f69b17f5
09872217
15011ff3
fc281566
f2e61e5e
191b129e
1f5fecd1
f652f71f
f76a2221
20df166f
1b41eb65
f33df820
fa15216e
220d1495
1a82ea0b
f319f928
fd0c233f
1f8d1158
15d2e9a4
fcebf5a6
00981f39
131d30ca
13e31acb
f629fb4b
de31fbb5
f92d0583
1b7bea89
0b8cd290
fbc0e2c3
1298e932
1857e367
065e04b8
03282620
f6401a8f
e49a149f
04d319ad
261afba9
097de57a
e570f119
da69f514
dd32ff45
ff161522
1d6a1387
1118123d
02c1224f
0cbc2222
19911043
218401cf
210dfb75
178601c7
18f31126
27bb1030
2195f8dc
fbd9ea98
e25ef150
ec20ebb3
f803ddad
0387e410
11dbe650
06b4db75
f449e13f
feffeb41
0f88e2b5
0974d778
f51be1a9
eb5900f6
f3fd1d08
fe302702
0a391ffb
1474ff6e
0abfdf3d
ff00dcf5
f7bee343
e266ed1f
de4ef8c5
ee52e6a8
f0d9dd42
0595ffc8
240c0c3c
08f1012d
df5812b2
e2f61e66
f52b192c
0ba91e85
16991c80
fcc320b3
f334252c
fb80f913
edc5dc33
ff5400f6
26090c70
05def740
dd0010f8
079926ee
271d01f5
f7c5f772
e1f919e1
04c806bc
030dd865
e8f4ef8e
ecf01824
e8331336
d9e9fedf
e0aee80b
ecfce26d
0759fda7
223b05c3
0a24fc40
e5401432
efde2fb6
02912072
ee670baa
e5dd1752
0e111984
22defcca
010efd3d
ea1d1afb
eab916dd
de30009e
d5be0425
eb8b173a
15f217d4
2192fcf8
fcd6f9f6
eb3a1b6a
07711ebe
1ddef9c3
1d38e069
1592e501
1697fc18
1fb3fdf4
09cfe551
e272ec09
e926107b
09da1e85
155d1c8d
19bb128d
16a4f410
f8fae0b3
dc2cf732
ed881b35
1e3a16c1
22ecf582
f54affe3
ee3720e8
075903e1
f56edcab
e04efb0b
f4331f86
fb6113d2
e10709a7
d78e1ef0
f4272042
0244f31c
f087df3b
0000ffde
23090c54
0c8d0135
de89100a
dd9b20e2
f75b19f9
0ecc0ce1
1d91f5da
1429da37
05e9de6b
172ff475
20a0f049
fa5fec1a
de44fb6d
e7c5f19d
edffe111
ff14f480
21d306c8
2f5000fc
1be1f056
efcee972
dc98fbc5
feb8fab4
1ab2e7d2
22b9f78c
242e089e
ff8008a3
e1681507
f7290773
0487dc5f
f67ed17c
ed1de877
ee790989
fdcc218a
0b542073
12ac17b1
216609a9
222ffd8f
17e90f93
17d91b51
01c10447
dbd8fec5
db870ffd
ecb01527
f2b01d95
01ed2290
12ed0ab2
12d4e7af
0916d350
ff0bddc1
065402d6
197b1773
12e6125e
00bd1d9d
113d2c28
1d7c12f3
f7f5fbd5
ddce075d
f7f103bd
1320e351
0c6bd2e8
f9b8e20a
ef9cfdb8
eee21a02
f9212c2a
07422034
00b7fb4d
e3d2ef15
e1550cb9
08d61e0a
267c0534
1130e4ee
e187ebe7
ddfe0b00
07c1ffc1
103cdee7
fdb4f789
0c6e233d
1e101c7c
18e20a49
21160614
21eff349
fbf1e899
e0bcf674
e91ff5d3
f25ae155
ea45dacb
e2c1f548
f3bd1983
0d581d48
07da018b
e1eef4bc
cdb408f4
e4b9117b
fdd7f582
05a2df3b
15dbe49a
202defa4
07fe05e2
f42e22b7
f5f51b8d
e6950b15
dff422c7
fcb825d4
fe35f4a2
e706e27a
0221fb7b
270202ec
18250e7c
0fe02056
1856fca0
005ed9de
fb00f915
1ae218f3
25a91ab8
1d0207a1
0385e30b
e852e3de
015a03d4
23a900d5
0bc9fa68
e887194e
e9272fc4
fcb51e9c
043af60f
eb9ae77a
dfc10e0d
01f52305
0bc8fcda
e550e9fa
dc5e08be
038d1e2d
245a0b15
1572e83d
e92fe7a8
dfe10497
fde80459
11ede5f5
0e7dd38a
fd36de8b
ee1e0396
ee901ce0
e7e013ce
dcf705ae
e586f4e8
e77beb0b
e8cc090b
0840229e
1d4b07b1
0e13e467
fb86d969
f7f3df2d
05b8e944
11dee414
049edf1c
f5a4e3fd
eb29e1e5
e1a9ef44
f3281063
0cc11d7b
06fd1c69
f38e1f5c
e33a19e2
dddd0c73
e6d0f42f
e522edbd
ee541749
0fce24af
ffcef84a
da8bf1c9
ff1c0452
233cefb3
0219f459
f39c225a
15fa21e7
1c85eee4
f39fda5c
e05ef7ba
0397090a
1debeea6
ffb7e176
df74fb92
df9c0b6f
e3c00cdf
ed591cc7
fce121b0
f2c9137a
e1cd1259
eade195f
fcd51d7c
0984249e
12701c5c
031a0032
df59f9c1
d5e01185
e8321504
ea5aff65
df39fc06
eec0125b
16a619cd
27a7076b
1c470100
1c090d31
1ac7151d
048223c9
fcb42617
f9f0fa35
e74ee280
fbbf01cf
261602fb
0de6e3dc
e269eb7b
f0d3f3d0
0170dbe4
ee88d93a
e776ef85
f67cede7
fadcdc5b
f477df0e
eb81ed89
da60fcb4
db9706d3
ed6cf247
e7bbe788
e9281099
082b2497
0318ffb0
e061eca8
e888f065
fd27de16
ed56d840
e526f2e7
fcf0023a
1b25f746
2891e0ba
1395e03f
fe340efb
09ee257b
fd52fbcb
dd92ecd3
fda50200
2582f4e1
0495f599
ee5d2151
10ec2215
1e8ef178
fd44db5b
e17df4a6
f12113d1
0ec41ad6
18bc1cae
1d2b1105
0e43e6f3
ef25dd7c
005d049c
247d0c4e
088dfd38
de631165
e6d42197
f74319c4
009e1fcf
12d51e22
149c0114
057be332
f4b1d1c8
ede5e0fc
0a820410
23c807d2
042a0409
e1731472
e3dd0d9b
e19df5cf
da08fff7
e75516a2
f3b71809
f8b71caa
0c7728aa
17b01b60
f8640170
dadefd1f
e9c4f423
ef93e359
e2d6015e
fd5f25ff
1e200980
144be5f9
11baf492
24f401c7
2239f7d2
13c1ebed
0baedca0
0076dd1c
0136fd4d
17d617db
27f711d2
1f56fd89
05d2ef82
e8e6ebca
d492f2d4
de8f026c
052cff61
14ece652
fa62e40e
e09e03f1
e2222026
ed2a1b0b
e5bc0351
dd420408
fc471346
1e000fe0
1650159b
052d245f
f5be1bb0
ec5816f2
078d19b1
22a3f9d1
0687da8f
e1cdf0e2
ee691759
09a01c69
05651606
f2191ef8
efd72814
05c21d63
1faef9b2
127ae0ae
f65d023b
09cd2360
1f4eff0d
0a18dec2
0a8bf1ed
219af4a5
0ba1e3fa
e030f576
e3891a7e
0d7e1bd3
218ff704
0b4ee254
f8d2fc44
0d901cff
27f01842
1f320884
0a351387
0f911ebf
17d80161
05a8dea1
f89cdcb3
f452e48d
e210f001
dd0dfbd5
ec8bec69
ef49e009
fd26fbb4
223e0aa0
2953f2ac
14b1ebd3
1bf9fc99
259c0293
119313b1
10131f4f
1869f710
02e9da5b
fd86fea4
17711c0b
12ac1550
fae91edc
04ce2ea0
16f619ae
ff22f441
dbecfc4b
f5be1f59
1cf21685
ff670061
d9d105bd
e245f3f0
e9d1e075
ff4c0075
25a20600
0cdbdf64
e061e9b6
0087078b
2441f961
09cefa59
ec951cc0
ecaa2e86
005f1f5f
13c6fa62
14b0e4c1
1836f1e3
208ffca7
0adf0075
ed1419f2
f0ab31d9
04a320fa
002ff470
e4e2e9df
eafe12e8
0c152405
fc781125
e67e1b1f
131219ca
262bf16b
f855ff2a
efca2562
ffe0012a
f114db41
fe20f520
22dd0e1b
1fd617c4
0875220e
f5de1f79
f0b91b41
08801031
1f3cf2ec
1d5de215
0d3ee3fd
f20bf237
e1df0cb0
e8a31d95
f41c1f09
ffa91a77
0ca5193a
21d31cea
23f80c67
f3dc00e6
dd271250
01ebfdcd
0aabd9b3
0042fc71
13b721c0
09f30986
db8ff6f3
d05004d6
e7de0f4c
03c5113a
1ecd0757
29e8f54f
1b82ef11
ff0bff7f
f7881e99
10be28eb
171e1853
fbce1b18
f96523f3
0436fed5
eac7e23c
df92066b
014621ad
091805a4
e803ea62
d1e6e9e4
de1ffa42
0b44011e
1d3eea33
f37be9ce
db91052f
e934f58c
e827e0cd
fd3a0109
27360528
0be7e06d
dfa2eaae
001a0229
2602f8a5
1ad505f8
17761c12
1661fcf4
f98ddb6a
ea68e362
eb2eecf3
dd53f43a
ddd20581
fd3c0235
1407e534
0a79d20b
f954e15b
0318ffb0
1ba40fcf
285f0ef6
1fd6fc9b
fccfe521
e1dfecb8
fc2702cb
22e3f781
1dd7e571
0eabe767
0749e045
f569df49
eb5cf9fb
f2c31bf1
025f2d08
0a3f1f60
f9230191
e1e9f2bc
e423ebc4
f4cadff2
03d7dce9
0ef8e41a
11eeee4b
1a66f498
22b6e588
0d49deeb
fa0504f7
0ea62112
1c520282
0633df0b
f941ddec
f72fe273
e228ee1b
ddaafbbd
eca4e78c
ef62de1f
04bcff89
23270b44
0acbfe6e
e01d1122
e7012879
fb7c1c44
f1c80f32
e5c514e7
e8a81a78
f7d01e50
0e961dd0
14cc18a7
075c1e3b
fb39229e
ecee15a1
e484115a
0079161e
22a803dd
2179eebe
1688eba9
15c2e76a
0487dfd8
e345f209
e52b1736
10dd17f2
21e5fc83
13a50881
18111c5d
164bfe4a
fa95dcbe
efc2dc2d
eedae8a2
e55f09c9
fe7724f4
217f0462
1315e3a6
006eff02
06961f7e
ff722541
eb951d0b
d81c09c1
da8401be
069ef604
19dee163
015a039b
04c02a04
001a0029
dda9e571
fd86019e
2b08fa2e
019af79c
e61521d1
11e5194b
21bbeea0
138702f8
1ef01943
130ef13f
f05adc51
0186ec6e
16a7e37b
ef9de640
dd4c0da3
04150ae0
0e2cdfdd
ee05df09
e3050b38
025226f1
1e530e52
0ad9e6be
f0aee320
00d4e61a
0e0ede43
0571fa59
0eb62212
1b301e3f
19ad087f
20adfa1a
20f3f0d9
1431fda5
1c350ca4
29a4fb24
1c92ed2b
12f60377
20550c6a
1581ebf5
ebbee179
e53704c6
fe291f8f
04e524f1
0c341ddb
1bdef6b0
0869db79
f5e401a0
13131eea
2303f8cb
026fdd3a
f58cfe4c
16bb1af5
295d0f11
1bc1045c
16b20c7a
17df154a
0ac82236
fd2925a0
eb1b1190
e3c51124
0c5419a6
255b008c
fdb5fb90
e6fb1a23
fc1c0d04
fe4bddc8
ecebce32
ea40e815
07c3083d
222f00b4
07e8e80f
e523eb72
ee0cecb5
ff91dda4
0650e053
1394e9e0
1807df5c
fd23dcdf
e2000294
ee091d95
fbd7ff00
f6beddea
0672dc84
175ae49c
0ae6013c
03db22f2
012d20d7
edb01878
ea982425
075a1f4d
1dbffcf4
1236e48a
fac1fa21
066421b1
22a81dea
1a870b19
0c161b7d
0eba2138
f7c30726
dd2df406
e962e150
f7f4dae9
08aa0070
209113d5
0595feff
db9209bd
f8081f04
229e09d5
2009f715
1b50f683
1e5be6b9
0c2edf81
f9700190
0d6b1f59
24260352
09c1dfa3
e403f11a
e3bf0ff2
f01a0863
e229f5e6
d00f02f4
e31d1265
02b0f7d7
074cdd25
0d8cebb8
1e37f23f
04c3e28e
dc37f926
ef362017
1457175a
0837fe38
e2cafda7
cd270e17
e1ae14d5
079af22d
051bd989
01b9045f
19d61eea
ffd00247
d72dfe17
f7f9fcee
1c79e39a
1d2ef2fd
23aa0881
0e12f435
e345e8a9
daa6ed17
e349f990
fa111c38
196f1ca1
0291f76e
da17feea
f5611c38
1bda1382
0f360e86
005822aa
0c9225fd
18e813cd
192405e6
1dc1fdf4
2736ec34
1640e3cc
fc1b08c6
044e2437
052b0252
e3d1e9f7
e0890803
0781208e
20551810
1953107d
0e921c88
09c421b3
f3501757
e8d81bc7
111912ba
234cf1a7
03a30158
f36f23b7
e3401698
d87c07d2
005df573
1429dc58
05560070
0da3269c
fe810a98
da8df0bf
e728e64b
fa33dc43
00c4fd32
1edb12c1
1cd5ef58
ef7de14e
e00dff93
f6551ba0
0d9224bc
0e051f03
fa681c7a
f4941d1c
fd4107a8
f32be532
d808dc8c
dd29f5b2
0fa6fee9
215feda8
fca2038a
f55425af
027a01d9
ec57de31
f4bafe06
25020835
1db5e8e8
ebc9e85c
d91e07ca
f85a1d3f
234e09c5
1d12ec5e
f88201d3
f9d822a8
074e08a6
ec36e353
d200efa5
e1ce0019
eed8eae8
e7d3e45f
0057009f
25510371
11a1ebc6
e4c8ea07
dcb6f1f8
e408fa67
f123185e
156d1ce7
1f56ebb2
fd8dda8c
fc8d0913
1bbe1955
0680fbfc
db6a0140
ee191b8e
1aea13a1
24240082
1e5dff1e
22e8f88b
1568e5c8
ee73e9ab
df5305bb
fbe60705
12d8e3fd
0b05d086
fd43e22b
ffa7021b
16c512cc
2d6d03fc
21f2f606
0fdd0de3
1c7a16e2
14e9ec92
f217ddb8
0127fd0d
234f0d6d
15e31c96
052326c3
f9330010
e05be9a1
f8e50236
24b1f7c0
0b06ddb1
dfbdf4b5
e8d015fe
0a561af2
203b12b8
1f7f0df9
114e166d
0a581eaf
03171911
f48f1be6
f92d2b3a
0dfb1f39
02ccf82d
df5ef410
e6881562
11531b80
1e65fe89
0829e529
f14fd97c
eeecdfcb
079eeab1
0c74e272
e7c4ed9d
e1ba11cf
067409f2
077fdef3
e521e287
e5dc1158
0eb824b8
204a0779
fad3f468
e2fd1217
08da22c5
2284030a
00adf742
e50a16c1
efa924a5
fbdd1c96
04c42053
156f1ae0
1762f998
016adf13
ef42e0ba
ebc3e871
e5adec73
df72fe79
f28418cd
16481766
2054f5a2
0001df77
e0ccf559
ea811762
0af518e4
1ee5ff97
1e7ee846
157be6c8
1744f821
21a4feb6
1e54f437
12a1e8ff
09c6db06
fc1fdd49
0127ff77
1bb81489
25050bd1
1eb9fd3f
1715ebae
100fe47e
1951ec46
2321f77f
1e710ec9
1b081788
fe6ffd7d
db5f034b
faef1f8c
211c0f5a
0309fdbd
deb30bf4
dedc0767
e340ee04
e7b6e1e1
f753e134
0b53e0ca
0ff2e445
033bfc44
077e1f51
224c202f
1f2b09c7
06d315a4
0c4c2237
1527ff4e
0972dfde
0db7e723
2077f3a1
2004fd33
1c470c40
24e209e1
1d00f182
fc0ee334
e1f0f579
edde155e
0ebe1da8
1e980e7e
1ded06bc
24070611
1e4bf224
f413e23f
dd13f7ed
040803f4
1e68ed48
03c9f4a0
f7532165
10252f21
13fa1861
f8e5157b
f8e62337
156609e3
1893e7f5
1623f81e
248d06a5
1119f323
e816e9eb
d8aeeb5f
de85f861
000c12c8
1a6c184d
080e1dfc
fb27253f
fa19ff6e
e7f9e33d
f7bdfa03
246001e3
2993efde
1452eb0f
096ce922
ff2dded5
f026daee
e901e9f7
fe1300e8
1fd9feb2
2648e959
1575e67c
10f3fa69
20550060
2077e854
0fc2e373
1d6ef926
263dfb49
fc3a0623
e8961ef8
fdeb0242
fa0dda2e
f8acf35c
1ebb1520
31ce09a2
1b2dfa7d
ff35ffb9
f036183f
f9f12fe1
08f420c2
f97efcd0
e301f08a
e960ee23
f682e047
f255da92
e4d3f047
eaa0171b
0b0b20b1
18bffced
09b2e2c0
1012e6d4
2199f096
23aa089c
1ebb1270
fc4f0078
ddbd0a3f
fd851b5d
21550a00
16de0585
0c581f53
1a27258f
1ede088f
0727ec0a
f118e691
f577e1d4
0693dd44
1e80e7c8
221bf14d
fe2708fa
f2c32331
03e402bd
efd4deb1
e0af0153
fb8f2283
fffc140f
e3ed10a1
df762640
fa332239
017df37c
eab3e107
fc3e04ac
26ae07f3
0d83e770
e389e868
f938e897
09dad8fc
fca9fe38
14252267
221df4ea
fc26d8b7
fd1c0640
1e011889
03500700
db1a03cd
dbc0f409
e8e5e445
03a8f212
22d00106
25da09df
15c7170d
05e01f83
02001f40
0d250cd1
13e8e984
0b25cef9
fd69dc2f
08db0ab1
1cb11800
fd69016d
da96044e
f7e900e1
15d5e2eb
157ae5b5
2001fc87
2a48f880
13c2e6e0
e4fdeba4
dbd406cf
08f1feb2
152edff1
fc7afeb5
087625e4
0a3c048c
df96ec59
dd240d41
0c551e11
2469036f
0ec5e53c
e8bce99b
e0890a92
fe2a184e
1be90b7d
2a80ffa0
2170f698
fb40ffd2
ef721ea9
12241ae3
1ebdf0fb
ffdee1d9
e399f5c2
db0a0a1a
e1f10d4e
e7d5fea6
e0fff5bc
ddf1fc11
e35d0af9
f1072034
f9e921cb
e57c1272
dde60fd4
015afa3a
0caadbfe
fcdcfaea
10f32215
1fec02f3
0340dcc0
f270e0fb
f39fe626
e1d7e861
dbf2fb0d
00950061
1e30ea19
1311e1e4
03e0e646
f6d6d88b
e923e0e2
06390550
2694055f
023afbf3
e16117fb
01eb1ce4
20d5fc73
2367f155
1c01ee82
f7d8e8e4
dba2000b
f22b153f
1646131b
2b980d06
23e501ed
f8b90535
e5ed19a5
fc6b05b9
ff04db9c
eff6d9fd
eb2cecd2
e1aff912
dce602ca
e8d4fb95
e940e977
dbecee18
df9f05fd
faa512df
17b01067
2bec0a42
2480fd27
f6f900fb
e7931ce3
100013b2
2166f32f
1960052c
1f4217bc
01c9025c
d996076c
f39b177f
1e130b1f
2ae90452
229ffb8d
fb68ee7e
df1bf2dc
ebf3e722
f6c1dae1
0828f9cf
224c12f6
12931557
02be1f76
1bbc091e
122ddca3
e4e4ee97
e338132a
eb95fd9d
dcb5ef66
f04f0d0d
12fd1c94
096f1e31
f18c21ee
e779138c
e2c80a74
f8961441
1f470ace
2ae0f2b9
1d94f0a4
14820684
1d0e0c35
163bea11
ee5bdf0b
e52d0c7d
fe04220c
ef931337
de2a12c7
fe0d0130
0a31daeb
ece8e9ea
e6ce17a6
f13220bc
f6b11db6
099c1f16
153317c6
0aab1a55
fcf52201
ed7d1ebd
e49c1444
e52000f3
e0d4fb22
ee5d1366
15c018f0
2350f808
01bee13d
dd7bf32c
e6481493
131b16d9
2359ff32
0f9807ad
14f11a7a
1fb4fb0b
fe98db9e
e0fcfa01
ed6d1b1d
f0550cc6
db4a0042
dec60d4f
ef91174a
f22a20ba
004022b8
178d02e8
14a3e3d6
0e0fef55
2035fe49
29b6edc7
116de3ea
fdce0254
08c82100
12c32105
163d1327
2250fee3
222ef5ab
1aa60bbb
1b641581
02fdfedb
de1204a8
f150222c
1fb810d7
17a0e3cc
f331e2bf
fc3dff7d
1e710b91
2c3a0899
1eabf8cf
fa87e73c
e1f2f0f5
f7c2026b
1e55f519
24d0daea
0cf7e1a5
014b0aea
0cfd1edd
04d706b1
e0eaf3ef
d075fe09
e3e20d5f
03eb105a
1d3e0a24
29f1ff01
1ee1f184
f8f6ee3b
de59f8ff
e644f187
f12ddf27
fc93e4e3
0b4be5ed
faded802
e96ce281
04e0ed56
0d6ddf6a
e469efbe
e0531644
08f50131
078dd9e5
f5ecfbf8
14882089
2408f96c
fff9dc18
f76eff63
19331a41
22c41055
1b3405bc
21fbf591
1a74e761
02fbff2c
ff0a239c
091528dc
127f16bf
189bf71c
02d5de9a
e317f25e
e94b1791
0b151aa4
1fe60067
1c80e7e3
13bbe85a
1e02f4d2
2306fb8e
17c1114d
18be1b4c
0f1bf543
f748dbb9
0991e47b
1c0fe57b
00c7ff6c
006926a1
1a930a1b
101ce057
0ddaedbb
2535fba9
22c7f306
0f84e95a
ffe2dbea
f840dd22
09faea37
1487e50d
f78dea29
df9b09fd
e4551a4c
ee8019b4
fbcc1bed
09d11eba
15021dc2
1c0a0fc6
1107f481
f65fe198
e06ae235
e28af23d
003dfbd3
1e2df3d7
24ece84f
0e77e3cb
e9c0f2a0
e0ad0cb6
fd0b06e2
0bd5e0af
fe12cf7c
f444e2c0
00f002ec
1e2d0c29
2828f8aa
1b64f247
1914fd68
1d8f0752
1df313dd
13331c70
f96925af
f48922bf
fa11f791
ee13dfb0
ff8efd14
235708e7
0f2dfeaf
e2231307
e0c32b74
f9b71d49
01aaf809
eed4e597
e2dbff82
fb272100
14a021bc
11d018b5
06ab1c5d
fdeb1f9c
f0321d06
e5e11550
e47b0655
e062fba1
de680605
e94116a3
f3c61d46
fcab2004
0c9b1d1d
17221635
1cff120e
1f63009d
0cf1e7ea
eae2e8d0
dd8e0cd7
ff6a236e
22a70180
13bbe2ea
028502fc
086e233f
f4622112
e4011ac0
fbe9fa61
0035d909
fa2ffb47
1bba1a7e
2217f4e6
f5e9de37
e3bdfa1c
f12717e6
fd2128f6
05132209
fd380251
e534ed25
d5c8f41c
e0a0080a
ff471179
1a8e0f70
2926084a
2106f78b
fd9bee12
e2b2f331
e5c2ebf4
f4c4dde3
0a9edde4
130de409
00a200ba
073121a0
209e095d
0cc4dea0
e8f6eac5
e5960cf2
eb121bc4
f17c1f79
fd7f1b3d
0c141b4e
1fed1a89
1fcf0b49
fe5a04c2
e28a0fcb
ded109f3
df6df434
e71ce72c
f430e258
fd91e7e2
0882e512
ffb2d307
eca3e1b6
058b0650
232c061d
08f500cb
e3ca14cb
df5d2244
f8011ce7
189d070e
1b9fee7d
01e8f78f
faed1f24
0d2d3341
127e1c06
f5fdf88c
deaff8bc
fd09072f
1c5cede5
fc53d896
dc38fcf6
fb9621d5
18d81698
02fb1199
fa9123a8
19250e55
193fe47a
fc9af90b
00fa2656
10c222a8
11eb1242
22b610e2
261f004d
f9fdfcd2
e4e91a31
0bef195c
2289f8c3
1593000b
1a161a66
21d80e31
1b1dfab5
2108f145
17c0e578
f275f053
df540616
e3700159
e663ed25
e92ae0a0
f887df9c
1300df48
1552e449
0161075d
044f22dc
06ec045e
e49cea7f
da220e29
0a6822d9
24fffa60
0bc0e22a
00890077
0e121ea8
037323b3
ec461fd3
e5fa0d0f
e329040f
f77d1bd0
1f5212f2
15b7e29a
f074dfee
ff1303e5
21800c15
18cd0b1d
09841fe4
1a7a238a
1f0b08a7
0027fed3
e2ff0fc8
e13b1d9c
f5b51caa
0f110e09
1becf398
14fdda24
092bde27
1429f6e3
1ddff3c5
fbf8e126
dd5ff5cd
ffd40d59
1f1eeeae
fa7bd96d
df05fb6f
004d0d29
1a28ec4c
ffc7d849
e256fa4a
f1b524ea
11a71c66
04dff2d8
de6af805
ef4e2240
18431b0c
ffb7f734
dae2fdc5
f86605a0
1ccbe830
104ad943
ff3ee472
fd34df56
ebd0e300
e46f1198
00592550
03def947
e5a0e5df
f69502f8
2442fef2
170de268
e84aed20
dbdb1050
fe3b1f2d
24df00d2
1776e456
fa41060b
04ff2514
00bf0536
e0daea20
ea89e93d
0172dc5d
f45fdfd4
e68ff28a
dd47f4f6
dbfd02b1
005d1437
1da40ff1
151d1663
06882259
f5651d84
ed731a6f
0293126d
1e45f8a7
2471de66
11dbe173
02a90c71
0abe2406
fbb4044c
dd11eea5
edf3ea64
fcf0dd95
e73afb2a
f0072376
05b3062f
f2f6dd41
e130e4ec
e4c9f45c
e255f967
e24c0a7e
fc371fcf
1e030fc4
1336dfbd
ef6ade54
02870a95
248c0c60
ffaafbbd
dd9010f1
fdb90adf
0c2bdc8e
ea9ce049
e4b613e5
06fc234f
1c290609
114ee99e
f2ace481
da9bf328
deecfaf0
eccbe8f6
edcde1cc
001afc1e
22fa0768
25e1f979
175cefe2
11e2e10a
04a5ddd1
012bfc71
14e91940
258e1bde
203d05f0
0034eb35
e912e640
f799e4fc
056fdf27
01c5f5e1
13381a2f
2efd1679
20b3fe4c
f949079c
ea2819d2
e5840998
dbaffdc7
f2fe0d91
1b3d13a3
2766118f
20c9046d
008ee619
e202e8f3
00e3fb5c
2531f871
21d10c00
197c1c73
fa610417
d9dafec8
fb0d069d
1b00e594
f375db2d
dc020a12
00d51d2f
19540c43
14f81433
0a982317
f21821c6
e8c91c4b
fddafce2
facbdb10
e912f53f
f32a2097
fa582783
01911e30
1c8fffa6
1491e0d9
f543fddc
073a22f4
269b043c
0e89df8f
f17bffc5
0c0b2106
24c901da
0b90e215
f6a3fa28
0c331df1
27711bf6
1e030b0d
07bc1672
0d7b204a
1561fea2
07a9dfcb
0d3be5ef
213df0b3
1f1bfee0
1d430eaa
2002016f
18c1ede4
1aa3e5ed
0da8df68
e9faf747
e375155a
e8f40335
dc6ff49e
ef020be7
1693194a
221e198a
1d590c32
0785e6b3
eb5be0bb
ff38004e
23e206be
1bc10497
0f5f1b25
22e71f43
21a5015b
f94afc33
e7851746
00071b26
1c9d0158
28f6e97b
1c13e88f
03d10ad9
fe3f2659
f1f7153f
e22f10ce
0b271ae9
28bbff31
fa1dfc98
e4481d80
019b036e
fe57d8c8
f8bcf51e
1bcc189a
2df00db0
1d81ff6a
0fae060c
16d613c8
2aff0de0
2286fa7d
fd910830
ec2a1ded
e3080df5
dd280055
fd17fff9
1729e82a
f721db7b
db8e0506
02322835
1f990fe4
f886fbe3
dd6e0b86
f939fecc
0ffbdf63
1acbe7db
231dfa24
0ade0555
edca1e54
f09d2b42
062c1bf6
1d78fb5b
13dce1bd
f595ffa4
088f2421
231dfff2
0aebdeaa
fd7bfe7a
0f121ecd
0ad2205e
f0fd1e69
e4481b30
e37c0b33
defef8b4
e1a0f54b
fbbdf914
1ce0f19f
2495e2ee
0b5fe1bf
eae2f91e
e2f40fe0
e8290702
e019f531
db82fd02
e61a0ec6
f00d1e43
f809215c
f0be12d9
e27d0fda
e9a41868
fa701e46
0823245e
11111b2f
03860325
e2affa27
cd770b65
e23f1555
07b7f324
0604d9b5
009504e0
18581fd7
022dff62
d826fbe9
f9080506
1d24e62c
01dae0ec
e23702a0
d80f1888
e3fd1678
fc2af529
0136db79
0d24e97d
1b18ec1a
f94ae784
dbbf01ce
f93308c8
1775e5db
0eaed123
fee5e173
039d0122
189c153e
25081152
1de3fdee
0865e75a
e98ce98e
e049107e
02602394
1eacfd19
1307e1ff
10b3f996
2222ff43
0a34e16f
e12beb73
fb470c4a
23f0f956
07ccdc43
e1b1f0a1
fa2708c6
2113f5fd
1e4ee053
1032e71a
1483f156
1d91f60c
2147ffd6
1cff0f1c
151f1d14
0a4b1ea6
f7281b70
f1511e41
069d118b
1bf8f37d
2146dd5c
110ee126
fca908a8
0a6b23b9
1955fd2d
0703dbea
128fedec
2641f340
00000000
ef1a2490
12f411db
1bb9ea3f
19aefa66
23bf0c03
08d70724
e0ef126b
db6d1d62
f5621bb4
1cf308ba
1f26ef1e
fc400092
f7002245
045d0c89
ee06e25e
d352e4fc
e199fb0b
055cf94d
19f0ec81
1e4df403
20420755
1a710f0d
10eb16fa
1d181d4b
23f404ac
01a0e89e
e7c7e97a
f88ee4d4
036fdba7
0433f97a
183a1b35
227115dc
1c200242
1bc3ed8e
17a0e69e
1c39f8e8
23000104
06bf0386
e8231a31
e9802596
fdbd1d14
1ca4067b
1a6be674
ef46ed08
de9507a9
e543f72c
e466e6e4
ffd6f759
2477fdae
20640050
15cb153a
24ea1677
2168f8d4
fd8ae981
e601efb1
eb08ebcd
f8fadef5
0731dcb9
1348e57d
18def276
1e64fa15
1e4af045
0feee366
0236e0fd
f998e13f
ebb7e5d9
e233f140
e294fa8e
e2ef07c7
e6291c20
f0791edd
ee18091b
e15e07f4
f5d11dd0
1e7a0ef7
185ae26d
f334e22a
f75d07bd
1d4e0c28
20dde9e3
f42fe1ac
da490bc1
f4ed2045
05f5f9b1
f062e0f5
f5dffbbd
21230b3a
2ef0f7b4
197ef11d
14b901b7
2122084b
20fbff07
19a7f13e
1604e158
0923dec6
fed8fdf9
11a71d85
257115cf
1d5b0642
11a10aa9
126018ef
1f1c1d1b
211c05ca
0455eb9f
ec67e7e6
f121e48d
023bdef1
1756e071
1ba5ea74
0a8f07fe
fd4a23a6
ef571eaf
e36512f3
f9170178
061ddce1
eed7d8ce
eae4edac
f590e697
fc45dead
11c6e095
18b2e61d
0b9705c4
032722bb
f14323ef
e67118d5
f44ef991
ff41dc24
09fce288
1688ea52
0066e98e
def202cd
dd901f45
eb211a17
e99f0090
dfb90060
f8f01e4f
1ebc15e2
01daf5a4
da8507b9
f9381b58
1bd60c2e
17f810d5
0a622282
f43f2630
eb731de6
f4cefa16
f687dbc6
07ece286
1688e5fb
f38eeff2
dade0cdd
eb5c00e4
e5c4ea5c
e2bc0dcf
0bff2426
205dfa4f
0a07df5d
0ce8f400
22e4f644
077ae331
ddb9f497
eb30145e
0f4219a2
1c7918d8
1ebe102c
0e16f100
ee6de0fb
e59be8ef
e61cf2f1
dd72085a
e3051454
e368fac8
dcb7f292
025d00ac
21e0efb3
fface5ce
ddc3fbc0
e53cf983
ef5fe0ab
f652dd60
0857e352
14f4e30a
18d6ecb9
21ca00fc
22240678
025c0528
e3731427
e8881fa6
fba21c81
0c8f1de0
16a31b5b
067b165a
f92a21c1
083c20ce
149c146d
1ef5138c
234a04fd
04b9ebb6
e623e86e
f23ee7f0
0439dda6
08b5e536
1513ec6d
18b1db84
0138dcd3
f8ad0893
16741a34
1fffee09
fdb0dac8
f9b508f3
1b821a62
0894f776
d9dbff5b
f503261d
206213bd
fbb4f630
da3b0910
ff3b02db
140fded3
054cf3d5
09ec24b0
12bc2c27
13e7134e
1307e964
fc53db79
fa040600
1d221569
19e9ee85
f5bde043
f836ed20
10c9e3f7
0dddd0e1
f7e0df36
fe960b47
1ed012c1
1363eb0d
f026e089
017beaa5
13acdf31
f3f3ee10
e15b1168
e38a0779
de3eef06
eb04e903
f94fe106
eb8ee6cd
e05ff8f0
dda1fb1a
e02d08d1
05e61e38
22a00b98
002cf8ab
dfe210c6
fa751ecb
1f0905fd
2601f223
1e54f30f
153bfe6c
1c4a0969
2ab3fd3b
1b5bed0f
00d500d9
fbff1fc3
009c2c35
0ec01eac
16e3f0c6
037bdb7a
053dfee6
193b1a9d
076c23f3
f6432577
f723fba6
eadcdf9e
ff0cfc79
253105ac
0ee1fccd
e40a1733
e59f2de9
fc381c4b
0375f91b
ee46e925
db7c04b6
fb38211c
27780703
1a21e6e9
f54f043c
fe91251d
0a8a003c
e70ee3c6
de5c0eaa
061c2417
0409fd97
e25de945
edbaeda3
02f7df53
ee43d8ca
e346ed83
fe3bee10
ff7bdd36
e262f6e0
ea881ca8
0a150679
fc30dca7
db66f233
edcc1df3
16301345
1d5df6a7
197a0130
1e271403
109f16e7
02fa1e8a
140b208c
1f710fa6
0a750e05
04dd21ea
1bba1cc5
1d1a0b5e
0d691987
0b1a225d
fbbb053b
e03bf026
e5dbed82
f7e3e0c9
f078db4e
e205f3cd
ed7f156e
0c5c1c97
1b6c034d
0c38e4d7
f4d6d714
f09bdfa4
09ffea56
111ee1e1
e8adefc7
de251356
00c6ff1f
0a0ad984
0fc3ec26
2197f755
00d8e2a6
da3ff592
fee70c8a
2096edfd
fba7dbb0
dee5fada
fccb0adb
1bceed3b
11fed53b
068fe204
1470ef5d
199aed95
06bcfaaa
fb171dbf
0aba343f
156e1d0a
f2cff784
da48fac0
04d1ff2d
1f0ce883
ff28fd2a
faef261d
089708b5
e947e373
d7b501a8
ff552106
27570938
18c0e88f
f3dc006e
ff32245b
1b31085a
12e1e529
15dcf359
25e6ff39
09f803cd
e7281c25
e986266e
ff781afd
1c670681
1a97e867
ec26ea6b
dbf0078a
ef2df8c7
e5ece604
e6660c34
08ce2249
0781051e
e27deecb
d1fbf240
e0b70257
03d412ba
1c791349
138514d0
04c52017
fd931f4e
efdf198c
ed2f2320
079e212d
1ccdfc5b
0f05e15e
ff5afb84
0c272118
17e3237d
17cb0f6a
14bcee67
f908de0f
defa02d2
f1bb2107
05dd0206
f375dea8
e181e6fc
e509f5b4
dfddf859
dece0ad8
04fc1ccb
22a50ace
02a7fbf7
df6c1164
e75f1c78
f56c194f
041124f4
11631f71
fc3a036f
de68f637
e105f1fd
f2c9e385
fa6ada68
0633e2bf
1bbce7f0
1bc8ec78
095d0890
fa9f217f
ea431f54
e3901128
f3fbfa72
0628e097
0ea0da51
1a2eeb75
27bd0206
22800812
f8f604d3
dfcf1374
0296068f
091bd996
e107ef54
e92a1e45
0020fff5
f991daf6
0fdbdfad
20d1e764
042b08f4
fb97284d
fdee0252
e63ee194
f5f0fbcb
26d30251
25ddec7e
10aaeb41
11bfe4b4
0048dbbe
e424fa55
ec7c1b47
00d10838
fa4ddfd9
e99cd276
e886e8f9
0567081c
2221feae
077ae0a6
e2c6ee12
f8ea0370
2028f67e
29f7e998
15e5e932
ec7af453
db810685
ebebfc2b
e859eacb
e0bb09e8
07e32484
24c1fdc9
0bc9e0ff
00000000
0e281dff
039924a5
edfd20b8
e1c10c40
df970547
ff7b13a2
20aa0ef4
15400c39
08fa208d
157b20e9
1c380b59
1d15fc76
1e6af333
1cdaeb8e
0deee2f3
eb3cecf8
e02c0f91
00f41951
1d8405ea
2860fe4d
220ef4b6
f6e4ec0d
db46f90a
ef32ee17
f24edd27
eb910274
fb6b23c8
f1fe18bd
df381035
f5900174
0a1fde76
fd88d14d
edf5e6c7
ef5a060d
faa91e40
05e328fe
117b1cbc
1293f622
03d8dd00
0808e95f
1d3ceed8
1514e210
ff68e0b1
faf3e077
ef1ee447
e20b0874
fc3824a4
1ca005bb
15aae5df
1404f8cb
25ab038e
0ebdf03f
e3e1eb5e
da80ee22
e27df9ae
f9a81bfa
19651c50
0468f68a
da15fee5
f3ec20e5
1d5b124c
0622fcdf
dec70909
d5250fd2
e65f12e2
16bb13f0
27e6fc21
f84f01e4
e7722036
0011001d
f955d799
fea0f895
22051769
15ac13c1
fcda21c3
1619213e
1ee409e9
0a321b2b
09ff26d7
f820ff8b
ddb5ecde
fbeef6c3
245ef505
23f101b2
1a7613a9
06920978
e10406b0
d59b1d4d
f1911ec0
0601f6da
f42dde04
e7a0ff78
f7801fa0
ef9518dc
dc6d0dd4
e31af8c1
e40fee8c
ee4910f3
0e962028
0aa10385
e16ff4ec
cadd051d
e1760edf
06faf40b
0a5bdd91
053bfe34
13272007
054a1de8
f0a91fe0
0a791235
1f55ea84
1351e105
095de6bf
f7b9dce5
ea35e256
011aeb0a
0b78df84
eb4cec8e
e24015be
06c81b58
1fd7002e
2291f7b8
1d0bf152
f8dee4c3
db13fa5b
f74318d0
18dc1788
0bc716ed
f98823f0
f6ec1a13
e80c0f14
e706260e
0228254a
fbe5f69c
e32be6f0
006ff878
2607fcf6
20320dd6
15631c8a
00b803cf
dd9dfd22
e9f219ed
190715d2
23b4ef0d
ff9bdf38
dd2e0033
eaf01c6d
0045fb99
f89cdcb2
07fde523
19b2e554
fadceef7
de0c0957
df150290
e3f8e91a
f12adf29
fe24e06f
0279f882
191b1478
2ee30a98
1e76f7d5
feca0215
ef8f1b36
f67d29b8
08531ecc
12070358
0fc4e5f0
0154d28f
f551df3b
07b000a4
20020f60
154d1308
063d20e1
13841c9c
1e4b088c
218b0629
20cbfa78
fc07e0c7
dbfbf043
029e096b
251af173
fcb4e4d8
de01fb26
ec2bed32
f0e0dc0b
03bbfc06
233a0d02
0dbc01bb
dfe2105e
dc672651
f6761bdb
04c2fa1a
f2f4e465
dc5bfd6e
f5fd2171
20b30ec5
1a85ec0d
fe6ffc6a
fc2620cd
04852b14
0e8f1bea
1722f822
0685ddba
ec3cf01d
e8281437
eed126e9
f8b72188
fe36ff1c
ec65e2ce
defeef4f
e30dff88
dd8804c9
e33513ee
0be2159e
24260061
13c9047a
12381b8b
26be0fa1
216bfbd5
12d011c2
177e1c79
029ffcc4
dbfdfb89
f0832156
1dbf17d9
0310f3cb
d983046c
f6a11a8d
1a590e40
156c14c2
06a725e5
edbc20c0
e43e18b2
00c4fb42
00c4d96e
e754fa31
ef9521c9
e9ae0d64
d84f018e
ff02009f
1a27e321
f2b6e638
dc580bec
ed450425
e625e8a9
d542fae5
e2420ce5
e930f3e5
e0b8eb4b
fef9034d
249af9bc
05e8ded9
dd7af21e
fbd70747
22edf123
1b40e5d2
0df6ea25
007ad9a6
f148dcd7
07030044
22be0e17
128f1214
082c207d
193309d7
0c71de94
e84ee4e5
e4850fae
021220dc
1b4209d0
168ae800
f4eee214
dc7405a7
f491223c
18f307de
1a87ec63
1c16fdc7
230e0a94
03d707e3
e03010fa
e25f0d02
e42af65a
d47ffa44
e2c7149d
0e4911f4
201801a6
18fc1122
150c1f44
fc220817
da38f8e7
e568f598
f29ae3a2
de4fec13
de4a01b1
ed1df00a
e9a0e337
fb8ffbac
22f7036c
2a82f0a7
1696ebef
107efa2e
1f6900c7
29e9f361
1814e8c0
fe53018e
00592236
0db3232b
14d614ae
1f950932
2310ffbe
14560451
13c2162e
2aad10a0
23cefaa4
faa20760
e96c1e47
e98f09b6
ddc3fca4
f60a1b4e
1fff1781
0343f649
d8de061a
f9461c32
1da70d45
13f91154
070f23fc
fa6f1f77
eb9b19e0
f25f1d9e
07d81dc8
1b60193c
1c9b11c3
0a4315b5
06811f43
16430b8e
10b5e2e2
f811d596
f679e2cc
0a4ae4a4
0d7ce22f
05d1faf0
0ccd1dc8
1a4e2833
1c2e10cf
07bce8f7
f0ddde49
03eceaa4
1372e1af
eb62ec9e
ddd513aa
00000000
093ad9e4
1281eac3
2356f58b
027ceb39
dc94f7f8
e69bf845
f1c5e01b
e7d8dd8d
e352f801
f0e817c8
0f3d1dd1
1b11fb44
05b7df81
f772df7d
f104e3d8
e355ef7d
e0a2fb0e
e71ef409
ed2ae598
f679dd80
04b2df0c
183de727
1c77ed33
042c00fd
f96e2223
09ba2605
13a1153b
1a9e123d
235d0597
0ad1eb19
e679e8fd
e09ff1ec
e240f912
e1e811e0
eb5b1bdf
e03a0402
d873fcc6
05cbf9f0
1e76e586
febdff7e
fd882813
08ba045c
e59ee2da
dd790d20
076222f8
08df0006
e3caeb94
d721f63b
e1c7029e
e6d20a08
ea7a17dd
fd29262a
07e820db
f0ee1859
e80e1bb4
02d100c3
fd71daf5
e049f6f1
f00f20b4
045e0684
f3b1ddf5
ea2bdab1
ea53ece4
eb2411c9
060d2428
1bb9ff0e
0d52dfb7
0dcaef1e
23e9f7e0
1d35ed6e
0adce6fc
026ed8d5
f695dcd5
ffd304e3
1f02110c
1928f05b
f24de132
e15cecc6
e46df33d
df48f792
e0a90ca5
012e1c03
1f6d0a5e
135fee7b
f1f2e4ec
dce7e888
e12bf417
ff2bfc74
1cf6f1c3
1f01e100
0a11e0f9
f012f6c9
e35b1204
e71e1bb6
f59d1b83
15c71310
210befdf
f326e0a1
dbb7fe5d
00fffd18
19d6e5d5
2350f9a6
26ee0b7b
fac5087e
dc6b1439
0021fff8
099ed8b7
f7bcfa60
15fc2083
23a2f9b0
fde1dee6
f5f9faa7
16c11535
30d715fc
22840446
f26d051e
e50917bc
ffb7ff39
00dbdbcf
fce8f3e3
18fb18e7
2b7d15d1
1eef002a
02c9ef0b
e746eaff
dc76ed15
e05ffd18
fda01de7
1bcd19a2
fdd5f989
da0701e7
fd3e094f
186de424
f4e6dc13
df500758
fa5c1fb4
18bd1113
206f00f0
2071fc14
1fdef27d
11aae4ce
f4eceb20
e1e70688
e28f1cbc
ed931c60
edae0981
df9a049d
e3b2180c
f44d1cf8
e89610e2
db890bdd
e7d1f5a0
e532e948
ec2c146a
0eb9247a
004cfc16
dbecf282
f819fbc9
2105eea6
26f5f9c1
21ec125e
0b281c29
04e41f87
1b54fc37
0e51db44
fc9c0385
114222d5
041f054d
dc03f56c
e1c9f353
f3fcdf39
ecd1dd7a
e3c2f914
ec2617ca
0c291d96
2256f69d
0836dd69
f7f602ae
14091ce3
1cfa0343
0478e3f1
eec8d51c
ed1de06e
0b6dfdd2
252207d7
13901023
0c711e73
1cc1fbb4
063cd7e0
f5600277
18df2181
1a69f5cd
f974ddf9
0e4be7b9
21fae607
0255077e
fb532a2f
fdc9ffab
e4d4e064
fcbcfd24
286b017f
0ce8fd67
e4751b44
e96527fc
febc1b4e
16cf089d
1937e9e5
f5bae153
df270328
f4011ea8
156e136f
20a0f111
01d9df49
dad8fe46
e8de1c81
0859fa75
fbcfdb8f
f895fde5
1ca71653
20bcf876
f7e0e02a
e151e665
e863ec42
f12be715
f8c6e225
0693dfc0
11e1e368
19bcf207
2067fa15
1bbcf1df
0f64e598
02c3d9c7
f71ddf37
0131fd2c
1e4c0f76
297609be
1da7f997
ff57e5d0
e151eec0
ed181076
0db61e3c
189b1a56
1ba70f9e
1495f0e9
f2fce0e4
df23fbcd
f5321b9f
196f1a48
1f06f70b
f470dc8b
dcaaf2f6
0a0e0504
22ceefd2
fcddfd3c
f26a23ad
074e092a
f15bdda4
d7c5fc4f
f94623fb
1d4d09a0
1798ec11
190efd37
24f7096d
0599043b
de8c1337
e8b41e94
fcaa1931
05de25fe
141120f9
fe8af946
daf0f7da
f283161c
18161821
0dbd167e
f9522394
f32d1ca6
e6e70fe4
e59d1d2d
feb22344
135706d4
150ee8b6
14e8df53
068de003
e444f91f
e4c61963
062302bf
0052dac6
e839eff7
ed76193b
f51c2672
fc7621dd
10370630
16e6e3ee
0ebfdd35
00f9e402
e56af3ba
e60d17cf
168b1cdf
2391f973
f95dfe2a
ec961dd2
fd340a72
f7e9de44
eb6cd27e
e9f5eae2
f44613ee
04d12418
fbcc1402
eae016fc
093a1f6f
23e4f9a7
feb9da5d
e1c8f13c
00fd02c6
202df615
1ca7f959
1b05111d
29501224
201ff5ca
f789e9a1
e287f388
ed98ea84
f59ddec1
00c0f630
1e680f57
2e420766
1d67f4d2
fcd0ed77
e148f41e
da1afc80
e33708f5
005d1cfc
20450fa7
0f03e627
ed40e1a9
ff14edb5
0f59de9d
ef2ee83c
e2761426
ff651c52
1b780534
2bfaf536
1fecf0ea
fcd60756
f5f4207a
01130b75
efc6e391
d454e0b0
e055f9dd
0b61fd4f
1aaaed36
06bdf9c6
fadd2030
05d730de
129f19dd
0e55f470
03aee157
094fe074
1925e9af
26a9fd0c
22a905a0
fcc4081b
e3a81554
f81c0790
03d0dcf4
f393d214
ebc2eade
effe06c2
fc921f52
12c72708
182e157f
fe4403e9
dff202d2
d47a09df
e7991532
13be139d
2389fe1a
00e80052
e87f1aee
eb3e156c
e01bff95
d699098a
ec781adb
0d841100
1eecf989
2193efb0
1643e980
f044e7a3
db3d041a
00be1ae1
1f3a0f59
0dc5151b
0447250f
019d0751
e362e943
d44dfc6d
e4f00a7f
e54bf8f3
dffcef99
f3e1e9b6
fa32df3b
e7f3f5a4
efce1e68
147c1d9c
1e96f44d
ff88def5
e420f3d1
eb101195
08901cfc
231315c9
1ff80c20
09b71878
0ad62094
14720000
0a65df9c
0baee57e
206df3a2
23e7fca6
1b0b0c8b
19451690
0f321958
0097240f
f8622179
e68e0f52
dfae0f03
02c81127
2211052a
1cff0d88
10b62082
ffce1d7c
f4dc1c54
103a14ed
1e5bee2e
f9fddcc4
def6fac4
f3551a58
145b19a3
1bfd0c5b
1d0e074b
270ff5a1
19ffe85e
03da0617
ff1722bf
f05b1de7
e400151f
f4f90079
026edcf4
fbafd240
eedae959
e75c10e0
fa452321
0a56fc3b
ea92e2ff
dd811017
02d92442
05e8f90d
e590e842
f3820029
22b4ff68
2a39e542
1268e828
16ef00b7
2381fc6f
0667ecb9
e4fbeeba
e8e2e9db
fc9bdc02
0e67deaa
1671e9e3
06c7fc0d
007f1f53
1aba2a6f
1ce91039
f7100488
dff80931
df9ff967
e395ebdf
fc2cf6b0
21cbf945
28c9eb06
0f34e666
f0e9f0b7
e086062e
e75d1945
f2101cd7
f59f1eaa
07941f02
1ef104de
0fd3e22a
e6e7ea36
e1740c3c
ff7b07b2
0cb3e192
febdcffb
f566e2da
0316002c
1c810bd9
2b3402e7
1efff331
fc73edc4
e08df620
d981feec
e33f0bac
01a219fa
1f7c0bb7
1363ea70
f00ee2f9
e189f17f
e1bff7f6
dca0fa72
e3420ea1
09041e4b
20aa0850
0140f630
e4051147
fe3826c7
1f2e0741
0e58db08
ed11e2c9
fda90c46
23f907be
0cc1e420
e71de812
faeaec32
06f6dab4
ef5af239
e8c118a2
e8291315
dd12fc42
dda2ee38
ebc3e5df
ff02e277
03f2e0c8
eeb6f276
e655179a
f6cb23ed
ff5e1d20
06dc21a9
184e1887
156af6e5
fd97dfa2
edbde0df
e985e98c
e3c5f456
e07f02ca
e2240f9b
e92a18da
f8091b4b
03ea1ca7
11ff25d0
1b9d1749
fb4cf9a6
dc1803e7
f8b91901
1bde1094
16330fea
065520ef
fa7c2761
edcc1c19
ddaf092b
dd900593
0368fdbd
142fe18c
f411ea8b
e28a0c69
e1b50765
dfb9f004
ecfedcac
f828dcc4
0b860054
20761182
04070951
dd890c5c
db0e00a3
e3aaee49
fa54f56d
1f5cf6ff
2764e4d3
0bf9e125
edbbf977
e4240f42
e01c0476
dca3f283
f1bde712
f9ccdf0c
e427043b
f2dc27e1
0457f98d
ec8bda08
ff6f0305
28870d4a
01bbfc88
da3c12ce
01560a96
0cf8d8f8
e3aae9ff
e65c1878
007c03c2
01a4ddba
0b33dd2a
1e75ec32
255e0041
2069093e
0149054d
e20a1242
eb681ef3
fe451c96
0802244d
13601d40
0292fb30
df33f97d
e81a1cb2
15d21bea
1ebbeaf0
febcdbe7
01c0050f
1c9219ff
07cb173e
f669235e
1a7a0bcd
1b64e02f
f9a2029d
04162a1e
ffb200c5
ded9e677
fbfaf72a
285af958
22b00c62
16be1dd4
fdab01f3
db51fd1b
f3fb19e4
1e421462
120f0afa
011c223a
128a2b06
19e0116d
fe8cfd94
e06d05c6
ded61640
ee0419e8
f9121a8d
051a1fef
18101c8d
1c2b0fc0
0ceb13b1
071021a6
10271ceb
1a170d8d
256b0422
2261f884
005ffde6
ed0e1e7d
01a52987
0a43197c
fea21d19
f5bf2055
e0a912c1
dc9a0b94
ff8cf601
0f94dee0
0716f95d
0c9a20d1
0aab24d5
f3171c1f
e25d1a83
e3950f0c
e36ef592
df5bf2da
f6a50eeb
12971cc5
056f1eed
f36421db
f5a30546
ef9ce079
f414dc8e
0b26e0a6
1834e666
1c6df28f
183afc52
1a9d072e
2d45fcaf
1ed6ea17
f9df0905
fa41261d
fbf6020e
e957e09e
f717e5df
0b53e28a
edf3e79c
dff21497
11ab234f
2454ffa0
f76dfdde
e5981947
fc2c0426
0211dbf7
035ddfa8
1908edf4
1e82dfb1
ffcddc77
e8a101fe
ed1219ab
e20808d4
d8dc000f
0146f74b
1b79e2db
0921ff36
02a52847
f5471d35
e3791414
065613cd
260dfaf2
16bffe69
1748199b
26b20e79
1df7fa09
138c0379
1aa81356
25ed10f2
2035fc1a
01f6eb6f
e4daedef
dc43f678
e0f10459
f90a182a
1ad512df
1d77ef4b
f90bdfc5
de5cfd74
ef271ca6
115c1253
1e7ff5c7
1c07ea24
1154e5b2
f1f7e9e2
df6a08d9
fc392168
1dd60ea5
13d2ead3
f498e0e8
e7d9ed24
e4c8f459
d7c3f9f7
de210a19
085c03e4
122ee15a
e3e8e869
dd631206
0aaaffbb
0c21da10
fbbc0048
11ca231a
0896028e
dbeef428
e3321174
12c91ac4
26450db8
1da60b68
145013b9
0f2b1a66
06f51b98
f96e1ebd
f9a127b5
10e41d0f
1a87f396
0403dec0
fe63fb5c
16381970
22841e33
1d3509df
05e9e3b0
eafae148
013704bc
246b05c9
09b5fa30
e3331579
ed6e2bcf
ff101d0d
f34d104d
e6db1885
ee921b7f
fd0d1b98
113f24bd
199c1a88
f8ac02cc
db74ffba
e7d8f6a1
ebc3e6f1
e4b0002b
ffb821c8
23f31105
179ae6fc
e7c3e72e
de2e05ad
0137fc6a
139ae23d
1d3bf0e0
24be005c
031c0349
e6a91983
04861da5
230ff908
19b3e1b4
11bce955
1aeaf05d
1f93f76e
1f240c55
1c591576
00f4053f
dc36050f
e0711626
f305187a
f651212b
07f82365
14cffecc
0cb3e2a3
12a4e67d
208bf57c
252f08aa
1d710fb3
ff040c0a
e1210c24
d923017d
dfdef086
f577e378
f8dddefa
e78a032c
f4042371
fd6602c1
edcbdf91
fc98dc2c
1122df73
0addfe7c
0bfa221c
09441eb0
f3e91a94
f6932a2c
10e41e26
144cf581
0725e0e7
0d59e7a8
1e59f03c
1deefa35
1cba09b8
276103dd
1bcfecff
fa76eb7c
e214fa30
d9990794
e44f1271
01831168
1eb50446
2c6cf412
1c39edd3
fb140363
f90f213c
1573131f
19b3e930
093adde6
058ce2d0
fb55dd98
e7bce748
ebe6044b
00861cf5
10b02ada
16711c18
fab1f9bc
dae2fd37
f60f1641
1bd2133b
11601833
ff542793
ef4f17d2
e45e1142
0bb919bf
284bfe64
fbcdf738
e5c61dff
0cbf191c
1f1cf66a
1c8300cb
1d291820
0b7f1d57
ff711f66
11a40d9d
15dce4f0
fe95d48a
fa50e191
0dade6f8
12a5e57f
0426f9c3
055a1f25
1c8329f5
1cde115d
f7a0014a
ddd508aa
e7340012
e6eeeba0
d7c9fb29
e2460e2f
e7def655
de8bedae
ff79ff5d
23c0f445
0b91e7bc
e203f63b
d1af036d
df7d0818
03e6fd52
1014e229
f299e6f7
e1610e4e
eb8e22e9
f3821bd1
ee8010ca
e3aa0ee7
dfb914fb
f3161bb8
189e12f3
2150f38b
f55fe4b3
db47f86e
f46df2c3
f430dd10
e110047b
f9c72646
0378fcd5
e97ce113
fb19f8f2
249505d9
235e0c1e
0f661e2e
03d724a1
f96f1d7a
ee2d1627
e62b12bf
e97217da
fb831faa
0dcf1ff9
12101a6c
08fe15f3
fc9d1d66
02c42b8d
15fc1b9d
0fb9f0f1
fe9bde9c
0e52e54d
1cede938
083e0246
fba524a2
fc3a1d38
e81e10ec
e6c82786
032a22ba
ff59f740
e612ea4a
f5f5fbff
2041fd1b
30e4ebe1
175fe863
f81e0830
00e022e3
184f072b
1225e38a
139cedbd
2542fcca
1bec07c9
166317e4
21cc0951
1d52f7b2
1c39031c
1e1e111e
0fb1215a
05cd2537
f4ba028e
df01ea9b
f3b1e775
007edd5f
e4e6fc5f
eda52397
03d4fe58
f26adb7f
fe40f74e
22430e03
1f0518dd
07ea23d6
f2821e0c
ee6818f0
0d6d0f6c
2288f5fd
14f5f65f
190c0f30
31d4079c
213df087
f4650887
f2d623dd
00a8fc7e
ef54dce6
fdeefd18
24060bf2
0e3f0177
e0a91123
da90225d
f3561cb4
14b002a7
1ecfed90
1c4300f4
21750e2d
0180fe4e
dd650efa
017e2128
246802d7
0550fa53
e4da181e
e26e21db
f4b41a54
1b4b09da
2160eef5
f6dbfa3a
f3dd22f5
229811e0
1dd4e561
f51203a9
fda82984
01fbfcc5
e39be00d
0017ffd6
2ad802d8
031000cd
e01b1b2d
f9de05ef
03cdd7d3
0196e1a0
1a12f118
1a3ed7da
faf9dc3b
04330a2b
1ccc1609
00fd081b
dc4804ac
db52f52c
e82ae5c8
026ff310
22daffd5
25020522
16901636
0d99206b
01e21ebf
f7401a0d
ed5f1788
eda922ae
05e02214
147f02ed
0efbe6a2
0bb1d7b2
fda1dc28
ec6b047e
ef282087
e6f70d39
db4a02e7
ffc2021e
16c3e3a6
ef27e25f
deeb0b5c
008b0b8d
0efce28b
fd89cf81
f77adfff
0c5fefac
114de557
eb59e775
dd8d0ac1
06f20a4c
10f0df97
e720e4d6
e1f50fb9
02c407a7
0a24e00e
fd7fd564
f61ce1b2
ee29eebc
e2ebf6f9
d4f6ff2b
deb40d8b
087ffee0
0d6adcb3
eb7ff0f9
e65f14e8
e363057e
da20f51c
fc6ff337
215deb88
23b9fda2
1f8c0ee7
011b01db
dfb30d92
fcd12204
238f0540
0fb7e534
ed79e896
e07ef267
df60f88c
e29c02e3
e6921319
f0a120dc
fb2f1ee0
f6e215c6
e7c114cf
e3131d76
fa871fc0
1c790673
1a3ce9dd
fe92fb9b
fd6f2269
0fbd271a
143b155d
17a00dfd
22d3021d
1e0fee77
1430eb10
1b04f1b6
208cfcae
207f11fb
19e1180d
fa5c0b0b
dcd70316
de9ff333
e7a3e701
ffdef74a
2425fe81
251ef1e2
1099eb03
03f4dcc0
fb0eda9d
0bf2ee2f
17dae941
f104e5ac
dbf505a0
032e0bae
1524e3ac
ef93dc5c
df1d08ab
02bd1f38
1b380f1e
0f360d45
07c42084
13482267
1ba01039
1a7800b8
1d2cf7ac
22ebe7a1
1172e1ef
fa250505
08c62196
1cd70302
0e0be0c8
0621ec68
1dd0f733
28d6e171
0d58df1d
fcfa0d6f
0ed72258
0022fd0b
dbfdf226
f91802b8
22ddefaf
0990e280
e141faab
d4d90a7e
dfb00bb2
ffd9fc37
0c9edf51
fd12dbcc
f172e790
e333e913
dd8ef5c1
ff6a00c3
1f00edfe
155fe045
068de415
fd14df10
eceee31d
ea6b011b
fbbb1ebb
0cb12a0f
127f1c33
fd1e00aa
de03fa60
dac7070e
e90a1195
f2401ead
fb3c2304
f6e01251
e64e1117
ed72257d
ff6e22d7
f31c0d3f
e45c12f6
06311fd4
24ac012d
0498e34c
e65feb83
f622e9b1
01c3dc44
003cf576
176a19ef
2f561280
1d9cfc69
fda10676
ee6417e9
e31c169e
dcee0584
df08ea12
e6cbe60e
08a6ffd4
24a70003
01e1f961
e6e41a3e
0ecb20e5
2281f85b
ff02f410
ebbb1bdb
007d2e80
08bd1d5b
eef21a1b
ec2e1fee
fe9bf8c3
f6ccdac6
009dfd1b
206e12a8
0cf304af
de3209f6
d4a71ab9
efe21b0c
12d90660
1e1ef4c1
1fb002cb
20850f21
00a70dc1
de620e9c
d953fc0e
e0faecc0
04c5f89a
243bf604
07e8fb36
ee9421b1
01dc2939
0cc71789
142b1af7
21470e70
0cd2ec30
eeb0e2f0
f6e3e9f4
0c31e037
057ad6dd
f091e583
e9c50335
f6391d24
0c0325fb
119d1c87
000d16c9
f6461f78
041f2225
123618f5
188815f1
20c60988
0f54e960
ea1ce546
e6e7028e
fc9e1be7
105f2b59
15be1d3b
f4b1feda
dbaefd23
fa24f949
1986e694
2472f2ce
2541061d
01810de0
e22917f5
e3b90676
e045f8ce
f2e414ea
18de1925
0c0bff51
df79009b
cec31602
e71317d9
046ff19f
ff78db5d
026c01f4
1bce191b
061405aa
dad50325
de27ffef
e9bee719
e00be84c
e14f061f
f8c51b3a
171f130b
1e47f268
fd40e051
dcb2f945
eb7719de
154813cd
2187f979
11f8ff08
194c14dd
2ac907f0
1e30f591
130c08ec
1f2f138f
133bf7e8
f319e1d2
e849de1f
e708ebf7
efb71411
09d122f0
05790162
e0fceef4
d629fe94
e42b0aec
e9b90f4b
eeb71c4f
064e255c
10091c22
f6ad1f06
efe822f9
fbe8f904
f24ddba7
ff03fe04
237a0f2b
0d0ffec4
dd6a0f3e
e2de2583
f6e61a11
f3220efc
e5e6106c
df361b15
f4f520bc
144d064a
19ffed5a
1e46f762
23370849
13961865
0e1c1e56
137efda1
0619de0c
04e2e61a
1c5dedf5
2220e506
06f5e1da
e1ecf6df
e3c21460
05b602ca
0320dc7f
ec93eacb
ebcd141e
ef822d0a
f96d2460
f9e4f4ca
e91ce270
0088fef5
250502b9
0c29fd30
e5c5194e
e85229fb
fd191cbc
145c04d4
1a02e970
0a1ce09c
fef4e269
f31bdc78
e734e816
fd300148
2259fe4e
2582ea56
13f4ea38
11e7f617
1e61fab9
2913f445
1822e721
eb98f14e
ddc307fe
ea4ff713
e3b7e786
ee040827
0bfd207e
00b21ff4
e806203f
e3c0083c
def5fcf7
fd7f1c30
240b1676
fadffa2f
d5d30b08
02e70093
1582d946
ff3d0096
0ceb2a74
ffc200f1
d92fec1e
fd90fe5a
2808f209
08bdfdb2
ef912559
ee071a63
dd320543
e34012ae
f8b51c21
fd082451
0a9022ce
139efb3f
0861de57
1195e6e3
22eff2af
1b7d03b9
19e50f7c
1884f052
f1c8dca8
ddc80a74
fb002365
fef9fde7
ea5ee3d7
fa4edf86
0c2ddd03
07a5fb19
10d11fc6
1d951bd1
1c8805df
1cc1f5a3
1cc9edd7
1b1bf7d2
1ec5073c
1dd60fc7
135e193a
054b2397
fa252227
eceb10d2
e4ce103f
02c11c6c
2377044c
0b37e374
e9c4e9bc
f1e6eef9
00fcdde0
fe65d3c2
ed94e69b
e900136f
fe952432
ffb6fef5
e5e9e51c
f046eafb
069edfcf
f01fda01
e41cee6f
fc06e637
ff63d8ef
00000000
1c3e1b04
198efb3c
f6d5df71
edecdc85
ec37e70d
ea02111f
0397250e
065afd95
e42aea48
e0ef083a
05801fd9
20da1925
1a44113d
09cb1f9e
0773225e
f7990347
e0cfecf4
eebfe6f3
fd85debc
ed0ff532
edbb1ed3
0227263f
08221cfb
0d3c1d38
1b4b10fd
1a34ed9b
f758de55
de8c04a9
f3a72081
0016001a
f072e098
fae8deec
113bdfa2
1727ee50
1ea0f8db
188be7ef
08cde133
11c7e9fb
1f45f0d1
21b102f3
1fb20dc2
03b10764
e0070e02
de9a1b38
f8011c1b
134d1035
1bdcf4a3
004cdbeb
def8f322
f23a22cc
151e1d6a
fb2cf9b9
db68fb23
f9affb93
1ccae8b4
2506f66a
22ab0b5c
02b00b16
e192119b
e25f0d79
e136f954
d88bfb62
e6ee11b7
0ac61e13
21d1072c
0609e403
e731e6cc
fc40ebec
0648dc82
ec83f2bd
e81c1868
ee4f1222
debffdb8
d2a10399
e7571512
131511c5
2305feaf
11960a8d
163e1b76
19fbf743
fbcbdcba
f913fa32
1b0e14c8
2c0e12e9
20780076
fe36edaa
e4caec60
edd5e56f
fd34db2c
0f0ee7f7
18d7ea95
f2a6e827
d9d4061d
021707a5
1566dfca
f7b5e3e0
e43c0b2a
dd151c25
e7361a28
060efaf1
fdacdbb2
e00afc7b
f007218a
014001b9
f302ddae
fcc4df4a
1561e2a9
16cbee17
1c67fb8e
2252ea22
0d6cdfb5
fffc0030
0d861f8a
17e9227b
1a500f9e
11dcecc3
f4d1df25
e4b4fe5a
f5591ee7
048e22e4
0a191e8b
14b71526
1ddd090e
248c0237
1f81f426
fe0ae97f
de62f6d4
de710460
e4dc0a61
ec341efa
f914230d
eca90d3c
df2a0e2e
02f2163f
22f7062d
16a0076c
0f381e6f
1c4f1bd8
1e9904a6
19edf931
1bd5ef52
1607dfc1
0538dfee
ff6afcf3
13b01b0c
27ec184b
1d6b040a
0133ff96
e97a1207
e7052b60
fbe6239d
fde4f392
e8b4e41b
fc64012c
2444021b
1537eadb
e812eb8e
d4bdf509
dedafb9e
0061fd15
19c4ea2c
0fabdc06
fdf9e1eb
f4d2e4b1
e8fbe6da
e16bf750
e1cb04ea
dbf60839
e6b11536
14e7182d
25e1fd6c
f801fc81
e6f31d05
069b0799
fc8ed9ef
de04f3c1
f0d61dd0
058f0943
f599e138
e538d508
e7cce8b0
0686087c
232ffe84
0279ded5
de31ef4e
01fb015e
22d7f25e
1bd50364
1e3216b4
1015f874
f1e7dff4
f90bdfe5
120be0aa
1fd6ece9
2001f97f
057a0361
eebf1c94
fc592930
0c311c10
11701428
1def0ef5
2484fd53
1bf8f316
1767fdbd
200d0b86
255108b3
1b37f5c9
fed5e10a
e0ddf034
f08a1e24
13dc202f
fcf4fd22
da22f85c
ed4cef48
f3f9dce1
e6de0205
fa7424a7
0099053a
eac2e467
ef24dd94
07fcdd0d
1f0fe693
1eebefb2
fe8a08d6
f72d23a6
01b604ce
ea81e100
e2d8fbc3
00d81ef7
10df2af5
11ae1f06
faaefa4f
db6ff89e
f4321579
19fd15f0
0f0e19ac
fca02643
ecda16d3
e41c1129
07751737
23f8012b
06fef776
e79117ec
eef830a5
ff1a1f25
f9a0fb3a
ea03e8d3
edeeea18
fefee1fd
f969d438
e659e81c
f1d413d1
066820f7
f4921a09
e6c51a82
fe0f00e2
ff64dbc0
e67befbf
ec471dec
006123a4
03461bcb
0b8223ad
1ca4163b
0f12ec52
f5a2de94
0698ea4e
1697e3a2
f5a1ebbb
debd0b63
e72706da
e2b8ebd8
da3eef94
e41a07f9
fd2e1be4
1bd31240
188feb22
f346e022
e6d6fcf3
f577198e
010f2d5d
0a412470
f8aff7e9
de1cee21
fec8043f
2438f392
0350e3c0
dfc3f8d4
e6abf5fa
f091de0c
ff14db50
0ff2e23b
131cef82
1a44f540
1a53e1ff
0a0fdde6
0e35f51f
1e36f41e
0452df53
ddfef50f
efcc20e3
147a1c1a
ffb9fd0e
dca9faf9
e5ecf566
f020e04e
e6cce70a
e2c1fc22
de27067b
e3cd12bb
009713f2
1dd90477
2cfaf0ca
1c80ea25
fe040b63
fd3e2506
f8ca04c8
e65fe4bf
f5c7dd9e
0852dd49
048bfdf1
13611d43
1e0d00f1
0064dc7e
e62fe0ac
ec55e9f7
f7a0e1c0
fee8dfd4
0f73e7d4
1765e8ae
00b1ebcd
e08a00ed
d6f419e6
e95918b8
fb48f648
fda8ddef
0909e555
16c4e8f1
0032e8e1
de8d0348
de801e8c
ec5b18de
e80803c2
dfdb0381
f593157c
1b2b137c
254200e0
1ea5fb32
1e6af4b4
11c9e537
f250e647
e0ed05be
f9b92351
1bbb1271
12ebe8b9
f71cdf79
fddaede9
1222e60e
04d5d394
f2d1e015
0a1fef71
1473e1ee
eb13ebea
dd270f86
00b2000b
0e7bdb3f
1099ec9d
2282fc06
0870e337
da43f026
f1621916
14b11b10
fd411b80
ef67245c
fd0afd39
f31adb7a
f773fd56
211610a1
1f1fe7cb
ecdedf57
e4450dfd
fc6620a2
edc11099
ddea10d3
005f02ef
0c58dc82
e811e943
e432161c
019b0a8c
045add0a
f496d157
f1cde5e4
ffdf0007
1da4079e
2df0f37e
1927eb49
024e0686
fe271fb1
f3e22275
e4761646
db710002
e028f90d
001e0010
1a1cee23
ff51db61
ddf8fc48
f5aa2737
177b18c7
00b5f484
dd2bfdde
f41a1cc2
1ad11694
0cc40ca0
fc302384
129025a2
185b1092
071e1aca
041f24cd
f8f305b1
e334e9ea
ebd8e221
001fdd3a
0c11e667
1527ea45
0a68de9e
fa02df78
03d9e6ef
1410e5c2
1aceeb5a
2002faa5
224b0aed
1ab6137a
07ef18c2
05151f18
174f0c4c
1187e4d6
ed11deb0
e14f0643
0222254f
1cf512f1
ff16f344
dcf70792
ff1e232a
1fd30cda
01c0fd7a
e0560d0b
df00092c
e2f9ef48
e586e397
f5a0e37b
08e5dd45
0cfde185
09ec0030
0c021f65
07b6232d
f32a1b4a
e58c1b47
e5550f4a
dbb4f8d3
dd9cf484
0387f5f5
216fef23
1b50fec4
1cb81008
16beef84
ed10dda0
e48f07e7
feb32090
f3291897
de0c1414
e444ff68
e2d6f174
ebdb143d
1543218f
198ef41e
fe2cdf09
0f50e887
20bfe81d
084f0600
fb1b2856
ee5f1762
dffa0da2
06931854
27ff0327
016dfd69
e26619f5
ea9a0f9a
dfd1f6bb
d7900b38
ebbf195f
eb03025d
dbb0fded
f24710fc
185a15e6
26ea0e21
1fa000db
0903f1d5
e99aea61
d291f226
ddf8005f
0791fb96
1833e6cb
0222f74f
01c02359
1822278c
16201254
092c1131
06931f1b
0cf32819
180d16a7
1073ed7c
f9ccdd68
0126eb3d
15e2e72c
08c2d940
f6d2e197
05c8e871
1378e2b6
13d6eee9
1edbfb36
2542ec9a
1119e2f1
fbf8ff52
07cb2143
1e701c47
1afe0c9c
100a1712
0c1f210c
f8dd1ace
ed791c65
09c213b6
216af31e
16e7e2d4
0c53e69e
0688ddd2
f337dee4
ead900b2
f6391f53
ff6a25d4
097b1d57
1a130179
0dd4dfe6
e7bae9c6
e285110c
018019fd
1cfa0708
289bf861
1f17f336
ffeeff4f
f34a1de9
0c192a71
148d1ade
f8ec1a90
f41022a5
0579ff22
f04fdec1
dca90626
fcc324ee
064afbee
e7f5e459
f60cfa67
236601be
317ff9fb
1b0cf147
f08ceeb9
dbedfb3a
edd5f4e9
ef2be328
e30c016d
fdd324d4
1a300c78
14bae83a
0eb0df66
05b9e023
e996f22f
e5d117d1
0ad51f18
2015fd8c
0bbbe689
ebeaeab8
d6f0fb1a
ddad02e3
ecdeee2b
e757e68d
eea90939
061220f5
fdc11f13
e7c51bc2
e1cd0957
def7fe86
f5d01193
1cc21492
24430729
1e63feb5
1907ed67
1088e40d
181ceda6
22e4f904
1eda0c68
1a5915d8
02c203e0
ddc5046c
ded11a8e
f2191a8b
ec640e3f
dfbb0993
dff7fe65
e3eaef43
eb3ce593
f68be074
0608e05c
118be3ba
120cef99
1b20f8de
24a7e565
0e18dd63
ff6c0afc
0faa2244
fda00490
dd57f3fc
e821ebd8
f52bdeee
ef32f495
f6d51f25
066e31ad
0ba12099
f70cf808
de5ff054
ff020571
23f0f2df
fc4fe117
da8dfac5
f288f660
f2d3dcf4
e0c70119
fa4b250e
09b0014c
ea6fe2ac
dfe9fca2
fc261cae
143126e6
13821e3a
f8fc1724
f4bd2005
19bb0c01
1de5e760
ff640100
fd5427b7
f4241641
df5f0f3f
04e11c06
27bb0153
0048f769
e3df1ae2
01531d09
1e48fbf7
27e6ec6e
1c82eda9
fb7501cf
f99b203e
1e941390
1b84e627
eaa1e809
de980672
ee8ef4e1
e54ae420
ed83086b
080e2177
f99d1ddd
e5fb1be2
f414ffbc
fc96dab4
063cdb82
1905e8e3
1942f57d
1ba9ff19
2247ed17
144ce1b4
1183fb32
2192ff47
0ca3e1fe
e1aaeb04
eac716e5
0bcb1f12
fc5313fa
ea7f1f9f
064c1497
1de9f258
231ee804
15fee6dd
ea4cf1ec
dbf00bf5
fd4afdaf
0f3cdd76
17e7e977
2397f9e3
07b30073
ecb81e31
ffc22b0d
0cb11a75
ff15185b
f3d51fec
eb09184b
e0bc0b0d
df38ffde
e36df47a
e84ce95c
f177e279
01e2dff4
0ca7e148
10e2ed4a
1b8ff39d
1edce391
0967df11
fde70107
116c1da6
1f0c17d8
1ca40958
1d3ffb6f
1c15edff
14e4e74f
07fbe1ab
f564df73
ee7ae518
f7f9e5b5
0592e130
111fe058
19afebff
24afff79
221605c3
001c090f
e39b14fc
e3e00c86
e0bff878
db7e0343
e9a21741
f2cc1a63
f9931fa8
0fa11fa4
17d315dc
08821aff
fdee2327
f52917cf
e7511357
ef7322b1
029d20ee
f9201347
e72617ff
efa820c4
021e1ddc
0dd01be0
187b1738
1d9a0944
1e43fda6
212ff250
153ae5bb
f897eddf
e22304da
d9c8183b
e94b1a8a
0356faa2
fc98dc1c
e8acf54a
f0841e7a
f8c724f3
ff2f1edf
1b6f05ba
16f8dfeb
eb3eefb2
e1bb0ee5
e3c4f90e
dddbeb59
046af905
25eaf4c5
0a510373
ef0a2310
e4c518b1
dca7045c
f872fc5e
1546e2cf
02c0d846
f11ae71b
eff3e300
e2d8eb8b
edfd1bad
0fe4235f
fdd6f865
dbadf19f
fdd40203
23bff102
067bf52a
f1b72293
07642e12
0df118f0
fdc11890
f68420e5
f1c31525
e3760cac
e1291d24
f806218a
01d4fdad
eda5e1fc
e2e1ea9c
e3c5f8f1
dc0d0532
e26c1161
ffbd0407
0889dfad
f1ecd4d2
ec7fe6f6
0334ea62
0602de53
ee66efb5
e79214d6
f11a2416
f95f1fe1
05811982
152b16bd
237514ea
21cf0596
fc15fb6d
e3f01517
060f20b3
2292fecb
0c1ce694
e9fbec47
d90af3e4
ded5fc79
ff16005e
1887ebea
0cb0d3c5
fbb3ddc3
107ff2b0
1b80e7a1
f087e803
dc0a0771
fd57fe39
1372e035
1f89ee9a
267e0142
00e90750
e5191ad3
fcbb099c
fe7cdb36
e44edb19
e74af0a9
f5a6e998
f8f7df79
0218e47d
122de5e4
125fdb3a
f932df16
e77a0379
f0fa1c73
efc9117f
de8208a5
de5e0efe
f0ba190e
04fc226f
0afd20f9
f7801b4f
ee651d08
fd350556
f652dfad
e119df03
e42bf299
f4d7f3d0
f4a5e344
e1b8de73
e111f1f5
0576fec3
2048f398
1821f706
1b9b0d78
2efa057c
1da0ef93
f85b042f
f73f2067
00a70acb
ef53e3f2
d8d9dc58
e1b1f4c1
0a590460
1db7f20d
fc9ae40c
ddd4f7d1
ec05fd8a
f261e20b
da7fe1b2
e01cfd96
0460f9a6
17e5ea8b
231df800
23d105c2
03a00df4
e4bd1691
d9460893
dbeff8ac
ffa9f2a6
1f15e8f5
1c1ffbf5
1f130b2b
0cdde7e3
e65ce1bd
fddf05b1
269f0319
094df7bd
e3341813
f3da2dd2
01481bdd
edee15e8
e9f91a51
f760ff4c
fc64dea8
071fd910
18d7e5e1
24a8fbf2
218d037c
fc6efebd
e4c715d7
0f981f61
2686fa00
f98efac2
e96d1fd8
00540878
f989d9e4
eb66dd21
eb9bef6f
dd50f76c
dbd705ba
ff09007e
14cee363
07bfd856
f94fe30d
f205e78a
e45eed02
dcbafee5
e21407f7
e4a9fe00
e35bf01a
e9b8e666
f824e02b
05d8df68
0f9fe5a1
152bed6a
1c67f4d3
2526f070
1174e2d7
e544f0d5
df740dd1
ffe7ff09
0cf8df14
0eefe6ea
1fbcf601
1ff1eb6c
0a8fe273
fa02e319
f280e2af
ea43e1af
e240f38d
f0b21815
0fbc1e83
07d0ff47
ded5f6a1
d33a0870
e52c0cfb
edcd0211
e21bf9d8
d30f010e
e1f60fdc
0818010f
08dcdf55
e7cde938
e54e12b2
05b31e97
1f4805ce
1f5fee29
1960ee62
1e02f83f
20b602ac
1b3f16b3
14521d7a
faa10684
dbdff959
e4bcf8de
f15fe5df
daaae6c7
dd790283
0325f9bb
15c0e638
20d0f3ae
23f40185
06650b62
e8201967
dc931240
dbddfe50
eb09eb1c
ed87e579
e8a20e6c
01f2279f
01c3fb95
e12ae629
fb33fd32
2798fb04
1d090153
15fe1b6d
22940d51
1ce5f6fe
1b19049d
1e6614cd
0c491ec8
017b2275
fecf0575
e5a1e9cd
d4cbf78d
e34007d1
ec19fbf1
e1e9ee92
dd12f11a
e31d04dc
fa3c1de1
1ac01375
193fe73d
f6addef5
f77805ff
1d500ff1
20a9ef92
f668e17c
d9ac008e
f1ca1d0a
16770ddb
1d27f54a
196ef96d
1e060c93
1c2b19ad
0c731ec5
f70a2180
f1a11eeb
fb0b00d0
f32cdeb0
e61fe550
e5c2f804
da5d00d5
de280e21
04ee0085
0d0dde64
ed83e8fd
e34c1225
f0ab1fda
f69a1c9c
fd8422ea
10231dc5
17c6fbfe
06e0de15
f725e151
f249e76b
defae71c
dc21f9ae
0699feb3
1d79eb19
0683f903
f9d922d9
07f62e17
12f91733
1023fbdb
04afe31d
f13fd2f0
e9dde408
09b80528
23b00466
02fafc56
e3e31638
00b620c1
217cfea2
1efae6ef
1857ecd1
1a7bf6c9
1e2aff64
1f1f0aec
1872162f
0a5d2042
00262232
f461168a
e7a51582
f50821ee
05fe1e34
f7861b98
ea591e02
e2e40687
dae7feb1
fdfa11a5
1fb711d1
0f371b24
027a2645
f9bf0271
e214e882
f66cf988
2493f9b8
29ceec64
10bde89c
f015ed54
dfec0585
f79f1a45
1a4c111f
299afb0c
2056f59b
16880de8
1dd813a8
0d84f173
f260e111
0016e1b4
110edffa
0c77fceb
0be32106
031527ed
f0771dc1
e1f20d0e
e0fe09f2
ff961086
1ee90baf
1d8c0e8d
0ca31f56
fbbc2704
f3171d94
f48a0122
f27fe20f
f715da67
0bede133
1ce9ea89
1c67f41b
0700ff84
f3f61c1a
05ee31cb
14151b94
f52a0066
dda3fb88
e748e9df
ef6ddf5a
01c1fd8e
22b70af0
1692ee86
e9c7e4c6
dd8ff227
e32ef8ad
e0f503b1
e4c81384
f2a31c0e
fd381f32
01b2240b
114e1aef
1badf311
04f7dd82
f5c60106
14241ba6
26b1f970
0145dc9e
e019fc5b
eb2618b9
ec910665
db2efdde
f12110b3
1b1214a9
25af0f1d
1dcd0440
0927e885
e819e567
e59f0c03
04482314
11d118d6
142d140d
273d0f20
23c9fc4e
f98b01f7
e9931bb5
fec20955
fbe2dd8a
e574d8bc
e7bded43
fa26f03d
fadce13c
e806dd74
e46aed91
f9efee3f
faf3dee2
e5d0f305
ef481d04
126d1dba
1d46f7ff
041ede7f
e5e7ee1a
e7961640
09ac21f6
188dffd0
0aede283
06e2dad9
fac9deea
e36704be
f0a32176
0364fde7
f33adeb2
f5a9f710
1f140d9b
36530070
1da2f3cb
f84a0868
f45f1f6a
fe0e07af
f036e17b
e261dd39
e4edf39a
f2241568
0e1f1fc3
1950fec9
0728e10f
fa46d9a8
f195e10f
ee9f01f9
fa1220b7
01a52873
0dbd1d3a
1835f6ad
0669de28
fd85f99c
14631a5e
24791e44
1f7a0a10
01e5e9d0
e8cbe42b
fe6ae7a3
0972dbde
ef22f5ba
e88a1a85
e2e60b10
d7f3f9a0
fd5bf4cd
205ee5fb
1bbafa55
1fdb0c79
0bd3e648
e399e1de
018e06e4
27ce004b
0226fcf7
e5941ac8
fa500e9e
ffc8dcdf
eb00cd44
e93dea6a
0ac0038d
21abfdbd
07fcfe9c
e9801b6b
ec6e27e6
ffa31c0b
1a1f079e
1981e78a
eca4e5d0
dddf079f
fe120442
10e4e2b9
10cfd59c
0025e03c
e52803bb
eaec1d37
ff570043
f9caddf0
fb56e178
1208e5db
1631da4f
fa44df4f
e16c067a
efd71fd3
fdd1fd12
f236dd13
0457e333
1796e211
f46bf1a3
ddc010b4
e2effe23
e078eb3a
fd80fd55
22f2f617
0cc6e451
e24af543
d4a00b8c
df060bea
ebb3f461
e369eed0
ed52184e
110e2187
ffe1fb1d
dc5cf5c6
f70cfcef
1ed0ee24
2512f226
20640c45
18141fa2
0ccc1e33
f8bc04d0
e00bf39d
e5aaf548
f45be58f
dfcfddfb
dd18fab7
093800a8
1bbaeb4c
06c5f943
faf3216c
049c3100
10b01a14
0f6ef4a0
05d6e076
088ce337
19b9ec6a
24e6f663
20900589
14c114c4
12001890
16c1016b
04b2df5e
e808dba4
ea38e904
ff71e355
0257de79
0047faba
15951962
2a521045
1f69fe45
10d30a39
184e1926
1ef40d52
1cd9fd42
232df51d
1a24e904
efddede0
dbcc038c
ed32fa5d
ea89e7cf
df7604d3
01e823a5
2774038c
135ce328
f818035f
063b22aa
08300726
e355eb85
d0c0f992
e3340523
ed96f8fb
e3d3efce
dce2f5a5
e0a6043e
ead11401
f0ca1cca
f22c2221
054e1f17
1ea7ff77
1183e2af
f6ccfc33
08a8203b
24ce0c6e
0f1ae2be
e0cde8a4
e1410b21
0766053b
0dd5e219
f010e467
e2220bec
ee932393
f3571c72
e7b113aa
e3200da6
e3c9fb99
e0aaf43c
ede506ce
0d941b4b
28351d22
21800b65
f43d0501
dfc31204
fa1bfcb8
0864db90
1372e7e2
216ff2b8
01d1ef1d
dd06fb0a
e0def5ec
ee44e10a
ff90db03
09fbe044
065cfd71
11991df9
1edf189e
1c550443
1f36f4fa
1d19eb88
1472fa09
1ed907f1
2664f5ca
17f8e956
13e5fb37
22f30513
2150f719
14a7ecb8
138ce10b
03e9db79
ec56fb95
eb691a5b
e48e0f24
d8d2fe87
ea6eed2c
ef87e2a7
e7260d41
011e29bd
01fef85a
e0b5e3fb
00100275
2913fc4f
03a6fe27
e7c81f57
f91f0bee
f9d3db08
f01ad186
ebe0eb07
eef1158e
02be2383
ffc900cd
e49fea13
e85eed58
fd4ae1bd
f429d495
e2c7eca0
f52814cd
0a861ea1
f76c1d32
eb531f4a
fa41fd3a
f77bdae6
fccaf496
20f312e9
2b520bd7
19f4fa3e
023fe4e2
e42feb87
e99218ba
0dce2196
04e9fe1a
de5ef3a7
d8f3fd4c
e32b050b
ed781b59
f7522241
e3741099
db060c7f
0221f86c
0fffdc1f
0162fe90
0ef523dd
07e70862
dd39f24a
d39d0332
e6840e31
ed92123c
f49a1e3e
092b2708
12301cc2
fac7152c
f38c2100
159e10b8
1c59eaa9
01c7f8e7
fccf227c
02932ec7
0c481d80
16e9f0e7
0611da8f
03a9018f
17ce1d25
06801c3f
f5da2296
0dce0cda
19a1e794
193cee45
237e0578
1fd3124a
12281b82
04ca18e7
fb4a1d34
0cf9253b
18391730
0361155e
fe4722b0
0ff210a5
14e7e911
0c3ed26e
01a9dd67
07960403
195d19e9
0dec158d
fb171f67
11cb23a5
1d861105
05211be5
008527e7
fd2efbf9
e36ee3f1
f9a6047a
278aff23
0a5dde84
e037efc5
fcbb01e8
215bf573
24b3fdf4
1c4a16e4
0d4c220c
026d1d99
fe7d076d
e8f5eeb9
cc53f473
dcb608ab
0d13f82f
1315dfe0
fe20026f
0a302502
069303f2
ddcfede3
e362095f
0e4b1b7b
22031e91
1cb812fc
fa91ff86
dec509ad
f72818ec
1e3c0b2e
2bf7fa6c
1f25f647
00ca031a
f23e1d4a
ffdb2869
0d591da2
12c01106
1cff0a8d
2ab6ffa0
1e9ef22d
fb63004a
f4a51faf
113618b9
1c6fefde
0ec5da98
0856e176
14e3eb8c
1dc0eea1
183cfd55
1e540bfe
24f8f838
17c1ea2e
1d7bff74
25a607b2
0002084b
e0781592
e4a806c8
e12bf51b
ea641047
15b41d7c
22f3f7e2
00a9dfd2
e734f2ea
e8d81254
f5d22581
fcb92131
f33c13bf
e7eb143a
ecb41e60
fd6c210f
0cdc1961
162a152b
208615ed
219d0336
0210e772
e634e8a8
f74aeda2
019bdec2
ea58ec76
e974186f
0f0424e8
2173fded
00a1dd52
e514eccf
002dfed4
2146f8cd
238d0364
1ac81877
083e1ccc
000a1d6c
167e0dbd
171de565
ebdddf9f
de370839
02051b13
1a990ee5
146611d3
07f22210
faca22cd
ec671979
e9541079
e3d407ea
da750f8e
edbc1cd3
15390e4f
1fcff54e
14cefd74
1c721092
28f4063a
1d62f4e2
1173ff19
1ddd0db5
2b8c060e
1daef52d
fdedfdd2
f3411ce8
03ac2bcb
0d001e2d
fd46125a
f2bb1de6
03fa264e
0f081b70
017119fd
f4fe20b0
ee0d15e2
e30a0bf4
e52117ba
f7ac2136
04db1a8d
0d9e18fc
222f1be1
22e60a70
f63bfed0
df4310cf
0361083c
0bb8dcca
e1eae8b1
e48b17cb
093a05fd
0261dc02
ebbbe9d8
eb001355
f0882b02
f7db228e
f956fc1e
ec36e270
f268e9cd
06fbe21f
f799d3a6
e7ede95f
039cfed4
2082fec9
22f3088f
174419bb
05e7240b
fcf82044
fa66050e
ea71e733
d878ea35
e152027a
f9611115
13aa1531
2ca80b84
2433fc49
fbab09c9
e9391d8c
e6fa082b
dcb5fd7b
f87a1831
1ec31496
0552018c
dd4107f3
dac100d9
e47ae9b1
f3b0dcbf
fd74de70
0471fcfe
1c871648
2387099c
18f8f99b
20f6e8c7
1688df7f
fd920a26
07c22707
0124fe05
dee7ea74
f6e5044b
25d0f7a9
0bb6dd3b
df28f4cf
ea32131d
0a1e1907
1eec1b9c
1fe111e7
fdb2020f
dd430ac3
e600183d
f60319d5
fdc62648
0c66228a
00f6fb61
de76f089
e92310e3
127a1dd3
1c161389
19380d3f
24d4fb22
1f66ed21
14170585
1edb0eed
13dce94b
ee01e008
f70006c6
22640a25
1ad9e656
ec60e478
e2a0084b
fb891e0d
08df1f53
0ecd1cd6
1d660fea
215a0342
17130ee5
11811e09
086017cc
fa0c1b3d
05442df5
16b91da4
f8a9f712
da2dfa09
00b1069a
1fdaea32
f602e2aa
da8e029c
f0adf964
ed04e049
e10507cc
00b72828
0a81fb8b
e379e2d1
e7080d11
08812110
f5921968
e2d71b4d
fbb6fd99
0088d976
fba9f573
1ad0199e
2d7b0d6a
1c09fe39
10980588
19de10eb
29ba1265
22770092
f68bfa3e
e6c6182e
15ef1dd9
2585f7f5
f699fd93
eb122101
026501fb
f796da0e
f954f6a2
1fb314ad
2c08079d
1a9cf8d2
170af1f0
1469e308
ff0fdc8a
f54fe437
03c9e0fb
0fafdfe9
1ad8f46f
2189f963
02c4eb96
e020f21c
e8aef3ff
f676dfa6
ed6cda52
e34bf355
eeab1578
0c331df1
194b0346
0ac3e408
f8acd45f
f2eadf57
07b6ffce
20c10d29
16380e14
0b701d6a
1b3d1d76
1ee309c5
0f2707e5
0dd91b20
2377214f
2278097f
f3affff6
dfd0135f
00f80000
0845da51
ff0bf59c
16032001
214d19af
18c107a3
2029f380
1ca1e851
1903019e
238a093a
0a42ef1f
e827e892
f0f4e3e0
0414da9b
175ae85d
1e54eea7
f911efae
daf9005e
e547f492
eb59e190
fd86f8b2
23ea05dc
2692f21d
12c5e9b6
1170e6a1
03e3deb7
e3a4f32f
e6c51830
104f186b
229efcb1
121501ab
16a51ab8
27e90b6c
1cc1f997
19240d8a
1dff1589
fddf0ade
dbd406ef
db94f52b
e6d3e69f
0380f643
2392ff0e
1e28ffa5
156e137e
29961325
2182f794
f882fd87
ef221d2b
09461baf
1cc8f912
1be5dd64
124ce29f
177bfc20
20bafad1
02f2e4d1
e090efda
f884032c
2164f403
23e2e437
0f46e7c0
f2c5f069
ded7075c
e9ab1f71
f5ac1d92
e792125d
de590c67
e7c1faa2
e58cef8c
e5f50eb1
0c562347
22cff7da
07cddd79
01150227
12e91e27
04911fe5
f1442074
f8cf080f
f341dfa1
dc10df29
e270fa7b
0156fe58
187aee91
202ee086
0bfedf44
e927fc6f
e36f1549
e77b010c
dd73f499
f2770faa
17f71a9a
0d4919e5
f5fc2506
f01a1742
e46f0be5
ed4521ad
00eb229c
ecc31312
e1fe1555
ff8f00fd
04dbdd04
eb73e8f1
e8481631
fa942a96
fda8204f
ec2115a6
e68c153d
fd0c035a
0304de45
ec58d895
e9baebe1
f8c3e8c5
fe26de91
07bde4c8
173de86e
171ee159
fefee100
e3f5f85c
e8ef17fc
0d3f18db
2245fb21
1904ed40
1413eba0
0b7dd874
f899dca4
068401c3
1e9c12da
0ecc18ed
02aa236e
0f580b4f
1077e30a
089bd43f
fc60df31
ee9d023b
efca1e2d
e97415c7
dcc4071c
e522f645
e676ec4d
e92c0a47
0abf217e
1dae070c
0c76e536
f85dd6b1
f55fde4e
0b46eba6
1223e363
ed18ec11
e01d0ef1
fceb06c6
0a09deec
0655d17a
f8f5e1eb
e6ab09d7
f1ce21a3
ff6d0099
f0eadf54
f4fae45f
0e33e22d
08a3d7a0
efcee4f2
e8950277
f7571d03
09e82691
0e161e41
030a1366
f7551b69
037c2ea2
13421e8f
f711f96c
dc80f8e4
fbacfe1d
1d3cebb8
1ce0f09c
200708f2
2867057a
18cded6a
f6c7e484
dfddf973
f28a17cb
163d198d
1da10d09
1d4406b1
2213f299
188be7c0
16f8fdd6
229d04cc
0efeee44
e884e8d6
db0af45e
df35fc9e
e74c06ea
ec371569
ee992836
fda624d4
fe14f5fb
e635e386
fbf60502
26f5011e
0a50e386
e22cede5
f38aef53
ff47da2c
ef10ef47
ee7d1cd7
f80a2ce7
fee41fd9
005bff3d
e92ae8cb
d509fbe0
e18f08ab
e65ef1b0
e25cebdb
00bafa11
2212f8ba
2000feca
1b061386
22111417
1d54f9d0
0220e01c
e476eb56
ee5a17a8
0d2222a6
fae711d2
e8f01d14
12f115f6
2393f0b5
ff3fff1a
f1a12355
eec413d8
de7c06f8
f36118bb
1ed40dca
1f7ee7cd
f53de0d5
dc200aea
f3c921f1
02a2f7f3
ef1ade15
ffe8fc35
246d0bf3
176c1050
08e51f84
19bb09c5
0d27de57
e1dee66d
e141128d
0df517ca
1f8903d1
145013b9
1316209c
fbd40391
db19f7a9
f3ccfd03
1ec4ea75
2172de4c
08d5e622
e481f6b0
df5b10d7
09200510
0a4adcaf
e04aef16
e5001805
045e01cb
0361dc11
01f4e4f2
1b28efbe
1cf4d926
ff20ddb3
02920a03
190617fd
032d0735
de0c009f
d913f97a
e97de69b
fa38d882
022cdf8c
08e3fe78
16ff18e5
125d193f
fd531f02
0671281b
1b18136c
1280f74b
fd6be4bb
e8d7d729
e4ebe761
0a93035d
23e1fda2
021dfbce
e9771aa5
060c2055
205dfa51
19aade81
128fe617
1ee5f6d0
21b4fa88
02db0559
eb631cba
eccc1629
e1870310
d867128f
ef901e00
0379fe56
f769dea4
e6a6e3de
e592f297
e02df55d
de6306a6
01d21d51
20630f42
03b9fbc1
ddfa0c3c
e3fd1c95
f3b3191b
fa8320bf
0ca12183
153e017f
09a2e123
0058d816
f6d5e1b9
eaba0044
f2342080
06702247
0de118ee
161e1e0b
207b0ed9
095ee807
ecd8e0e0
0066ec45
0edce0ca
ea62eac5
e00f131b
070209de
091bdd1f
e607e5a9
e546131d
08cc1e16
1e8c056b
1c97f518
1bd4ef58
168fe1af
0477e121
fe63fb7a
121c1817
2c5e1b1b
229d0548
f28b038c
e39e1604
00000000
03d4dc49
fbf3f2b0
16ac1aaf
2e5e1785
1e450289
fb5c00e3
e8031550
f1cf2277
fe9f1e7d
09321f95
1916178c
1486fbcf
fd24e302
ea3ad5ea
e71ee4b9
0a7004a2
26960101
fe99fb7c
e3921bcf
0d8b18db
2270f51f
18590691
1cd01bb6
02270231
d8cc012e
f13f190b
1fdc10b6
228d031e
1d0f004c
1cf0ea9e
10c3e0b1
1581f7a6
23f8fc15
08e7eab7
e07cf0b0
dc5cfcb6
e1f80262
e8a717f6
f2df1f77
e4fb0e88
dc79087d
fafdfaa5
11f9e08a
1256e6a7
1f09fa03
2459ee3e
0bcae135
f137f0af
e4a50b35
e2a71f00
f04b1e57
0081ff54
f615dfa7
df38e6cd
e1fcf7e2
edacea3f
f123df0d
0301e77f
0e00e48d
effae66c
deca0cda
09a82635
23bc08be
f7b2f94d
dfd6130f
01b20792
0959dc26
ebfce6f6
e66a138b
f146228c
f7331ed6
ffca1d5f
102e1b65
230e0d49
20eb0312
153916e5
13d31eb4
fb5e0111
dc18f898
f56b02a5
1da0ec0b
14b7d562
01d2e213
0cf3f095
1986ea6e
10dee160
01fae085
f8e8e03f
ebdce7cd
e43005cd
fd20202d
21740f16
1981e968
ec4ee89f
dd1a01b1
f010f86b
eb03e5c9
df7b05be
019724a7
1fde037c
1295e4e5
1158f681
232dff39
10aeec15
e51eeaf0
d663fff7
e1db041e
e3dcf438
e446eb1f
f7c4e86f
ffd6e0a5
e5d2f18e
e81f1d15
191b196a
21eff33e
fe7802b5
f1ad2202
e45a11e1
d95f0470
ffaffcd1
1688e145
f3dce99e
e0940d0c
e4c00803
e153ef35
e65ce1bc
f758dee1
0cf8e4e0
11fbe526
f182f069
dd540d47
eb3a05fb
e3fcec83
d6a60035
e58d109b
e49df9f0
dd9df242
fec9f918
20f0f21d
1deef6b4
1c8e0d24
29460b31
1d17f127
f6c8e84d
e169f64e
ebf5f805
f13de370
e135df0e
e178f671
013b048f
1cc9f234
1315d84b
03d0df21
1913ef6a
20c3ed3d
fcce046c
f5d52544
06550468
ecd3de4f
dd3b0462
00482441
0711033b
e5e0e6f7
dc8be720
e488f63e
f4d11a06
14bc1fcb
15cbf156
fdfadc4d
0d87eac6
1de2ea00
01cffc20
fb972441
191017bb
16c5e655
f363de90
e1ae014f
f4151dcc
15721572
1dccf415
014de133
de7cf337
e6fd17b5
168218b9
227ffb02
ff9c00be
ec511ca9
e60d152e
db9f01a2
e50ff4e7
ea5ee8ce
dec8f6cd
e18408c3
e330fba8
e1a5ebe3
f4a4e07d
fdabdd93
0005ff4b
1b2b1505
2097f6ff
f72de0a3
d9c4f87f
ef861868
1b3f1861
21e5fb08
f65df6e0
eb211bf1
1a651cce
230df328
f59dfcae
f03322b8
059f0558
f26fdbf4
e390f65a
f7f41f0a
026b2827
06631fba
148d0158
0e57df46
fb5add34
f444e48c
eb14e4ee
e172f3d4
edde1065
0da21d36
22dc12b8
1e6f0a51
134e1373
0dd21d26
05371afa
f7581cbd
f9712a06
105d1e8e
13e0f392
0598df57
1057ea18
1e8eef4d
0984fc69
f68020b5
077030ae
12ef18b5
fcf7ffe9
dfb9fbc8
d74c0404
e736106d
05731954
1f600878
11ffe120
ea05e229
ea001155
01dc228c
f0ae1464
e11c158f
00ca02da
0693db24
e2f2ee97
e80f1ba1
04d10754
fdfddc18
ee9adaa0
ecb2e9db
e604f4b6
dec00073
e15f0dcb
ea4517e5
f3771b43
004e1e16
14b11ffb
1b5416a2
03bf13eb
fe5d21ad
1b780daa
15aae21f
ee8dea68
e4180842
e2b800ef
dfeeedc1
f2a4dabd
fdecd9b5
09b40567
1e2c1899
ff3c0057
d9a60558
fab506d7
15bae168
f627dfd7
dfd40af7
e9e221c2
f0271938
e4d71112
e11a0b91
e4e4f529
e19bedc5
f2040a53
0dca1eb6
07781fc4
ef422051
e18413ea
dff90611
fb1effd1
12bbe4bf
fab5d34c
ee14e4ab
0aabe4ac
0f6adc8c
001c058c
0dff243f
07b6ffd8
dc85f078
e675182b
14d41c44
0884ff5b
de4cfad2
d1400189
e2690b46
0a02129b
21ed091c
155e0a5f
0ec61d7e
1ade1a8d
1e9a0541
1cf2f8d3
1cacf013
12a1e4c2
0375e003
fc5be1ae
f15ee45f
dd70f3f6
dda3ff93
ea6ce919
ebb2dfc2
05750174
258a08cf
0356f7f0
df9813f6
0a752467
25abfecb
fa10f8c9
e5921acb
ffd90b5e
00c5dae4
eb33d772
ec65eca0
f76be870
fce0ddd4
0c5ce23f
199ce98d
175ef4cf
1d6eff69
2980f440
17f3e78a
f769fff7
ff1c21b0
21900f09
1715e2ee
e9a9eccb
e1d50a0c
e5e2f561
dfe9e8a8
0539f961
2724f8d9
09fe049f
ea8620b1
e2e514d5
ddae00c1
f7c5fd9d
15c6e5ad
081bd375
f736e2c3
02d8eebe
105ce308
08c7d653
f8fbe1f8
fd0dffc3
19a80f5e
3125027c
21eaf45e
fc210a3c
f0a62222
eb250cf6
dd8104ea
fe761bfc
246c0e98
fee7fa82
dc8d0fdc
fa710879
0c6fdcbe
ffa1d418
f6e0e477
eb02efdd
dfeaf79a
da2cfa35
e0290a4f
0a2b1bb5
249608b6
fe120211
e0c61630
e3140216
dcd5efbb
f5320dc0
18911cae
051c1eb4
f291257c
f9daff30
ed48dd28
f9fef95f
25a109a2
27aff8dd
14fcefce
1376e2d7
0825dd06
fcd2fe32
11ef1d41
2a051016
1f7200a1
11eb1574
163d1c17
00ecffba
dc7afbfc
ea43144e
17e616ce
288907da
1ec20449
14d30ab7
1532154d
20d316b5
21f701b4
061dea12
e6daea04
e089f3f3
e16dfe19
e2fc1312
eb111a19
e5b80807
de370146
f75bff51
14f8e686
134cd0cf
ff28e059
fc210a1e
1661160e
1f19ee64
fd30dc08
f30307ae
1b3b1896
1fdfe7e2
f50edbce
fe6b0a93
232911d3
001cffed
da6e0d7c
f585fe00
0f4fdc76
1face821
25eafa24
020d0bc2
ecd220e6
f4ba040c
f2a5dd0e
03d6d8aa
1516e077
09cc06c4
0a2c2604
fcb50763
dc93ee24
eadbec0f
fb3adf3e
e6e4f6b1
f1c22346
154616b9
1ae8ef7e
1439e396
0f5be30a
fef5e1d6
efc3e464
e933e4d2
e327f320
ed9d1553
0ea41f34
1cecfc7c
07fedf7c
f751e14c
f24fe4e0
e359e645
def1f7fe
fe0c0266
1cf4ede3
166edaf2
0718e2d5
0ae2ee82
192aedf1
1d7fe142
067cdec6
ebc0fb4d
e7d6144c
e44c0db1
dda9fca3
e3e4e8ff
eca9e394
0236f96e
22190548
2677f7f5
1604ec52
0ac9e223
02acde0e
0783e9c7
188beb90
17e5df2e
003cdfd7
ea7bf8da
e9bc1636
f50b22f0
ffb620ff
098119c1
168c14b8
262b0d8f
2181feba
ffebffd5
ea56199a
f2c72649
00a01eab
0f1f1705
1bc312ee
21161178
1e97005b
03a7e0c2
e3bee81d
fdbc0b79
2561fc7d
05e2dd89
e055f040
fec801c9
21c9f4bb
2124fd7e
1c0015c5
11c9195e
050b1d1d
0e952382
1cb21087
11c2ef8e
f7a3e070
e63ce955
e41ff2dc
deaaf471
df13075f
03621d53
21150e54
0318fc20
de2b0e27
e4f71a32
f33d1848
00ce252b
0f0120ab
fc1302f5
df05f4e0
e271ee3e
f376dfef
01a2dcdf
0d55e386
10c9ed34
19f3f311
211de365
0a2fdf0c
fae404e1
10891d43
1dac0464
0814e195
ed0cda40
ee6fe4c2
0417e20f
0850de72
02f2fd46
13001e00
1efa16c2
1bd005a6
22b5f768
1bd8eba2
0360fe60
fc1e204d
05dd2e50
135f1b85
0e72f1e7
008ddf44
0f74e3e4
1c37e8bf
0bc60446
fe0e2531
f009201f
e30e12a6
f9670197
05ecdd7f
eeded834
e961ed2b
f6ade872
fdc2dd5b
0b5ee221
18dde8f0
19a6f4b5
1f26000f
2516f7b2
158fe7d3
f55aea16
dfb4027f
e2a41832
eb6c17b0
e8470d98
e17f044c
dd9cf951
e49ded28
f4a5dcf2
fc14ddd7
07affcfa
1bbe1500
161c15ff
02671f07
0ce82664
1dc00fc4
1042f3cb
f7a1e3e6
e523dce1
e463ec1d
02c10514
210afa80
0a10ddf4
e087efc9
ecbe185e
0c611c6a
051214d7
f1232087
f2ff266e
073e1aec
1f20009a
12e4e285
e327edc2
de9810c2
022afd12
0a7edbce
131ceca6
23eff64e
0293eb7c
dbd0f783
e8eaf523
f41add71
e9c6e45b
e3effa6a
db1a0488
dfaf0d80
006e02ee
0c7de046
f3e1d55f
ed59e6fe
03ece52d
0864dcc7
023bfcee
13261eb5
1e6d1731
1c4205a8
225af888
1c1dedb7
02e6fb80
f98a1ed8
0c4731ba
16281a84
f415fbf4
dbbefecc
fb28f8e8
1a0de4ed
24bff5cd
25000971
fc6506f8
df3b139f
01b10792
089cdbe8
de12ecea
e5c81bd4
0ddd03b6
0064da3c
e180f619
ebae1b76
f09e08db
dc05fdb9
edb0180a
1b1815e2
1cc8f275
fd19e0e2
e9f0e6cb
e775ec2c
e1c9ebab
deb0000f
fe651ffc
1d6515b7
fd40fb24
db55060e
f88c060c
153be1e1
0952d5b0
fbafe433
f0f6e8cd
e2d7ec79
df87f998
e31805d6
e4bb12ec
ee311dbc
fafd1be3
05ba1bdb
1ad32007
20be10da
f896049a
dc730c38
e62ffb42
e503eb48
ea3e0e97
0ceb2371
0ac800ae
de11f086
d3f80507
e65d08f8
e5d9ff58
e177f784
e605e70f
f179df38
099fe3da
0eace24a
f0e8f202
e1d00f50
e8360c03
e124f47b
d54af5ee
e3bd0e34
0ae61a57
1f850961
048afd8d
e3e4108c
e26d2319
f6e91f0b
0f040783
1b40ee16
1aa0e235
0861e12d
e88df59f
e4d512af
fe060941
048de0cd
f39fccd6
ed68e2b3
0aeb0830
23990807
ff02f9eb
e06413c9
085d1df8
24edfecc
1009050e
133b1f3a
1fcffda2
0033da51
e3abf84a
ec2d1917
eac20cdd
db77fdd5
e517f73d
edc3e7f2
dbffea4f
dd1c0347
01db00bc
166ce43d
0e4fddcc
01cee37f
eb59e307
e2f6eb10
fb1ce732
0093dbaf
ec5af9e3
eda51e0e
eab2136b
db2f029f
e445f783
e9dee9ea
ddb6f638
e0190854
e6a6fd33
e484ec0e
eacfe6b0
faaae172
06b2dce5
0fd5e3d0
1f23f341
22acf8ac
03700383
ec951f4d
f91e23f7
077d1916
19bb1e4b
21a01264
f795009f
dc430ba2
fa830048
0f51dfa2
1001e368
1f5bf62d
276df0d1
0d6ee41a
e3b1eeea
df420b7f
079404c1
0f42df81
e97eea53
e224119d
eed0085e
dfbef16a
d56300d0
e6970fea
eb7d01af
de32f6a4
dcbefe72
e57c0d50
eebf1e6f
f850208a
f145133d
e2ae10ec
e71c17a0
f8921d20
0cd7224b
13821b7b
ffdf18b1
f89521e5
0c41115d
1804eaba
1677d6e0
09a1e098
fc1406cc
0f581c86
22d8f772
05afdb3b
f1830436
15971e61
2409f0b0
fdfddbd5
fc7c06b7
1ba918c8
052005a2
daa801dc
dc92f941
eba9e396
f571e2b7
0237e41f
f9a3d9aa
e505e883
ee250a30
04951d61
0ecf2695
179d1abd
0ea8ef62
f8fadc36
0a4de9de
1af8e5d9
f6a6eec1
dd9e0960
e1cbfb81
e420e73d
fedaf452
23b6fd07
24be0027
171612a5
1409211d
08d01ef2
ee081ded
eb021d93
00a6fbf6
f9a9db0d
e873f9d4
f3742057
ee0a1704
db1e07c6
e3def87d
e785eda1
e7c008c1
084e20f0
266e0639
0f52e1f9
e1b3eda5
e10f0c22
01fe001a
0d64e16a
0c86e59b
1de9f4de
27e9ec0e
0dbfe1cb
e696f710
e0f00fd0
eb5bfdb2
e0ceefa8
eb51133d
12e61ff6
07b0ff62
dc25f79e
d70b0342
e56e0a24
f02c1aed
f9ce226f
ee1716cb
df711042
e6ed02a7
e3fdf422
d9d30842
e5be1659
e602fdc4
dc20f5e7
fe480291
2025ed3f
ff9fde67
dd95ff42
f0011858
111e1511
290b0f9e
243b054b
fbcf0916
e3cf165c
e4f907e6
e0c4fa1f
ecb00e1c
14fc1a13
2c63076c
2037ffc3
13d5160a
16731b01
00dcfca6
dc7bfc14
f0c91e57
1bd616dd
0733fac5
dc3b0356
db6c1335
eb79145f
f5291aee
01a82237
10141c0d
1830128d
1f380f8d
20f1ffa2
0711e4dd
e46fea29
e9d30da9
07481f7e
12f21ee2
17fa14d3
1700f548
faffde69
dfaef5d4
eeca1c2c
14191a27
1d72f85b
05bee46c
e7aeee5e
d866064b
dec60b61
e595f18e
e2a4eade
00a5047a
2475f9a1
036fdf44
dd95f389
fda901d0
2118f0c3
208cf9a0
1d6511d3
161816e7
0a561bd5
0fc72351
1df00f32
10a0e4be
f147df6a
fc2505a2
22e50c6d
16f7efe5
edc5e6a5
e056e566
e22cef6c
f7de1407
12092031
028d1500
f3721e6e
0ea9195b
1ce7f00e
fd02d868
dfe5f653
f4db21f2
14ac1c37
fbebfe84
dbdafc4e
e8bcf023
efa4dee8
ed9700bc
fdb1248f
f8201c5a
e12811b6
e2660965
e31cf973
d8dbffe3
e63a1595
084515d7
200e0265
20e6f293
181becc3
0fafe489
0193de41
f5a0e45f
eccfe91b
dc32f02d
dd9d001f
fe70fe43
1824e709
14a2db3f
00ace2eb
e807f57a
e7431556
0d97202b
2348fe35
01f9e2d6
e5c2eda2
f236ef1e
fcc1dc99
f579dd02
ea6ced30
dc02fd66
ddac05e8
ea3af432
e554e9b0
ec3d0531
08911f9e
169f2426
18c015dc
0d61f09b
f6cbddb9
ffb7e76a
15fae359
0afbe033
f740e66a
e64adf9d
e0f0eb1e
080a02ae
23eaf791
0194f849
eeba1f05
0e22219d
1d39f496
020ad841
e480f0cb
ee751df8
0c1d1fa8
0038fdbf
e073f39a
e561f28b
f47ae062
edafdb4d
e386f470
ee9f1781
0d151ee1
1949fe38
0875e0d9
fdebdb3f
f415e200
e6ad0115
f6551fdb
13d2154f
1c3cf1ab
0d5ed98c
0591e098
1b3bec9f
1f37ec90
01480872
f88924eb
f88106e9
eaa7e0e1
f67bdd2a
0adee147
062cf64c
0f8b1b55
2b2c1ec2
217f0460
f36d007c
e37f1491
02780677
05e2dc2e
e47ee906
e94e18d6
08bd1ba3
1acc0204
25deeade
1ac9e6c9
0642093f
00bb2413
ef351d6e
e49c1581
fc78ff1c
02cbdda2
ea5eea8c
e9571970
fee12aea
009f1eca
eed918b9
ea3718b2
f9bf0330
fdacde5a
f00cd5f9
e8ecec90
ee5a0a5b
0218201c
187a1f46
195e134c
0b5213af
04981e9c
0edc255a
1bf5142b
0edef310
f6f1e0d1
ee4cdd7c
e7a8ebe7
eb951400
067d2212
0911fd84
e4b8ed93
dbf51065
06c4210e
27d4f971
10ccdf11
f96d0a2a
0c20252f
0055fc3b
dc0aedad
fcf50279
267ef383
037df57e
eea82355
126d1fe7
1be9ef3b
0066e031
e6abf3c3
daf10dd1
e1501117
e0c3f61d
dd94f078
0679fe89
247df140
fee0fb4e
f0be2506
14bf12de
1b91e908
17d5fac2
24130d6b
088b02f4
df06106a
e5d524bc
fab51c95
f4940ff3
e4a312fe
e49d1c81
f8c61e8e
12c00c92
1b33edaf
0f42dbdc
0548e1fe
0ba1ebd5
1783eafd
1dc5e43d
08d4df5e
e064fa5c
e4101968
037bfb04
0045d90d
0439f95a
1ce71b10
0b342110
f6c62400
fed50038
ec50e165
dfe60832
01d825a6
0afa0174
e527e6da
d5a1f7ae
e4030077
e5fdf531
e5f1ec24
f57ce06d
feadddb6
04c2f898
192d15f5
299e1540
1f3efcfb
fe4fea2b
e78aebe9
ed49ee99
fad7e15d
f5dad54f
e63cea7a
eef7182e
08442229
fcd1015a
e0ceef05
eb71e529
fb41dbab
044cf7f4
1e9d14e1
25ee0abd
1a54fa2d
178ae625
0f92ded7
17b7f72d
247bf96b
ffdaec45
de6ff4ee
eaf8ea4d
f5addbae
063ef7d6
210a102d
19b3139a
08cb200a
10081e91
1b390af3
2453f783
20c4f113
1782083f
1e5210b2
0e8fed63
ee80dffc
fc27ebb9
0ea9e198
f280e4d4
e0bd0fee
045b2676
206b07cf
09b1e660
ef34e57e
f81be776
0883dfc2
0f76e4b7
1b1def5c
208de9c0
0905e112
e165f41f
e1c31405
08360255
06c2daa4
e8d0f149
eaa517f1
e6980e1f
d8edfbf9
e912e98d
efe3e099
ed950770
ff5b2578
f65b1652
e1f01429
fe1c1640
227ffe2f
26c0f063
19bfee08
f856edea
dc7bff16
e00a0e84
eb1113b2
f4492117
002f234b
f98c128b
e850142f
f2832854
04b921b7
f2820eaa
e7051899
0bc4199a
2277faad
0515f747
eb3b1c1d
f4532f5a
02b81d0e
fef300b6
e8cfedfa
d1c0f2e2
de10058f
0767fe88
13b0e3ef
f811e73e
e0bc0892
e0c91ddb
ecf418b0
fd820199
fc0fe1f8
e19bd941
e07af130
09dffb20
20a0f355
1b7f063c
1e451300
0f42f737
f2b6e18c
f6e1e01c
0ed0e057
2136e9a8
21c6f639
047d0ab6
ef4f218d
ebd51275
e0a70556
f91e1c28
24390f56
0f3ee640
ec4ae4f1
ff2ee6ae
0d5adcbb
046ef9cb
0f982059
1e5a1dbe
1c610947
19dffade
1c12efa4
1c25e540
0ad4e09b
eac3f69b
e34c1388
ea870812
deccf53e
dc0d020f
e905127e
eb9b1adf
f5f12136
139a0cca
1c13e960
0e46e2db
0669e532
f572d8fd
e803e39d
06c4ff2b
25ac0288
16ed0c9b
11011e42
1b07fecd
007bda0b
e716f293
ee5116c9
ef0d2494
f97724ae
131d003a
1605e2c9
1e11f76b
26ec0381
fdee050b
e27e1ac4
ff2405b8
000ed7b2
e8f5ef77
f0481d75
f3582661
fae8209f
1a23011d
18ace248
ff9cff45
03b825ed
02971aee
e88514af
ef9c2b1b
0aaa2104
f8b4fd5f
e041f078
f029e312
fc19d9f9
0353fe81
1eba1720
1872f886
f20ce130
e818ded1
e7fbe914
f04e1554
0bab2529
fdc9008e
dd23efc0
ecc1eb85
fb3ddc70
ec53f664
f2842323
00d6249b
04ac1ab6
1afd17f6
23cd0ba9
09d515bc
07d223f5
174ffd34
0b26db2a
0db1f223
22def813
0233e1c8
db63f443
fe7109f9
21bdefb6
02c0dff4
defef8c0
e1100a80
e5ca0c9f
e2cc1b71
f47c218c
0826fb8b
f23adf72
dc0f0704
f86c25b1
07cff8a6
eb2bde6a
f8410539
26640a2e
111ae502
e670e670
fb74eef4
0a56dc1f
e940edab
e54d175a
02d40b02
03bddeac
ebf5d330
eacae76e
05cdeb2a
0546dd5f
e594f582
e8701a1a
fded0317
fc5bdca6
0895db56
1dd5e82e
1db1ff35
1dfe0661
0abfe6bb
e69ae569
f8890796
2314ff2d
14fce096
e8beec09
de3f1327
ff48209f
1e67fe06
1637e3c5
10d5fa78
21e5021c
0b25e1fd
e157e8b8
fca90bb5
26dafb0c
05cee15e
e11af1dc
f37fef89
fb5cda9e
ed26f32c
f05a1db6
fb0429a4
05021f45
102f04e7
1004e533
0603d1ed
f90cddf1
01e207ea
1e551386
13d1f06e
f277e114
fb12e557
112ce0e9
17d2eab3
1f51f785
1dfcf10f
0d5ce4b8
f807dc2b
f152e011
091de410
127fe07d
fc7f0078
094524bc
21dcfebf
0838d9ec
fe8a015d
15e820a9
013c1b2b
ed35217c
0ec70df6
1fb8e9eb
170dfb00
21dd100c
1442f32a
e9dce2de
e148ec6d
e536f37c
e00b0a42
e5c61653
e17a0036
dbcdf693
ff70f8ac
1f34ec0f
1a52f4cd
1e8809f3
2673fbb1
184eeadc
1265f89e
210604aa
293dfbfe
19d0ec5c
f78aed02
dfddfe24
db5b08dd
e6611305
07df17cd
216f0284
0f63e71a
e9a7e8d4
da03fa6f
dfdafeab
e708f2d4
e9cee845
f3a7e787
0072e143
f8a4d8cc
e754e8ca
edcf0b63
03b320b3
0db821f7
14df1539
1a51f5f5
0154de40
db96f983
e8fd1dd1
0ba4ff07
fa9ad9ba
e4d0fbdb
f2af1cf4
e9601105
da3a0786
f636f6af
13dadff9
2097eae6
2297fdae
06210905
ea481aea
eaf21858
e43004b8
d68b0e62
ee472019
15aa092a
1cf4f1f8
1e990651
2290125f
fac70715
da0b0cc8
f793fc66
10a0db38
1736eb47
229ffbb6
03bbeb8c
dc0cf28d
eb2ff6b2
f783de73
e4ace105
e294f79b
f065f3ed
f158e146
e782dffd
e2fff532
f0de10c0
0dc01d3f
2190141a
1dd908ed
11d80eef
10fd1c23
17131e81
1d480a05
109ee694
f053e2a0
e507090b
f8622098
fcf3131a
e5ea0fc5
dfd225d0
f941227e
01aef335
ebdee1e0
fb390422
23b706cf
128be6d7
e8ffe7a8
f03ff247
04edde1d
fa15d097
ebe1e75e
005708b3
21680398
1244e457
e821e8ab
e573095f
ffd51db2
13db23d2
16df18c6
ff6a044e
df17000d
d47d0b89
e9641630
0e7c0fd1
2102ff73
18c000df
16771563
25c717e3
2176fd47
fe12e9e0
e62eed41
ee7fe993
fc19dd50
0931e320
167ee874
0ccae1fe
f873e179
ef94e114
e633eaa5
ec500b5b
07f6202e
16d01c66
197113f7
1bf7048f
1d1ef607
2266edd1
15cde50f
eb29f259
dc350c78
ed0afaa0
e430e93a
e86c1303
0ec523b5
0382fb67
dcb0f285
f4adfe89
2098f063
283ae522
0fe2e60f
e75af588
dfe10cef
fc590016
0af4e06a
12c9def9
2009f1e0
24ee08c8
1f0f0ed2
fcec0222
de650dcb
faab18e4
20e4049f
28d7fc78
2056f74c
f5eee7b0
d949f6a5
0203fda7
20b0ea46
19abfc90
20360e5b
11fcedea
ea69e236
f51cfeef
22cc0557
3076f44f
19f7f019
fead0350
f95f1ea5
09ae25ef
14b7194d
15fe0f53
1e0e0663
241befbc
18e2e7b9
180901a0
24090790
07ceeac5
e3abe731
f9b5ea70
0787da85
ebfcf585
e9391da0
eb500b0e
d95ffb6a
f13a0f09
1d971395
2617119d
1dec06c6
02b5e2e5
e46de36e
026a0763
27c800a3
0051f5db
e3871b7d
11c82045
238af5b7
fd71fe3c
ee0c20b2
e8d71083
da32006d
f41b0fdb
1f901122
27e40972
1e5fff8b
04b1e718
e20eeb5c
eaae0d75
09c21d50
177520e7
1be3143b
0bebf2a7
f53de0ba
fcc8e023
1119e13e
1f92ee20
212af9c2
046c038d
ed6e1cae
fcf027b4
0bcc1bbb
10a01955
1db8102e
16c3ef2a
f312e167
df49fd0c
f4091cf6
17b51832
1da9f3f4
fd9ae014
e182f4f1
ed631403
0d8e1b48
21ef1376
1fc30c68
0df00f21
0be41bde
20c61960
209e0842
0b170f38
0fa11d1b
1d2304ed
0746e1ba
e2a5e66a
e3920e84
1084229b
22fc07b9
f789fb2d
e1051403
025a0764
0840db9c
e8cae8f6
e6111866
f6601f76
f8921a33
085b29d8
18db1cf9
f72efaa0
d9e5fbea
ff8e008d
1e2fe92a
034af3da
f9e12493
176b2ad6
16b91162
ffd01e10
01c2267a
f927fc15
e388e5d8
ff2af802
2603fdfc
1ee9090f
14fe1a94
14560276
fd13dcdc
e6b9d95c
e9d3eb33
0192fcd5
1fbafd6d
2881efd7
1446e891
f3f3ee80
dea001f2
e4f415b9
ef851a1f
eed81e88
024f2072
1f6b0237
14b0e437
f6c5fbd3
042c222a
253f0bf2
11abe0f5
e6ebef41
e2ec0b2c
e711fc58
e0b2ee2a
f95cf8b1
21f4f5ef
27a4e82a
0f6be638
ef8af1d5
df0d09cd
e8d116b1
f2e919be
fda627d9
0c7120f6
fc14ffda
e02ff1e2
e639f18c
f62be256
ea98da23
e07cf44a
f77e1557
0e781ca9
05c91b43
f3ec1e8a
ed4c1931
e5040daf
dc971437
f4441f90
1c810acf
1e54eee0
ff530036
f5af2251
f92d1aae
e4720b6c
ddf8227d
fbb823e3
fea3f493
e8e4e2b3
012dfacd
25c104a9
1a910ef3
0e591f2b
15be03e6
051eda3a
efd6de76
f014eb54
e405e755
db05fa05
fd6a16b4
19e61800
06401ad1
f8d82404
01b0033a
ec11e1e4
db9c04aa
010924f3
1d7504f0
1325e81e
14f6f2bb
22f3ff99
1dfb0941
1594178e
1d7b17e3
2054fdfc
07a9e4f5
e86deb02
e5bf0a65
01a51fe6
1a6e1bd9
194d1388
0b091af7
03a62203
f8531805
ea251729
f68e237b
082d1fc5
fa0a187c
ea721c6a
ebae108e
e1370233
daaf12f5
f0391dfb
0013001c
f51cdfb0
ec99db94
e7f5ed0b
eb2c1364
081d22ca
197aff65
0c77e1cb
0f52e9be
22adf528
22eb02f2
1af9131c
105c12ff
082a199d
1a50255f
21e20f23
f5b5fbfc
ddf20d7a
ffee0573
0e3adee2
f0dee30b
e2af103c
ef6c246e
f3761b19
ec9d155f
e5021020
dcda0184
dec5f3b5
f139ea42
f566e49e
e244fb62
f2202032
22b312ae
1fd6ebe4
f4a101b7
f669255a
08470180
ed90ddd6
e0b20668
fe8424ab
f7690e4d
df2010b7
03071f2f
24060369
01fef3b8
e4b515a3
014127c3
1f800291
0c03db23
ecfbe734
face0997
1efc0436
17f5e0ae
eac2e4d5
e1981672
018b22f3
fdd5fbb6
e454e873
f623e683
0596db46
ee65f528
e99e1dc2
ecb81095
da81fcc5
ded30857
ef9c152d
f3fe26fa
0193250e
fc04fa5d
e375e90d
f7bcfaa9
236af9fb
2c0cf0b9
154bebab
eb2bec8b
db2c0356
03ba0526
167de208
f666e5d0
e2100ae8
df0017d5
e89b1866
0f560e56
2434f6f5
15c1ff2c
198315c4
2755063b
1d20f425
18d4046d
1f7e1150
10bc13f4
0636201e
16651e6d
1cd30d52
104e0d28
0a431e38
15f12530
1e970e7f
095cecf9
f217e3c7
fc29e0c7
0c76de77
1b8fefa0
21d4f5d8
ffedef79
ddcef720
e4cbefb6
f20dddc4
03fde2c7
0f7de37c
f0d4ec50
df591201
ff721b5a
1e3f040a
29d5f773
2019f3d0
fb2effc6
f2051f02
19cd192e
205aeb2b
f0e6e6cb
e019004d
eaaced8f
e908dfed
0719fb89
26d204ff
08ae0807
e282184a
dabf0b1f
de2bf616
fc64f4f8
1e0eedee
1bd4f017
1c020512
2c0f002f
1ab2e889
ef47ef10
df80015a
e6ebf2e3
e923e505
fd78f8b7
22ba028d
2917f246
1499e9e6
092ce84a
00eadf42
ef3edb39
e7e0ea1c
fef1fdff
212dfe0b
2868f067
14bfe95f
f6f3edaa
def701cd
dfff17a5
ece6177c
ebb60bf3
e1190644
d80a0a62
e93f184f
16db12f8
23d7f975
fefa00c0
ead01ea9
ef12146a
dff00013
dbe0169e
f3cd1f98
eadb0583
d9a9074b
ff0d1467
20a50b7c
13ff16d5
08e9256d
f97907fd
de86ed36
e867eb24
fc20def9
ed8ae333
e220f7fc
dd61f92a
de0f067c
05f21c89
22610d24
0099ff6d
defa0ef8
e3b609d7
e2b9eff3
d738f672
e51c0fe1
00ab1544
1b130b27
2bd3f827
1d5fef66
0368079c
f8db1f81
ec2b1f39
e15b11e5
dfc0f8ed
dfd6f313
f7b70faf
154c1cd7
06701c35
f4d622ea
fa50069a
edbee032
e0a0e672
e432fb7a
e1cd0a63
e37213d6
ea04083b
e00cf96b
d835029c
e758131c
05fa16a1
204f044d
2142edac
17faec86
19b9f721
1f8000e0
20280dc0
17a01905
03af219a
fbcb2165
fe6e0374
eb36e580
d71cf1c3
e15703bf
e9eff3bf
e52de72f
f65be9c3
03bddf88
eeaadde8
e475edbf
f8b9e673
fee7dac7
008efb2e
1b221944
25870ace
1b00fadf
1fbff3c1
1853e4b7
f00aee10
de850928
e80afeed
e3f9e9ab
dfb8f34b
e3c905fe
e2861698
ed521d79
fc6a0177
f60bdebe
ecd1d89e
e8dfecbc
ed4c1768
07eb255d
04ddf8d7
de53ebf9
ec0b12ff
10711c3e
005a1c2a
f0142393
f22d01a2
f0acdda8
0440d882
1269e07f
095e05a8
0c312358
ff2b0acb
dd2ef1a4
e1bcebca
f762df32
fff7e2df
0c67e6ab
032cd738
edbae216
fff3ff2c
21970714
2af00390
1c47f562
f631e4b0
de93f3a4
fedf08eb
1ff2f156
ff58d9ba
dcd7f9bf
f6771be1
12e517b8
091817fb
fa1a22c2
ef4a1a6a
e33f1086
e8521708
fbb41ec6
0dbf20aa
142a1a0c
053917ad
fa9b21f5
042e206f
127f162f
247d1072
230603d1
fe9c04c8
e5721623
e83e1135
e0bcfcef
d4fa027f
e7b615d2
109e1399
2237ffee
13970411
14e219a1
26f10e2e
1ea1fb69
15ae0d80
1bbd170c
03b107d9
dca704e3
d40d0bb7
ea471345
150615c2
2568ffb3
fa21f928
e5341bc1
117f18e6
2319f482
12c305cf
1bf51a56
150ef3fb
f552dc9c
00cbeb1d
16e7e59f
f9dfe236
de0007d9
f93a2619
1cf3106b
11f2e892
f5bee1c1
ff10ea42
1260e1bd
091addcb
f69ce4e8
e757e42f
e1b2eeac
fded00d9
2027f5db
1edde0f7
0e19e3ec
0ce6f430
1ca5f5a9
21afe1b9
0c8cdfe5
02510560
0f622008
053b1b44
ef381e44
fcb42265
11e818e0
15f81b17
1d1d114e
0f3de403
edefdccd
00e2087f
259f0cf4
028ff854
db9b10ab
04d81fb8
253001d7
0e050a75
104b23ba
1be5fc1b
025fdb8e
febffb62
16891ad4
127520fb
f8a821ad
e5911d0e
e4c211f6
f74bf954
0578de4f
0d7edf27
1aebeed0
1d23f7bc
1cdd0288
2827ff30
1b22ea9e
f10deb61
de6cff8e
eb88fb57
eb0ee5af
dbfcecd1
e1c0018c
ec9bf9a4
e648e927
e065e880
e188fd6e
f78d1d5f
18781849
14caf12a
fc8fe01c
002ae579
1591e6bf
2085ec61
209afd5b
1d841244
197215a1
ffc305b5
ddc003d9
dc30106e
ee271742
fc91206a
062c2156
fb6717ac
ec9b1b28
f28e2032
048c1eb7
1a7316fc
1ca20e94
0e911cd3
097b2345
f6610679
df33eecf
ec78e2fd
fbaedd9b
014afd2c
1baf140a
2029f33e
f48cde8c
db4e0054
f3731dcb
1385102e
1d3cf476
1a22e7c4
0de8e348
f157eb21
e1b90bd8
fc1523df
1de40c29
13ece163
f2ace26b
f88e072b
1dff0aed
1ef6e8b4
f33fe28f
d9ed0b71
f52b21cb
0a8af9a0
ee62df24
e52a05e4
fd9e214c
f12e1713
dde9125a
f7c4fd25
0aeddbd7
09c5e368
1ab7f376
2073e005
04c8dda1
faae06e2
13ff1ba9
1d50fe22
0379dfe6
eea1e038
ee23e5f9
e7dee937
e024fda7
efe81722
127f1821
23cdf718
046edeb3
dd4ff99b
e7ed17ef
0202ff4b
fef4de0f
0289e25d
1a79e90f
1b16e29c
fee6e32e
e325f403
e7fc1464
12671e55
224efece
fc12f658
ea3b18f9
08ce2374
1f09fe79
0846d9dd
e649e8ae
ef0f1612
0872213e
f56b17eb
e5fa1d62
00abffc4
fceed736
e784fa0a
f3ad214f
e7e6101e
d7a80690
fdf6f7b7
1534dea3
0ac0fb57
09d1246b
fc7926c5
eb491ada
f21100c6
f9ecdf59
fd37d883
0e9ae5d5
2311eda2
1f48f42f
06cb0c46
f2cb2021
e16316e8
dd520888
fe43f831
11c5e09e
016cf50a
0b6d2215
22c52062
1a4d0b2b
0c720c7a
0e331a8f
1dc02344
20930dfd
f82ff9f7
def60e6a
029819eb
20e40685
184a0a53
0f4d2040
06111ea9
f5501c9b
fac426a1
11111cf0
179cf9dd
06b9df09
f87ce11b
f170e6d0
df5fe956
dccbf8f1
02cdfd4f
1e92ebb6
171ff318
1d590a76
2d0bf9bc
1829e6b6
01e30757
01aa23c7
ebfb1d16
dff514b5
fe21f93d
071ddbd4
fae4f918
14691c60
27a3fe91
01a3de1d
d89af6e6
e6e617c4
0c04ff9e
01bedabe
e489f84a
ecc81d80
e8890939
d7d1fd3e
ffb400c6
1de0e55e
f4a4e63a
dd320879
ea8efc97
e59ce6d2
e7e2ffaf
04db2014
1e0e2596
1a93139e
f781080f
defe08db
dd5df356
e1f9e6b9
0972fafd
28d8fbb4
ff6002e4
e6f6216d
00ae0244
f830d746
f8f0fae6
22e0151d
1d0df815
f0dae466
e05adf2b
e5e8e8c0
04be0640
230cfcbb
0166dcec
dd11f087
038e0746
228ef231
0526f7c4
f1f62127
fe872ca9
09ad1bc9
112e11cb
1e5e0d5c
2851ff93
1d2ff33d
0221fff9
f4be1e56
fe0a2ca0
0d1c1d2b
1254fd14
09b3e197
fe85d848
f2c0e1e7
ebd4027a
f74a21fd
04f32239
0bbb1989
1fd713b3
238a06b2
0c2b11aa
0edf1f82
1af8fc65
057edce4
f91bf8aa
149c1c84
29bf1937
1ca30590
00540108
e90711f3
e4dd27a0
f85a2215
0553f69a
ed7de201
e1250bd4
ff6224a6
02ffff30
e560e61c
f023e88f
0734dc3e
f9dcdddb
ea2cedb4
dfaaee9e
dcc1fc28
fb4d146b
19ba159b
11c716ff
00392391
f2612027
e6a615b1
e8b909b0
e32fff36
d8600fe0
eafd1c4e
fe0cfbcf
f980dde9
0553df54
1801e502
19fcf517
1fd30035
1db9eeec
0fd9e467
1683ef0c
2368f8db
1ee90bdb
19d816d8
028703df
ddb002d1
de331aec
f2ff1b7d
e9c00bf5
dd510a25
e737fc3c
e4cbeb44
dcdbfb56
e3a80bbf
e38bffe1
e024eff8
edf2e439
f999dfcc
ffc1f83f
1ac6117b
31e8023d
1e7af0ab
fec50aa1
f5c4224c
e6441387
dbf30963
00d4ffde
12fde040
e8f7e8aa
df1512a7
033a0389
0aa8dd0a
084fe5a2
1d83f447
2573e311
0a07debf
f8040825
102820b8
1b6bf913
0475dcae
0c68ef94
21fbf0ea
ff43e778
db62fb80
ea45fb16
f11ee03b
dea4e6b0
e106fe5a
ef4af3f3
eb6fe2ae
e588eb3f
e388fc70
db9f0a0c
e2cb139d
006401f6
0732ddb3
ee93d9a9
ea6eebd1
fa2de351
008adb41
1155ec80
1d46ed91
f762e794
d9cd0056
fd260644
1a97e45f
0dd6dc3d
01e3e5fe
f0a7dd6b
e3cbe716
03f7fd34
254bfd07
1c12053e
15b21ad6
1f330f39
1d37f89b
2165f457
1a0fe94e
ec8eea76
db260518
009b00e5
1680e38e
1077ea35
1e62feb0
2d5aedec
1308e28b
f92308d9
06712347
079100d5
e28eea59
de7b0e92
0bed215f
1c4401a9
0b9fe5ad
0598d991
fab7de24
ea62015c
ef931e55
f4b713e6
e1ae0854
d6e917f2
f05f1d15
0a17fb23
f6eee00b
dc0dfe0f
f2d51f88
0bc10276
f2c3e10c
db67f7d4
f4841d65
1dcb1819
1d56f300
f786e701
e2e1f538
e835f4ab
f143e3f8
f9a5d95d
092fe055
1f5cebbe
1ebef096
00e807a9
f5c6216a
fd8e0a98
ef12e19b
dbfadfd3
e2bff943
f81d0fe3
0fe71ae4
20e71775
207607b4
098cf082
eae0e494
e13fe9b9
e477f8b1
ee141728
116f1e4b
2129f061
01f8dc5d
fbe30595
17f91987
0b980476
de110021
ccf90e22
e51e117e
0aeffc70
0717debe
de9ef454
e6bb1c3a
0643fcba
fbd3da83
0234f8b4
1d801587
12ae223f
fea725a8
f16105b3
e48ee6ca
f2eedd98
033cdd9e
0387fecf
17a31b18
1cbbf9f7
f81cdba6
ea31e68b
ed55eb56
d982f570
dcad0895
ff8ef8a4
1326e1ae
1bc2ee0e
20f5fd64
0a80014b
ed211907
f2943330
06db21c3
fb36f39b
e293eaf7
fcb006ec
253ffb42
0441dc60
dbf3f22e
0251032a
23afef4e
190f02a9
1def17b8
13a6f069
ef2adcdf
fd3cfcdd
23c40bec
1c4913ab
09582357
fc521cc5
f0551a24
ff32230d
0fe51c67
034819db
f40e218b
e9a817fd
df680ae1
e6d50144
e683f48b
d4280071
e0a1128b
0279f8df
0896dcb5
0f17ebf7
1f25f2cd
067de5ea
de48f7a8
e7951b92
12851b48
1fe1f70b
049fe06b
ec5df14f
e94d10db
eaba2819
f6b423c7
fe52f5cd
ecb6dfa3
f9d103b2
24dc0864
1370e29e
e6f2e83f
f7c90255
2186ff36
2e12f460
19e1ede2
f3e2f169
df58fd83
e29efa25
ea3de902
f293db6d
ffe5de74
1571e9c5
1a07e959
f8b7f016
ddd103d9
e06afae6
e764e548
f843e387
0256e26b
eaf4ef84
e78e17bb
10ba22e6
22cafd5a
fd81e0de
e3d2ed0e
f9c4ee86
fe4edcf7
e597f5cd
ecf11cb2
03fa0b06
fa4fdf42
e0ded710
e4b5eeb9
09a1f9b8
20a7f66c
1fcd08f1
1cc615dc
ff7e02f7
dbd105a1
f35219b7
1fe50d6e
258ffddf
1ef7fc23
16a3eddc
0bc4e1ab
09e1dc38
f965e08e
e36c02be
f0b51e3e
05c90648
f5fee13e
da6ee171
e089f413
fb7ceabc
f62ade00
e2e103a7
f5dc245f
ff68ff9d
eb5ade99
fecee3de
1396dee4
f090f265
e0781642
e7e40285
dd41f062
f0940cb4
15451c1c
0e051ce3
f4bc2298
e6651967
e3b00d78
f752009d
0868e19d
fbaece8f
ee69e430
019a0864
20a507d8
14bfe763
eab0e574
e4760679
fd421cec
0f252679
14a51d02
fd5d0192
dc7afb7f
dba607ad
e9cb11b3
f3ec213f
fd7d234e
f2e41160
e61412ba
01511d65
224802b6
0ed1dd24
e755e7ec
ead21192
03651f5b
f9bf1992
e6b21a35
e61b0b66
e035fc0a
deed0e90
edc21bcd
e8780b70
db2000f3
e7c7f900
ec5ee973
d8c8f412
dd2708ae
f072f3b5
e584e5b2
e93b10da
0a3323aa
ff5e0209
e03ceec1
eab9e58a
fb8fdc73
0509f56e
1d351314
2a7512e8
1dc6fbcd
fa08e29d
e24cebdd
02c303b4
23a6f87e
05f1f5dd
ecee1e34
028e2fd1
0a811c17
f55a1787
f13a1e3c
fee605fa
f58ce0b1
ddbddf1f
e26af2cf
f984ef3c
f67de1a3
e047f8b8
f0e72059
1eef128b
1db1ee2f
ff180227
f81e21c3
ebc41a47
df890d73
f462fe77
0b15e0e6
041bcfa6
f125e267
eeee0d47
f9222137
ebaf1512
e05c0f83
fd120068
0a2cdecf
ef33e595
e51e12a3
f4e82a40
f9431fba
e7751172
e40d11e9
007b0236
0663deb7
e98de574
e77e1466
08b925d9
1e1d0544
09c5dd6a
eb38e4ab
fd8d08ea
2323036c
1234e72b
e8a7ea99
dcccf67b
df1bfa83
e544091a
eb8a16ed
ec37217b
fdd521a2
14da038e
159fe7ed
1684ed00
216fff17
23750dab
17031660
053e1d91
027e2039
0e2c0d16
12eee85b
0b06cf83
fe39dcd3
060709b3
1b8f17cd
036bfe11
db2c0415
f1a01984
1c2d0ed0
2859048f
2221fda9
036eef8f
e285ef9d
d8b4f3e4
df93036a
03291a4b
1ec2111b
0315029b
deef0ae7
db1e04ce
e310eca7
ef2bdf70
fa51e2a2
00c6f854
189f0fe5
33ef05c3
214ef2ab
f6cc0a3e
f1d82218
fb1b0079
f0dedd52
fe72e3cb
1379e2f4
f48de93e
ddc11132
fd651c0f
1d4c05e0
2a75fae7
205bf508
fbf20034
f32a1e16
13341bdd
1e4ef1d7
f9a5d995
de6df67f
f9171991
137019c9
02d21be4
f6462473
f82e02c1
ebcedf4f
f698e42c
0d26e14c
fb5bdbc7
ea94e978
f7ace5f1
0481db71
1594e6df
1e7bef4a
047efee8
f7702191
0e4128e7
14a4154b
04ab18bc
ff582304
f2cf18ba
e327157d
ed901861
fee11b77
105d2768
199c1af3
f6c1ff36
da5601f5
f971fa07
1735e22b
2448f225
26830409
fcd80a39
e37d1a20
fc5500c2
ff81da58
fc8ef297
1b2e17d4
2e141453
1d4efe38
fdd5ed02
e7acea65
eba0eb39
fc36e06c
07c3da99
141ee627
204ef59d
1ed8fcab
06e500bc
eca517d8
f57231b7
092e20cb
f6e3fb40
e111ef59
f0d1e91a
fc1fddc4
ec22f605
ee212074
01482386
071619cd
14b121cc
20031239
fd47f812
dd8d09b3
fcb420a0
1eba0c97
07f3f915
e1b10bc9
de92268e
f3251e21
f8b1f869
f1d8e142
00d4e00c
0f48e126
058afa71
0b3220bb
22111dfc
1d04074d
0dd80f64
10d21d72
17311a5a
1d720b56
1ecbf601
1adaef2a
1eadfa60
21b2084d
16ed186b
0df01ed4
01af04b0
e016f3b8
d5a30cca
e94614ce
e3d7fd85
daa3f9c0
ff4ff9df
1f5de972
19b2f535
1e4b0c78
25daf607
150ce565
1d32001a
28d70630
fa18049b
dee018dc
00e1ff96
054dd784
f97afbcd
18b51ec6
1e8ef917
fc24decb
fdc9e970
18cde7f9
1c2edbd1
0201df9a
e6cd01f1
e9651b0b
e9ef0594
dbf8fd2d
f8441511
1d4d1529
0d371288
ffbd233f
11f511c9
13bee5a3
01fbd1ff
fcc8defc
0fb7ef35
1632e7bf
f11ae817
dcfc067d
fe25079f
13efe21c
0737d692
fb67e429
f107e73c
e262ebc9
e10efc54
e4e9074e
dd5d1202
ebfe1e3c
11f00aee
1f15f379
1e2b02d8
1f241291
027a0aa5
dd89099a
db970488
e534efa1
e90fe497
f510e276
0566e004
0f15e2e5
1133eeb6
1b65f603
2342e448
0da9df0e
fd60083f
0d3320d2
08800395
e09af222
d103099f
e4ec1018
e701f6e2
defef425
fe2f036c
1fd1f1b8
0435db86
dd82f875
f2001cbe
11f21823
09811352
f9842301
fb612925
0cda19aa
1e1ef7a5
0ae3dda4
e46ff7cd
e55e183c
ea95019f
db39f64d
f4df124a
192a1860
0aab1a55
fa0b243c
f990096a
e9aae4c7
db9fe172
e214fa9b
fd651bf6
17031c0a
ff420064
dad9fda2
e5fafc6d
ee23e4b7
da6eece3
e09f045e
eeb9f463
e5a8e74e
e9f70017
038e1e9b
18a929f7
1713180a
f6d2feeb
df6500e2
f56504b0
14bbe7e1
10f6cc4a
fde0df4a
04710c97
18fe15c2
06d4fc22
deed0300
ec0e223f
1b0212fd
1cfee50c
fa23dfe2
f75c06bb
1bfe1375
1f4befbf
f681e045
e422fbe3
f13919c2
ff242848
075b209f
ff7a03c0
e3c7f010
d0b1f7b9
e0c5074e
079a0177
119de57c
ec80e1ad
dcd70a36
08bf1ee5
21bb0a3d
0a751106
08e124d5
181cffe9
0a38da66
0dddf21f
253df915
ff7de1da
d8b8f50c
0381046d
2364ec2f
049afccf
f53d26b1
f3541a4d
de740897
e6491b6f
fdc81f9d
eed81546
de531316
e663fe4f
e35af1c2
ea3213e5
125921ef
1c85f39e
011ddc0d
0d7df1a2
22b4ee45
fa69e964
dad2ff54
ec7ff49b
edd3df1b
e92c01a9
ff2823a3
fd511986
e30e13df
e23d1d8f
fe031e2c
19810a41
1844ecde
fa1ce44e
df98fc79
e0a718cb
e9941621
e04b044f
decc0019
faedf8b7
162ce7ec
211dea12
21f7ff8c
1d401733
17061835
fc7d01bf
dd95fffa
ee351472
1b361435
2b7b0662
1e160072
03be012a
eb9714f1
f1f730a6
06602357
f795f5bd
e1c2eb46
0034fa55
2464f8d8
1e5603d0
184c16dc
16f4fdc4
f871dcc9
dfeae45b
e735eff3
f285e80f
f791e05e
0205e488
115fe538
0d33db1a
f5a7e0b7
eabffd74
f2961b5e
fe912aa7
08ee203d
00000000
e295f012
d553002d
e4130ba0
eabfff11
e034f4d0
da70f6aa
e2650803
03171f3f
20ab0f01
0bbde880
eed1e2c2
fe18e6fc
0d8ddee4
0440f69a
0e6a2094
2366216e
1bfe076f
001a0016
e6f50eee
e0e22486
f5b22189
023cf800
ef09e0ce
e6a0ffe2
fc1b220d
07f12453
0bfe1b5a
1c3dfdc2
099adc21
e09af3e5
e6b2175f
ff400106
0143de80
09a2dd12
1c72eae8
259afdf7
1fd806d1
02be04e2
e51312ec
eb7c2403
fef21f08
077519b0
151b190f
229e0d7a
1fb40152
137d0689
15ab1713
25c2157c
20830008
fee9fd65
e8d516d1
f49529e4
02c91f57
f5f012d4
e91a1a3a
f2451d68
01841c99
14e32228
1afc16a5
fc240326
dd4f02f4
e28b00a8
e8f2eb9e
da70ea12
de9a058e
034416b1
1bd410fb
11f514f9
04f72221
fc551bfd
edf61845
f20a2736
075f20e5
0410fdcf
e4e2ecb7
d41e0254
e2d30c90
e494f1c8
de68edb8
0732fe2b
24bbf42d
02ef0064
efd721be
fc4e0d44
f35fdf59
e215d6ec
e3cef0f2
fbba13c9
0e831f10
fca71f13
f0212005
fa72fedb
f439de31
f731f56b
1f980f1e
34adfb97
19a7efc3
00ae0ac8
fa041eb9
e8ce1b89
e0621147
f535f711
0925dd9a
16ade325
1e34f198
0a450265
f6b12047
fed12c81
105c1a78
182cf7fe
0623df85
edddef49
e819119f
ec4329d5
f9792327
f9bbf7ac
ea14e310
ff0cf86c
23ba031c
22f60ac8
13a41ca7
053d1ee7
f9cc1efc
06471ed7
1631149c
20161398
24820554
018deae7
e304eaf9
f7ace1e0
03bed77b
06c603c8
1b701f8a
002d0012
d59efe24
fdac067b
1e73e28b
f4c3e62b
deac0b89
e52bfa08
e1f2e46e
00bdf715
277ffd2c
1d1a03d5
14ce1866
23db0be7
1fb2f73c
17d00542
1bbe1591
120215f9
03731e4e
0d582777
1c85132f
0d73eddc
f66de058
010ce46e
140de352
15b7edc2
1d07fb66
24e0ebd2
1016e032
fddd01d9
0a922283
17521ad9
18d40bb1
25e205b1
2449f6c3
f8a1fc71
ec1320f5
18681647
1f44ecc4
00ce00fb
f89423d3
e72719e3
da6f0c32
fd0df610
106fdd04
05f1f9de
0da622b9
0c5a1e88
f2b01b2c
f6072acc
11161d8e
1452f5c5
0750e07f
0e2ee828
1ee3f108
1bb2f985
1b480951
2bbe015a
1ddaeba2
f8640141
f98923e7
11f21223
1778eb61
15acdcad
0974e08b
ed72f8e0
e3ab145c
eb480dd5
e121f9c6
d36f0143
e60f14f0
0ded114d
1fe30131
1b0708e1
168f1aa3
08721d1a
fae9201e
06441ffc
164815b9
1f4f0f5a
220e01ab
0ac9ef2b
e824ec1e
d5e9efca
dd54fc62
08040351
1b9ae8e4
f0f2e3bf
dc07059a
ff5601e2
154be2c5
18d9e9fb
221d0060
1e9f08a8
17521325
1f99169e
1fe7fe01
0186df76
e545e937
fdc80b4a
2377fdf7
0673da7e
e0cced62
024d08b2
2342f7c3
0609f550
ec491e03
ff553009
083b1ba9
f4b917c7
f0691e61
faf504bd
f665dfde
e765d8f9
e3c4f1ab
f4640d9d
09c81bf1
19ac21f9
1f881164
075cedfb
efc6e1e8
0356e007
1067ddf3
074b0380
0e9322f8
00220ba1
dc56f3d6
df42ea07
f649de04
06a5e392
0c7be6c4
f0bde7dc
df990cc4
06ec25b7
20ba08c5
ff80f481
e2da1027
fd51268c
1fd607d2
0f2edf7d
eef6e5e5
f95701fc
1e9805fe
2fb2f5ce
1c1beed2
fea5043f
f9a520a2
065c249f
105e1980
1dd30e1e
2206035e
14e50c89
13461cd2
1aa813c3
1cda0246
246df40c
1b53e97b
010a008c
fe4f2364
09872535
117b16d2
20a607e7
239cff03
17d50fee
152f1b8e
04930329
de0efc26
d874168a
ec7918c7
e6a402e2
dd38000e
fb2e021f
18d8e8f0
0976d2bf
f920e0fd
11e5eb75
184ce2e8
fd460174
041b263a
176709da
0e6ce335
13c9e81e
24d2f95e
21e60f56
19e71732
fd5c02a8
dc7c047f
f17e15eb
1da90e33
2d8c02a8
20b3fe19
fb70ff40
e9f2190e
11b71fb4
243ef53c
f984e3c5
e24af593
eed8eaba
f4a7dcc6
04caf669
20b91096
1d751617
06361efb
fe3f22dd
f54d1a5a
e530180b
e12f0f17
dfe9f5c1
e1d6efe4
0032012c
1fd2f6a1
06cfdbf3
ddf2f30f
f1981e4d
11fb1c41
002611a6
f2f12042
1102188d
1e9cef09
fc1ae04a
df32f95d
e33a0970
e6880cac
e45f2046
f70d24c6
0134f67b
ec22dde1
fbf20397
27330acc
0efee827
e48fe78c
fa87e766
0b7fd892
ff68ffa2
136b237b
1c0bf8aa
fe3fda0d
086cefb8
1ff2ec29
fb70e3d7
dd6600af
f82708bc
169de91c
1628ce9f
039ade19
05850d53
171a1ae9
ffa8ff1a
dc08fde1
f48e06df
1a97e827
0d8fd00b
fc79e2c0
0f25efe5
17ace468
faf8ebc6
e066076f
d9970ffb
e6ce1379
13e81567
2675fde5
f9a3fd3e
e6a61c71
05420949
fd95dacf
dbf2efc6
ee7c1e4e
15ac14b0
1c7ff868
1947fe71
1cfe11c5
16521c38
06812049
f664206d
ed5d1c63
ea840c1e
e08c038b
e3de195a
f4d11efb
e4f50c7f
db8d0ac3
0000f915
10a1dece
07aff891
0c292129
0836276b
f0ad1d42
dd9913ec
e1640ac6
fb76f758
0da4e170
12e5e6a9
1de8f546
1ee5ee41
0ab6e121
f6cae0ad
f3a8e423
fb7de135
07b1e0f6
1c4fe7fd
2030ef3d
06a20a20
f5c923c7
ea9615a3
e09a0b18
ff7b148a
243608fd
16a90398
0cfc1d74
23f61f22
208204c5
fa1c01e1
e46f12f3
e8e90d8f
e1aaf8d5
d21501b0
e5331480
08a0fec1
04d6de38
e96bed2e
e76a15a4
f6a52223
faf41ee5
03fe2232
155c177f
17d5fb5e
03efe0f7
e773de42
e823ea3b
fed8e04d
00d1dbc4
051c0240
1a6a19bc
0842073f
db620216
d3de0bc7
ea54125a
0e98173d
24a800c4
03ace74f
e383eee1
eeeee848
fbdbd929
0f9ae75d
1b60ea44
f127eb68
d97a07ae
ff54ffd2
13e5df73
1739ee9f
24cefe56
0c46f0be
e0fbf0e0
d47df63f
df8b00a8
048815d1
204012fa
0a79127d
033822a8
1a930707
104edfd6
fb34f63c
0af52131
20c024d8
19f10f5f
fdce01fd
e23408d3
de0219ce
f1f11d63
0c330daa
1dc1f47c
1e4fe109
0df0e35e
ff6dff67
0ab91d6f
230b1cfd
1f130c20
07d41147
0b1b1cd9
2057065d
0e06e19b
dde7ebe5
dfe7105c
0ba9fff3
0c00dd93
f615fb76
0ec3210a
27c6fda0
06f6dc76
f2d0032c
13701f37
1f7afa83
033dde8f
048feda4
1fa7ef01
172cde12
01f2e2bb
0da9ead2
1c2ee9bd
1b78f9d1
20a208b6
20d7fbdc
16b1eb3f
1327e295
05cfdf0c
ec80f456
e75d15d4
f24322a1
fbf81fda
07351a7d
159916ae
23ed112e
20b10267
00c3fe02
e83715ef
f1852a2a
ff3c2069
f7570f7e
ea1b1499
f3382887
02ff23a8
f1f50d79
e58b1556
0fe11bcd
2650fc7d
f8cbfa8c
e7051dbf
06f60887
fc56d9c5
de43f37e
f0ae1c9f
05db0a0c
f759e21b
e2e3d3ff
e571e92b
0ce3049d
2453fb09
fdc8fb68
eaae1f7c
0d09185e
1d50f282
1d8af9ec
21d61365
0fee20de
021921b4
0004ffde
e61cead3
df221098
0b47235b
1fdff8cd
0b19e1b0
0efcf322
2055f562
0bdee878
e25af1a8
d5930cc0
e4320e8f
e12af43f
dc39f165
089afc7d
2608f016
ff6102f9
f0002754
ffe7ffe9
ef5cd967
fc2eff8b
25250e5f
0a23f9b3
def10f0c
f8a92877
20fc0915
0f76d9b7
ed11e32d
04660a29
236a06db
01d1fd80
e2701501
f7630c81
04c9dcd2
f85dcafa
f1e6e5aa
02430a6d
1d4108d2
12d6e17a
ebece173
f8310d05
2433080d
0fd6dc59
e53ae653
033a07f3
266eff03
04c80164
e53f1c30
e4390c65
dd7ff833
f0190e0d
19a519a1
26100a87
1de90062
1c3bf9c2
1806eab8
065edaba
fb9edeb5
11f8e8dc
1a8be62c
fe7c01c7
00552591
17d40b32
117ee32a
1227ea72
2568fce8
226b0a19
15ff182e
0c7815c0
02c71b6d
12a8291b
1cf91410
f8f9fc17
def706e1
f6c806bd
1106e488
0b33cabe
fa61df74
05b40bfc
1c4d12ea
05c1fbfc
ddc707ad
f1472177
1de70cba
1c1fe9bc
f8ebe52f
dc3afd39
ec201ba3
1d6e1231
22e3f1bb
fcd00398
f21a2430
ed900fc2
dc420586
fe551c20
25510c6d
ff40fb39
de881164
f7b30883
09dfde9a
034dce05
f503e12d
eff00c52
f7d72218
e8cd14e2
dd980ea3
ff82fa70
0d35dc20
fe02f95d
1137220d
1f6206ca
0365def1
ef94da3e
f2bce300
fd61eb01
062ee2e0
fc21d535
ee63e418
fd8702ad
1f8606c3
2a41f02d
19b9ecb3
157e01da
1f7d04c7
12c0eee2
eda7e578
d542f799
e021008b
ea24e728
e6dae38b
0909002c
27580156
017d0403
e3741c1a
f5dc03b9
ff61d81e
0bbfddfb
1cb2ed3b
07bafcaf
fb21210a
14d22a99
19a713ae
002a134a
004a2236
19c00e22
159ee5b3
f28ae4df
e06d04ee
e4dd1530
ead0168f
f5221e41
05972283
0eb7186f
152410d4
2a9f0a90
2669f96e
f5a20661
e95c219e
0021fc8b
f6cfd79e
0151fe38
23db150d
05cb0686
d9060b58
e0f2fe23
e634e8e5
eb500540
0b202302
1d191adc
19780e5c
1c9406e7
1fe5f6a2
1690e4c5
0c12e25f
155eeddb
21aef46e
192601e9
1ad71071
266fff20
1d19f028
193303cb
204d0e25
079b0338
dfef0c8a
de4022e8
f8221da9
fdfbfe05
eea4e5ec
e521de0f
e230f0d0
f65b1c65
1351217c
fb96fbda
d98ff6b9
fc40fd4c
2118ea0a
1b3ef8bc
20550e9e
1444f07b
e926e24b
e2d101b7
fdfa1d27
103328d1
11f21dd4
f97a025a
deb0f8b2
e3f4f804
eed7e7e0
e135e01a
dd42fb50
fff1183f
183517d4
056c1aef
fa3c23a6
00d402cc
eae8e31f
dd370338
00de22cd
1dc70b5e
15dbe96e
059ae088
ffffe13a
f957dabc
e856e6aa
eda2105e
04392297
f82d1551
e60a1751
033c184d
2403fba5
1c30e84e
12d4eba6
1119dfb4
fb1edc16
eb29ff08
efab1af4
e99b15fb
ddba057e
de4ef2c5
e697ebca
fdd9f718
2012fac8
2ab1eccf
1132e573
edf1f39d
e11d06e6
e6d103cd
e3c0f014
d98eed45
e139063b
04cf1f22
1ddd110d
00bdf921
df340a55
f4b31d68
1cc20c9d
298af5d9
1f22f620
17d008eb
1d5f0e13
13cef707
f2e2e29b
dd51e367
e328f210
00adff81
1dbef3fa
1c2bdf11
0c0ee233
0b4af272
1b0bf3a3
20f5ddc9
09faddf1
01530a27
126f1ed3
00ad06b7
dd5df889
df1defcc
f066e13c
ff59dfd7
0a16e122
00ede262
ee3ae88a
dc51e90a
dcc9f532
08f10045
21aeee43
fb46f827
f47b2476
20ba1311
1bc7e54b
f77d0131
fe6f2723
007504ec
e60de24a
effde81c
0a10e0f0
f53bd78b
e594eab5
0059eb2b
03d4db17
eb2df549
ea5319e7
eda41189
dc4bfe72
d75e03e4
eb931434
0c711b7a
2180027c
0638e008
e4c1e9ed
fbb30206
22effb8a
276defa1
1454ebe0
f537e95b
ddaeff5e
f6032196
1dbf14f7
128aed98
f7aae37b
00ace23f
12b7e08b
2293f3ba
24d8fdc9
fd1e0340
e8021d8c
0be1158a
1fd4f262
1de3fd7b
2092152f
0b641b64
0222207b
180b040c
1191e098
fba1f5de
09b82088
233f2578
1c640e67
f83603d1
e0fa0bb0
e3a70227
e23cefb0
df93f784
e4410c3e
e6ee1b89
f21b1db1
fee60415
f370e34b
ddabdbdd
e117f1b1
093c05c0
2112f48c
fba4e429
dc60f713
f16df64f
f48ede5c
e032fb10
f80b23ed
19720e69
1838ee8e
171cf479
210e06c4
20d014f3
11de1cdf
faf62307
f6a020a1
fed4fe30
ee82e21b
e3d0fde0
fc082172
10042261
115b198b
15eb139b
1ffd05af
208def1d
1780e9e1
1e7ffd03
24b20452
01af073a
e23c17df
e77a0cf8
e1d7f700
da6d0ce6
ec041c48
e5cf0166
d80ffcb0
02d4013f
1e2ee530
f66ee8b0
dec408a4
e3f6f814
e2a8e3ef
035cf516
2870fd24
1c500d45
14751c9d
1265f6c6
fa27d94d
037feacf
1aa5e93b
f9ebe336
db340620
f8d91e29
1b570fa0
206a036f
2008fdd7
1c54eca9
1169e456
1167f11e
1ff0fa89
2587ef56
10fee415
f290f076
e20b08ac
e03516ad
ed161b78
0d020fa0
2188f4d9
1a3fe97c
0f46e86a
ff93da90
f29dde68
0865ec43
12a3e28f
ee81eb29
df6a0e2c
fd8109c1
0c98df20
febccf3d
f70fe427
0000ffde
1a0f0d44
2fe5fc53
1ef2eeb4
00670aa9
f75d2313
e7cc1539
dd590c47
ffde0003
0f4ade18
e92ae945
e355152a
0042086f
0436deab
fc5dd035
f2ffe0f1
f02e0d32
fb5c243c
ec3f155e
de0b1163
00afff29
0a9bda21
eb59f189
e7fa1959
e54009e8
db10f958
f835f6e7
1bd4e9f8
2445ee36
218905a2
19731a2b
127d1a6d
ff40005f
deb2faf4
e8a41853
187317b5
223af4cd
ffeae314
e02af15c
e7531322
134d1e0c
22f600d3
fb5bf6a7
e79d18d6
09f1220e
1f42fc0f
0aa5e29f
ebd4ebb5
d8270012
dc510488
e88fed07
e87be688
fec80400
22c401b7
0c31dd50
e07be98c
fea50cfc
26eefa2b
0304e30a
e07ef268
f2d4eb7e
fb8dd987
fdb1fc83
1df816ef
1fe0f441
f486e074
e0bffa02
f0681878
081826b7
0adf2015
f2391d7d
ee081ef9
fc94fbc2
f4f8dd54
fc21f5c8
20910f45
2d3c0947
1c44f7ae
fd72e778
e22df12e
eb0a0e7e
0c241ce0
236b1984
1f1f0d01
fcaf0791
e1130e51
de64059a
e130f2ae
eb03ea13
f46fe30d
ead6e5f3
e0bcf7e0
e0b903fa
e2940d84
ed191898
f8681e5c
00c3235b
0ff21cf4
16a7feff
067ae0ba
f30dd9d4
eff7e306
fc70ecb5
0811e35b
f7f3d422
ea14e502
0791fe7f
22b40222
1be51137
14191e76
ff0e0834
dbdefa2d
d8fb05c3
ea58112a
f52f2074
fd7c2427
f106129a
e41912fa
02441815
230f0072
1f38ed5e
16fdeca6
1297e40e
ff1bdea6
eb9ff41f
eb5115c9
f8812a2b
00572303
f1ed0fa1
e71a1489
09b21dd3
2585fd65
0162e379
e4a5f0d7
f262e77e
f9a7d9c9
0a6ff7f9
20a314a3
108f233e
ff672656
f810fd1b
e32fe47a
fc9701f3
2895fdbc
05d7e474
dd4df26c
f1d0ec54
fbc4d876
fd9bfc92
1e7f1784
1ef9f2dd
f2c6df0e
e36cfc06
f3c919de
012c28f0
0877215a
fd990299
e2a2f08a
d585f7f9
e130090c
018b1473
1f990df6
21df00e6
1ad1f7d7
181fe3be
0cf1dcd1
1361f7b4
2213f8d2
fd7be0ea
daf6f340
044106bc
2308ef35
ff92f778
f369234f
13041a9a
1bd6ee18
0dcadeb7
09bfe24c
0675dd3d
f20fe32b
e1050893
f54b226f
0b35fddf
ef8fdeb6
dd3808bb
fcb524a1
021dfcb3
e8ade38a
f742e810
0a19dee4
f0ffe8dc
e3fd1537
062e2675
2044025e
09eadfaf
ed0be8f5
f85b014f
1d2801dc
31deee73
1cdfea43
f9310d92
fad92556
01c6fca7
e874e147
f70c042b
26a304bb
0f99dea0
e31cea78
fdb20400
2348fc48
1dc4ff6b
15e8189b
23461a74
213ffc7e
fec0e9e1
e710ed9c
edfee700
fcdedcb2
0d93e45e
16f2ea01
fd17ea6c
dbc00380
e31f1c7f
f0531676
e5341013
dfa509c8
df74f099
e371e98e
05e0fc2b
2308fbcd
08ddf9fa
eb421ae1
fc513255
09bc1e49
f2ac0fcd
edb71c6b
116f16fd
2165f61d
006bf625
ee4a1f45
03f52c87
0a9019a4
fb001cb1
f3e32255
e6780ca3
dc040696
0228153d
25820cdc
0d950f7d
052b236d
1f1d00f6
0de1d95d
f80b0431
10a4252b
084afcba
db37f115
ead317eb
14f01c31
05391125
f2622200
0ee119fb
1cb5ed2c
fdf9db4c
e24ef946
edc11cb1
0ed61b6a
1b8af9cc
083cdfc3
f3d3e220
ef09e6e4
e637e53e
de8ff80b
f7c71694
16241a44
09d314e7
f779228f
054122de
13f014bf
1cc21467
2296076e
0687e9fb
e7b4e67d
f3f7ec1a
057dde83
f89ada8e
e9a7ea03
e631f44e
e050fce8
de470f96
e904179e
ecfd0787
def0fea8
db930e97
eb00166b
ee6d0ad3
e09b0302
d57c0952
e7441799
13850fc2
22a1fa38
15580a0b
19ba19fb
12fdf86f
f755dce0
ffe0e3b2
1a15e511
1741effb
1c970185
26c4ec75
0fcadfc0
04e7062e
0c9a2112
f6c022b9
e8961ed8
f897f8ff
fa2bd9ca
0168f848
1eaa16a4
19631031
02051c10
16f32b01
22e60e99
f362fca4
dbb90ec2
0116fd21
0f72daf4
068cfb93
0f932522
ff421f40
eb0b1b88
0b551168
232af180
1475f4c2
1baa0fd4
30e8058b
1dc2f102
f796051a
f43c1f70
02ff095f
f349e17a
d77be434
e028f89d
f87bea8a
f170df17
e8450633
fa2323cb
f3791029
dda20e1b
00b51b7f
251603fa
06edfb80
e435179f
e19721df
f4a81b81
1aec08ed
1fcfec4b
fa6bfd54
f942242b
1519136d
1767ea09
0fbddbd6
06c3e005
f22cf4ed
e67b1514
edd5289a
fc811faf
fe1cff06
eb4ce77c
dc07ed96
dfcffdf0
e86f0902
e9de1629
ed032586
fcc22103
04dbfc24
eb84e5f2
dc5e09fd
00b7251a
1df10025
126de33a
178bf91b
26c100e3
002afcef
e40e1af8
0e641d9d
225ff697
01d6fcbc
ef191d31
e6631b90
dd430594
dc33ec83
e438ea30
09acfa08
2463f88c
08d805a8
ed0b21a6
e10513ef
da4e00ae
005dfd32
1a60e334
eff0e9e4
dc180ff6
ebc4fd0d
e1d7e77b
ec550e67
0f9522e2
00bf14c2
eaed1d33
0bcf1ae9
218bf314
01ffe041
e21cf3fc
dfe406a1
e3ad0adc
dfaf13c6
eff51eca
171a0b3e
205aef8f
13a501e2
1dde10dc
16b3ebf4
f060deb9
f4cc0627
21710d79
1db9e54d
ecf9e165
e5b40ce5
fd191e56
edde1561
de4614d6
f834f936
0874d83c
13c8ea6d
222af5e0
fb15e745
d746fa0c
001c0013
1f87e6ef
193cfa25
21df0ce7
10c5eca3
e7d0e421
f4b5feb7
22eb01e9
30dff320
1a2eef0f
f8c502c6
fa3d2032
1a12134c
1937e8e5
f69ae312
e1c3ffe9
dfa513cd
e5dd151f
ec1c0729
e193feaf
d6ef0bed
e746162e
03cf017d
0318df3b
e6dadbd4
e5a8ee1e
fdc1e152
fdb0d924
064a055b
1e2b1a4d
fefe0309
d818030b
f7c20088
190ee1e5
1415e8a2
20c601bf
2905f1b3
0f9de568
fe3cfccd
05d21d0f
1bbf2a7a
1d7213ae
f34e0010
dceb08b2
f9d1fbad
11e0e04f
1ad2e93d
221dfc52
0a890293
eb2d1ad9
f7872ff0
0bd91cb0
fceaffc9
e2c3f3bd
d629f4f6
e10f0728
05091a7c
1dac0fe8
0635fb92
e0f2092e
e19225b5
f4831faa
eabc0484
de7209a8
03c91cfd
238d0b89
ff80ff84
ddf5118f
e6f704de
e31eeef5
e5630dfd
0ffc217e
241af881
06ebdeb4
f949ff5c
12951d68
20f0159f
1bd20964
2070ff16
1c7bed1c
008cea66
e2f8fa71
d3d10db2
e23612b2
ff1af627
06c0dd4e
0e55ea46
1bfff014
04e0e505
de36faa6
e96c1fe3
13f51883
1e6fefca
04dae02a
f7c4feb2
138c1ae8
2b7c0bdc
1efaffbb
15571442
17b11a3c
fd9b0502
dcf5fdcc
e2e4fbfc
ecbee8ae
db2be4d3
dd1c0076
08bf06ca
196ee73b
f228e247
dd9204d7
fd75068a
154ce29a
107ed888
01d1e4b2
e55af678
e554177c
16811b8f
2524f977
f874fddc
eab91f50
ff5c0857
f823daa8
ebb5dbc1
ec6cef0a
dd28fde5
dadb092e
ec87f502
e6c0e82a
e8d00ff9
0a802474
06f3002c
de4aee8d
d9c3fc0d
e60e03a6
e37818c7
f0ce2312
f8dcfbda
f057dd69
05e6dec8
1609e025
013b02ad
08ad26e8
18350138
07dfdbe0
13f5ec1f
2684f4f4
02e903d5
ee372309
00290ad0
f328dc1f
dc60e3e6
e5baf846
edf7ee2f
eea2e36d
fd3bdf10
0b3edfb5
1461eb47
1d42f20b
1957eae6
0794e252
f62bdd63
f01ce1c4
fd2febc0
09d8e342
f89dd6a4
eb7de456
0245ecdb
0a2ddeab
ea89ebb9
e3b016a6
05aa1abc
1dab000e
26d2f6b6
1eb0f01c
f3eaed24
da94fc42
edaff695
f023e3ab
df48ff9a
fb23245f
24230a04
17cbe648
fc5f0117
016323ec
fb6119ad
e3de14d5
ede621e1
02841dd3
fa1117f6
e941197d
e02610c2
de45ff4b
e3b4edd7
eaadea22
fc06f97f
1d77ffd6
305eeaa8
1676e3b8
fb7d0e7f
04bc2552
fd5dfe7e
e0fbe840
fa93fb02
27c3fa9b
1d52ff91
143c1932
271e09c4
2007f2d4
16280cd5
1e6f1783
0132fc7a
dae30562
f7541fe3
1f140e38
0932fa82
e0ed0b8c
d85e1f8a
ed7b1a93
046cf8ef
f8a6df64
e549f887
f2421eb3
04322456
06e21df3
12cc18c4
1fa10b7e
1ee003a4
1dfaf822
1534e21b
0a2ee0d5
1748efb1
2066f21d
07b900bb
f46e21c0
f9ea2b7d
09a11abe
1ceffb95
0ec0dfd4
e6def33f
e27912e6
ebd7029c
deb3f3e4
e9ac0c3a
12261b5b
275c12c0
1ec0097d
0e050f2e
0fde1b6b
1eef1471
1f8605e8
15f60c8b
11ab1beb
0a4f1fa0
f9df1d82
ed091f6e
e884150c
daf3fee4
dbc5fbc3
058ef6bc
1ba4e82e
0b1b000f
fec42379
efe1247f
e3ec14d8
f1a4f973
02ecdd0e
10dadd05
1a18ec19
0be503d9
fcea2120
f85724df
e93f14e2
dba70bde
e0320033
e95bee99
e9d5ea84
e97101cc
ff63208d
1d9d2127
19701319
03081e21
02a12249
ffe0fff6
e670ea04
e1650480
049d2148
21041b2d
18821173
0a011f68
077e21df
f70a0523
e16cecde
ecc8e28a
fe68de4e
0193f873
18a915dc
2f5c049b
1ebaf424
120c0cb2
1d7e13a4
128df096
f4edde83
fa91eb81
12fce5ed
04f7d3af
f12be173
09f7ef37
12e4dff6
ebc2ec53
e06b108d
fcd601e1
0a50dde9
13ebe0c8
2244f4f6
1efb06c0
1b430e12
1290f675
f2dce147
db3ee923
e1e3f56f
f35cef76
f212e2c1
e2dae8ee
e26ef70d
eae2f232
eed9e4d1
f8c6dbc1
0887de23
1ba3ebe0
1e9ff15e
ff080003
f56a2143
15a918ef
1adbeaf7
fafce148
e39dfb75
dc7f1285
e30f140e
e76ffd9b
e08df7e7
efe2119f
15361c2d
225b0b0a
1c4002b4
24a7fdea
1c98ea1e
f18febfc
de7800e2
ea97f630
e999e57b
e937fcdf
003e1f46
187a29f0
178f1969
f4f50357
dbe40026
e8ecf354
ebb6e56a
e6cf07b7
023624bc
09af0494
e53de881
d2ddf6c7
e1e702af
edaff635
e650ea53
dfe1f583
e24804b6
deb70e29
e9b51951
0f2e123e
218cfaa3
15dbfcab
1860131f
2c7711c4
21fff94a
f55bfed0
ebd31de6
0f6a1527
1f30f41a
1aeffd77
1eaf14a9
121316d8
03971e17
15801fef
1ed20dca
0c0a0dd3
08e32028
19841f37
1c630e95
0d170bcb
09bf1d67
1d832345
1ee10dae
fa9b0102
e0390cfe
e6d60787
e2a7f13a
d574f967
e3e10dd9
00ed03e5
0adae270
fb67d01b
f0c3e385
07a7fed2
1f1506e2
1e531380
11d11ff8
f84e1f59
f1b01e37
11e20a1f
2031ec8b
13b2fa24
1ebb0d2a
1a9eedbd
eb6be1b8
dd8a0b17
fd231e9d
072104f1
ed10e7f0
d38ae5a7
deb0f985
0a58fc59
1bc8eae6
05a8fa5b
fcf623d2
06a22c06
0ea81731
1aa0f738
082cdc86
dfc8f829
e81b1b13
fe9efe15
fc7fdd67
0c99de49
1c62e781
0da60578
fe8624af
f1e420d6
e79013bf
f5dc036a
011ce0d3
ef4ecf0c
e751e9b0
067808bf
2198fe8f
08bbe63e
e5fbec00
ed12f2ec
fcf4de87
f482d413
e893ec07
efd812f7
0363220f
ffba142f
eb911691
f5cb2ab5
09732259
f41f0e79
e74e1a07
140f18d9
2672f51e
f76cff74
eba823b6
021aff7f
f5cad856
fcadfd63
21ac14bb
0db3ff0b
db6407de
df2e248c
f5cb1b80
e5de085c
dd8a0c0e
00a400df
10dddf61
f226e6af
e19e1032
ead41c99
f0431980
00f62278
110a1e16
004c1789
f0cb20f1
fda7205e
0d7c1809
1d741bad
22690e0a
fa47fc4b
ddef0f24
026b19eb
21c105b3
187b0a00
0f5a1eff
07c21f38
f85c1d7b
f799275a
0e8e1e30
1dacf06e
0721da3e
fe46092e
176a20d5
fec3fe14
d785fa8a
fd1aff4c
1eb0e688
0a81fa89
fe4e259d
f3792672
e1ad1435
df0efd65
e05af7f2
f93212c1
19951a5f
09a31659
f93b2391
0f050fe0
17f5e538
0fb6db7f
0339e313
eab6f38b
e78c14dc
0a9c2375
21490240
046fda6e
e559e71d
054c0950
2563fecb
ffa7f7b3
e6d21b44
0bbd1dff
2067f938
1427fa17
1a58169f
2b431486
1ed3fb9e
f946fbd7
ecc01a0c
0b071fc4
1f14fa4a
080bdd0b
e6e7ed5b
e6b01531
05de20f5
195501b0
1040e3b9
0618dcfb
fa29e11a
e7cef85c
ee3a1c0c
135a1e5c
1fcbf64d
fcdcdea7
e42cf1e7
fa2904d5
1d19f66f
239fdb9f
0f11e15b
04e40a1d
0bd0204b
ff0e190d
f0d81cd5
09b319a5
1e88f2b3
03c9d90a
e3d7f495
ec311fb0
0b0b1fec
074ff52e
e0b8f016
e8fa1fac
13442012
ff30f53b
dbb9f741
fd9602eb
1ebaed38
0951f381
f7b5207e
0731379e
11a71c84
f329f729
dc93f98c
0230fce9
1ddce99f
0a9cfdfa
fc1524fc
ee1122a9
e070113b
f3b0fa12
07c5dd04
0e31ded7
1b0aefd3
1d74f8e6
1d0503af
2658fed8
1a25ea36
f70eea6a
e01dfeac
dfa10e30
e75d14bc
f1841acb
ff621f60
0c881f46
167118e0
1a4e0a8a
1d93ffaa
26a9f194
183de6e2
fbea02d9
022c2299
159e1109
12cde889
068fd1a5
fe58dd10
0a720262
1b7b167c
0c76191e
ffe5217e
11870d21
1435e2fd
048cd955
fda7e266
f24fe54c
e40eedfb
dfd0f8b6
e00704ac
e76e122b
ef8a19ca
f6032323
07d921a1
135b0331
0d4ee3de
081bd6d3
fab7de24
ea9e0512
f1a12099
ed380f50
dbf007fd
f7691312
21620a19
29c504e5
1f27fcbb
f9b8e35c
dcd0eec8
04ce051d
2395f26e
00caf86e
f1ec217c
0f3b1e09
1cd1f107
0fadd8a2
0b52e331
1a9cee5c
1cf3f02e
082e0514
f79b20aa
ebc620ac
e0590eb7
e0fffa69
e3b4f479
efb60d09
0ffe1f42
219e0fd5
1d70052d
22670467
1cf4f12d
f59fe189
dd4ff6e2
02270be3
20aeee5c
f52fdb77
da57ff83
071c036a
1acfe484
0799fe0d
012c25f8
ede22168
e001144f
fa11f8db
0523dbb3
01bcf41a
17bc1a0d
277a1c5a
1e72053f
0072e45c
e63de51f
033efde0
25fefecd
19e90b05
13fb1c33
150ffb28
fe16daec
fc8ce8cd
18b9eb22
162ed3f2
fb84df23
021208b4
1a5514bb
0a030292
dee70392
d34e17fe
ece218b9
00c2fb11
fadae084
eea0de55
e6deec3c
e0effda6
e09c063f
e2b6fda8
e4fcee57
ec19e251
f86fdf54
0c8fe4a8
1411e4ca
f869eedf
de9e0afb
e0581730
eeb11778
0f0716c8
2375f8b1
fe96dea5
df5ef457
fbd70272
1e01f03a
2560e71a
12f6e612
e594f324
dcbd0e18
0422fd25
0c9adcbe
0465f87c
11c91f9d
08332698
f08d2248
e3de0d2a
e02c0810
05011827
24a90a25
023801c1
e0a7147a
dec805e6
de2ff1ca
fb50f86c
206bf068
1c8de320
06e1e374
f671e2e3
ee58e3b4
f85ee3e1
0791e017
1324e437
1b31eee7
1cf5fc45
1eb305c0
217aff8d
1b6aece3
0a4de060
0324e2cc
0d88e2ea
17fee83a
25c3fe2a
24e00606
f99c07be
e17516ce
fe1a009e
0418da4f
fac3f3f6
18321b81
2ca31180
1cfa0184
0eea0779
15fa151a
293612ce
2271ff07
fc040449
e8e11afc
e9270fc6
ddcafd11
df510ae3
efd41a73
f0eb1e97
fc5e210e
1f1f04b4
18f9e1a5
f63afff3
03df27aa
1b07043d
0df3e09e
1781f20e
26cbfbbd
02e804d6
e8b21d3a
fba90cdf
fc45dd2d
e0b0d5a5
e33cf208
09ddfa09
1faaf3b3
1ff808b0
1f1b157b
fdbc01e7
d9c507a5
fa2e17de
21cf094a
18561151
0b6126d3
f6331b5d
ea741915
13e312e1
24e9f245
fb3afcdc
f0cd232a
03790ba7
f18bdd63
dc21e1b7
e6def5c7
f147f201
eebee448
ea61ddc0
e3e2f170
f1ae1bd1
0f6a2085
0450f9f1
de0cf48d
e84a13b1
12811b4a
202d1017
1d610a31
1f0fff13
1c80eede
0fc1e519
05d6e1b3
00b1db64
f07be329
e55d09ec
f8dd2284
06e90385
ecc6e1f2
d75def5b
e41efe1c
e8bcee70
e69ce6bb
fff9e2d7
0866da86
ef40fa2a
e9081ca4
e14108b3
d78af96b
03d4f85e
2086e67f
015d01c7
fd05286d
012d048d
e543e3e2
f1b9f949
24c6ff83
317dedb0
1546eba5
f95803b1
ffe41f72
1bb311a5
1585e70a
f090e08b
e1900264
f6a91f6e
18291612
1af8ee1c
fad8dfdb
e813f87d
ed8816ec
fc682b9d
060422aa
f59400a5
e305ec58
ee8ce440
fc65df6e
0228f56b
19c71316
31050d61
1fe8f7b2
f71201a9
eebd1d72
0b26171f
1e24f527
1d9fe537
1260e56f
f485f03b
deb80ac0
e6591a01
f19719b1
fcf11ede
0ccc1fbb
134b1771
1a7e0e5b
2589fb89
1f07f276
1683052c
1d090dbd
166df572
f45ae140
d8d4ed7e
e0bdf809
f187e328
f0a4ddd8
05cf036d
24b10d86
0344fc5c
dbf911a6
ffcd1b7d
21370158
1b560ac9
13f5214a
fd74209b
f30a1f13
0dbd0ad8
1d5becb1
19e1f0b3
1e7007e0
229513a1
13ec18a8
fc8b264d
f99e243b
f867f7fe
e963e071
024dfd13
276005b1
07c201f3
e1161881
e6d1108a
e01cf711
d9390786
eaa716a5
ee7809cc
df92ffbf
d499065b
e5a01567
11410f4d
232ffd78
17fe0d6b
16271c24
037c00fa
dd0efb43
ebb71f8a
1ce818d1
1591ea10
f89de019
0acbe9c8
18f1e5dc
00f3fb66
005821c4
1fc61571
16fee50b
e34be2af
dcfa0818
0b4ffedc
137ddfd4
ffeeffe3
0a2a24b6
00c20b15
dec0eeb2
e38ce32c
fbb8db6e
0f6ce570
1430e7fc
f0edeca9
dd8509cb
fb2b0740
0f5ae04f
08e6d145
fab6e2f9
eaf704cc
ed941d76
f56b12ec
e3ac07b2
d7351bea
f1961fd8
04c1f533
f358df62
f828ffce
20100d97
206eef28
f1cde3c9
d9300173
f3cf1c1f
1dd7104e
1f21f225
fcabfb46
f4d2211c
066626fb
0c44199f
16851825
22ad09c1
0d80f0ca
ed62e6b8
e066e577
e098f462
f84713ea
13571c18
09731700
f7ac2155
fe8124c1
0ff2189f
21030afc
226604f6
149913d8
11b81cb2
036304ec
df44f9c9
d42d0da9
e76813f0
ef8e0297
e02efbf8
d95c0ea7
e81515ea
eb4101e2
de2efcb3
eeb7119f
17ff178f
28b8093d
1d720282
153f097f
180f13c5
1fb319e8
20db0393
01e0e02b
e5fee818
02250465
227dfdfc
0bc6f8b3
ea741998
efa033cd
01b81fc6
fb57f578
e6b4ea5b
f77fff19
2240fc27
266ae5f2
11dee8e4
10d3f5e8
1e72f8d9
27b6f046
142ce556
eefef287
e0b407dc
e313015b
e35dee19
eb35e29c
fa57dfaf
074ee47f
0fb7e6a3
0958dde3
f6b7ded7
ecd6ec39
e5d0f297
d67ff8b5
de000932
076602b1
1220e10f
ea2ee75c
e02d0fa9
ff9d06be
0b83de5c
0301d4de
f728e490
e7a1ff2c
f13a1d86
17481a57
1ef9f2ae
f7dbdead
e004f518
fd860704
1fb1f0d7
15a7db17
0761e52f
127ae9aa
1af2ebdb
239802e2
23120ae4
fbc906a7
e0ee1185
f626062c
0804deee
fd06ce55
ef1be4f9
f1570b5b
fb17209d
f24a1c34
e2a312be
e35d01b6
e2c7f7e5
ebab1109
13311dc7
248ef620
0160dc58
e5bdfb76
ec2115da
e5bc0d27
dab00047
e778eb37
ec9ce14e
f0a908b1
02bf25f2
f4631981
e1f215be
fe150331
03fddb0e
e4aceb8d
eb301c28
0ba81cdd
1bc0fda6
1f59e653
186de597
1681fda3
20f301be
0c7ae64f
e363ea3e
e7f30cfb
067c1cf7
146d2234
1a16172a
0d11f3af
f8dcdfb4
ff18df9e
1387e42f
228fef8b
209ffb93
05fd093a
ed081a5b
e6f21aa0
e1ec07da
da4ef5f3
e1d8ee72
fac0e583
fc32df23
e3d8ff4a
edea21ad
04effec1
f428db10
f7c4faa2
22341134
29db00e5
193bf67e
1a07ed89
110be084
ef81ee6f
df5f0f58
ebef18f3
f43f17d3
fec32a82
10d52343
f83bf87b
d98cf35c
01e6fdbb
2464ec2e
06ca0067
f5692899
ed42164a
dc3107fb
02ad1931
281c077e
010fffc7
e0491756
e3b306ec
ddedf158
eeff0a49
17af1d08
20a716cb
19df09fa
1186e9b0
ef2ddffe
e0620e0a
fcfc2354
01a4feab
ea06e549
eee7e850
05f4df6e
0168d406
ec31e815
eaf90e4c
fb522008
fdc61516
e96511ee
e52c29ce
ff1c2547
fd0cf1e7
e538e388
034a02a7
287d01f7
0084fd02
e0cd1b19
040e09df
036dd71f
ddaaf30b
ecb8204a
0307ff7e
f75ddb6d
0647e442
1bebe682
fe50ec40
dcc90806
dbd4137c
ea9b1476
0c5e161c
230efccd
07ade4e6
e4d6ee42
dca3fda4
e0190529
e47b0bed
ed66198f
004f256a
086b1ee6
f66a1ac3
ee6f1d80
f86b0452
f666dee4
eb53d6c2
e733ef68
f04c1625
07ae21c4
06d900b1
e28eee67
d3e50377
e3690b1b
e6f6fa80
e241f182
ec19efdf
f629e3f4
e708dacc
ded7f1a7
077f0797
22e6f258
fcb7e603
dea7f940
eb79efa4
f1c2dd7b
fe9cf785
21ca0cc4
2a65ffc0
1a7ef23b
0ecaea0a
08eee17c
0095d8ac
efebe1ea
ed3d0800
fae42006
f2721b82
e21c12fc
e080ff66
dfb3f5f9
f1eb0a5e
148f1ae3
23c31877
1e0507f8
066ded00
ecede3e1
f22beb48
0563e22d
ff45d2c9
eaa9e44c
f06e1082
00e4214b
ef511946
e2091750
fc20fb63
0422d968
ff18f6fc
18d01d3c
2441116d
1ae7002a
2013f3a3
1976e782
018afc51
003621b1
12f32bcb
171515f4
fd5bff03
df190135
dd2d108d
ec231732
f6181bb2
027a21af
10271b4e
176d135e
21db0cba
2095fb7c
0827ed29
e711ed5b
d323fb33
df73057b
ff92f8f9
1251e469
189ce7ba
20a2fac3
220608a8
1999111d
0f83175b
08ee1f1d
0c792259
196c114f
1978ec80
f88ade52
df40040b
f2e41f2a
0014012f
f21fe233
f903dba2
0f50de76
2294ef6e
22b5f8f1
fc1c02ae
ec551f36
138e131c
202bed31
1450ff2c
21351191
12f5f195
ee4ce262
f3c2e8e9
0bcee046
0b2bd4fd
f2e9e262
e5bf0d83
f7542188
fc73ffa7
ed1de288
f93ddead
0b2fdf65
0893f816
10b31d43
20fa2319
1e0508c5
039ce8a8
ece4e1e2
fcf5eba1
0adee1e3
ea0be878
e10f1430
0eae1d66
22a10190
0e6708a4
11ae1dd2
20d9ff1d
033fdb33
e0e7f7b4
eada1823
ecc306fe
db14fd35
ee370dce
17fd1521
2cdb106d
206c0411
fa62008b
e75e15e1
020c1cba
1f66fee7
21f0e500
18c0e893
1635ffb3
1ef40235
0f07e541
e5d7e76e
e7241270
06951fb1
ff291516
e8df1c25
eef5201e
02161c12
17c81b24
1cea13e0
075017a2
03002397
1209096c
0f3be1e9
0bb3d85d
0025dfd0
e3ae0219
ebc22021
036bfdcf
f5b9dbd4
fa99f674
211d106d
2d4a0d9f
1bf6fc05
fba9e3c5
e337ec87
fc710815
20adf7f1
0bdbdac4
e2bff1db
e8971ec7
09e01edf
0844f7dd
e260f092
e184173d
0e661ee9
1c63f883
0969e451
0c38e8a6
1d3befbb
26cbfe32
21740cc7
0cea1b98
0a241f4c
150cfbb7
0af5dc7a
0af6ee50
1f82f5f2
079cdfd4
dba9f5a2
f001210d
14a9190b
00f4ffde
df8efd29
dd17f2cd
eca7e0a3
0385dacf
0aece1a2
ffe4ffed
0ea41ca6
24550230
0655dd67
dca6f367
e66a1517
04b00392
0463de80
f0efdb76
ebd7e967
e801e9c2
df44f9d1
f4b01e1d
17a71b7d
04dff659
db31fc89
f1041f88
1b4215c0
0617fca6
dcef04dc
d6a40d27
e78e108f
0dea18d3
25a30231
028de600
e330ec7f
f50ae864
ff74db2f
0186f883
1ab21807
27a20f9c
1d01fcd1
1697f163
151de5c4
0cdbddd4
fbf3e092
ea92f82a
ed681a3d
fd5f284d
0462201d
fbcc1402
eda5192a
f5082941
085b1f77
ffdb00d1
e3b5f0ea
d4b4f44f
df9a05c7
04ef1577
1e2f0fbc
12cb1038
083720ec
116f2033
1abf0d31
2214fca3
20b9f5bb
1759019a
1b590f57
24ed05ac
1eb3f287
12f0ecda
0d43e5b0
fec3d57e
f096df86
07b900bb
22d80be5
131211e9
09652051
1a840663
0af4dcbc
e910eac2
e6a011d8
ee181db6
f29d1ee0
032b1ca6
118818fa
1b041b1d
207a0b63
091aea76
eba2e411
f781e9af
09a8de3a
ff2bdd66
ee6fe885
e083edae
deb3f866
fc6f001a
1c1fedcf
1800d76f
0261e0ed
02f900c6
15301695
21df1b8a
21240755
0245e4cc
e71ae5dd
0206fc3c
23aa0017
1fa40c17
14dc1ae1
01f70b87
df4bfd88
d06a09ac
e8d1174f
10760c01
2050fd90
1d1a0b61
18e718c8
ffed0afe
dc7b00f6
db90fb76
ea5fe829
f107e04f
fe33e39a
09e7e09d
1094e5c2
20ecf16d
239cf9d6
156210f7
18c71841
13faf092
f7badc17
fe9efc83
1f5a1342
192316e6
02ae2167
fafc1f6d
eff11942
ed1821f3
05961f79
2081fdd8
13f4e2c9
f4a3fefd
05ad244f
2635017f
0cf9dcb8
fa9205be
10e021ed
005e07e5
dc41f45e
e47fe570
f79bdc39
0806f7e4
1f481087
1b1f120c
09ce1e74
10a9232d
1ca409a6
157de97f
f6a9e2d3
dc5405f9
f23921c7
0d0cfd2b
f0e1de44
dd4b05b8
facc20ea
025d01c8
ecb9e650
f087dda8
0786dce3
209ae730
2082efb9
fece0bd0
f5e4248e
fc5b0008
eb99df70
fb5df831
255106ff
20a80868
0f5e1da8
19301ee0
1e790245
0e34e6b8
eee9e62c
e0310875
fbb92220
1a480aec
16fbea02
0cffe1b4
0529dfd1
f331e1a0
e928e9dd
f3ace65a
0137dda1
0d95e22b
190feb2d
1a4ef596
1dc500bf
2674f8a5
17cbe6f0
f48ceda7
e06603f9
dce20df4
e7e6157a
0c2f16df
23dcfdb8
0816e71e
e4d4eeb4
dce6f539
deabff8e
f8f51856
1d41140f
17a1f6c3
f8dae38a
e3cfdc28
e517e97c
085c0054
2297fc50
06fcf9b0
eaa21a54
fd153128
0aed1db9
f1391227
ec6d1f87
0e690e98
1e74f1f7
1e5001af
20601365
00e90a3d
dcb50a62
dfcf02e6
e3c6edfd
df73f42f
e53e0b09
ea1c1ee2
f06d2106
ec010861
dfc206d4
ff9f1e49
22b30e12
015af6af
dde60e6e
fc0d202f
209f0779
1feaf70b
1cdcf62b
1a63e517
087fdec7
00d5fdbd
11241d92
1f301def
1d2508d7
0cb7efd2
f150e425
dc2dec63
df2cf8cd
f117f183
f0fbe263
e024ece9
e0cffe37
e87fef3e
e920e0f0
0209e5a3
0dabe062
e5b6f368
df8c1940
0778fe15
0474d702
fc320072
1a641f52
083c00a3
d7b6fdb9
e977140b
193d11d4
2ae20f33
227008ec
f8abfd77
e12413ad
0e8a1dd2
2678fc08
fdaa000d
e88d1e3d
e74c0b68
db53fb8f
f52d11c1
1d3c15a3
14071181
ff522363
08052873
17121267
18b0f271
fee5dfb1
e13ff6db
ebd41afa
0df1189e
1e2bfa06
1c96e637
15d2e6a6
10f7f48f
1cb0fbe5
2890e9ac
13b5e2e6
fc35086e
063321f0
0794062d
e480ecc9
cec9fe52
e1d309b5
ee0ff299
e301ee2b
ecf80ec9
0a8d20d3
07cf14a3
ee571a00
f8112f5e
0edc1fd4
f7b7fbb0
dd3af400
f129eb6b
f89fdc3a
e6f1ff5f
f45f2455
ffe10446
eed5dee4
f72edf54
0fdfe136
15c5e8a0
1c0af4a6
1f07eccc
09f6e13c
ea0ded11
e3650df8
02e420c9
1f4009f3
108ae819
efcee32a
e2cff1ed
e2d9f97a
da40fd2f
e09010b9
0c4115d5
22f3031f
12400eff
11dd20a6
146ffddf
0174dd33
07cee3c3
1e54eb82
1f3cf940
1ff808e0
1ec3fd89
14feeb7e
1423dc4b
0617dc04
fd600667
17701cee
184ff8d5
fcd6e114
0332e153
18f6e4ee
2802f987
246a04d8
f9a208da
e3e617bf
fd630113
00fadc3b
fa30f155
18c8173c
33d613d3
209c0035
f2c3035d
e6b8184b
06780475
0104db6e
ddcaf538
ec541fa2
04ec00d2
f72adb15
ff2ae588
1a23e797
0ab6db60
f53be35c
0621e55e
149be002
1866f5c3
21a5fef1
0971e72b
e053ed04
e8750f7a
0bab1cfc
18131d03
1a5c14f4
10fff2fc
f460dd5a
e95ce804
e916f09d
d83ffd6b
ddde0e31
fe75f826
0d1cdd83
1a0febc4
2294f7d1
02d4fff9
ef401e5f
0dc91f15
1ec7f1c2
0000d92c
e2c6f567
ef641c5d
0c9a1cca
07d6ff92
e260f5dd
ce27069d
e1a10d74
025cf7f4
0c0ee092
0968e853
1acaf3a0
2298dfde
074edd4e
fe6609b2
14441db5
05490402
dcb1fa11
d6560504
e6010d54
f4551bbf
fd8f21f6
ee9e1aa4
e094156c
e58efd75
e0dbf309
f3831a4f
19e42082
fd18f8ef
d592fb7f
02210244
21abe51f
fe5ffd8d
fb112a67
07a203d4
e676df22
e2820988
06612376
fa711306
e29817e9
00c018bb
225ffc7a
2104eb06
16b0eb65
0d70e6d4
feb9dfcb
eca6e0fd
e6b0ea4d
f6c2eb64
006bde0a
f192e0ad
e725efdd
e05fefdf
dcfaffe5
ff331c0b
1d721393
019b0160
dec206e4
dcb90242
e4ffec91
ed2ddcd2
fa66df2f
0f76e991
1350e615
f1b4eb3f
dfc30815
fa8809e9
0fade447
05a0ca2a
f806dee4
09380b15
1f5e1180
ff750070
dcd60bf4
f5950620
0ef7dd64
0934d27b
fa36e608
e3990188
ecbf1da4
18640fb9
2124f0fb
117fff86
1c921018
1e21f0ac
f312def3
d960088d
f64f21d0
05aef9cd
eefddfcf
f82efc6d
22ae0bf9
2982f954
1811f0d8
1981ec8c
0d0de08b
e490ef6f
df8c1229
0964067b
0b77dbcb
e205ede0
e4df1807
00d1ffdb
026adb34
0f7ce398
206fefa9
082cfd61
f5aa2119
0d702cb3
15a316c0
fd4814f4
fb602294
11f90f7d
188beab4
0ce6dbb4
02cfe05f
fbf5e38f
ece7e6cf
db4ff6d8
de380217
ea39ec76
e84be24a
01e8024c
271604a7
096de7b9
e0cdeb15
f616e8b0
046ed96d
fc96fdf4
17d81c9f
2203f408
fac7dca7
f2e702d4
1b261503
2607f501
fbeae11f
d941fc86
ec24186f
0ab102f6
fb8ae0d5
dcfcef0c
ecf31854
1b111cec
2142fc8a
f645f5ff
ea071a1c
180b1ec9
238cf667
f5defc0a
ed7e20d3
05c50688
f5a5dbb4
e23ff413
f4f31d2f
03a925c0
061721cc
0ea81607
1a2d0b5c
2c930328
231cf551
f7b00734
f00d2159
000a0145
f2b4de69
f68ff539
1fda0cbd
36120286
1dc3f4ab
f56103eb
f32a1ea8
125f1140
1ca4f07b
187ef3f4
1fe00b06
1f3a1743
0e751d64
fa972259
f4f41f0a
fbe101b8
f15ce134
e085e776
e2c3facd
e0edff82
e1be1049
03ea1c07
20240581
12eae9fe
ef2ce577
d93bf60e
e0cdfba7
e96be984
eb20e599
03a2f751
21310287
24780ecc
15421b6f
fe3120b8
fa302142
0f17071c
1728e7ce
1bd4eeb6
25090290
18401548
12841c76
11cff732
feb6db89
072ee8af
1a6be9f3
02dfe8b8
def00158
d7fe1acf
ea1a17c9
f8f1f7a3
fc76dec2
0cc3de53
18a0e72d
0a1902a3
00542328
fe152021
eb301528
e8802467
061e21d8
168dfe1b
1093e622
1489eb7f
225af9df
221008d3
1889154d
0e4b15e9
05331c14
131c2774
1d8f12b0
fcb3f9e7
df1607b7
f4fe1b83
1c36107b
2731f82f
1d2ff662
1f6e0783
1f9c0f30
0a4f185a
06472161
19f501f6
0ee9de56
fb95f99b
0d7f21c5
1e091d2e
19c20c96
1c50011f
1f70f297
1767e8bb
0bc2e37b
ff66e015
f2dce211
e8b9ea4a
e1e1f5e1
df820141
e2d60d54
ed8218de
f7471ecc
fe5121e7
0ebb1c7e
1b61fee6
084ee106
e6e7e90f
e45a0fbf
0762234b
200b07eb
0a32e5e6
ed3be584
f56fed56
0760def4
ff9ed5c1
ed99e7fb
e9df0518
fa391d73
1231260d
14f21b74
fe70149b
f9611ee6
171c148f
1c27ea87
f043e033
de420108
feba04ae
1674e6c5
15aada7e
0548e191
e7c9f85f
e58117df
088217bc
2098fcbb
22c6efd6
1856ebb7
f830ec32
dcb10007
e2b1141e
ee8216ed
ec151e32
fe4b237f
1e3500d6
1589e0da
009902e2
08112686
f81018f1
e381175f
0d1c167d
2768f678
0032ff32
ebbf2236
eba61043
dcce0054
f2bb1704
1f4a12a8
1c0ff06d
f63fe1bf
e264e943
e640ee45
ede6e957
f6a8e295
0460dd5e
0f3fe1e2
1b7df3ea
20c4f70d
0627eeda
e2f6f412
d38ffc56
de3708b0
07b11112
21590a10
1452188e
0c932497
f76f01e3
dbddf061
fb53f864
23daf04b
1f08fc43
1c021165
15c6f837
efe2de04
db0dedd7
e600f836
e8b6eb26
eccbe437
047dde56
0b97ded4
024a00bf
0f161e63
1d3a06b5
0816def1
eadedb08
ee3be769
02b0df14
05afdc23
092b016c
178c1e3d
03361c1e
f31121df
153f0bfb
1c1fe5b0
0355fe4a
00a324ab
f14721af
e133168e
f2e6f8e7
0247da24
1449e153
1e70ec73
014c036b
fa222536
14cb0d0d
1540e3fc
1744edfc
25930211
1b070f9e
133e19a8
1512ff6b
fef8dc53
e79adda5
eb79ebbd
f619eaa6
fb4de1b5
f851d762
e82fe77f
ec5e153d
05a02317
fe9901ce
e26debb9
e9cbe6c0
ff0cdcda
071de3c3
13cceadf
0e12d9b4
f663de83
002dff31
1eb70fea
28720f12
1e0cfe36
fe52e220
e21eea7c
fe660982
2463f93a
04b7dd25
e02ff370
f9f004c4
1e94f214
2600e46d
127ce6c0
eccaf57d
dd620a43
eb700356
e5c7ef84
d490fd68
e1c70f05
eecaf9fb
e057f026
e8b8104f
10301e97
1c2f01c6
07e4e3ea
f878d68a
f3fedf5a
02220007
1f630de8
2609fbf4
19bbef30
1864ec4b
0d47e1e3
e708ebde
dff311d1
0ac818e0
214a034d
150d0f89
11ff20e9
020c0681
dc3af5ef
d81f0690
ea4310f1
eb641911
f75322bc
13d50c6d
1a3dea16
0ff0e178
0586e2a3
f5f3df34
eab6e4d0
f7b6ee19
0659e0ee
f4e3d4c5
e86ae903
0524fd52
20c8feec
21d60a3d
17de1a20
037c1fde
fbdd2113
0e7a0a85
174de6a9
101fdaf2
01f7e14b
e963f6e8
e86b1873
08391b32
1f4ffdd3
1f4de526
1528e66f
190ffbe9
22a0fe53
0973ee65
e419ee2b
d8aff335
e046ff14
fefb19b1
1d2e16b4
04d5fcf2
db960580
dfd717ad
f0641651
f54c1f3c
07462474
140f03f6
0c94e225
0b08d97d
fe14df2b
e2df0360
ee0020f3
0333fdb8
f396dcfb
fa1cf6df
21870d7e
2e5c0bde
1e63fc00
f69be3c0
dd7bef9f
056e0098
22e8efd2
08600103
f5fc24d9
e4211ad7
d9720aef
ff2cf481
116ddb24
04b00097
10482565
00740888
d993f3a1
e6d5edac
f6e5dddb
ebbcf9ee
f7d32478
06e42526
0a781a77
1b591179
227d066c
159e10b8
0f431eff
06d5194a
f7791c50
00902c80
135d1c51
ff8df937
de91f992
ea661484
13f619e9
26490a1f
1e2c05b7
187a0fce
146d1836
08bf1fde
fbf82178
f09217a6
e68812d2
ec1b1b9a
fe9620b5
0bdf1cd4
138e17ff
1e2d0f30
2185001d
1aaff6bd
1717ec08
0e43d9c8
fe82def7
0598ff3e
18561485
16b91e18
030d2292
e8ef1fde
e6191872
fedef6e8
0052daf8
fc0dfc57
1b531a80
1e88f89a
f5c9de9c
ea95e4cf
eba8e805
ddfafc2b
e0f90a74
e291f4cc
e189eaad
027ef549
238af8be
225f0629
19a1145a
054b0926
e088063c
d3a21957
ed661b4d
099bf9df
fb2bddd1
dcc7ff3b
f0c822fc
04ecfb23
f00ddc56
0098f947
24da0c73
182d1a83
0773257d
fc1402a1
df5eed4e
e87a0a8e
10a81d02
1f971c6d
1c951103
0900f04f
efd2df7b
faace3f8
0f6ce1b2
10bfe956
19ecf41c
2318e55f
0c99de9e
f64c0595
0d7d213a
232af884
0773db56
fb5105f6
14882020
044a035e
db33f6ac
e31af90d
f4afe493
dd7eddfe
da78fc02
0dd8ffff
1eebe79a
fdc403a5
fb212796
fe44028f
e7dbe0ec
f9a6f67b
2591050d
24d007c9
0ff01a28
0b4425e2
00f11e9d
e56c1aa2
e3451918
0029f4ae
0259d84a
038c01ab
1bc81d9c
0185039d
d786007f
f518feb8
1a3ae23e
1ec1ea8a
2384054a
192e0ca1
120415d4
248b0d28
21d6fa90
12d90aac
1a3616c9
16e0fda1
fb9fe202
e2f0d9fb
e42ce9d9
0a7afb2c
24bef993
186f0a0b
17d31a38
15c9f1bd
f5c3d90b
00000000
237f1395
0f2f1529
ff992484
193e077e
119edd69
fc37f962
0bfe2301
189a208e
17cd1105
1df8feb1
1eedf3ea
1f41002e
1f221046
110a1cb5
07362012
009a05c4
e3deee83
d1cd013d
e4350e9b
ebe4f7a6
de9cf24c
ee350ae4
0fb81b41
1eaa1de7
1daa0f8f
095cede1
ef63e0ac
fa09e80a
0dfcdff1
02f7dd40
f17de7cb
e1e2e97e
dda2f44a
00b5ff56
2009ef2e
1690e2ea
066ae40d
fb56dbe2
ef68e1f5
fc1cffab
1fb00946
2be6f1ad
197febc2
15f9056e
228b07cd
0bcdeb9d
e94be6f3
f2d8eb1e
0695dc59
fee7db31
edffea9d
dd3ff478
dcf4fba7
efa6f1bc
ed41e62e
e3540032
fd7d20d4
212f1259
188eeaaf
ec5be345
ddac0005
011204e8
1885e5b7
0ce2dd06
01fee50d
ef67dd6f
e31ae822
05ecfc65
24cafba4
1b4a09c6
17ad19a9
13e4fe80
fa72de69
e9fbdacb
e8fce9ab
f0e50919
05f32254
10e52297
14e61433
18dbf117
fe1ddba9
e2060104
ee062019
f00107bc
dd1f017d
f7161ef4
20521390
0471f393
db050854
fa802350
1fc20c3c
04dbfb3d
e08a0dfc
dc031938
edad1824
12721173
231ef68e
01c4e6dc
e0aaf540
db56fe05
e0ad0690
ff051a03
21380f66
12bfee22
efa9e2b1
e6efe6ab
e5daf1e1
e9be11a8
0ac220ed
247ff9ff
0abfdd16
f6000443
11082097
1bf2fde4
057de02e
07c4e6f7
1fe3ef99
2374f921
1c370b03
1aaf146e
11bf17f4
027723e8
f9fc23aa
e8d00e4d
dfae0f07
0871180c
25880265
02ca02a7
e56c1af7
dc650854
d8a1f546
059af6eb
22f9e982
019202a3
f97028f3
009f0390
e694e07e
f624fa43
26c701f8
296ef45b
165def74
0768e285
fe36de89
0c8ce2c3
18d7e65d
1df9fd52
23ac036b
04b9eee4
e448ebb0
f07ee3c8
ff31daec
0b1ff7b2
1c5417c2
111722dd
fdd1234d
f6aa0434
e6f2e5cf
ecacea66
00bbe330
ef5fd5ff
e2c4ecc4
057b0157
21a8fa4c
1a9afdd3
185a1320
2ac812d6
2197f948
f595fd08
ecd11c40
105e17c3
2036f77f
1303f830
1a661278
303c0ca0
1f23f556
f7a60493
f1a61e28
fd660945
f4a0e071
e45bd748
e508f0c2
f7f91136
0aac1f6d
05991c58
f0ed1d21
e7d119a1
e39a0972
de43ff71
e2b2f75b
e876e4c9
effbde9c
0a0ee75e
122ae35c
e82aef4e
db811267
0783feb2
0d31d7ef
fd7401b8
131f25d9
03abfeaa
d8aef2b9
f8bc07b1
243feea0
fddfdb3f
dba7fdeb
fddc07fa
1b8ae853
16f3df75
0a25e4df
f364e17e
e9f1e5b9
fdd2e2d0
0645dd84
0514f919
16121b13
21f41e60
1c8c0740
06cde263
eb80e22b
fd6707f4
233c0594
0eebe4b0
e860e792
f0adf39a
03a2e0af
f428ce74
e651e772
0b9c06d9
261efe8e
fe340273
e53e1d80
f9aa02b2
fdb5d7da
079ee3bd
1bc3ed06
fce1e59e
da4301f4
f5eb1e2c
1bc2133e
1ed602f4
1caffeb6
25e9f01e
1780e347
f8af0425
030c269a
19ea03bd
0e88df53
16a8f326
281cfc40
00f80013
e7712004
0bb01681
1ebdf1ac
1e24fcd2
209913c9
0d211dc8
043121b8
106802fc
0ec2e15a
11c5e478
2106f623
26120974
1d41112e
fd3409b2
defb0b11
e0d3021b
e27fee37
e144f6e8
e6d70cfb
e3121e66
ee8220aa
01a6f7e0
f441dc7b
f84a0019
2195103f
1d92ea90
ecd6e21e
e4080480
f9f61adf
034b271a
0e792208
1101f9ba
050dde4d
1089e421
20ffee5e
1ce303fd
1daa0e13
0f18ebfc
eb02df9b
f93b0140
25c206b3
254df780
1742f335
133ce030
0461db1e
05acfff0
17681c4a
0c5f1eba
f67721de
f23d179c
e89d0e05
e81d23e8
ff9825e7
faa6f9a5
e425e543
fb11e73f
090fdc03
e909f5e8
e6a91d00
fd8301cc
fce9dae6
0a33dfc5
1b63e932
0ba3fe6b
fffa2273
08d52e26
14ce165f
1326eb8f
ff7bdce2
00000000
19fe17f7
1544124e
ffff1f47
0c882c8f
1ab21441
fea8f725
ddb003b2
f3881e96
1d0111f6
1781f20e
f875e3ae
e6ddde2c
e63be993
019003ab
20b0fd52
0e2bde30
e28aebe7
e8671cc0
0b482090
ffa0fcf4
e029f0f5
e9ecee7c
f9f2dd8e
ef17e0e8
e3ebf4a8
de54fc39
e000071d
fb6c1720
1e270fcd
260cf827
1c47f35a
1e0703f5
21000df7
0ccb1555
079d1fec
1c0604c1
0dc0dd41
e86befe5
e513119e
e7060666
ddfaf480
e856ebfc
f302e10b
ed47e54f
e352f6e1
dbc80b7f
e29711ff
e6f0fb38
df0bf3e9
f392103c
144d1c87
0b9919e1
f6002099
eff71bc9
e632102d
dfe31716
f834206a
1e330aa7
1bfeeb43
faa5fd57
fb5c230d
142e1519
1746eb29
0e35d725
04f7df2b
0524fe82
161f1918
22041ad8
1e4e0602
0639e2b1
e873e323
feab07a1
259f0322
0b8ce652
e569eb7d
f008ec41
010cdc19
0992e141
1739eb0c
17a9e255
ff14deeb
e3d1f8a9
ea111a49
0a8915fb
1e1ffa26
244fee0d
1970e95c
f008f068
daa105e9
ec55fa6b
e904e648
e25e094e
070425e9
1cae013c
0ca8e32a
1487ed57
25b9f81d
1aa40a48
17f61709
1760f583
f73ddc2e
e476fac1
f2c61c1d
fdd2259f
075b2102
11210503
0d23e3dc
03c5d1c9
f7ccdd7c
021008c1
2018127c
10e3ee7b
efd3e275
fe96e3de
0f5fde08
0b8cfb80
0efb2106
042027b6
efc71f67
e4a00c8a
e2a508ae
00a21931
20f80d6f
07e8f898
e03c0e71
e67a28a4
f6f01ca2
ece40a99
e3d31064
fa8f1834
1e0007e3
2a11f08f
1cd1f023
152f04d7
1ec908bf
15a9ee1f
edb0e3b9
dcff0410
fbe91f1e
1b731267
1839f02c
f961dd94
e0e1f6cb
f3ba2293
15d01d80
015bf57e
da63fb2c
f331184e
18fc1421
0e9618e7
fda2277b
ebb61623
e1d610fe
0a02167c
2513ffc8
04a1ff0e
e845199a
e2c1179a
dd22feaa
df3de9d4
ea79e658
0570f96c
231d025c
1c1d035b
125e1636
28c01478
2410fa46
fa35054e
e9fe1dcd
ea4b0b15
ddfffe0f
f09518cb
1d471621
1924ed41
f84ce171
fc9beae0
137ce41d
1401d850
fb67e070
e7f803a9
eeda1b6f
ef5210e8
def60777
ddf50dbd
eedb18ad
045a221c
0a702033
f60d1e08
ed461d7f
f891ffcb
f7cade5f
fa87e124
0f79e607
10ffd805
f4abdfa2
e7f70950
f4be1e40
eed40fe7
deac0be7
f58a133a
1f5109b2
2ecefc59
1e58f6be
fb1f00e4
f2881c50
12251cc2
1e95f3a2
faf8d983
df18f468
f83a1aa5
12d31bc0
ff791a2d
f38122eb
ff6a0243
efa3dec7
e320fb0a
fb0221b1
0d4d2398
0e5e1ae2
1554150b
20610780
2099f342
18c4ed58
1d85f9d9
23030541
14e513e0
10091dbd
15f5ffb0
034edb96
f338dfec
f102e8a8
de60ed22
dbd5ff0a
007afade
1935e66c
1ebff103
238f0607
17b50dbe
0ffb1849
23da0ff3
2331fc26
10b30edf
17b91cb3
13aef7ec
fb3adce7
03d5e3fb
1ac1e8d5
1936f16b
1c5c005f
2ad8f546
1747e4ff
f5e101c5
02772367
1f6d09c7
122ce4a4
fc1af6ea
06ce1faf
1a732b4f
186e15fe
f99cfad7
de06031d
f62519e9
1d5a10be
2352025c
1eb4fd73
199feb3b
0fa4e21e
15f1ef76
2164f9c8
1c270149
19c91039
261f1028
200df68b
fbd1e7d6
e3def214
eb0ef2c8
f575e0d7
ee9ed873
e39cf184
f0c017f4
0b8a1e49
06e60338
e1d5f3d4
cdc9fe60
e1f10a75
06c0ff2c
0d35e2b5
ed92e4e2
e2780d98
017c23d7
1db50b29
12ffe4d7
f18ae24d
e7080405
f7a61eba
04fa24a7
0e6d1d86
14aa00c3
076edfb3
f499d8c0
f1b8e3e2
fc1aecc0
06f2e32d
fb84d1e7
ecbbe36a
05fc0600
21ca0571
0abffda5
e584147e
e2cd2a8a
f9661ed0
03c0f823
ed67e51b
dfa003af
fdfc213e
1a420f61
15a1ecaf
08fdd882
042cdcbb
0f43f0ee
197bedfc
fc5ee106
dd1ffdba
f5cf21dd
182915aa
06d1fc44
e06601f1
d3fb148f
e780170f
012efb58
ffd1dcdc
f185e0b9
eaeaee80
da10f25b
da5000b9
088cfea6
1a35e53d
fa0cf9a5
000f23c2
24740d47
15ade2eb
f047fbdc
02b62441
274405cc
12cadf59
f6bd06dc
0a1326ae
0182fd6d
dc9aead8
fc48ffd1
27f9f61f
08d8f9c7
eb882219
fa202861
06ae195a
15201b3c
1f63113d
04130058
df790a5b
db821db0
f1a21b93
01b1feb4
f539e222
e15de266
e34cf109
f36df3d1
f5e2e48c
e05ddcb1
de8ef2e9
0ae8001f
20d0f036
049fffe2
f5002269
f07d1c2a
e0a30bdb
e1381376
f6fb1e3c
0b3c1f8f
0fc21b8b
03571fc5
f727221d
e8901190
e0c80cf7
02f31534
23af0778
15c60674
0e0e1d89
21501a86
20fa03e5
0d6009f7
10ff1d99
239f120f
1f6c0150
1536137f
15601df2
fd6a05b6
dbd9f968
e420fa08
f0a9e650
daf9e35e
dda7ffab
08d50000
182ce90f
04bbf585
feaf1fc8
12f432ea
16f018ac
f2ddfbdf
dcc9ff27
fc36fe89
1a40e6f1
154cec40
1e8a0439
2c1bf3b7
13c9e406
ff6805ae
05d4219c
fc401c76
e80c1a28
ed421d64
02841c4d
19111bc8
1d2a1526
04091875
007822fd
1665038d
12e5e15a
11baf1be
221dfda0
104debba
e303ec71
d4f00541
e37f07da
e2dcf225
e0d7ef2a
0372f79f
22a3f4c8
1ef8042d
1bdd1589
11e6fab0
f272dd3b
e6aee125
e9cbf05c
e86e0ff3
06552335
243bfb62
0d79dd7d
fa67054e
0ebd21d8
079704f2
ddccf2c5
d47c0068
e5cc09bd
ecc714d2
f3ac2129
ff641f88
0c691af4
1c7a1622
1f720b0d
10a20bd5
0e311c4b
1e301f36
1ec20a98
ff93fc07
e21f0d2c
ec6b2777
fce6202a
e63910ef
deaf13ab
02bff892
09c2da1d
ff6dff9b
13302109
0b1b01bc
dcadf643
e1ac1be1
16fe1bad
205ced48
ffdfe068
009a005a
187d165f
109420b8
fab425f6
ea101436
e43c0ecc
095c19b2
260703e0
ff18f6fc
e3641839
06b71fb4
218bfc60
1b5aed46
182ded6d
105bde0b
fd25de0d
0003fdb7
1a0c15e0
27aa1329
1e56003a
051eeb1b
e857e8ae
dd5af96e
e0fa04a0
dfd5082b
e9bb17a2
0f0e1b62
21c3fbc4
02c1e394
e58fee32
ee0bf2ee
fa6ddf62
f1afd5da
e5ebecd1
f1a6138f
08452003
ff7f1798
ec1b1d2f
f429203f
07641b24
1a281d77
1e3812f8
fc9f03a1
de6c0843
e3310553
e531f082
d765ef33
e0600938
08f218fa
1f2d0ecd
0d410ea5
07361f77
1eb70b23
0f6cdec6
e178eb9b
e3271081
00d400f6
08abe00a
0fd6e18f
2071f1d9
24eb0191
1d8d0de4
101d1259
0b8f1aa6
1e141a19
21e00858
0afb0f41
0e9a1f86
1cba0239
0678dfbb
e933ead1
e5b10e65
f52c26c4
faab21b6
e552133d
e0d91162
0225fac0
0914dd57
fa5af8c9
123d1d72
277b02b6
04c1dea6
d99af2ec
e58b1599
0b3b012c
03c0dbaa
e7b7f372
eb4418cd
e8130ea7
d9cafd08
e848eea2
eed1e479
e73402f9
fe7e2398
1b260f77
1588e8b5
03b7da3d
00f7df64
0c7de6d5
16d5e990
1809f318
1fa5ff35
26d8f87b
155be82d
f370eb04
e0100191
e3c5144b
ece819b7
ef821c9f
003f2011
1f1f07d5
16a4e404
ec58ed54
df820925
e784fa0a
e372e996
f955fb42
2341fa9a
2601e628
0fc0e789
0ddcf54a
1e99f711
2722ea0c
122fe46d
f921024e
07c220a6
1fca0af4
0e97e25d
ea06e489
e3bb0a51
fd531fd7
19380fb9
1b0ee873
f747dde9
df8c092f
f3fc2147
fde3fdbf
f099e05e
fd72e004
0f5be179
082cf7ea
0bab1ea3
21e626d1
1edc0b19
f6b2fa5d
e1090e4d
01951b49
1ff107c9
16960643
0fea1f0e
18ff227f
1c4d0898
0f42e803
f099e2c8
e4d103ea
f9961f55
0b0e2254
10501cd0
15ea11d9
1dd404cd
279af77e
1d0fede5
ff0f0034
f8982147
0aed257d
13b8172e
177214fe
205206a6
101ee538
eaabe57e
e5920cd2
fe2a2053
ff39145f
e74c1437
e571279b
fedf2170
02f1f7cd
e856e704
e5f004b6
02722034
12212319
13ec1887
1406fad7
0002dd3e
e8e8e090
e96deb8e
f430e735
fde5e015
0774e0ca
1409e804
1febefa2
206cfafd
1d43109c
1b3016bc
ff5d04e0
db640413
df7810cf
f0e71563
f81426f3
06982600
fa70f9cb
dfc3eaef
fd00fb4a
24a5f725
1f0afdaf
19ba15b7
22210dd4
1c78f4bd
1775ebc5
13c9e43c
0206e1b3
f4dee3ec
ec94df9a
e38ded6b
f1df1350
0c8b21dd
038413e1
eda61ae2
004129c7
10ff1d2a
f6da1804
ee7c21fc
042e0007
f497db6d
df390069
f84223a4
02280206
ecaee20f
f5f5dfaf
0d3bde64
171ee9f3
1e64f3db
16afed46
0693e2e6
f95fd6a7
f090dffb
054c03fd
21fd0bda
08ebfbff
df950f41
eb592ac1
fe461d57
e7221110
e2791682
fe99f920
0448dbbc
0504f68c
169f1aed
12f02434
f9b622de
e4011933
e38210fe
0287fe8f
07b4ddcd
e494eef5
e7da19d0
02050877
fd10de07
f3a3d242
ef17e444
f07c1110
fffd26f7
f44c1130
e1ee123e
0c831ca4
289bfcba
f8b5fd1d
e64f1f84
ff6a0108
fbd1d8e3
ffc9f5a1
1ca21784
1aac1bd3
00442066
f1862507
ec4b1955
e2fa03ef
de140210
fb5713eb
1df812c5
128d1149
01f423f8
0d9c2007
193d0cf6
25d207f5
2369fcaa
fbc1fc2e
eae61b38
1058208a
2121f732
fdfbe05b
e398f055
f083f6e0
f964e12d
e475d8a3
e04df2b2
0873fd06
20a8f07a
1bff04f2
1fdc155e
0d1df32f
ecb1def5
00f6e307
151cde0f
007b00b0
0a9826c7
1a2a00d4
0671dc29
101deb32
23caf2f9
085ffedb
f23d2135
00702b09
0db41b1d
13880f5e
1e5808a4
2a90feaa
1f13f16c
f837fe9c
f41f2153
1a221402
1bc2eb80
feddf882
fb362113
07252d36
10041c24
0febf9d1
0404dfc7
fc46d797
f065e238
e8850e08
fc8f25ac
fcf8ff4e
e695e312
f8c9e4c8
0a27de2e
ef21f241
e4e31977
eedb1082
de25f985
d3be0886
eadc158b
01c40283
002ae1d9
ecdfd321
e967e6a3
077d0037
22080238
196d023f
132715a1
2a3a17fa
245bfd1e
f39d02c9
e7a81c5b
00fd0071
fd6eda49
f8c5f66a
1c29189c
2d4b08b1
1bc8fc29
1762075c
1b061234
136e19d0
04a21fd6
f76b22b1
ee0c1b21
e0140b20
de88050d
fbcbfcd6
143ce4ec
0927d7aa
f676e25a
f212e8fb
e696ec10
d9ad020c
e10e0cbd
e501f3fb
e0e6ec3e
015601a8
239df796
0549e433
e076f384
e9d1f807
f623e050
e9cbd72d
e190f2cb
f8e8154c
0e2b1ba2
ff9c1efb
f42c22a4
f26d0197
eda7e01e
01f6d848
1084dde7
086407dd
0f0923ee
fd6d0416
da92f363
f667fad2
2231ec7a
22c5f49c
1f880fa8
159b11dd
0ae71983
1fa41c20
224d04d4
fe410396
e69814d4
de2a0dd9
dbc6f99b
e8f2e3b3
f095e07e
01a403a7
22450ab7
10dae4b2
e78ae546
fc5e0112
22c300d3
22310626
15741bc0
083225ee
fa7b2151
ed3711b9
e74610b9
04c21cda
24370523
0645e090
e410e8b1
fc19efcd
0587dc46
e445f20a
e7721bd6
087b05ad
fe41db7b
e425ef66
ec9f194d
fd3f2389
01081fba
066520a2
17a91678
1b32f125
fbecdc52
e62afe01
f0d71c49
e912129a
d94e0538
e735f2aa
eb23e6ca
e8270eb8
06032816
083bf9e5
df2ee79f
e97612ac
0fd2201f
fac018cc
e767203a
00690090
fb22d918
e384fb56
f1d72262
f4810dae
ddb4056e
f1701dce
1f69104c
19e4e2b5
f333e0cc
f9c2082a
1fd80d92
1973ef25
f2bbe363
e141eb9b
e39ff221
e2b8fb0c
e1000d27
ec9b1c67
f6711bbb
ecf418cc
e2d21140
dbc8f9f8
ded2f311
0470f9a4
1fcaf05d
0a36fa54
f6132182
ff1f3157
0e1f1abd
1283f606
08c1e0ac
08e4e891
1c2bee7c
2050e6a8
0802e353
e4b3f0c9
e1c910cb
0d251936
229d0394
11c70a25
11da1d50
19d703b4
0426dd62
ea21dc63
ed75e9ec
fa43e16c
006ddcb3
1494ebda
1d99ed3f
f771ec8d
da9ffee3
ec42f98b
ee61e4f2
deb4fffa
fcb223d2
274808de
1888e4de
f5700431
00ec2684
07acfef7
e3f6e428
e5900be4
08c72218
fac21823
e42919fd
fadd06aa
01a8dbdb
e591d96c
e5bdf0a4
fc6be50f
fb56dc09
ff54ffd2
1bd7161d
1dfdf9a4
f813df72
e127e61b
e833ece4
f14fe7f7
f8ebe22e
041adf24
10f6e3f1
1ce2ee2c
1ff7f8dc
1a97060f
1b0c1145
20be095a
1e30f5e1
17cbeb04
116ae4e4
0194e052
f39ce254
eeb4e252
e4feef41
e9821415
0b552188
1c7cfb5b
09cde0ad
0b5ced20
21dcf273
1e49eb6c
0a99e6e4
f7addb99
f014df20
070bea94
0ee5e179
ec28ecfe
e2071151
fdc809e7
080adf64
fa92ccc8
f26ee361
03910663
1eea09a3
15f9ee68
ef1ee45a
d977f12d
e0e3f8e6
ee7beece
eddae3f2
e7fceaca
e37bfa59
d9d60b1b
e1fd14ec
fe9efa97
05bbdaca
08b4e7fd
1d82f163
12e9ddb9
fdd5dfe2
1155ea58
1c97e828
065f0221
fd952426
f8f11f45
e5961352
e4dc1bfc
00aa1f64
19e70abd
1702ebbf
f5fde091
de5bfede
f65c1f9f
187715d2
16fff605
fdeee0fa
ea85dd69
e962e942
fe15fda5
1edfffca
2b0ce846
1526e47d
02340a21
03fc2385
f9381769
e9be157f
05331e5e
24aafd98
01b0d873
dfeeee7e
06600612
240ef57f
0537fee4
ed5c2130
eb53179b
dde9018e
e03a0f5a
f3e31e0f
f8951f0a
03711e66
1e6507a8
1488e22d
e2d6e970
de400ea2
071efda9
0c6fdcf1
05b7fb06
10f92090
00ff270f
ed4e20a2
f261fdf9
f4dfdca0
0064e0e3
0f89e57e
f8f2e9db
df9f0cd5
ebd72758
f6181d98
e7410e93
e11d0d4f
fc220335
0e00e09a
f66cd3da
edaee84f
04bae35b
088eda4e
089801c2
15312145
01a81b5d
f08d1ed1
14dc11c9
205fe9e7
fac9f918
f980259d
13ac1679
16eceac5
106bd8b8
08d9e05f
025ffdfd
10eb1b4c
28081791
20b801f6
fe8b0293
e7da1692
e77d2094
f9db1e64
1a4f0a23
1c5de98b
f389e99e
de5f02e6
e69af928
e725e41d
f5d7e5bd
063fdfc7
f2acdef2
e674ee6c
f404e599
fca3dab5
1189e7aa
1bf6e941
f646f055
db39062e
e486f8f0
e800e498
f9a7fa74
242a01a4
2520e57b
0e1ce705
1b2cf886
2302f81b
064106a7
edc81dcf
e29918b5
dd130404
e43ef11a
e841ec05
ec4c0753
06b222ac
1a181a3f
18d50eca
206c0b40
220bf8ce
0285e7e3
e0d8f13c
df73ff94
e3b70549
e2051a3e
f1ba2110
f9ecfc21
f2c4deb5
0161defa
1105e3e9
0736f846
08591d53
22bb288a
218d0cbb
f03cff69
ddb70f96
02ebfd02
0d3adb6e
0077fc33
1160233f
083f0a67
db46f460
d21afe4c
e77d0b87
02f71835
1e5f0cb0
170be822
eee4e2bc
dfc3065a
f8811e67
166210dd
1c3befcf
0beedda7
05c7e164
11bae644
1b12ed18
2042fe47
203206a4
075304a6
e5711305
e2cc2821
fa071f36
04e7f8f9
eedfe49a
dc6205e3
fc5324af
1cbf042f
1463e756
1a2af883
25b001d9
04cd07c4
e5131913
e3c5102c
dfabfbc0
dc6c0398
eac616b7
fae72149
0063218d
f4ea19c0
e7a5171c
e9200ce6
e174ff16
d8420db7
eb811a9b
005000eb
fb53dea4
ee9bd920
e9d7eb5f
ed5b0a40
02792239
19a41c1b
17fd10c7
103f19ba
08221f28
f33121dc
ed1a1d4f
f366fc50
f725defd
0746d9dc
13b2e2fa
0e320307
08b42243
f9ab2428
ec1a1b9a
f77801c3
f8e4dd6a
ea5bde18
e68cf3ca
ded400bc
dddb0a04
eab9ff39
e4feef9d
d797fd38
e2160ca8
edb3ff2d
e1d0f24a
d76cfea6
e32e0b82
edaf0317
e254f4f2
d289fb4f
e1d80cee
06d50201
0baee08d
ebefe4db
e431101e
01ae2304
1c11092d
1583e47d
f31ce249
e02f0b82
f69a21b4
05780076
ef29e15c
dd94ec94
e356fbe8
dee6fcd4
dff80fcf
0d681d1e
250e038f
fadbff2f
e399182a
f7ff03e4
0256dbe5
0c28db23
1d86ecc6
211a000a
1eda0660
0cc6f2ea
e9e1e6ac
da83ed72
e0e8fb1c
f80111ca
170319cd
204a0d48
1e060251
1f1cf279
16ede861
14acf4a3
211dffd4
26dbf9da
16e1eac5
f201e78b
dd970067
f84317dd
1a51143e
228c0b3b
1e660075
0bc5e875
e709e7df
e04a10c4
060e22b9
19f50059
0f6ee63f
14edebfd
22fef881
21e30d01
19e4171d
ffde058f
dde302a5
deeb15fe
f1691bc1
f5d91c3a
04601f06
1f0e08d2
13c0e4c5
e3f5e74d
dcc409b7
0a77024a
12a4dfaa
f780fa62
09a92393
246e062e
0bbbe0b5
f622f92b
0ce71e35
25391e33
1d260e24
0669131c
0a071f07
1cef044a
0cc6df6b
eb62ecce
e4100fc0
e84b1ac4
f2901c0b
10d4145d
1f31f38b
fea8db50
de58f4ff
f52f1bc0
133c1ae8
01501540
f47b234c
0bd3120c
1a08eab9
19fcdefc
0d3fe329
e855f5b4
df9613a0
00d504ae
083edae0
f6a5db63
f0c0eb32
e13ae904
da9cf762
06160493
20c5ec2b
f5cce4b1
daec00a9
eff2f6e9
ed27dfd4
e3350557
00db2579
06bb037c
e533e6ae
db34edb9
e439fb48
e4b20f01
e7b019f3
e58509f6
de4afc86
e6f6f8b5
ebc3ea37
dab8e8bb
de020152
0535054b
16aee6ae
f818df58
e14003af
f3b421b5
15c51582
1e1eec27
fd9adc6b
e5b50273
f0381c52
e66b0d61
da0d0693
fa6af6be
1496df1e
1ccef1db
24d9ff96
038fef97
def9f04a
ebc1e71d
fa8dda10
0916f8f1
1f651565
12f618af
02e71f5c
12ea0d67
1285e1f0
f8bdd454
f615e35c
0b56e4b6
0f7ae1da
03d0fcf0
09c1205d
1b07200c
1c810bb9
1a0f028f
1ef0f6b4
180be17b
0ad6e092
13e4f404
2142f47c
049be95e
de10f74b
dc5403fe
e2f207a2
edd21d1c
fa9b21b3
e64712dd
ddb010d0
fe7ff864
0acddb86
062df857
12e920a1
0c2a22c1
f25e1e16
ed51190c
e9030d92
dfcd1a07
f8702466
167f0363
1763ea80
1e9ef9c2
2480061d
04380bf8
e27c15f8
dd60096b
e011f75b
f7f7fa83
1bc1ede4
1aadd715
01fce0be
feac027e
14af1867
26e0103f
1f190198
1314096b
174b16fc
1f651765
1f5003aa
0884e4fc
e822e635
e9200a49
03492184
0e2720b5
137516bf
1b40f7e6
012edd07
dc98f88c
ead01bc8
08a801e8
fb2bddbd
e580efae
ee281867
013b2aaf
033721de
f1861455
eb0117ce
07d91695
22d8fa8c
19f1e6c1
0fdae94b
0ef6ddfc
f8eedb3e
ea7903be
f38c1e6e
e67e120c
db1608de
f9aaf73d
1200df0d
1948ec7a
22c6fad8
089af013
df51f32a
d534f9f3
e14e044a
05cb19b6
210d1126
0088ff59
ddc30bf6
e5b809af
e45af04b
d2d3f56b
e2690db3
079402f5
0bf9e163
ec90e38b
e2550e93
03522313
1d9c08a5
121debb7
f3afe4b4
db65ee65
df55f63d
f241ebb2
f2c6e2b8
e7f8fbcd
f6792131
0ffa24c6
0f9c1937
03bb1e11
fa8820a0
e9961772
e30b10ff
f8660151
07f5e06f
f825d00c
ec05e6aa
03b40251
20390333
250bf8fd
1aa2ee4e
0a37e346
01c9dfd5
0c59e321
1a6cea45
20acfaad
209704bb
07120366
e5791520
e9a329eb
00261d68
00cf0039
eb72ec03
d24aeb60
dc28ff03
0c34fc88
196ce6a5
fe16fba6
010223ca
192a13b9
124ee61f
022cd5ff
0197de75
0921ed78
13cfeb8f
0a41d71d
f975dd35
0c62f09c
1857e5c3
f1dee77e
de2b0959
fb8805dc
0fb7e15e
0f62d3c0
ffeee084
e52d056c
eab41fa6
fe3ffd75
f7e8daaa
012ee6a7
153de8be
f7fee1d0
dae5077b
02c9277d
21290c9e
f966fb6a
df790e28
f7f00220
0d35dfdf
1520de31
2025f69e
264009c7
1cd30d41
ff3e0b79
e1ea0d5e
d9f50373
e092f132
f1f7e5f3
f6dfe2dc
e6b0fbe1
f286200f
167a1587
1d58f0b5
0ed1e228
0891e260
0740dc6e
f37ae09d
e1e60b9f
f74c248c
01ccfa7b
eb5bdf6f
fd5efb91
25d7084f
1be10989
0bf61ead
1e1b1a1e
20b701a2
10380b09
13b11e1c
1c5c1459
1d0c04a8
21ebf947
1a86ec13
fe9deb62
e173fb61
d634125a
e71c16e3
fa41f694
fec6ddd9
137ee0c4
1e09e7f8
05860941
fd3c27a1
f92c054f
e489e2fe
f5b7e50b
0776de9b
eafcf2ce
e7791bb8
00a40b2d
fd5edd6a
ea9fd174
e95ee9f3
063c04ac
210afd87
0f20eb64
e80eed93
d150f875
dd1601fe
0612f8e5
16b5e491
04c7f8c9
04cb2358
129828d0
16c711d4
1431f291
fc44def8
e11df669
ef001b27
12231c4d
1ed5fbb9
037fdc31
e218ecab
f2401651
0c0a1df6
fc231bc2
ee00200e
f538026c
f5a4dcc3
fe31dba2
1269e63e
17b9ebde
1a56f567
24e6f0cc
11ace165
e475f1eb
df7e0f59
fff1fd0a
0c42dd3f
12a2ea9b
2127f7a5
0846ea9f
ddbff359
db520931
e6670ce9
e2971229
f22a1f74
1b091022
1f9dee29
fa02fb9f
f6882448
11b0159b
172aec0d
1806de92
0f19dfd1
ebc5fa88
e0f0176a
e86e00e3
ddbff142
f35513da
19d71d70
040f13e7
f2bb23bc
16850f46
1bc2e5b4
0145fcc9
ff5e24d2
f6632173
e1ae142f
e16c05bd
e0f8f8b6
e13305f4
eb6c164d
ec0c1ff6
f99d233c
15c30200
17a9e45b
1a44f8a0
24890525
02a1fefa
e3e2162c
04ea2275
2366fe10
0916e162
e6acebb1
e309fae2
e26eff5c
d975101e
e8d41c1a
02cdf96d
fc7bda65
fd0af9f6
1d8f18b6
25d70a62
18f6fc0a
21b9ef25
1808e1e5
fa0d03b9
05042524
1915067c
0f7be373
0f5ae968
20f4f890
27880465
1cc0126e
098c2166
04862181
006dfd35
e466eabc
e4ae123d
0be222d2
08d2fe07
df3fef26
d7da0195
e5e5095f
e1c50f63
ed7e1e89
18411107
2187f0c4
ff2cfff8
f2d5236b
f1ee171b
ddfa06d9
e3b61a08
fae51e4e
ec601461
dded11a5
e5ddfa19
e14aef11
ef2112e6
13551f6f
07290363
dc6cf8cc
d26afed5
e5110a45
09f01a83
211d0bcf
0177f769
e2290f8f
fd4426da
204607a4
0ecadc14
ed72e3fa
fccd094e
229e06ef
1405e8be
e995e820
e0d0f255
e1c4f5d3
e0860cfc
e8f117a4
e19c0425
dc4ffb6b
fba6f82f
1a94e985
1fcbede5
219e0475
1da01318
122b19b8
08081727
fe641b12
0b572cb9
1b9f1aee
f555f9a4
d84f01ac
01f1fd75
1ab9e1d2
064dfd3a
0347281a
f8e91c46
e33a1459
03b8194b
2666fa32
0b63e618
e72ef1e8
d508f6dc
daf90050
0765ff29
1911e3d4
f3cbeb0f
df980ad5
e32cffee
e151e95c
f45fe50d
ffc7df0b
e90bf69b
ecab1f14
0d9218ae
1d3bf655
1d68e2a6
12dce494
03890004
079a1f9e
17b924df
1c6c0fff
0c67f233
f506e130
e974e0c8
e593f02a
ec781101
096b20fc
1cf30175
0ca6dfc7
faeee10e
f712e472
e65ee06e
de85f382
03320358
2067f052
0714e6bf
e29df903
d3190757
df250c2b
045efbcd
0dbcdf20
efc7ec2b
e36f1351
e9e21e88
f4321c08
11fd11e5
1f1ef015
fc2cde77
ded9f99f
f12417d8
11d41997
1e5b0f5f
1f4807de
1ec0fc29
1a5eecec
1134e42f
059ce1dd
f831dfd6
ec4ae414
e772f20d
e2b5fdc4
d7860856
e3451457
0820ffce
04f4dcfb
e308f014
e8fb17bc
02830a6a
ff97dff0
ebcacfc3
ea16e74f
0a5b038f
21faffae
08afff48
e9831a40
e7bb2805
fd0b1db6
1ca001a3
1957e74b
fa4dfd6d
012e229d
1ada121e
13cbe6fd
fe21d655
fcd7df90
1093e6b0
154de634
0430fd7a
04482233
13df245f
172d1142
1c560569
22b2f90a
1b1bf0d3
121be997
0189d983
f4a7de59
0c7bea95
1689e187
f214f1de
e0800f1b
e155fb99
de49eb8c
047bf7aa
2506f433
0b1b0320
f11f22c0
e3241b48
dbd807da
f8f7f500
1256def4
15f0ed09
1ec3fab1
0858e700
de7af008
e9451672
10a01e32
1947107a
19ad0c51
2a900157
20e8efc1
f8890523
f4562304
03ab044a
ef43dfdb
e107f806
f9b91f27
1219279f
0e681d5a
fb661809
f77f1e67
0e161318
1ac6eef6
1120d8d3
0870df4d
0e3ff1fe
1be1f20b
11d3dcc0
0064deb0
16dbec2c
203fe99e
ffa80708
f985276a
fed001c6
e86edfa8
f671fa8f
275305de
278df1af
11d2ee8a
148ce3b0
04b5d9cd
e9dbfce4
ea4c1b01
e56609a0
dbd1fcce
f91efcd3
1a44e8c3
129dd8e1
fed9e1d4
f575e8df
e871e944
da5df14a
df740127
ff1f0217
16abe70b
0a78d5c7
fd7de2c6
0591eb50
1180e559
151fdbf6
0005df17
e2400228
ea631d9f
0037fec0
f9ffdb38
fe09e58d
16a7e96e
0a26d69c
f41de00c
0a55eddd
15ffe2a6
f1e5ec4c
de6f0b21
ea840467
e4afec8d
d639f7c1
e1bb0a45
ef76fdfd
e3a3efd9
d577fd66
e14d0aad
edf6f9de
e3a3f0e9
e4b10cef
09be1f51
26b300a1
0e4cdfde
e57af539
e3b81060
e5f8fd0b
dd5cf191
fdaffdf4
22e3f093
09d8e669
e014fb38
d264075d
e0160906
06ddff7b
0f6fe2dc
e4e4e87f
dec0119d
0bd4086d
0b21dca9
e0e1ec10
e5121526
0363029c
0445ddec
07a1e2be
1e3eeeb3
209ee721
04c1e24e
e5fff291
e51610bd
062f1b78
219105a0
1d7cf0da
16b9edad
1981e3ee
0655dc79
e753fc07
e83a1a34
e8c60421
da15f9ef
f7531198
1b98155b
0e0d1c09
fd842655
f49e0665
e53be517
f25eddee
0554ddf2
054dfae1
15881b10
25730f2f
1ea1fb75
1d08f807
1728ead5
f553e1ac
dd62fec0
fcb22560
1e9716f3
f85ff7fb
d86305f5
02d800cf
182edede
0066fc31
06a328e0
05a30972
de0ce7f3
d923f750
e9720428
dea11612
e9ee215f
01ccf63e
f7a4da9a
ff6dff33
1ec41300
0ed30241
def10802
d45c2297
f1651ca4
ff49f30a
f4b7dfea
0171f915
20020f09
1ce91577
07031f87
fe431fe5
f52d1b01
f14024e3
08e92094
1feef68f
0e25dd55
fa9706a9
0f13238a
06d4fdb3
dbc0f255
ea411392
12e41a07
0d33188e
f56e2244
e77e1df4
e1e60e30
e251fa8b
e0f9f544
f1830c15
12ac1bda
1fe218d4
1d750a89
0d94ebe7
ed46e23b
e5bf01cc
fc4e1edc
0d752885
11641d0a
fe41015d
de87f94b
d9cc088a
e7c411d7
f15c19b9
fc542124
06821faf
12e1195b
20300be6
1f2801d8
1a400a41
17191798
0a9a2248
fd7d2320
ee011472
e59f12a2
059c19b8
25970036
0adfe6c8
e57eeed2
ddf7f006
de15f98b
fd3f1d3b
1e151884
fc67fd5a
da320543
f73aff46
1531e12e
1e06e7a1
257d0093
188e1036
12f1170c
1a9ef598
fc4bd91a
e3b0ffd6
f3481ea8
e8270eb8
d83307ac
fb0af708
1545dda6
19ccf26d
234e007e
0444e801
dd89edc7
fbdfff59
239af42c
21a0fc30
1bf813fd
13c218ee
078e1db9
0d5f2176
1c380eb0
17a3ebc4
f6cde0fe
dedb02ae
f1f61dc4
076f04c6
f54de20b
da07e2e1
e079f3c5
fb68eacb
f600df46
e30d0330
f5102331
023700f2
ed71deff
f6dbe666
112ae067
ff61da21
ee7ee99e
f9a0e44c
0624db2f
1c85e8eb
22e0f21a
fdcc0737
f1cd22e5
062e049c
f0e0dd9b
d9e00327
fc7d2512
0a9efdf3
e89be36a
e232feea
fef71e15
1020283d
0f9c1ccf
000900b5
e201f7c6
d4e51064
e72117ec
eb6efa9c
dce4f910
f55b1a3c
19b818d8
02af015e
dc790110
ddcdf8e0
ead3e4a6
f709e168
01d4e118
fbfadf76
eb02e918
dbabfb42
dd7202c6
e8f7edb2
e87ae4bf
fec502c1
24980220
0cd6e1a1
e283ec07
f83f03e4
2270f917
28abec11
157feb1e
f439eefe
dd49028c
e45e14b5
eee4187e
f2311ff9
04782191
16cf0540
115ae401
0373dbf9
fb9ee170
ef2de5f2
e345eec1
e198f9dc
e26806be
e4e31786
ee0c1d2c
f1b80d9e
e1ea0578
dbc91b34
f2461f78
fae6fa0a
f316e016
0195e014
106fe26a
07dcf8fc
0b001ed9
1e9128d6
1cfa0ed6
f89ff725
e0060946
02f522e9
22190c76
fc67f86e
df4b0f7f
fbb00bcd
0bf6def4
f74fcfa3
f167e501
06e8ebce
0b35dfeb
f005ed83
e1d1126a
ef761d62
f7e6196f
02c22922
13eb2136
f9fff824
d9d0f6db
fefe051c
2115eaa3
fdc9e49a
dfa50103
e284f9a9
e8c9e0f3
feb1dba1
0b18df88
00a4008a
10821e00
21c9fedc
02cbdbfd
e33ff3b8
e9c11611
f4961dce
fb671fb5
0b8b20e6
166617d6
0998124c
fdf32009
0ad329db
1684180f
00d1fca4
de8afe2c
dcc31602
ec7517bc
e50a08a4
dd4d021c
e9d2f3ad
e944e8c2
e5a90374
01f82082
23b70fb9
15cae795
e5a6e58e
de18040e
076b021b
1525e50a
fe9ff475
03d62124
1f2427bd
1b541110
ff9814d1
051522d3
1c2e02ba
0f67e178
00affbc7
0b6f1fec
04892613
ecbe1e58
dcb30e0e
e0090514
0081fd15
11f6e486
f6a7e332
e0570a87
ea772536
f0e71be6
e5af0cdc
e21009c4
f8f802bd
0e18e3fb
0198cd4c
f2dae0fd
078803e1
20ec0ca2
141a0e55
08f92027
1cd61a9d
1efc0633
11981541
103720ee
fc6f07f4
de31f471
dfc2efd7
f41ce3be
fc55da50
05a0e288
1cfbe928
1e55ec08
065009e5
f91724de
eaf3164e
df640cf0
03731427
264a0553
13510964
0ea01fc3
1d6e0238
04aadc20
e4eeef4b
e75414b8
f6bd1f73
fbc51e0a
020d25df
14ad1bcd
143cf1f0
00c2dde5
09b3eb74
1aa5ebf7
0283e694
de3cfd91
dd6e1bb4
eaec16ca
e01200e7
dc3dffa6
0300fb10
1a23e63a
04fbf7ab
002d2516
112927fd
144511de
1b3509cb
2454fedd
1a06f27f
1195e955
0e47d9b1
ff5edd7b
fbb4048c
180217d6
2265f1fd
fa0adc0b
e2480287
f1701b8f
ea990d0d
dc44079b
f572fdb6
1255e0d3
1237d572
fd78e317
e1dc032e
eae81e32
07f4ff3d
f76edb42
e50cfb6a
f55d1e2e
f09d1870
dcc00bad
dbd8f771
e3f3ed16
fea0fa04
207cf784
20c5e6ae
0caae3f2
ff2ee535
f423e1b9
e954e291
e2a8f19a
f06d105b
0f1b1f5f
199e1641
196e0c74
24e6fab4
203ceeb9
13ce05e5
1e2c0f16
1469e99d
ef37e05f
f5ca05ac
216d0a8b
1e90e698
ee1ae431
de510be5
f93a1e2d
06030374
eeeae56b
d764e62d
e051f92a
0242fcf5
1a83ecb8
1b62e18c
07e5e20f
e716f2b6
e33b1307
0a3f197f
21180310
15f702eb
13441a12
21a61dd0
20f10320
0195ea9c
e9dae915
f1fee4b5
026edce1
1193e6b8
1a01ed5d
0051ea1a
dcc6febb
de96176e
ea7514c8
e64809aa
e0b200b2
e121f6d1
e863eb6c
f0bdde7b
fcbade29
13cae51a
1890e801
ff33008d
ff7b2249
1cf8113a
155ae376
ee4ee639
e1730730
e67d1336
ea6d17c7
f970224b
07722029
fbe01637
eb501b54
f4c0224b
06aa1cee
12d91963
1cee12b6
1c32061d
1ce6f9b2
1f92e62a
10dae1f9
0495027b
09eb209b
03f32193
ef5a1bae
e47716c8
e2320a31
df77f9bf
e235f033
f15eec37
f8a4e34e
e43ae2c6
ddd1f4cf
f8f1ed8d
f64edcf4
e3d80243
f65122b3
00a70396
eeb6e14c
f410de8d
0d62e06f
19d7e60e
1d18f337
1b8901b7
1d460b02
20ffffdc
1af5ed89
1769e8a1
0ce4e2ea
e731ed01
df90120c
0b841872
2228031a
14c20e86
11282016
051d05e6
de2bf5c7
d4320e18
e93d142d
e685fdf3
dd23face
fa78fffa
1be4ec2b
1479d7a8
01dae11c
0bfaf05a
1a2bea36
1106e256
026be190
f71fdf5a
ea38e75b
e96903d1
ff2c1f25
16e223fd
1790193e
002d1508
fbbf1fb9
1b580f53
1a44e60a
ed99e956
de820630
e913f7ba
e66fe531
f996fb77
2446016b
25d3e6b7
0f53e65e
1bccf9c3
2466fb31
028b04f1
e95f1c18
ebdc15a0
e171012e
d51f0f80
ee4d1ccf
06fffc62
f8c6dfda
e54bf28d
ede81a4b
070b294a
09331de7
f2611e21
edf71fc2
f7a4fb95
f577db79
0589e527
15b4e6a2
f126e8df
dba00bb1
02f60b1b
1036dedc
ee41e012
e3aa0d20
ff0823bc
1b120e4b
1567e6b6
f366dfbe
e77502c8
f7691dad
fd78263d
09a62137
18e4f89f
0a63dc71
0216fdb9
12702012
08cc204b
f1301f6d
ed3f161a
e5d00bfb
e1d81bac
f6652146
04ce0004
f046e1b3
d922ecef
e1e0faf0
ed30e9fd
ecbae2fb
02a9f889
219e06f3
21c90c88
10761a09
07442605
fd3f20c1
e4dc1615
e1581319
02fafce7
0946dc25
e717f2d9
e6221b27
eece05fa
db7ef7eb
efa31763
1a5517ec
0af8ff8b
de2e00fd
cfdb11c2
e7f814e5
0521fa22
ff8bdedc
ec6aef6f
ecc81587
f4862f13
ff67255e
f7aaf598
e3e0e552
037bfe82
2740fd3d
074e027a
e7a21e76
e62b11c8
ddaffd77
f0250fe4
1dba14cd
2b270369
1d76fee5
13ef051e
18320f53
2acd0fbd
23e3fbc3
f572fdb6
e9a51d3c
123615da
2065f388
1558017f
1f31165f
1527fa54
f175e00b
e86fde02
e8ecec73
ed6d14d0
081f2333
0906fcf7
e1fcee78
de2012cf
0bfe1ecc
244bfa6c
0ce4e415
f883fc66
0a5d1c60
261b1d20
20520d51
0403149e
086d2015
1fe8fcc6
0d72dbb4
f8990495
113a24a3
07b0fca7
d91af21b
ed991523
16bf1974
055c1b19
f3922528
f7ab0415
ee93df6a
f47ee164
0a2ee16f
07e8d950
f0a0e532
e140090a
f5ff21dc
1986075f
1b1fe87c
1949fddd
23640b08
01ebfcbc
dff610cd
04df2495
253102ee
fcdff1d4
e36517ca
09ca2282
1fd4fe78
04b2f733
eb031823
e9032d53
f84f200e
04b9f649
ee42e3fa
df450f4f
ff81254a
06b9f810
e686e647
f56a047d
22a00033
18a4df1b
e73ce963
e0e919bc
03f120cd
01c9f874
e488eba6
f578fc81
21e0fa51
2d86ed94
15b5ea21
ef11f2ec
dd5d0431
e883fdb8
e708e999
de17f35a
e2c4078b
e2611059
eaa219c8
0c2213df
2221f95a
18b4e734
0e78e655
0ebedef8
fb3addcf
e22f0345
eefb2059
008dff94
f579dc4a
fb54e5f9
13c9e76d
063dd538
f036e0f4
0902ef24
1345e032
eba6ec9a
dffa1008
fdc302e0
0b12dec6
10e7e0e9
2104f485
24b302f5
1c520e3e
101a139c
0b5b1b03
1af11b29
21c30af2
0d220b8d
0aa11ff3
21e216b7
1f4d03fa
119b1867
12e52189
f94b00c3
da66f68a
f9fbfb64
2022eb48
1eb3f482
1fa50c96
21c40277
1786ec9b
12b0dfe8
088edf99
ffc3fc79
11ac1b57
28731951
200a0425
fca70171
e66414dc
eb641fac
faea1e2b
0e0d1c7a
163118fe
09281aa4
fc1c20cd
f4e81add
e87f143e
e6471c81
fdf22109
1acc0919
171de76c
f902e88e
e2f30228
d85f1434
e4f817d4
04fdfa93
01d3db38
e878f75c
ebeb1d72
ec581135
db28feb9
e3e2fafc
ed8aeb22
d638edc9
db6a06d7
0935fb52
160fe1e6
030bfd6c
04762480
03c61d0c
ec161603
ed292c53
07fc2349
fe6cf415
e184eae8
fbe8076b
24f4fa66
05d5dc9c
df33f1e9
feb504d2
2106f2c6
1d68f8f6
1d8713e2
24ac1082
1bb1f4bb
029ee3d5
e676f14e
e38b14ad
089a2025
245af9f9
0d7fe060
f7d30128
0d441fa5
1e330721
0a0de266
f413d8d7
f480e0f1
025ee888
0c35e3b7
0149dbf1
efa3e34c
eb16ec00
e401f31a
dbbb09db
e37f13fd
e3f4fa3f
dd47f23a
01030380
22b2f0b2
fb72df45
db86fd33
fd6801ef
1adbe7a5
2105f24c
24f30b3a
13051632
0af81b3c
1c7ffe8c
0a0edb92
e167f656
e5591914
ef4d01f4
de44f663
edc11a39
17ec1d7b
07d4f4e6
d9eafa93
f1c321f4
1be016a6
ff0dfd33
dbe203d7
e543f6b0
e926e2a9
ecc9fe55
035d21ae
11182915
1548193b
0d52f469
fc3bde5b
06f1e076
199be563
1cb4fade
208f0438
082ce84d
e25de7a8
fa110338
255efb72
2116eb99
1250eaec
0a09de4f
fa5cde00
fe3dfb81
1aec1293
2f7b0cb1
208ffbdc
f8240079
eb591ad6
0c881980
2140f717
16f7e77c
109ae779
0920db3f
f7fedefd
fc450051
1b891262
2ceafdfb
1d7ff310
18d40d3a
21181216
fe30fda9
dacf0b61
fc291902
210106fe
195c1014
0da02658
f7951bf5
eb12195d
154d128a
264cf0a1
f844fe1a
effb2577
08570398
f1a4daf1
e03b0199
f9c123d6
f7340e9c
de090b57
fa4a2070
24aa0a31
0ccce285
eacde5fc
ffa7ec45
0b25dc96
eeeeefbe
e5a414d6
eacd0f48
ddb8f7f8
d4f9fa05
e6cd0fd4
0d7a1c2a
210f0774
ffbff787
e35d13cc
00b22408
201a018a
1195e1d8
eeb5e899
de840a5d
fa0c2139
200e085c
1853e80c
ff93fc02
018d225b
09622b85
1048190a
180fefd6
0439db2b
f70c0394
16e01c59
2122f241
fcb4dcc6
f78300da
1a351694
278409b3
1e7cfe9a
1d3af882
1677e944
f461e23e
dcc00071
fe0c2297
1eac1483
fc0cfef3
da7a0799
e8a2f98d
e86be677
e5e80b3d
070f2463
0c16fec1
e2ebec16
daed0dfd
073d1fee
26e6fedd
1069e32b
f7400138
0ac4208a
19dc0bbb
0ca1e6e1
fe18d08f
f6ecdc4d
0afb0533
214910de
01ea0841
dd8f0dee
dc5dfd4f
e168ec98
004dfaa8
22d1f5a7
0c68e814
e0fef63b
d08006a6
e01f0978
03cbf84a
0ecee220
ffb4f531
0b5f1e97
28492260
1f5308f6
f69705e7
e3231109
e3ba014e
dfbcf3a6
ee770919
11ca1ce9
22eb185f
1e100937
0c01f40a
eea1e538
da88e562
e0d1f520
05b5050e
1ebef21d
f969dcbe
da47fa20
047b0b24
1ef7e86d
f8b8e4a5
e10c0271
e3d1f83e
e6a5e1f8
ff75dfeb
0ad0de9a
edc9f86a
e4421a1c
ea3f08db
ddf6f861
edd01135
18b119a0
24cd08b1
1e110153
2096fc62
1860eb53
f42be279
dc8cfda4
fcb81e21
1d1315fe
04d91206
fb722583
1b9f0942
15f8dfa8
001ffff1
07652682
f7eb1b1f
e40f16dd
06ad148d
2595f9d3
1695fb51
172c187a
2c580fab
1e37f77c
fef904c8
f0601aa1
e6fd19fd
df4d086d
dba0f0b7
e291ebd1
076df647
241df78f
1b740763
18eb168c
1572f2d3
f4f0da79
f859ff09
228b121b
264d0152
18a1f938
1e43e95f
1136ddd2
fc840309
0c312457
18cc0602
07e8dfbf
01e9d8e6
fa40e00b
e49d0447
f1fa22f6
0624005c
f00ddf20
e3a4f84d
f8971c76
0bb52cb5
0dfd210c
f558008a
dd8af3f2
ecb1ee87
f542e1a4
e554faf0
f55d2318
192413ec
1af2eb78
0dfbe49d
0ac7e4a4
f97bd76f
ea3fe329
069ffeb0
248804a5
17630fae
0fa51f8d
156a0243
035adbbc
f383dccb
f141e786
e1d9f06f
dd4afd40
ec03f57c
ed43e52f
e16fead9
defafebe
e69908f2
e83b11d7
ee6826d0
0028230d
f8e7fca9
e668e821
f4c5e543
02cedd66
f3b5f039
eab818ed
f1bb2df3
feac2147
fe94f97b
e739e7d3
e7920553
055b1f61
14792487
16dc189a
0d3bf3cd
faf8dd35
02c3e395
1692e725
1a07eed1
1e8dfc97
2508f774
141ae5b4
ee60e8d1
deb506d6
fabb17a9
1b250f05
271107b5
2118fc2f
ffd8eb35
e1f1ee44
ec09f16a
fa6be071
edbfd961
e1f3f08e
f2ea0f19
0c101cfa
1542216b
19d31376
10ece759
f52cdb4c
feb007a5
211a127f
063ef738
dc9f09ca
fc0b27b3
21bf0b9f
0018f0ea
dfe00ecc
007624b2
1e4f090a
0526f633
e4380e2f
e5df2905
f5312087
ec0805a1
dfa70bdd
06621ece
254b073b
fbddfd8f
e0fa17a1
f78b0134
033cd8e4
1737e0e1
24e3f06f
01a00aae
f2c1255a
ff9b0093
ee59ddf3
f4cafe6c
230c09ee
1e37e40d
ea3ce4df
deff1304
fd382024
01e8fcbb
eaf6e646
eedceaab
0490e0a7
fc9cd119
ea49e6c4
007c0b0f
2181033c
0ecfe1d5
e827e749
f7bc060b
22e80141
24f9e82e
141dea20
1b6ff8af
2338fec2
15630c8c
13db192a
1d94fb02
ffa8daa1
dcb6fab4
ee0e1d3e
001efff1
f6f2dec8
041fdb94
19e3e35f
1d99fb1c
1e3402ad
0740e4a7
e383e70f
fa470b76
2531fd1f
08bdda08
e08cef61
fe7d0a09
223af5a3
0c38e4b0
e56ef315
d3fa001d
de59053c
ffc2fcf9
1215e3ca
0652d893
f855e25b
ed13eb48
e165f221
ddabf6c8
e1800591
fe571f36
210d10e0
0dace947
eface484
0022e2ff
0e6ddbdb
0c58fea2
11412378
fd0b23df
eb851e8a
fffafed4
f7fbdb8c
df1c013e
f6db26c8
0296fe59
eb55de15
fb59e7e9
110ee24d
ef21e721
dd3511c0
0b231ee2
237102e4
0c020d16
0fda2287
1bb0fba9
03f9db9d
fe1bfbe4
162f1c7f
10841e5b
f68a20fc
ec0f1ecf
e65a103f
e0330449
e124fc3a
e7dbf184
eb22e5ca
e6bfe597
e290fb6c
efd21bb6
125f1b9d
1f0bee44
0201dc05
fba00695
186b1a48
0ab10121
dcf9ff2a
d44d1492
e9dd1447
eea703b0
e10100d5
dafe0fff
e85d1826
efc8063c
df7ffe34
dcb81431
ed561a34
e6160689
dbba0179
fb18ff47
1952e57c
0a78d990
f9b2e549
f607e00a
e53ee63d
eb831506
0a4722f3
fd340280
e014ef2e
eb06e2ac
fca9dbe6
0873f902
1bd81577
187915ee
04ec1e2a
0b30287d
1c0e10ab
12a0e87d
f78ae02e
f90efefd
1ddf10ab
2d24fff2
1b62f7d7
152e0200
1e0d0a59
26f90da1
2103fa46
f6dee137
dc6ef185
06ac0193
232aef3f
059300e6
f454251d
eaba16b9
dcdd089c
fca71172
23750a29
1be20b3f
0bb01f94
0561244d
f64c1d3e
e5eb1916
e1e70f52
e6f1fbbe
e3eaf41a
e8c3126f
10642162
21c7f384
0296dd43
01c00170
170f1948
093622ee
f773247d
f1c6034f
eb81e215
f83fdc44
0859dfd3
0864f99d
12e21c15
21921d68
1e3d0381
09f6e8ae
ec46e662
e48f0412
fda01f0c
15f62352
15f819cf
ff8616a0
fbfa2093
16d30fff
176ae7f9
f7d8e2b2
e284ff67
df961a18
e8511a3a
e594ffca
dc44fca9
fc401474
1e51151d
0ad418f6
fd5425b2
01a0016d
e701e4a5
e03d0c53
06c922d8
0ba1013d
e423ec88
d057faa1
e0ab0320
f025f41b
e6d4ece8
e39b096f
05132075
230707bc
11d0e3fa
ecfeeaaf
e24a085a
e6a51517
ebd71b17
fe2a207c
09e01c09
ff721f79
f1fe1fae
de61109c
dc1d0854
00dbf632
12ecdf83
0526fba2
0a7323d1
08001d8c
eec71a19
f54c2ad9
0e1e1daf
02e5fd3f
e1e2f3bc
d4ca0413
e3150d84
eab1fd72
df84f2d2
df94feec
e7470c91
e4771d94
f29022df
03cffa5d
efbadd36
e6c4023a
fd1a2159
f2fa1ae8
ddd41311
e244fcf4
e245f13f
f0f61463
14351f90
0797ff74
dd1df97e
d60b0a0c
e55c0fa7
f24114c9
fc371eec
07492a9d
12b21d67
fe56f89b
dc69f8be
f1a31860
194a17ad
0c6e1296
fa1f25c8
04e72288
116112c7
262a1056
26a0035b
f85a04dc
e35119b0
fba90198
0151da0f
0469e32d
1a33edca
1427dca1
fb69de6f
067def9e
1a98e801
0aeddb2d
fb38e354
09b1e48a
1521e34a
1cfff928
23870004
05fcef8c
e3a3ed79
e881e969
fbd4dd05
0ef6de07
1624e695
06c80031
041922ef
10f622fb
16e60f79
229201b3
2468f865
13160859
18881652
1b65f248
f6a9dbdb
e34e016c
f4741d93
ef9213c7
dc710a54
e1ecfc73
e615ec58
dfc2f8e4
e2a10e14
e4621249
ee5b1aa8
138b1755
2116f426
fc2ce3d0
e23df494
eb93f71a
f3e5e269
e7c5d92c
e0bdf302
fa141588
10691c3f
004f1e2a
f35c2286
f69c0222
ef1bde8f
f8c8e158
0f51e1a5
0234de5a
ee19e91c
e4e5e6e0
dd46f20c
fa321444
17b71b4c
017a1e46
f42f25ac
fb71fcc6
ec21dd81
faa5fe03
26bb084b
15f9edb4
e86feab5
da96ebda
de5ef447
fd8c1314
1a431b32
04941cca
f6e424b3
001e0010
eae5e039
e41c0594
02ec22d8
fdfa16c9
e38717a4
e8af1de9
fe7d1bef
14511c77
193e1895
05001c29
fd7821a2
ffd905f9
e982e7ba
d4a3f13d
dfba0260
f175f7a7
e88ae857
d96bf7cd
e1ce04fe
e6d1f2d1
e36deab1
fffff62c
2329f936
25ba05c3
1ab81865
06521bcc
ff921eea
19980a68
15f8e1c6
ee0beb07
e2820ad7
e3d601ff
e081edbc
efc1dfcc
faf0dd87
049ffb3d
1d7812cc
26240a5e
1c60f994
14dde663
0e85e03d
195df17d
2385f789
04ad011c
ed79213d
fc05250d
089b1748
1b891d94
24a010b1
f5c3002c
da280f7c
000afce9
0ea0d9bd
04befb32
115e2445
03af1ce7
ee101d48
0c6516c0
1ffbef17
01c8e004
e1f9f7a2
dc161091
e3a40f26
e05afc46
e01df7ad
fce6f7af
1b8eeddd
2582f2dd
218208d5
15e41d42
0ea01ccb
ff14004d
e065f64b
e55015e5
15071bec
22b4f628
026ee251
e80af136
e6760f1f
f72e274c
ff1c227f
e85113e7
e24f1550
02c3fe74
04a8dafd
eb0af1ad
eb291943
e8c21324
daecfe66
e0d2ec13
ec83e531
00d2f9da
20c602ff
2795f217
163ee905
0837e8bf
fdf9e0fa
f0e8d832
e97fe694
00f608fd
226102c7
09cedc6f
e2b7e8e0
01f409eb
24f9fcaa
027cf4be
e7ce1b18
0d8d25e6
22caf837
fce8e124
e56ff192
f2b2ea71
f8b4dce7
017bf545
1d2c12b7
2ce610a5
1e90faf0
fb4dea66
e29fee76
eef6ef74
fa5dde01
ed46e1cd
e60cf439
dce6f8fe
dc48087c
02e51402
1f580ac2
1864141c
0c2d2308
f6691d9c
ecf71c81
0d260e8f
212ef047
1866f9ba
1faa1241
228505ac
1787f24a
1befe37d
1025de77
fb32051d
0db021e4
1c4aff46
072ce046
0606e909
1e42ef25
25d6e823
0b47e3ca
e1baf54b
e0391009
058aff4d
0aabdde3
fa4bf5cf
0ff31f40
2bb51555
1e5b02b1
0e1f17b0
15171ef9
ff70fd3c
da50f89d
f0c51406
187316d1
0f16194f
f9d025ca
ec39187c
e3860ed4
00361532
24ed0411
202eeed7
14dcee86
1687e352
0276daef
eb2cfc16
ec0f19c4
e45a0f5c
d982fe5a
ea18edee
ef82e45a
e6060a85
ffa62849
094afb3d
e2ffe3ec
e74f0dba
08ac1fb2
f9861ad6
e79b1c85
f3f601a5
fc17dcf5
048bd7e2
1613e66d
2482f7f4
20f4fe9f
fe6502c4
e9201943
07d41c4c
2238f7fe
18bbe5a0
135de9a5
0c86df6b
f61cdf73
ec9af94a
f19c186e
fc8c2f8f
07ed2345
f743f8e4
e025edec
fd43fb10
232ef464
1fb5fc8a
1c231526
1f680abc
1940f27e
1e30e62d
1498e1a2
f8bb03a3
07d02380
21cdff03
0c5add88
fc02ffed
0e362160
0b7f185f
f1211ad7
f95f30ac
10f01f52
f8b9f5bb
dcabf48e
fff80115
223cef69
0641f5a9
f31323d6
09b12c8f
0e431684
02471b61
fafb2167
e8b017c5
e1d410da
f73dff2e
07eedf8d
ffbfd146
ef08e54e
ed5c0b68
fa681fd9
f8a31821
e3fb136b
e2271b23
fb2f1c20
1aaf1002
1cd1ef62
ef41e017
dc4bfcdd
05a2040b
1a63e922
0347f3cf
fdf12179
129f3179
1556187a
f6d0ff3b
dd39fe96
e804f98a
edcae548
db1df136
df5e06bb
e9c5ee8a
e46de38c
0555fffb
274800ae
03e0fb9e
e4271a53
067d1f4b
23fbf88a
188cea5e
1377ee58
0ed0d82f
f971d8fd
05170a52
20f8178d
fc42ffb8
d859073a
fd4aff34
1526df97
07aef6a5
0898234b
03592927
ebff1bc8
da280d46
de810561
020ef7d1
1492e1ed
0347f8a8
0811250e
188a1f7b
16da0b60
24ab058a
2516f5be
fb40ffb7
ee172166
0d9b16ab
1d6af05a
1b8be531
10e5e5b0
ef5aed10
df020b89
fef11cd8
1f1a0c12
20d0f7da
1b8bf28e
1fa0edb6
0ed1e1df
e3eff094
df9f10f3
0593ffa6
0abcdcae
fdecf6bd
111e2067
22f41aea
1b890735
1af7fec7
1e42f005
10f2e061
062fe19a
1010e9e4
1b91ee48
1c31f8f6
20060668
25f3043a
1a55effe
f740e113
de22f826
f82b1b20
172a19ac
050d13ad
f8ad2302
1091123e
18e2e7b9
0cbbdb9d
05cfe307
f828e2ac
e776e723
e584f124
e33bfcac
de0d117f
e66618e8
eba201a7
e080fb07
eebd1a53
18e51b8d
194aebf7
fa05dcb2
08fff0b7
1c9de7ed
f3a9e5c6
db4706c3
ff0d02cd
14a7e190
15d2eb18
23e0ffdb
22aef811
110ee8a5
01dbdb31
faa2de10
0b67ea0c
1540e4d1
fa61ec43
e1a30903
db2017d7
e9421a01
10f109b2
22a4f4f5
1c31070a
1d1616d2
015c01a5
dabf0576
f45a1acf
218d0d54
22c0fede
1c06fc31
1adae73e
0e54de55
1209f6ef
21d0f99a
0684e210
dea4f160
ee8b166f
0eb41c1f
073c186e
f2112033
e9251a8a
e2690a3d
de62ff76
e21df667
e9f1e769
f1b8dff7
01dce781
0dcfe44d
faafd9f6
ec5ee3fc
0470e57a
0ce2dd42
ff46ff95
0f8c2094
1d9303e7
067bde2a
f0bfdece
f10ae61c
e988e409
df4ef800
f35d1a7e
138f1bb1
07b7fe90
de0afa6f
d5850e63
e73f1141
ebcf0410
e08ffbd9
d7f704b5
e71414b9
048f1319
1d4802c7
2b09ef65
1ba0e930
fcf2091a
fda12488
010806dc
e663e52a
dbd4ed29
e566fd44
e2d211ec
e7021ba3
e7b00266
ddb5fbae
f6911594
1b491701
115f0e69
fe712222
0daa2b00
184411a3
01c9ff1b
e29f050e
d38f15a7
e8331962
07a9f983
fe53dcba
e587f9b5
edc01e3e
f2141089
dbf5017b
deff1145
f42d1a28
f3231fd1
010e23ed
1f38fdf8
1239de95
fd6d0498
0ab1239e
01a2080c
e06def7c
e10aeab2
f8badf5f
0843d9ff
1047e40d
18f7f66f
1eb1f855
06d6e66a
e0dbf098
e8db138e
0cff1d32
1c3a14b2
1d030e48
1e1904a8
1d87f4a2
1494e303
09fce119
13f1ec4c
2108f20c
195a0001
1ad30eed
26b9fbb7
1c91ebcf
19b605cb
23050e4d
0054fc43
dd8f0ee9
01b720cc
22ca04f2
0531f938
e45f1402
e43d2465
f7031e27
0ed407e3
1ac7ed77
1950df59
08d3e076
eb34f8f1
e3661561
ec34096f
dfeef66e
d95e09a9
ea2016b1
e79505bd
db29fc06
e9fbf3be
efdae403
dd62ef82
deff02bb
eacef033
e7dce36a
fe76fba4
25480261
246af3fa
135bed34
0dd9de85
fffedb26
0031ff2f
1ad318d1
223c0f8d
1c6f00ce
1d11ec89
1563e4ec
1774f8d2
22a5fec3
0d45efaf
e61aedaa
d247f638
de13016e
0692fdca
1647e56e
f811e74d
e0d40761
df8317fa
ea131a28
08d10e23
20c1f5f6
2455edb0
159be9a9
e951ec6e
d97d0741
077a013c
1696def7
f919fbb1
06ed27b0
1fed0333
0b44dc05
0da2f4d6
270dfa67
026ae31d
db26f38d
ff63005b
22cdefbc
1c72fda4
1cdd13a8
16d0f937
f1cadda4
dc86eaf9
e637f617
ea41e98d
eefbe1d4
06e6df99
0fcde07e
ff7bff58
0aa02125
2343048c
09c5dc25
e4b9f324
e78e1242
e7640721
dcc8f7aa
e783ec97
f1f8e10b
eb17e8a1
e2acfb1e
d9fb080b
e16c1170
ffdbff2f
07c7dd2a
f8b1dbec
f041e80d
e110ecca
de3cfb6f
fc58feb8
191febb2
1c5fdaed
0607dedf
ec00ffd4
e7eb1774
e1e707f2
dbaefbaf
fb8af78e
1c81e7af
1c07f158
200307e6
2150f914
12cbe602
1220e334
06eedf7a
e162f825
e5691bb2
0914014e
fe85d9d1
e6eff569
ef311aac
eb86145d
db0e03f3
dec5efb8
e837e65d
013dfa28
234cff0d
2215efb4
110de95b
0855dd86
fb01dc80
00bcfd23
1cfb14ab
27530e69
1c69fb50
0627e78c
e812ebf1
e0ac1172
04e722d9
22fbfb3f
10cfe053
ff880429
0a412315
ff97186a
ec4519e1
085b1d3e
21a7f749
000fd849
e156f090
00ee0e4b
21e1f6c2
ff8fda08
de4cf307
043307bc
222ef15a
0446f790
f1112283
02e82a06
0c2517ec
11f91bef
206e10a2
0ebce641
edffdf9f
002b00b0
238a0b22
17fc0ad4
0a5b1e50
1efd1d56
20ee068d
0a970d69
0e7c1e6d
1fb003a3
0927de46
dffdeeec
e4ab142a
03b10436
04bedd7f
f850d985
f247e681
e361f11a
dcbcfb89
ec33f347
ef30e2a6
e2faec46
e17efeb6
df480471
e33c1271
074c1a33
2325015a
0d8fead2
eb39eb37
d72bef85
dd75fc17
04d3ff0f
19dde96c
ff61e586
e065009a
d9cd188e
e7851725
f9e6f946
ff5edd7f
086be014
18bee9ed
19a0f455
1d37ffda
26fbf40d
16d2e55d
fc08feaf
025e22fe
181a20e2
17541196
0d9118ad
06a2207d
f3a91e9f
eb3f1b92
f74501ca
f913debf
f116d4ba
e8a1ebef
ee6e185c
05c623e3
00fffb7c
e1b6ea94
f53901cd
248af942
206cdfac
0c4ee6fd
176af1a1
20acf3f1
1ad80700
1c2212c2
154ff862
f4bbdf0e
decbe828
e58ff27e
ee84eaf9
f3cbe2dd
ff40dee7
0cdfe197
19e0ea09
1e9ef45c
1b430210
1ccb0c88
225c0438
1d7af1af
1275e8e2
0b72e30d
fe85db79
f0d4e2d0
f3f5f586
00e9000a
0406ff9f
ff2d0072
ff1f011b
0034ff44
ffe9ff53
00390061
ffedfff2
ffc4fff2
00000000
00000000
00000000
00000000
00000000
00000000
00000000
00000000
00000000
00000000
00000000
00000000
00000000
00000000
00000000
00000000
00000000
00000000
00000000
00000000
00000000
00000000
00000000
00000000
00000000
00000000
00000000
00000000
00000000
00000000
00000000
00000000
00000000
00000000
00000000
00000000
00000000
00000000
00000000
00000000
00000000
00000000
00000000
00000000
00000000
00000000
00000000
00000000
00000000
00000000
00000000
00000000
00000000
00000000
00000000
00000000
00000000
00000000
00000000
00000000
00000000
00000000
00000000
00000000
00000000
00000000
00000000
00000000
00000000
00000000
00000000
00000000
00000000
00000000
00000000
00000000
00000000
00000000
00000000
00000000
00000000
00000000
00000000
00000000
00000000
00000000
00000000
00000000
00000000
00000000
00000000
00000000
00000000
00000000
00000000
00000000
00000000
00000000
00000000
00000000
00000000
00000000
00000000
00000000
00000000
00000000
00000000
00000000
00000000
00000000
00000000
00000000
00000000
00000000
00000000
00000000
00000000
00000000
00000000
00000000
00000000
00000000
00000000
00000000
00000000
00000000
00000000
00000000
00000000
00000000
00000000
00000000
00000000
00000000
00000000
00000000
00000000
00000000
00000000
00000000
00000000
00000000
00000000
00000000
00000000
00000000
00000000
00000000
00000000
00000000
00000000
00000000
00000000
00000000
00000000
00000000
00000000
00000000
00000000
00000000
00000000
00000000
00000000
00000000
00000000
00000000
00000000
00000000
00000000
00000000
00000000
00000000
00000000
00000000
00000000
00000000
00000000
00000000
00000000
00000000
00000000
00000000
00000000
00000000
00000000
00000000
00000000
00000000
00000000
00000000
00000000
00000000
00000000
00000000
00000000
00000000
00000000
00000000
00000000
00000000
00000000
00000000
00000000
00000000
00000000
00000000
00000000
00000000
00000000
00000000
00000000
00000000
00000000
00000000
00000000
00000000
00000000
00000000
00000000
00000000
00000000
00000000
00000000
00000000
00000000
00000000
00000000
00000000
00000000
00000000
00000000
00000000
00000000
00000000
00000000
00000000
00000000
00000000
00000000
00000000
00000000
00000000
00000000
00000000
00000000
00000000
00000000
00000000
00000000
00000000
00000000
00000000
00000000
00000000
00000000
00000000
00000000
00000000
00000000
00000000
00000000
00000000
00000000
00000000
00000000
00000000
00000000
00000000
00000000
00000000
00000000
00000000
00000000
00000000
00000000
00000000
00000000
00000000
00000000
00000000
00000000
00000000
00000000
00000000
00000000
00000000
00000000
00000000
00000000
00000000
00000000
00000000
00000000
00000000
00000000
00000000
00000000
00000000
00000000
00000000
00000000
00000000
00000000
00000000
00000000
00000000
00000000
00000000
00000000
00000000
00000000
00000000
00000000
00000000
00000000
00000000
00000000
00000000
00000000
00000000
00000000
00000000
00000000
00000000
00000000
00000000
00000000
00000000
00000000
00000000
00000000
00000000
00000000
00000000
00000000
00000000
00000000
00000000
00000000
00000000
00000000
00000000
00000000
00000000
00000000
00000000
00000000
00000000
00000000
00000000
00000000
00000000
00000000
00000000
00000000
00000000
00000000
00000000
00000000
00000000
00000000
00000000
00000000
00000000
00000000
00000000
00000000
00000000
00000000
00000000
00000000
00000000
00000000
00000000
00000000
00000000
00000000
00000000
00000000
00000000
00000000
00000000
00000000
00000000
00000000
00000000
00000000
00000000
00000000
00000000
00000000
00000000
00000000
00000000
00000000
00000000
00000000
00000000
00000000
00000000
00000000
00000000
00000000
00000000
00000000
00000000
00000000
00000000
00000000
00000000
00000000
00000000
00000000
00000000
00000000
00000000
00000000
00000000
00000000
00000000
00000000
00000000
00000000
00000000
00000000
00000000
00000000
00000000
00000000
00000000
00000000
00000000
00000000
00000000
00000000
00000000
00000000
00000000
00000000
00000000
00000000
00000000
00000000
00000000
00000000
00000000
00000000
00000000
00000000
00000000
00000000
00000000
00000000
00000000
00000000
00000000
00000000
00000000
00000000
00000000
00000000
00000000
00000000
00000000
00000000
00000000
00000000
00000000
00000000
00000000
00000000
00000000
00000000
00000000
00000000
00000000
00000000
00000000
00000000
00000000
00000000
00000000
00000000
00000000
00000000
00000000
00000000
00000000
00000000
00000000
00000000
00000000
00000000
00000000
00000000
00000000
00000000
00000000
00000000
00000000
00000000
00000000
00000000
00000000
00000000
00000000
00000000
00000000
00000000
00000000
00000000
00000000
00000000
00000000
00000000
00000000
00000000
00000000
00000000
00000000
00000000
00000000
00000000
00000000
00000000
00000000
00000000
00000000
00000000
00000000
00000000
00000000
00000000
00000000
00000000
00000000
00000000
00000000
00000000
00000000
00000000
00000000
00000000
00000000
00000000
00000000
00000000
00000000
00000000
00000000
00000000
00000000
00000000
00000000
00000000
00000000
00000000
00000000
00000000
00000000
00000000
00000000
00000000
00000000
00000000
00000000
00000000
00000000
00000000
00000000
00000000
00000000
00000000
00000000
00000000
00000000
00000000
00000000
00000000
00000000
00000000
00000000
00000000
00000000
00000000
00000000
00000000
00000000
00000000
00000000
00000000
00000000
00000000
00000000
00000000
00000000
00000000
00000000
00000000
00000000
00000000
00000000
00000000
00000000
00000000
00000000
00000000
00000000
00000000
00000000
00000000
00000000
00000000
00000000
00000000
00000000
00000000
00000000
00000000
00000000
00000000
00000000
00000000
00000000
00000000
00000000
00000000
00000000
00000000
00000000
00000000
00000000
00000000
00000000
00000000
00000000
00000000
00000000
00000000
00000000
00000000
00000000
00000000
00000000
00000000
00000000
00000000
00000000
00000000
00000000
00000000
00000000
00000000
00000000
00000000
00000000
00000000
00000000
00000000
00000000
00000000
00000000
00000000
00000000
00000000
00000000
00000000
00000000
00000000
00000000
00000000
00000000
00000000
00000000
00000000
00000000
00000000
00000000
00000000
00000000
00000000
00000000
00000000
00000000
00000000
00000000
00000000
00000000
00000000
00000000
00000000
00000000
00000000
00000000
00000000
00000000
00000000
00000000
00000000
00000000
00000000
00000000
00000000
00000000
00000000
00000000
00000000
00000000
00000000
00000000
00000000
00000000
00000000
00000000
00000000
00000000
00000000
00000000
00000000
00000000
00000000
00000000
00000000
00000000
00000000
00000000
00000000
00000000
00000000
00000000
00000000
00000000
00000000
00000000
00000000
00000000
00000000
00000000
00000000
00000000
00000000
00000000
00000000
00000000
00000000
00000000
00000000
00000000
00000000
00000000
00000000
00000000
00000000
00000000
00000000
00000000
00000000
00000000
00000000
00000000
00000000
00000000
00000000
00000000
00000000
00000000
00000000
00000000
00000000
00000000
00000000
00000000
00000000
00000000
00000000
00000000
00000000
00000000
00000000
00000000
00000000
00000000
00000000
00000000
00000000
00000000
00000000
00000000
00000000
00000000
00000000
00000000
00000000
00000000
00000000
00000000
00000000
00000000
00000000
00000000
00000000
00000000
00000000
00000000
00000000
00000000
00000000
00000000
00000000
00000000
00000000
00000000
00000000
00000000
00000000
00000000
00000000
00000000
00000000
00000000
00000000
00000000
00000000
00000000
00000000
00000000
00000000
00000000
00000000
00000000
00000000
00000000
00000000
00000000
00000000
00000000
00000000
00000000
00000000
00000000
00000000
00000000
00000000
00000000
00000000
00000000
00000000
00000000
00000000
00000000
00000000
00000000
00000000
00000000
00000000
00000000
00000000
00000000
00000000
00000000
00000000
00000000
00000000
00000000
00000000
00000000
00000000
00000000
00000000
00000000
00000000
00000000
00000000
00000000
00000000
00000000
00000000
00000000
00000000
00000000
00000000
00000000
00000000
00000000
00000000
00000000
00000000
00000000
00000000
00000000
00000000
00000000
00000000
00000000
00000000
00000000
00000000
00000000
00000000
00000000
00000000
00000000
00000000
00000000
00000000
00000000
00000000
00000000
00000000
00000000
00000000
00000000
00000000
00000000
00000000
00000000
00000000
00000000
00000000
00000000
00000000
00000000
00000000
00000000
00000000
00000000
00000000
00000000
00000000
00000000
00000000
00000000
00000000
00000000
00000000
00000000
00000000
00000000
00000000
00000000
00000000
00000000
00000000
00000000
00000000
00000000
00000000
00000000
00000000
00000000
00000000
00000000
00000000
00000000
00000000
00000000
00000000
00000000
00000000
00000000
00000000
00000000
00000000
00000000
00000000
00000000
00000000
00000000
00000000
00000000
00000000
00000000
00000000
00000000
00000000
00000000
00000000
00000000
00000000
00000000
00000000
00000000
00000000
00000000
00000000
00000000
00000000
00000000
00000000
00000000
00000000
00000000
00000000
00000000
00000000
00000000
00000000
00000000
00000000
00000000
00000000
00000000
00000000
00000000
00000000
00000000
00000000
00000000
00000000
00000000
00000000
00000000
00000000
00000000
00000000
00000000
00000000
00000000
00000000
00000000
00000000
00000000
00000000
00000000
00000000
00000000
00000000
00000000
00000000
00000000
00000000
00000000
00000000
00000000
00000000
00000000
00000000
00000000
00000000
00000000
00000000
00000000
00000000
00000000
00000000
00000000
00000000
00000000
00000000
00000000
00000000
00000000
00000000
00000000
00000000
00000000
00000000
00000000
00000000
00000000
00000000
00000000
00000000
00000000
00000000
00000000
00000000
00000000
00000000
00000000
00000000
00000000
00000000
00000000
00000000
00000000
00000000
00000000
00000000
00000000
00000000
00000000
00000000
00000000
00000000
00000000
00000000
00000000
00000000
00000000
00000000
00000000
00000000
00000000
00000000
00000000
00000000
00000000
00000000
00000000
00000000
00000000
00000000
00000000
00000000
00000000
00000000
00000000
00000000
00000000
00000000
00000000
00000000
00000000
00000000
00000000
00000000
00000000
00000000
00000000
00000000
00000000
00000000
00000000
00000000
00000000
00000000
00000000
00000000
00000000
00000000
00000000
00000000
00000000
00000000
00000000
00000000
00000000
00000000
00000000
00000000
00000000
00000000
00000000
00000000
00000000
00000000
00000000
00000000
00000000
00000000
00000000
00000000
00000000
00000000
00000000
00000000
00000000
00000000
00000000
00000000
00000000
00000000
00000000
00000000
00000000
00000000
00000000
00000000
00000000
00000000
00000000
00000000
00000000
00000000
00000000
00000000
00000000
00000000
00000000
00000000
00000000
00000000
00000000
00000000
00000000
00000000
00000000
00000000
00000000
00000000
00000000
00000000
00000000
00000000
00000000
00000000
00000000
00000000
00000000
00000000
00000000
00000000
00000000
00000000
00000000
00000000
00000000
00000000
00000000
00000000
00000000
00000000
00000000
00000000
00000000
00000000
00000000
00000000
00000000
00000000
00000000
00000000
00000000
00000000
00000000
00000000
00000000
00000000
00000000
00000000
00000000
00000000
00000000
00000000
00000000
00000000
00000000
00000000
00000000
00000000
00000000
00000000
00000000
00000000
00000000
00000000
00000000
00000000
00000000
00000000
00000000
00000000
00000000
00000000
00000000
00000000
00000000
00000000
00000000
00000000
00000000
00000000
00000000
00000000
00000000
00000000
00000000
00000000
00000000
00000000
00000000
00000000
00000000
00000000
00000000
00000000
00000000
00000000
00000000
00000000
00000000
00000000
00000000
00000000
00000000
00000000
00000000
00000000
00000000
00000000
00000000
00000000
00000000
00000000
00000000
00000000
00000000
00000000
00000000
00000000
00000000
00000000
00000000
00000000
00000000
00000000
00000000
00000000
00000000
00000000
00000000
00000000
00000000
00000000
00000000
00000000
00000000
00000000
00000000
00000000
00000000
00000000
00000000
00000000
00000000
00000000
00000000
00000000
00000000
00000000
00000000
00000000
00000000
00000000
00000000
00000000
00000000
00000000
00000000
00000000
00000000
00000000
00000000
00000000
00000000
00000000
00000000
00000000
00000000
00000000
00000000
00000000
00000000
00000000
00000000
00000000
00000000
00000000
00000000
00000000
00000000
00000000
00000000
00000000
00000000
00000000
00000000
00000000
00000000
00000000
00000000
00000000
00000000
00000000
00000000
00000000
00000000
00000000
00000000
00000000
00000000
00000000
00000000
00000000
00000000
00000000
00000000
00000000
00000000
00000000
00000000
00000000
00000000
00000000
00000000
00000000
00000000
00000000
00000000
00000000
00000000
00000000
00000000
00000000
00000000
00000000
00000000
00000000
00000000
00000000
00000000
00000000
00000000
00000000
00000000
00000000
00000000
00000000
00000000
00000000
00000000
00000000
00000000
00000000
00000000
00000000
00000000
00000000
00000000
00000000
00000000
00000000
00000000
00000000
00000000
00000000
00000000
00000000
00000000
00000000
00000000
00000000
00000000
00000000
00000000
00000000
00000000
00000000
00000000
00000000
00000000
00000000
00000000
00000000
00000000
00000000
00000000
00000000
00000000
00000000
00000000
00000000
00000000
00000000
00000000
00000000
00000000
00000000
00000000
00000000
00000000
00000000
00000000
00000000
00000000
00000000
00000000
00000000
00000000
00000000
00000000
00000000
00000000
00000000
00000000
00000000
00000000
00000000
00000000
00000000
00000000
00000000
00000000
00000000
00000000
00000000
00000000
00000000
00000000
00000000
00000000
00000000
00000000
00000000
00000000
00000000
00000000
00000000
00000000
00000000
00000000
00000000
00000000
00000000
00000000
00000000
00000000
00000000
00000000
00000000
00000000
00000000
00000000
00000000
00000000
00000000
00000000
00000000
00000000
00000000
00000000
00000000
00000000
00000000
00000000
00000000
00000000
00000000
00000000
00000000
00000000
00000000
00000000
00000000
00000000
00000000
00000000
00000000
00000000
00000000
00000000
00000000
00000000
00000000
00000000
00000000
00000000
00000000
00000000
00000000
00000000
00000000
00000000
00000000
00000000
00000000
00000000
00000000
00000000
00000000
00000000
00000000
00000000
00000000
00000000
00000000
00000000
00000000
00000000
00000000
00000000
00000000
00000000
00000000
00000000
00000000
00000000
00000000
00000000
00000000
00000000
00000000
00000000
00000000
00000000
00000000
00000000
00000000
00000000
00000000
00000000
00000000
00000000
00000000
00000000
00000000
00000000
00000000
00000000
00000000
00000000
00000000
00000000
00000000
00000000
00000000
00000000
00000000
00000000
00000000
00000000
00000000
00000000
00000000
00000000
00000000
00000000
00000000
00000000
00000000
00000000
00000000
00000000
00000000
00000000
00000000
00000000
00000000
00000000
00000000
00000000
00000000
00000000
00000000
00000000
00000000
00000000
00000000
00000000
00000000
00000000
00000000
00000000
00000000
00000000
00000000
00000000
00000000
00000000
00000000
00000000
00000000
00000000
00000000
00000000
00000000
00000000
00000000
00000000
00000000
00000000
00000000
00000000
00000000
00000000
00000000
00000000
00000000
00000000
00000000
00000000
00000000
00000000
00000000
00000000
00000000
00000000
00000000
00000000
00000000
00000000
00000000
00000000
00000000
00000000
00000000
00000000
00000000
00000000
00000000
00000000
00000000
00000000
00000000
00000000
00000000
00000000
00000000
00000000
00000000
00000000
00000000
00000000
00000000
00000000
00000000
00000000
00000000
00000000
00000000
00000000
00000000
00000000
00000000
00000000
00000000
00000000
00000000
00000000
00000000
00000000
00000000
00000000
00000000
00000000
00000000
00000000
00000000
00000000
00000000
00000000
00000000
00000000
00000000
00000000
00000000
00000000
00000000
00000000
00000000
00000000
00000000
00000000
00000000
00000000
00000000
00000000
00000000
00000000
00000000
00000000
00000000
00000000
00000000
00000000
00000000
00000000
00000000
00000000
00000000
00000000
00000000
00000000
00000000
00000000
00000000
00000000
00000000
00000000
00000000
00000000
00000000
00000000
00000000
00000000
00000000
00000000
00000000
00000000
00000000
00000000
00000000
00000000
00000000
00000000
00000000
00000000
00000000
00000000
00000000
00000000
00000000
00000000
00000000
00000000
00000000
00000000
00000000
00000000
00000000
00000000
00000000
00000000
00000000
00000000
00000000
00000000
00000000
00000000
00000000
00000000
00000000
00000000
00000000
00000000
00000000
00000000
00000000
00000000
00000000
00000000
00000000
00000000
00000000
00000000
00000000
00000000
00000000
00000000
00000000
00000000
00000000
00000000
00000000
00000000
00000000
00000000
00000000
00000000
00000000
00000000
00000000
00000000
00000000
00000000
00000000
00000000
00000000
00000000
00000000
00000000
00000000
00000000
00000000
00000000
00000000
00000000
00000000
00000000
00000000
00000000
00000000
00000000
00000000
00000000
00000000
00000000
00000000
00000000
00000000
00000000
00000000
00000000
00000000
00000000
00000000
00000000
00000000
00000000
00000000
00000000
00000000
00000000
00000000
00000000
00000000
00000000
00000000
00000000
00000000
00000000
00000000
00000000
00000000
00000000
00000000
00000000
00000000
00000000
00000000
00000000
00000000
00000000
00000000
00000000
00000000
00000000
00000000
00000000
00000000
00000000
00000000
00000000
00000000
00000000
00000000
00000000
00000000
00000000
00000000
00000000
00000000
00000000
00000000
00000000
00000000
00000000
00000000
00000000
00000000
00000000
00000000
00000000
00000000
00000000
00000000
00000000
00000000
00000000
00000000
00000000
00000000
00000000
00000000
00000000
00000000
00000000
00000000
00000000
00000000
00000000
00000000
00000000
00000000
00000000
00000000
00000000
00000000
00000000
00000000
00000000
00000000
00000000
00000000
00000000
00000000
00000000
00000000
00000000
00000000
00000000
00000000
00000000
00000000
00000000
00000000
00000000
00000000
00000000
00000000
00000000
00000000
00000000
00000000
00000000
00000000
00000000
00000000
00000000
00000000
00000000
00000000
00000000
00000000
00000000
00000000
00000000
00000000
00000000
00000000
00000000
00000000
00000000
00000000
00000000
00000000
00000000
00000000
00000000
00000000
00000000
00000000
00000000
00000000
00000000
00000000
00000000
00000000
00000000
00000000
00000000
00000000
00000000
00000000
00000000
00000000
00000000
00000000
00000000
00000000
00000000
00000000
00000000
00000000
00000000
00000000
00000000
00000000
00000000
00000000
00000000
00000000
00000000
00000000
00000000
00000000
00000000
00000000
00000000
00000000
00000000
00000000
00000000
00000000
00000000
00000000
00000000
00000000
00000000
00000000
00000000
00000000
00000000
00000000
00000000
00000000
00000000
00000000
00000000
00000000
00000000
00000000
00000000
00000000
00000000
00000000
00000000
00000000
00000000
00000000
00000000
00000000
00000000
00000000
00000000
00000000
00000000
00000000
00000000
00000000
00000000
00000000
00000000
00000000
00000000
00000000
00000000
00000000
00000000
00000000
00000000
00000000
00000000
00000000
00000000
00000000
00000000
00000000
00000000
00000000
00000000
00000000
00000000
00000000
00000000
00000000
00000000
00000000
00000000
00000000
00000000
00000000
00000000
00000000
00000000
00000000
00000000
00000000
00000000
00000000
00000000
00000000
00000000
00000000
00000000
00000000
00000000
00000000
00000000
00000000
00000000
00000000
00000000
00000000
00000000
00000000
00000000
00000000
00000000
00000000
00000000
00000000
00000000
00000000
00000000
00000000
00000000
00000000
00000000
00000000
00000000
00000000
00000000
00000000
00000000
00000000
00000000
00000000
00000000
00000000
00000000
00000000
00000000
00000000
00000000
00000000
00000000
00000000
00000000
00000000
00000000
00000000
00000000
00000000
00000000
00000000
00000000
00000000
00000000
00000000
00000000
00000000
00000000
00000000
00000000
00000000
00000000
00000000
00000000
00000000
00000000
00000000
00000000
00000000
00000000
00000000
00000000
00000000
00000000
00000000
00000000
00000000
00000000
00000000
00000000
00000000
00000000
00000000
00000000
00000000
00000000
00000000
00000000
00000000
00000000
00000000
00000000
00000000
00000000
00000000
00000000
00000000
00000000
00000000
00000000
00000000
00000000
00000000
00000000
00000000
00000000
00000000
00000000
00000000
00000000
00000000
00000000
00000000
00000000
00000000
00000000
00000000
00000000
00000000
00000000
00000000
00000000
00000000
00000000
00000000
00000000
00000000
00000000
00000000
00000000
00000000
00000000
00000000
00000000
00000000
00000000
00000000
00000000
00000000
00000000
00000000
00000000
00000000
00000000
00000000
00000000
00000000
00000000
00000000
00000000
00000000
00000000
00000000
00000000
00000000
00000000
00000000
00000000
00000000
00000000
00000000
00000000
00000000
00000000
00000000
00000000
00000000
00000000
00000000
00000000
00000000
00000000
00000000
00000000
00000000
00000000
00000000
00000000
00000000
00000000
00000000
00000000
00000000
00000000
00000000
00000000
00000000
00000000
00000000
00000000
00000000
00000000
00000000
00000000
00000000
00000000
00000000
00000000
00000000
00000000
00000000
00000000
00000000
00000000
00000000
00000000
00000000
00000000
00000000
00000000
00000000
00000000
00000000
00000000
00000000
00000000
00000000
00000000
00000000
00000000
00000000
00000000
00000000
00000000
00000000
00000000
00000000
00000000
00000000
00000000
00000000
00000000
00000000
00000000
00000000
00000000
00000000
00000000
00000000
00000000
00000000
00000000
00000000
00000000
00000000
00000000
00000000
00000000
00000000
00000000
00000000
00000000
00000000
00000000
00000000
00000000
00000000
00000000
00000000
00000000
00000000
00000000
00000000
00000000
00000000
00000000
00000000
00000000
00000000
00000000
00000000
00000000
00000000
00000000
00000000
00000000
00000000
00000000
00000000
00000000
00000000
00000000
00000000
00000000
00000000
00000000
00000000
00000000
00000000
00000000
00000000
00000000
00000000
00000000
00000000
00000000
00000000
00000000
00000000
00000000
00000000
00000000
00000000
00000000
00000000
00000000
00000000
00000000
00000000
00000000
00000000
00000000
00000000
00000000
00000000
00000000
00000000
00000000
00000000
00000000
00000000
00000000
00000000
00000000
00000000
00000000
00000000
00000000
00000000
00000000
00000000
00000000
00000000
00000000
00000000
00000000
00000000
00000000
00000000
00000000
00000000
00000000
00000000
00000000
00000000
00000000
00000000
00000000
00000000
00000000
00000000
00000000
00000000
00000000
00000000
00000000
00000000
00000000
00000000
00000000
00000000
00000000
00000000
00000000
00000000
00000000
00000000
00000000
00000000
00000000
00000000
00000000
00000000
00000000
00000000
00000000
00000000
00000000
00000000
00000000
00000000
00000000
00000000
00000000
00000000
00000000
00000000
00000000
00000000
00000000
00000000
00000000
00000000
00000000
00000000
00000000
00000000
00000000
00000000
00000000
00000000
00000000
00000000
00000000
00000000
00000000
00000000
00000000
00000000
00000000
00000000
00000000
00000000
00000000
00000000
00000000
00000000
00000000
00000000
00000000
00000000
00000000
00000000
00000000
00000000
00000000
00000000
00000000
00000000
00000000
00000000
00000000
00000000
00000000
00000000
00000000
00000000
00000000
00000000
00000000
00000000
00000000
00000000
00000000
00000000
00000000
00000000
00000000
00000000
00000000
00000000
00000000
00000000
00000000
00000000
00000000
00000000
00000000
00000000
00000000
00000000
00000000
00000000
00000000
00000000
00000000
00000000
00000000
00000000
00000000
00000000
00000000
00000000
00000000
00000000
00000000
00000000
00000000
00000000
00000000
00000000
00000000
00000000
00000000
00000000
00000000
00000000
00000000
00000000
00000000
00000000
00000000
00000000
00000000
00000000
00000000
00000000
00000000
00000000
00000000
00000000
00000000
00000000
00000000
00000000
00000000
00000000
00000000
00000000
00000000
00000000
00000000
00000000
00000000
00000000
00000000
00000000
00000000
00000000
00000000
00000000
00000000
00000000
00000000
00000000
00000000
00000000
00000000
00000000
00000000
00000000
00000000
00000000
00000000
00000000
00000000
00000000
00000000
00000000
00000000
00000000
00000000
00000000
00000000
00000000
00000000
00000000
00000000
00000000
00000000
00000000
00000000
00000000
00000000
00000000
00000000
00000000
00000000
00000000
00000000
00000000
00000000
00000000
00000000
00000000
00000000
00000000
00000000
00000000
00000000
00000000
00000000
00000000
00000000
00000000
00000000
00000000
00000000
00000000
00000000
00000000
00000000
00000000
00000000
00000000
00000000
00000000
00000000
00000000
00000000
00000000
00000000
00000000
00000000
00000000
00000000
00000000
00000000
00000000
00000000
00000000
00000000
00000000
00000000
00000000
00000000
00000000
00000000
00000000
00000000
00000000
00000000
00000000
00000000
00000000
00000000
00000000
00000000
00000000
00000000
00000000
00000000
00000000
00000000
00000000
00000000
00000000
00000000
00000000
00000000
00000000
00000000
00000000
00000000
00000000
00000000
00000000
00000000
00000000
00000000
00000000
00000000
00000000
00000000
00000000
00000000
00000000
00000000
00000000
00000000
00000000
00000000
00000000
00000000
00000000
00000000
00000000
00000000
00000000
00000000
00000000
00000000
00000000
00000000
00000000
00000000
00000000
00000000
00000000
00000000
00000000
00000000
00000000
00000000
00000000
00000000
00000000
00000000
00000000
00000000
00000000
00000000
00000000
00000000
00000000
00000000
00000000
00000000
00000000
00000000
00000000
00000000
00000000
00000000
00000000
00000000
00000000
00000000
00000000
00000000
00000000
00000000
00000000
00000000
00000000
00000000
00000000
00000000
00000000
00000000
00000000
00000000
00000000
00000000
00000000
00000000
00000000
00000000
00000000
00000000
00000000
00000000
00000000
00000000
00000000
00000000
00000000
00000000
00000000
00000000
00000000
00000000
00000000
00000000
00000000
00000000
00000000
00000000
00000000
00000000
00000000
00000000
00000000
00000000
00000000
00000000
00000000
00000000
00000000
00000000
00000000
00000000
00000000
00000000
00000000
00000000
00000000
00000000
00000000
00000000
00000000
00000000
00000000
00000000
00000000
00000000
00000000
00000000
00000000
00000000
00000000
00000000
00000000
00000000
00000000
00000000
00000000
00000000
00000000
00000000
00000000
00000000
00000000
00000000
00000000
00000000
00000000
00000000
00000000
00000000
00000000
00000000
00000000
00000000
00000000
00000000
00000000
00000000
00000000
00000000
00000000
00000000
00000000
00000000
00000000
00000000
00000000
00000000
00000000
00000000
00000000
00000000
00000000
00000000
00000000
00000000
00000000
00000000
00000000
00000000
00000000
00000000
00000000
00000000
00000000
00000000
00000000
00000000
00000000
00000000
00000000
00000000
00000000
00000000
00000000
00000000
00000000
00000000
00000000
00000000
00000000
00000000
00000000
00000000
00000000
00000000
00000000
00000000
00000000
00000000
00000000
00000000
00000000
00000000
00000000
00000000
00000000
00000000
00000000
00000000
00000000
00000000
00000000
00000000
00000000
00000000
00000000
00000000
00000000
00000000
00000000
00000000
00000000
00000000
00000000
00000000
00000000
00000000
00000000
00000000
00000000
00000000
00000000
00000000
00000000
00000000
00000000
00000000
00000000
00000000
00000000
00000000
00000000
00000000
00000000
00000000
00000000
00000000
00000000
00000000
00000000
00000000
00000000
00000000
00000000
00000000
00000000
00000000
00000000
00000000
00000000
00000000
00000000
00000000
00000000
00000000
00000000
00000000
00000000
00000000
00000000
00000000
00000000
00000000
00000000
00000000
00000000
00000000
00000000
00000000
00000000
00000000
00000000
00000000
00000000
00000000
00000000
00000000
00000000
00000000
00000000
00000000
00000000
00000000
00000000
00000000
00000000
00000000
00000000
00000000
00000000
00000000
00000000
00000000
00000000
00000000
00000000
00000000
00000000
00000000
00000000
00000000
00000000
00000000
00000000
00000000
00000000
00000000
00000000
00000000
00000000
00000000
00000000
00000000
00000000
00000000
00000000
00000000
00000000
00000000
00000000
00000000
00000000
00000000
00000000
00000000
00000000
00000000
00000000
00000000
00000000
00000000
00000000
00000000
00000000
00000000
00000000
00000000
00000000
00000000
00000000
00000000
00000000
00000000
00000000
00000000
00000000
00000000
00000000
00000000
00000000
00000000
00000000
00000000
00000000
00000000
00000000
00000000
00000000
00000000
00000000
00000000
00000000
00000000
00000000
00000000
00000000
00000000
00000000
00000000
00000000
00000000
00000000
00000000
00000000
00000000
00000000
00000000
00000000
00000000
00000000
00000000
00000000
00000000
00000000
00000000
00000000
00000000
00000000
00000000
00000000
00000000
00000000
00000000
00000000
00000000
00000000
00000000
00000000
00000000
00000000
00000000
00000000
00000000
00000000
00000000
00000000
00000000
00000000
00000000
00000000
00000000
00000000
00000000
00000000
00000000
00000000
00000000
00000000
00000000
00000000
00000000
00000000
00000000
00000000
00000000
00000000
00000000
00000000
00000000
00000000
00000000
00000000
00000000
00000000
00000000
00000000
00000000
00000000
00000000
00000000
00000000
00000000
00000000
00000000
00000000
00000000
00000000
00000000
00000000
00000000
00000000
00000000
00000000
00000000
00000000
00000000
00000000
00000000
00000000
00000000
00000000
00000000
00000000
00000000
00000000
00000000
00000000
00000000
00000000
00000000
00000000
00000000
00000000
00000000
00000000
00000000
00000000
00000000
00000000
00000000
00000000
00000000
00000000
00000000
00000000
00000000
00000000
00000000
00000000
00000000
00000000
00000000
00000000
00000000
00000000
00000000
00000000
00000000
00000000
00000000
00000000
00000000
00000000
00000000
00000000
00000000
00000000
00000000
00000000
00000000
00000000
00000000
00000000
00000000
00000000
00000000
00000000
00000000
00000000
00000000
00000000
00000000
00000000
00000000
00000000
00000000
00000000
00000000
00000000
00000000
00000000
00000000
00000000
00000000
00000000
00000000
00000000
00000000
00000000
00000000
00000000
00000000
00000000
00000000
00000000
00000000
00000000
00000000
00000000
00000000
00000000
00000000
00000000
00000000
00000000
00000000
00000000
00000000
00000000
00000000
00000000
00000000
00000000
00000000
00000000
00000000
00000000
00000000
00000000
00000000
00000000
00000000
00000000
00000000
00000000
00000000
00000000
00000000
00000000
00000000
00000000
00000000
00000000
00000000
00000000
00000000
00000000
00000000
00000000
00000000
00000000
00000000
00000000
00000000
00000000
00000000
00000000
00000000
00000000
00000000
00000000
00000000
00000000
00000000
00000000
00000000
00000000
00000000
00000000
00000000
00000000
00000000
00000000
00000000
00000000
00000000
00000000
00000000
00000000
00000000
00000000
00000000
00000000
00000000
00000000
00000000
00000000
00000000
00000000
00000000
00000000
00000000
00000000
00000000
00000000
00000000
00000000
00000000
00000000
00000000
00000000
00000000
00000000
00000000
00000000
00000000
00000000
00000000
00000000
00000000
00000000
00000000
00000000
00000000
00000000
00000000
00000000
00000000
00000000
00000000
00000000
00000000
00000000
00000000
00000000
00000000
00000000
00000000
00000000
00000000
00000000
00000000
00000000
00000000
00000000
00000000
00000000
00000000
00000000
00000000
00000000
00000000
00000000
00000000
00000000
00000000
00000000
00000000
00000000
00000000
00000000
00000000
00000000
00000000
00000000
00000000
00000000
00000000
00000000
00000000
00000000
00000000
00000000
00000000
00000000
00000000
00000000
00000000
00000000
00000000
00000000
00000000
00000000
00000000
00000000
00000000
00000000
00000000
00000000
00000000
00000000
00000000
00000000
00000000
00000000
00000000
00000000
00000000
00000000
00000000
00000000
00000000
00000000
00000000
00000000
00000000
00000000
00000000
00000000
00000000
00000000
00000000
00000000
00000000
00000000
00000000
00000000
00000000
00000000
00000000
00000000
00000000
00000000
00000000
00000000
00000000
00000000
00000000
00000000
00000000
00000000
00000000
00000000
00000000
00000000
00000000
00000000
00000000
00000000
00000000
00000000
00000000
00000000
00000000
00000000
00000000
00000000
00000000
00000000
00000000
00000000
00000000
00000000
00000000
00000000
00000000
00000000
00000000
00000000
00000000
00000000
00000000
00000000
00000000
00000000
00000000
00000000
00000000
00000000
00000000
00000000
00000000
00000000
00000000
00000000
00000000
00000000
00000000
00000000
00000000
00000000
00000000
00000000
00000000
00000000
00000000
00000000
00000000
00000000
00000000
00000000
00000000
00000000
00000000
00000000
00000000
00000000
00000000
00000000
00000000
00000000
00000000
00000000
00000000
00000000
00000000
00000000
00000000
00000000
00000000
00000000
00000000
00000000
00000000
00000000
00000000
00000000
00000000
00000000
00000000
00000000
00000000
00000000
00000000
00000000
00000000
00000000
00000000
00000000
00000000
00000000
00000000
00000000
00000000
00000000
00000000
00000000
00000000
00000000
00000000
00000000
00000000
00000000
00000000
00000000
00000000
00000000
00000000
00000000
00000000
00000000
00000000
00000000
00000000
00000000
00000000
00000000
00000000
00000000
00000000
00000000
00000000
00000000
00000000
00000000
00000000
00000000
00000000
00000000
00000000
00000000
00000000
00000000
00000000
00000000
00000000
00000000
00000000
00000000
00000000
00000000
00000000
00000000
00000000
00000000
00000000
00000000
00000000
00000000
00000000
00000000
00000000
00000000
00000000
00000000
00000000
00000000
00000000
00000000
00000000
00000000
00000000
00000000
00000000
00000000
00000000
00000000
00000000
00000000
00000000
00000000
00000000
00000000
00000000
00000000
00000000
00000000
00000000
00000000
00000000
00000000
00000000
00000000
00000000
00000000
00000000
00000000
00000000
00000000
00000000
00000000
00000000
00000000
00000000
00000000
00000000
00000000
00000000
00000000
00000000
00000000
00000000
00000000
00000000
00000000
00000000
00000000
00000000
00000000
00000000
00000000
00000000
00000000
00000000
00000000
00000000
00000000
00000000
00000000
00000000
00000000
00000000
00000000
00000000
00000000
00000000
00000000
00000000
00000000
00000000
00000000
00000000
00000000
00000000
00000000
00000000
00000000
00000000
00000000
00000000
00000000
00000000
00000000
00000000
00000000
00000000
00000000
00000000
00000000
00000000
00000000
00000000
00000000
00000000
00000000
00000000
00000000
00000000
00000000
00000000
00000000
00000000
00000000
00000000
00000000
00000000
00000000
00000000
00000000
00000000
00000000
00000000
00000000
00000000
00000000
00000000
00000000
00000000
00000000
00000000
00000000
00000000
00000000
00000000
00000000
00000000
00000000
00000000
00000000
00000000
00000000
00000000
00000000
00000000
00000000
00000000
00000000
00000000
00000000
00000000
00000000
00000000
00000000
00000000
00000000
00000000
00000000
00000000
00000000
00000000
00000000
00000000
00000000
00000000
00000000
00000000
00000000
00000000
00000000
00000000
00000000
00000000
00000000
00000000
00000000
00000000
00000000
00000000
00000000
00000000
00000000
00000000
00000000
00000000
00000000
00000000
00000000
00000000
00000000
00000000
00000000
00000000
00000000
00000000
00000000
00000000
00000000
00000000
00000000
00000000
00000000
00000000
00000000
00000000
00000000
00000000
00000000
00000000
00000000
00000000
00000000
00000000
00000000
00000000
00000000
00000000
00000000
00000000
00000000
00000000
00000000
00000000
00000000
00000000
00000000
00000000
00000000
00000000
00000000
00000000
00000000
00000000
00000000
00000000
00000000
00000000
00000000
00000000
00000000
00000000
00000000
00000000
00000000
00000000
00000000
00000000
00000000
00000000
00000000
00000000
00000000
00000000
00000000
00000000
00000000
00000000
00000000
00000000
00000000
00000000
00000000
00000000
00000000
00000000
00000000
00000000
00000000
00000000
00000000
00000000
00000000
00000000
00000000
00000000
00000000
00000000
00000000
00000000
00000000
00000000
00000000
00000000
00000000
00000000
00000000
00000000
00000000
00000000
00000000
00000000
00000000
00000000
00000000
00000000
00000000
00000000
00000000
00000000
00000000
00000000
00000000
00000000
00000000
00000000
00000000
00000000
00000000
00000000
00000000
00000000
00000000
00000000
00000000
00000000
00000000
00000000
00000000
00000000
00000000
00000000
00000000
00000000
00000000
00000000
00000000
00000000
00000000
00000000
00000000
00000000
00000000
00000000
00000000
00000000
00000000
00000000
00000000
00000000
00000000
00000000
00000000
00000000
00000000
00000000
00000000
00000000
00000000
00000000
00000000
00000000
00000000
00000000
00000000
00000000
00000000
00000000
00000000
00000000
00000000
00000000
00000000
00000000
00000000
00000000
00000000
00000000
00000000
00000000
00000000
00000000
00000000
00000000
00000000
00000000
00000000
00000000
00000000
00000000
00000000
00000000
00000000
00000000
00000000
00000000
00000000
00000000
00000000
00000000
00000000
00000000
00000000
00000000
00000000
00000000
00000000
00000000
00000000
00000000
00000000
00000000
00000000
00000000
00000000
00000000
00000000
00000000
00000000
00000000
00000000
00000000
00000000
00000000
00000000
00000000
00000000
00000000
00000000
00000000
00000000
00000000
00000000
00000000
00000000
00000000
00000000
00000000
00000000
00000000
00000000
00000000
00000000
00000000
00000000
00000000
00000000
00000000
00000000
00000000
00000000
00000000
00000000
00000000
00000000
00000000
00000000
00000000
00000000
00000000
00000000
00000000
00000000
00000000
00000000
00000000
00000000
00000000
00000000
00000000
00000000
00000000
00000000
00000000
00000000
00000000
00000000
00000000
00000000
00000000
00000000
00000000
00000000
00000000
00000000
00000000
00000000
00000000
00000000
00000000
00000000
00000000
00000000
00000000
00000000
00000000
00000000
00000000
00000000
00000000
00000000
00000000
00000000
00000000
00000000
00000000
00000000
00000000
00000000
00000000
00000000
00000000
00000000
00000000
00000000
00000000
00000000
00000000
00000000
00000000
00000000
00000000
00000000
00000000
00000000
00000000
00000000
00000000
00000000
00000000
00000000
00000000
00000000
00000000
00000000
00000000
00000000
00000000
00000000
00000000
00000000
00000000
00000000
00000000
00000000
00000000
00000000
00000000
00000000
00000000
00000000
00000000
00000000
00000000
00000000
00000000
00000000
00000000
00000000
00000000
00000000
00000000
00000000
00000000
00000000
00000000
00000000
00000000
00000000
00000000
00000000
00000000
00000000
00000000
00000000
00000000
00000000
00000000
00000000
00000000
00000000
00000000
00000000
00000000
00000000
00000000
00000000
00000000
00000000
00000000
00000000
00000000
00000000
00000000
00000000
00000000
00000000
00000000
00000000
00000000
00000000
00000000
00000000
00000000
00000000
00000000
00000000
00000000
00000000
00000000
00000000
00000000
00000000
00000000
00000000
00000000
00000000
00000000
00000000
00000000
00000000
00000000
00000000
00000000
00000000
00000000
00000000
00000000
00000000
00000000
00000000
00000000
00000000
00000000
00000000
00000000
00000000
00000000
00000000
00000000
00000000
00000000
00000000
00000000
00000000
00000000
00000000
00000000
00000000
00000000
00000000
00000000
00000000
00000000
00000000
00000000
00000000
00000000
00000000
00000000
00000000
00000000
00000000
00000000
00000000
00000000
00000000
00000000
00000000
00000000
00000000
00000000
00000000
00000000
00000000
00000000
00000000
00000000
00000000
00000000
00000000
00000000
00000000
00000000
00000000
00000000
00000000
00000000
00000000
00000000
00000000
00000000
00000000
00000000
00000000
00000000
00000000
00000000
00000000
00000000
00000000
00000000
00000000
00000000
00000000
00000000
00000000
00000000
00000000
00000000
00000000
00000000
00000000
00000000
00000000
00000000
00000000
00000000
00000000
00000000
00000000
00000000
00000000
00000000
00000000
00000000
00000000
00000000
00000000
00000000
00000000
00000000
00000000
00000000
00000000
00000000
00000000
00000000
00000000
00000000
00000000
00000000
00000000
00000000
00000000
00000000
00000000
00000000
00000000
00000000
00000000
00000000
00000000
00000000
00000000
00000000
00000000
00000000
00000000
00000000
00000000
00000000
00000000
00000000
00000000
00000000
00000000
00000000
00000000
00000000
00000000
00000000
00000000
00000000
00000000
00000000
00000000
00000000
00000000
00000000
00000000
00000000
00000000
00000000
00000000
00000000
00000000
00000000
00000000
00000000
00000000
00000000
00000000
00000000
00000000
00000000
00000000
00000000
00000000
00000000
00000000
00000000
00000000
00000000
00000000
00000000
00000000
00000000
00000000
00000000
00000000
00000000
00000000
00000000
00000000
00000000
00000000
00000000
00000000
00000000
00000000
00000000
00000000
00000000
00000000
00000000
00000000
00000000
00000000
00000000
00000000
00000000
00000000
00000000
00000000
00000000
00000000
00000000
00000000
00000000
00000000
00000000
00000000
00000000
00000000
00000000
00000000
00000000
00000000
00000000
00000000
00000000
00000000
00000000
00000000
00000000
00000000
00000000
00000000
00000000
00000000
00000000
00000000
00000000
00000000
00000000
00000000
00000000
00000000
00000000
00000000
00000000
00000000
00000000
00000000
00000000
00000000
00000000
00000000
00000000
00000000
00000000
00000000
00000000
00000000
00000000
00000000
00000000
00000000
00000000
00000000
00000000
00000000
00000000
00000000
00000000
00000000
00000000
00000000
00000000
00000000
00000000
00000000
00000000
00000000
00000000
00000000
00000000
00000000
00000000
00000000
00000000
00000000
00000000
00000000
00000000
00000000
00000000
00000000
00000000
00000000
00000000
00000000
00000000
00000000
00000000
00000000
00000000
00000000
00000000
00000000
00000000
00000000
00000000
00000000
00000000
00000000
00000000
00000000
00000000
00000000
00000000
00000000
00000000
00000000
00000000
00000000
00000000
00000000
00000000
00000000
00000000
00000000
00000000
00000000
00000000
00000000
00000000
00000000
00000000
00000000
00000000
00000000
00000000
00000000
00000000
00000000
00000000
00000000
00000000
00000000
00000000
00000000
00000000
00000000
00000000
00000000
00000000
00000000
00000000
00000000
00000000
00000000
00000000
00000000
00000000
00000000
00000000
00000000
00000000
00000000
00000000
00000000
00000000
00000000
00000000
00000000
00000000
00000000
00000000
00000000
00000000
00000000
00000000
00000000
00000000
00000000
00000000
00000000
00000000
00000000
00000000
00000000
00000000
00000000
00000000
00000000
00000000
00000000
00000000
00000000
00000000
00000000
00000000
00000000
00000000
00000000
00000000
00000000
00000000
00000000
00000000
00000000
00000000
00000000
00000000
00000000
00000000
00000000
00000000
00000000
00000000
00000000
00000000
00000000
00000000
00000000
00000000
00000000
00000000
00000000
00000000
00000000
00000000
00000000
00000000
00000000
00000000
00000000
00000000
00000000
00000000
00000000
00000000
00000000
00000000
00000000
00000000
00000000
00000000
00000000
00000000
00000000
00000000
00000000
00000000
00000000
00000000
00000000
00000000
00000000
00000000
00000000
00000000
00000000
00000000
00000000
00000000
00000000
00000000
00000000
00000000
00000000
00000000
00000000
00000000
00000000
00000000
00000000
00000000
00000000
00000000
00000000
00000000
00000000
00000000
00000000
00000000
00000000
00000000
00000000
00000000
00000000
00000000
00000000
00000000
00000000
00000000
00000000
00000000
00000000
00000000
00000000
00000000
00000000
00000000
00000000
00000000
00000000
00000000
00000000
00000000
00000000
00000000
00000000
00000000
00000000
00000000
00000000
00000000
00000000
00000000
00000000
00000000
00000000
00000000
00000000
00000000
00000000
00000000
00000000
00000000
00000000
00000000
00000000
00000000
00000000
00000000
00000000
00000000
00000000
00000000
00000000
00000000
00000000
00000000
00000000
00000000
00000000
00000000
00000000
00000000
00000000
00000000
00000000
00000000
00000000
00000000
00000000
00000000
00000000
00000000
00000000
00000000
00000000
00000000
00000000
00000000
00000000
00000000
00000000
00000000
00000000
00000000
00000000
00000000
00000000
00000000
00000000
00000000
00000000
00000000
00000000
00000000
00000000
00000000
00000000
00000000
00000000
00000000
00000000
00000000
00000000
00000000
00000000
00000000
00000000
00000000
00000000
00000000
00000000
00000000
00000000
00000000
00000000
00000000
00000000
00000000
00000000
00000000
00000000
00000000
00000000
00000000
00000000
00000000
00000000
00000000
00000000
00000000
00000000
00000000
00000000
00000000
00000000
00000000
00000000
00000000
00000000
00000000
00000000
00000000
00000000
00000000
00000000
00000000
00000000
00000000
00000000
00000000
00000000
00000000
00000000
00000000
00000000
00000000
00000000
00000000
00000000
00000000
00000000
00000000
00000000
00000000
00000000
00000000
00000000
00000000
00000000
00000000
00000000
00000000
00000000
00000000
00000000
00000000
00000000
00000000
00000000
00000000
00000000
00000000
00000000
00000000
00000000
00000000
00000000
00000000
00000000
00000000
00000000
00000000
00000000
00000000
00000000
00000000
00000000
00000000
00000000
00000000
00000000
00000000
00000000
00000000
00000000
00000000
00000000
00000000
00000000
00000000
00000000
00000000
00000000
00000000
00000000
00000000
00000000
00000000
00000000
00000000
00000000
00000000
00000000
00000000
00000000
00000000
00000000
00000000
00000000
00000000
00000000
00000000
00000000
00000000
00000000
00000000
00000000
00000000
00000000
00000000
00000000
00000000
00000000
00000000
00000000
00000000
00000000
00000000
00000000
00000000
00000000
00000000
00000000
00000000
00000000
00000000
00000000
00000000
00000000
00000000
00000000
00000000
00000000
00000000
00000000
00000000
00000000
00000000
00000000
00000000
00000000
00000000
00000000
00000000
00000000
00000000
00000000
00000000
00000000
00000000
00000000
00000000
00000000
00000000
00000000
00000000
00000000
00000000
00000000
00000000
00000000
00000000
00000000
00000000
00000000
00000000
00000000
00000000
00000000
00000000
00000000
00000000
00000000
00000000
00000000
00000000
00000000
00000000
00000000
00000000
00000000
00000000
00000000
00000000
00000000
00000000
00000000
00000000
00000000
00000000
00000000
00000000
00000000
00000000
00000000
00000000
00000000
00000000
00000000
00000000
00000000
00000000
00000000
00000000
00000000
00000000
00000000
00000000
00000000
00000000
00000000
00000000
00000000
00000000
00000000
00000000
00000000
00000000
00000000
00000000
00000000
00000000
00000000
00000000
00000000
00000000
00000000
00000000
00000000
00000000
00000000
00000000
00000000
00000000
00000000
00000000
00000000
00000000
00000000
00000000
00000000
00000000
00000000
00000000
00000000
00000000
00000000
00000000
00000000
00000000
00000000
00000000
00000000
00000000
00000000
00000000
00000000
00000000
00000000
00000000
00000000
00000000
00000000
00000000
00000000
00000000
00000000
00000000
00000000
00000000
00000000
00000000
00000000
00000000
00000000
00000000
00000000
00000000
00000000
00000000
00000000
00000000
00000000
00000000
00000000
00000000
00000000
00000000
00000000
00000000
00000000
00000000
00000000
00000000
00000000
00000000
00000000
00000000
00000000
00000000
00000000
00000000
00000000
00000000
00000000
00000000
00000000
00000000
00000000
00000000
00000000
00000000
00000000
00000000
00000000
00000000
00000000
00000000
00000000
00000000
00000000
00000000
00000000
00000000
00000000
00000000
00000000
00000000
00000000
00000000
00000000
00000000
00000000
00000000
00000000
00000000
00000000
00000000
00000000
00000000
00000000
00000000
00000000
00000000
00000000
00000000
00000000
00000000
00000000
00000000
00000000
00000000
00000000
00000000
00000000
00000000
00000000
00000000
00000000
00000000
00000000
00000000
00000000
00000000
00000000
00000000
00000000
00000000
00000000
00000000
00000000
00000000
00000000
00000000
00000000
00000000
00000000
00000000
00000000
00000000
00000000
00000000
00000000
00000000
00000000
00000000
00000000
00000000
00000000
00000000
00000000
00000000
00000000
00000000
00000000
00000000
00000000
00000000
00000000
00000000
00000000
00000000
00000000
00000000
00000000
00000000
00000000
00000000
00000000
00000000
00000000
00000000
00000000
00000000
00000000
00000000
00000000
00000000
00000000
00000000
00000000
00000000
00000000
00000000
00000000
00000000
00000000
00000000
00000000
00000000
00000000
00000000
00000000
00000000
00000000
00000000
00000000
00000000
00000000
00000000
00000000
00000000
00000000
00000000
00000000
00000000
00000000
00000000
00000000
00000000
00000000
00000000
00000000
00000000
00000000
00000000
00000000
00000000
00000000
00000000
00000000
00000000
00000000
00000000
00000000
00000000
00000000
00000000
00000000
00000000
00000000
00000000
00000000
00000000
00000000
00000000
00000000
00000000
00000000
00000000
00000000
00000000
00000000
00000000
00000000
00000000
00000000
00000000
00000000
00000000
00000000
00000000
00000000
00000000
00000000
00000000
00000000
00000000
00000000
00000000
00000000
00000000
00000000
00000000
00000000
00000000
00000000
00000000
00000000
00000000
00000000
00000000
00000000
00000000
00000000
00000000
00000000
00000000
00000000
00000000
00000000
00000000
00000000
00000000
00000000
00000000
00000000
00000000
00000000
00000000
00000000
00000000
00000000
00000000
00000000
00000000
00000000
00000000
00000000
00000000
00000000
00000000
00000000
00000000
00000000
00000000
00000000
00000000
00000000
00000000
00000000
00000000
00000000
00000000
00000000
00000000
00000000
00000000
00000000
00000000
00000000
00000000
00000000
00000000
00000000
00000000
00000000
00000000
00000000
00000000
00000000
00000000
00000000
00000000
00000000
00000000
00000000
00000000
00000000
00000000
00000000
00000000
00000000
00000000
00000000
00000000
00000000
00000000
00000000
00000000
00000000
00000000
00000000
00000000
00000000
00000000
00000000
00000000
00000000
00000000
00000000
00000000
00000000
00000000
00000000
00000000
00000000
00000000
00000000
00000000
00000000
00000000
00000000
00000000
00000000
00000000
00000000
00000000
00000000
00000000
00000000
00000000
00000000
00000000
00000000
00000000
00000000
00000000
00000000
00000000
00000000
00000000
00000000
00000000
00000000
00000000
00000000
00000000
00000000
00000000
00000000
00000000
00000000
00000000
00000000
00000000
00000000
00000000
00000000
00000000
00000000
00000000
00000000
00000000
00000000
00000000
00000000
00000000
00000000
00000000
00000000
00000000
00000000
00000000
00000000
00000000
00000000
00000000
00000000
00000000
00000000
00000000
00000000
00000000
00000000
00000000
00000000
00000000
00000000
00000000
00000000
00000000
00000000
00000000
00000000
00000000
00000000
00000000
00000000
00000000
00000000
00000000
00000000
00000000
00000000
00000000
00000000
00000000
00000000
00000000
00000000
00000000
00000000
00000000
00000000
00000000
00000000
00000000
00000000
00000000
00000000
00000000
00000000
00000000
00000000
00000000
00000000
00000000
00000000
00000000
00000000
00000000
00000000
00000000
00000000
00000000
00000000
00000000
00000000
00000000
00000000
00000000
00000000
00000000
00000000
00000000
00000000
00000000
00000000
00000000
00000000
00000000
00000000
00000000
00000000
00000000
00000000
00000000
00000000
00000000
00000000
00000000
00000000
00000000
00000000
00000000
00000000
00000000
00000000
00000000
00000000
00000000
00000000
00000000
00000000
00000000
00000000
00000000
00000000
00000000
00000000
00000000
00000000
00000000
00000000
00000000
00000000
00000000
00000000
00000000
00000000
00000000
00000000
00000000
00000000
00000000
00000000
00000000
00000000
00000000
00000000
00000000
00000000
00000000
00000000
00000000
00000000
00000000
00000000
00000000
00000000
00000000
00000000
00000000
00000000
00000000
00000000
00000000
00000000
00000000
00000000
00000000
00000000
00000000
00000000
00000000
00000000
00000000
00000000
00000000
00000000
00000000
00000000
00000000
00000000
00000000
00000000
00000000
00000000
00000000
00000000
00000000
00000000
00000000
00000000
00000000
00000000
00000000
00000000
00000000
00000000
00000000
00000000
00000000
00000000
00000000
00000000
00000000
00000000
00000000
00000000
00000000
00000000
00000000
00000000
00000000
00000000
00000000
00000000
00000000
00000000
00000000
00000000
00000000
00000000
00000000
00000000
00000000
00000000
00000000
00000000
00000000
00000000
00000000
00000000
00000000
00000000
00000000
00000000
00000000
00000000
00000000
00000000
00000000
00000000
00000000
00000000
00000000
00000000
00000000
00000000
00000000
00000000
00000000
00000000
00000000
00000000
00000000
00000000
00000000
00000000
00000000
00000000
00000000
00000000
00000000
00000000
00000000
00000000
00000000
00000000
00000000
00000000
00000000
00000000
00000000
00000000
00000000
00000000
00000000
00000000
00000000
00000000
00000000
00000000
00000000
00000000
00000000
00000000
00000000
00000000
00000000
00000000
00000000
00000000
00000000
00000000
00000000
00000000
00000000
00000000
00000000
00000000
00000000
00000000
00000000
00000000
00000000
00000000
00000000
00000000
00000000
00000000
00000000
00000000
00000000
00000000
00000000
00000000
00000000
00000000
00000000
00000000
00000000
00000000
00000000
00000000
00000000
00000000
00000000
00000000
00000000
00000000
00000000
00000000
00000000
00000000
00000000
00000000
00000000
00000000
00000000
00000000
00000000
00000000
00000000
00000000
00000000
00000000
00000000
00000000
00000000
00000000
00000000
00000000
00000000
00000000
00000000
00000000
00000000
00000000
00000000
00000000
00000000
00000000
00000000
00000000
00000000
00000000
00000000
00000000
00000000
00000000
00000000
00000000
00000000
00000000
00000000
00000000
00000000
00000000
00000000
00000000
00000000
00000000
00000000
00000000
00000000
00000000
00000000
00000000
00000000
00000000
00000000
00000000
00000000
00000000
00000000
00000000
00000000
00000000
00000000
00000000
00000000
00000000
00000000
00000000
00000000
00000000
00000000
00000000
00000000
00000000
00000000
00000000
00000000
00000000
00000000
00000000
00000000
00000000
00000000
00000000
00000000
00000000
00000000
00000000
00000000
00000000
00000000
00000000
00000000
00000000
00000000
00000000
00000000
00000000
00000000
00000000
00000000
00000000
00000000
00000000
00000000
00000000
00000000
00000000
00000000
00000000
00000000
00000000
00000000
00000000
00000000
00000000
00000000
00000000
00000000
00000000
00000000
00000000
00000000
00000000
00000000
00000000
00000000
00000000
00000000
00000000
00000000
00000000
00000000
00000000
00000000
00000000
00000000
00000000
00000000
00000000
00000000
00000000
00000000
00000000
00000000
00000000
00000000
00000000
00000000
00000000
00000000
00000000
00000000
00000000
00000000
00000000
00000000
00000000
00000000
00000000
00000000
00000000
00000000
00000000
00000000
00000000
00000000
00000000
00000000
00000000
00000000
00000000
00000000
00000000
00000000
00000000
00000000
00000000
00000000
00000000
00000000
00000000
00000000
00000000
00000000
00000000
00000000
00000000
00000000
00000000
00000000
