Copyright 1986-2022 Xilinx, Inc. All Rights Reserved. Copyright 2022-2026 Advanced Micro Devices, Inc. All Rights Reserved.
---------------------------------------------------------------------------------------------------------------------------------------------
| Tool Version : Vivado v.2026.1 (win64) Build 6511674 Tue Jun 16 11:02:23 MDT 2026
| Date         : Mon Sep 28 21:22:15 2026
| Host         : LAPTOP-ATE8I1GS running 64-bit major release  (build 9200)
| Command      : report_timing -max_paths 20 -file D:/fft/iq_phase5_rate/reports/worst_paths.rpt
| Design       : system_wrapper
| Device       : 7z020-clg400
| Speed File   : -1  PRODUCTION 1.12 2019-11-22
| Design State : Routed
---------------------------------------------------------------------------------------------------------------------------------------------

Timing Report

Slack (MET) :             0.152ns  (required time - arrival time)
  Source:                 system_i/iq_0/inst/freq_consumer_reg[0]/C
                            (rising edge-triggered cell FDRE clocked by clk_fpga_0  {rise@0.000ns fall@4.000ns period=8.000ns})
  Destination:            system_i/iq_0/inst/freq_ring/staging_reg[427]/CE
                            (rising edge-triggered cell FDRE clocked by clk_fpga_0  {rise@0.000ns fall@4.000ns period=8.000ns})
  Path Group:             clk_fpga_0
  Path Type:              Setup (Max at Slow Process Corner)
  Requirement:            8.000ns  (clk_fpga_0 rise@8.000ns - clk_fpga_0 rise@0.000ns)
  Data Path Delay:        7.341ns  (logic 2.900ns (39.504%)  route 4.441ns (60.496%))
  Logic Levels:           13  (CARRY4=8 LUT2=1 LUT3=1 LUT4=2 LUT5=1)
  Clock Path Skew:        -0.176ns (DCD - SCD + CPR)
    Destination Clock Delay (DCD):    2.640ns = ( 10.640 - 8.000 ) 
    Source Clock Delay      (SCD):    2.945ns
    Clock Pessimism Removal (CPR):    0.129ns
  Clock Uncertainty:      0.125ns  ((TSJ^2 + TIJ^2)^1/2 + DJ) / 2 + PE
    Total System Jitter     (TSJ):    0.071ns
    Total Input Jitter      (TIJ):    0.240ns
    Discrete Jitter          (DJ):    0.000ns
    Phase Error              (PE):    0.000ns

    Location             Delay type                Incr(ns)  Path(ns)    Netlist Resource(s)
  -------------------------------------------------------------------    -------------------
                         (clock clk_fpga_0 rise edge)
                                                      0.000     0.000 r  <hidden>
    PS7_X0Y0             PS7                          0.000     0.000 r  system_i/ps7/inst/PS7_i/FCLKCLK[0]
                         net (fo=1, routed)           1.193     1.193    system_i/ps7/inst/FCLK_CLK_unbuffered[0]
    BUFGCTRL_X0Y16       BUFG (Prop_bufg_I_O)         0.101     1.294 r  system_i/ps7/inst/buffer_fclk_clk_0.FCLK_CLK_0_BUFG/O
                         net (fo=10988, routed)       1.651     2.945    system_i/iq_0/inst/s_axi_aclk
    SLICE_X42Y94         FDRE                                         r  system_i/iq_0/inst/freq_consumer_reg[0]/C
  -------------------------------------------------------------------    -------------------
    SLICE_X42Y94         FDRE (Prop_fdre_C_Q)         0.478     3.423 r  system_i/iq_0/inst/freq_consumer_reg[0]/Q
                         net (fo=5, routed)           0.772     4.195    system_i/iq_0/inst/freq_ring/staging_reg[1023]_i_11_0[0]
    SLICE_X46Y96         LUT2 (Prop_lut2_I1_O)        0.295     4.490 r  system_i/iq_0/inst/freq_ring/staging[1023]_i_49/O
                         net (fo=1, routed)           0.000     4.490    system_i/iq_0/inst/freq_ring/staging[1023]_i_49_n_0
    SLICE_X46Y96         CARRY4 (Prop_carry4_S[0]_CO[3])
                                                      0.513     5.003 r  system_i/iq_0/inst/freq_ring/staging_reg[1023]_i_41/CO[3]
                         net (fo=1, routed)           0.000     5.003    system_i/iq_0/inst/freq_ring/staging_reg[1023]_i_41_n_0
    SLICE_X46Y97         CARRY4 (Prop_carry4_CI_CO[3])
                                                      0.117     5.120 r  system_i/iq_0/inst/freq_ring/staging_reg[1023]_i_32/CO[3]
                         net (fo=1, routed)           0.000     5.120    system_i/iq_0/inst/freq_ring/staging_reg[1023]_i_32_n_0
    SLICE_X46Y98         CARRY4 (Prop_carry4_CI_CO[3])
                                                      0.117     5.237 r  system_i/iq_0/inst/freq_ring/staging_reg[1023]_i_13/CO[3]
                         net (fo=1, routed)           0.000     5.237    system_i/iq_0/inst/freq_ring/staging_reg[1023]_i_13_n_0
    SLICE_X46Y99         CARRY4 (Prop_carry4_CI_CO[3])
                                                      0.117     5.354 r  system_i/iq_0/inst/freq_ring/staging_reg[1023]_i_14/CO[3]
                         net (fo=1, routed)           0.001     5.355    system_i/iq_0/inst/freq_ring/staging_reg[1023]_i_14_n_0
    SLICE_X46Y100        CARRY4 (Prop_carry4_CI_CO[3])
                                                      0.117     5.472 r  system_i/iq_0/inst/freq_ring/staging_reg[1023]_i_7/CO[3]
                         net (fo=1, routed)           0.000     5.472    system_i/iq_0/inst/freq_ring/staging_reg[1023]_i_7_n_0
    SLICE_X46Y101        CARRY4 (Prop_carry4_CI_CO[3])
                                                      0.117     5.589 r  system_i/iq_0/inst/freq_ring/staging_reg[1023]_i_8/CO[3]
                         net (fo=1, routed)           0.000     5.589    system_i/iq_0/inst/freq_ring/staging_reg[1023]_i_8_n_0
    SLICE_X46Y102        CARRY4 (Prop_carry4_CI_CO[3])
                                                      0.117     5.706 r  system_i/iq_0/inst/freq_ring/staging_reg[1023]_i_10/CO[3]
                         net (fo=1, routed)           0.000     5.706    system_i/iq_0/inst/freq_ring/staging_reg[1023]_i_10_n_0
    SLICE_X46Y103        CARRY4 (Prop_carry4_CI_O[2])
                                                      0.239     5.945 f  system_i/iq_0/inst/freq_ring/staging_reg[1023]_i_11/O[2]
                         net (fo=1, routed)           1.077     7.021    system_i/iq_0/inst/freq_ring/staging_reg[1023]_i_11_n_5
    SLICE_X47Y93         LUT4 (Prop_lut4_I0_O)        0.301     7.322 f  system_i/iq_0/inst/freq_ring/staging[1023]_i_12/O
                         net (fo=1, routed)           0.154     7.477    system_i/iq_0/inst/freq_ring/staging[1023]_i_12_n_0
    SLICE_X47Y93         LUT5 (Prop_lut5_I4_O)        0.124     7.601 f  system_i/iq_0/inst/freq_ring/staging[1023]_i_5/O
                         net (fo=1, routed)           0.436     8.037    system_i/iq_0/inst/freq_ring/staging[1023]_i_5_n_0
    SLICE_X48Y94         LUT4 (Prop_lut4_I2_O)        0.124     8.161 f  system_i/iq_0/inst/freq_ring/staging[1023]_i_3/O
                         net (fo=4, routed)           0.910     9.072    system_i/iq_0/inst/freq_ring/busy_reg_0
    SLICE_X56Y88         LUT3 (Prop_lut3_I1_O)        0.124     9.196 r  system_i/iq_0/inst/freq_ring/staging[1023]_i_1/O
                         net (fo=1024, routed)        1.090    10.286    system_i/iq_0/inst/freq_ring/staging[1023]_i_1_n_0
    SLICE_X53Y85         FDRE                                         r  system_i/iq_0/inst/freq_ring/staging_reg[427]/CE
  -------------------------------------------------------------------    -------------------

                         (clock clk_fpga_0 rise edge)
                                                      8.000     8.000 r  <hidden>
    PS7_X0Y0             PS7                          0.000     8.000 r  system_i/ps7/inst/PS7_i/FCLKCLK[0]
                         net (fo=1, routed)           1.088     9.088    system_i/ps7/inst/FCLK_CLK_unbuffered[0]
    BUFGCTRL_X0Y16       BUFG (Prop_bufg_I_O)         0.091     9.179 r  system_i/ps7/inst/buffer_fclk_clk_0.FCLK_CLK_0_BUFG/O
                         net (fo=10988, routed)       1.461    10.640    system_i/iq_0/inst/freq_ring/s_axi_aclk
    SLICE_X53Y85         FDRE                                         r  system_i/iq_0/inst/freq_ring/staging_reg[427]/C
                         clock pessimism              0.129    10.769    <hidden>
                         clock uncertainty           -0.125    10.644    <hidden>
    SLICE_X53Y85         FDRE (Setup_fdre_C_CE)      -0.205    10.439    system_i/iq_0/inst/freq_ring/staging_reg[427]
  -------------------------------------------------------------------
                         required time                         10.439    <hidden>
                         arrival time                         -10.286    <hidden>
  -------------------------------------------------------------------
                         slack                                  0.152    <hidden>

Slack (MET) :             0.152ns  (required time - arrival time)
  Source:                 system_i/iq_0/inst/freq_consumer_reg[0]/C
                            (rising edge-triggered cell FDRE clocked by clk_fpga_0  {rise@0.000ns fall@4.000ns period=8.000ns})
  Destination:            system_i/iq_0/inst/freq_ring/staging_reg[428]/CE
                            (rising edge-triggered cell FDRE clocked by clk_fpga_0  {rise@0.000ns fall@4.000ns period=8.000ns})
  Path Group:             clk_fpga_0
  Path Type:              Setup (Max at Slow Process Corner)
  Requirement:            8.000ns  (clk_fpga_0 rise@8.000ns - clk_fpga_0 rise@0.000ns)
  Data Path Delay:        7.341ns  (logic 2.900ns (39.504%)  route 4.441ns (60.496%))
  Logic Levels:           13  (CARRY4=8 LUT2=1 LUT3=1 LUT4=2 LUT5=1)
  Clock Path Skew:        -0.176ns (DCD - SCD + CPR)
    Destination Clock Delay (DCD):    2.640ns = ( 10.640 - 8.000 ) 
    Source Clock Delay      (SCD):    2.945ns
    Clock Pessimism Removal (CPR):    0.129ns
  Clock Uncertainty:      0.125ns  ((TSJ^2 + TIJ^2)^1/2 + DJ) / 2 + PE
    Total System Jitter     (TSJ):    0.071ns
    Total Input Jitter      (TIJ):    0.240ns
    Discrete Jitter          (DJ):    0.000ns
    Phase Error              (PE):    0.000ns

    Location             Delay type                Incr(ns)  Path(ns)    Netlist Resource(s)
  -------------------------------------------------------------------    -------------------
                         (clock clk_fpga_0 rise edge)
                                                      0.000     0.000 r  <hidden>
    PS7_X0Y0             PS7                          0.000     0.000 r  system_i/ps7/inst/PS7_i/FCLKCLK[0]
                         net (fo=1, routed)           1.193     1.193    system_i/ps7/inst/FCLK_CLK_unbuffered[0]
    BUFGCTRL_X0Y16       BUFG (Prop_bufg_I_O)         0.101     1.294 r  system_i/ps7/inst/buffer_fclk_clk_0.FCLK_CLK_0_BUFG/O
                         net (fo=10988, routed)       1.651     2.945    system_i/iq_0/inst/s_axi_aclk
    SLICE_X42Y94         FDRE                                         r  system_i/iq_0/inst/freq_consumer_reg[0]/C
  -------------------------------------------------------------------    -------------------
    SLICE_X42Y94         FDRE (Prop_fdre_C_Q)         0.478     3.423 r  system_i/iq_0/inst/freq_consumer_reg[0]/Q
                         net (fo=5, routed)           0.772     4.195    system_i/iq_0/inst/freq_ring/staging_reg[1023]_i_11_0[0]
    SLICE_X46Y96         LUT2 (Prop_lut2_I1_O)        0.295     4.490 r  system_i/iq_0/inst/freq_ring/staging[1023]_i_49/O
                         net (fo=1, routed)           0.000     4.490    system_i/iq_0/inst/freq_ring/staging[1023]_i_49_n_0
    SLICE_X46Y96         CARRY4 (Prop_carry4_S[0]_CO[3])
                                                      0.513     5.003 r  system_i/iq_0/inst/freq_ring/staging_reg[1023]_i_41/CO[3]
                         net (fo=1, routed)           0.000     5.003    system_i/iq_0/inst/freq_ring/staging_reg[1023]_i_41_n_0
    SLICE_X46Y97         CARRY4 (Prop_carry4_CI_CO[3])
                                                      0.117     5.120 r  system_i/iq_0/inst/freq_ring/staging_reg[1023]_i_32/CO[3]
                         net (fo=1, routed)           0.000     5.120    system_i/iq_0/inst/freq_ring/staging_reg[1023]_i_32_n_0
    SLICE_X46Y98         CARRY4 (Prop_carry4_CI_CO[3])
                                                      0.117     5.237 r  system_i/iq_0/inst/freq_ring/staging_reg[1023]_i_13/CO[3]
                         net (fo=1, routed)           0.000     5.237    system_i/iq_0/inst/freq_ring/staging_reg[1023]_i_13_n_0
    SLICE_X46Y99         CARRY4 (Prop_carry4_CI_CO[3])
                                                      0.117     5.354 r  system_i/iq_0/inst/freq_ring/staging_reg[1023]_i_14/CO[3]
                         net (fo=1, routed)           0.001     5.355    system_i/iq_0/inst/freq_ring/staging_reg[1023]_i_14_n_0
    SLICE_X46Y100        CARRY4 (Prop_carry4_CI_CO[3])
                                                      0.117     5.472 r  system_i/iq_0/inst/freq_ring/staging_reg[1023]_i_7/CO[3]
                         net (fo=1, routed)           0.000     5.472    system_i/iq_0/inst/freq_ring/staging_reg[1023]_i_7_n_0
    SLICE_X46Y101        CARRY4 (Prop_carry4_CI_CO[3])
                                                      0.117     5.589 r  system_i/iq_0/inst/freq_ring/staging_reg[1023]_i_8/CO[3]
                         net (fo=1, routed)           0.000     5.589    system_i/iq_0/inst/freq_ring/staging_reg[1023]_i_8_n_0
    SLICE_X46Y102        CARRY4 (Prop_carry4_CI_CO[3])
                                                      0.117     5.706 r  system_i/iq_0/inst/freq_ring/staging_reg[1023]_i_10/CO[3]
                         net (fo=1, routed)           0.000     5.706    system_i/iq_0/inst/freq_ring/staging_reg[1023]_i_10_n_0
    SLICE_X46Y103        CARRY4 (Prop_carry4_CI_O[2])
                                                      0.239     5.945 f  system_i/iq_0/inst/freq_ring/staging_reg[1023]_i_11/O[2]
                         net (fo=1, routed)           1.077     7.021    system_i/iq_0/inst/freq_ring/staging_reg[1023]_i_11_n_5
    SLICE_X47Y93         LUT4 (Prop_lut4_I0_O)        0.301     7.322 f  system_i/iq_0/inst/freq_ring/staging[1023]_i_12/O
                         net (fo=1, routed)           0.154     7.477    system_i/iq_0/inst/freq_ring/staging[1023]_i_12_n_0
    SLICE_X47Y93         LUT5 (Prop_lut5_I4_O)        0.124     7.601 f  system_i/iq_0/inst/freq_ring/staging[1023]_i_5/O
                         net (fo=1, routed)           0.436     8.037    system_i/iq_0/inst/freq_ring/staging[1023]_i_5_n_0
    SLICE_X48Y94         LUT4 (Prop_lut4_I2_O)        0.124     8.161 f  system_i/iq_0/inst/freq_ring/staging[1023]_i_3/O
                         net (fo=4, routed)           0.910     9.072    system_i/iq_0/inst/freq_ring/busy_reg_0
    SLICE_X56Y88         LUT3 (Prop_lut3_I1_O)        0.124     9.196 r  system_i/iq_0/inst/freq_ring/staging[1023]_i_1/O
                         net (fo=1024, routed)        1.090    10.286    system_i/iq_0/inst/freq_ring/staging[1023]_i_1_n_0
    SLICE_X53Y85         FDRE                                         r  system_i/iq_0/inst/freq_ring/staging_reg[428]/CE
  -------------------------------------------------------------------    -------------------

                         (clock clk_fpga_0 rise edge)
                                                      8.000     8.000 r  <hidden>
    PS7_X0Y0             PS7                          0.000     8.000 r  system_i/ps7/inst/PS7_i/FCLKCLK[0]
                         net (fo=1, routed)           1.088     9.088    system_i/ps7/inst/FCLK_CLK_unbuffered[0]
    BUFGCTRL_X0Y16       BUFG (Prop_bufg_I_O)         0.091     9.179 r  system_i/ps7/inst/buffer_fclk_clk_0.FCLK_CLK_0_BUFG/O
                         net (fo=10988, routed)       1.461    10.640    system_i/iq_0/inst/freq_ring/s_axi_aclk
    SLICE_X53Y85         FDRE                                         r  system_i/iq_0/inst/freq_ring/staging_reg[428]/C
                         clock pessimism              0.129    10.769    <hidden>
                         clock uncertainty           -0.125    10.644    <hidden>
    SLICE_X53Y85         FDRE (Setup_fdre_C_CE)      -0.205    10.439    system_i/iq_0/inst/freq_ring/staging_reg[428]
  -------------------------------------------------------------------
                         required time                         10.439    <hidden>
                         arrival time                         -10.286    <hidden>
  -------------------------------------------------------------------
                         slack                                  0.152    <hidden>

Slack (MET) :             0.152ns  (required time - arrival time)
  Source:                 system_i/iq_0/inst/freq_consumer_reg[0]/C
                            (rising edge-triggered cell FDRE clocked by clk_fpga_0  {rise@0.000ns fall@4.000ns period=8.000ns})
  Destination:            system_i/iq_0/inst/freq_ring/staging_reg[492]/CE
                            (rising edge-triggered cell FDRE clocked by clk_fpga_0  {rise@0.000ns fall@4.000ns period=8.000ns})
  Path Group:             clk_fpga_0
  Path Type:              Setup (Max at Slow Process Corner)
  Requirement:            8.000ns  (clk_fpga_0 rise@8.000ns - clk_fpga_0 rise@0.000ns)
  Data Path Delay:        7.341ns  (logic 2.900ns (39.504%)  route 4.441ns (60.496%))
  Logic Levels:           13  (CARRY4=8 LUT2=1 LUT3=1 LUT4=2 LUT5=1)
  Clock Path Skew:        -0.176ns (DCD - SCD + CPR)
    Destination Clock Delay (DCD):    2.640ns = ( 10.640 - 8.000 ) 
    Source Clock Delay      (SCD):    2.945ns
    Clock Pessimism Removal (CPR):    0.129ns
  Clock Uncertainty:      0.125ns  ((TSJ^2 + TIJ^2)^1/2 + DJ) / 2 + PE
    Total System Jitter     (TSJ):    0.071ns
    Total Input Jitter      (TIJ):    0.240ns
    Discrete Jitter          (DJ):    0.000ns
    Phase Error              (PE):    0.000ns

    Location             Delay type                Incr(ns)  Path(ns)    Netlist Resource(s)
  -------------------------------------------------------------------    -------------------
                         (clock clk_fpga_0 rise edge)
                                                      0.000     0.000 r  <hidden>
    PS7_X0Y0             PS7                          0.000     0.000 r  system_i/ps7/inst/PS7_i/FCLKCLK[0]
                         net (fo=1, routed)           1.193     1.193    system_i/ps7/inst/FCLK_CLK_unbuffered[0]
    BUFGCTRL_X0Y16       BUFG (Prop_bufg_I_O)         0.101     1.294 r  system_i/ps7/inst/buffer_fclk_clk_0.FCLK_CLK_0_BUFG/O
                         net (fo=10988, routed)       1.651     2.945    system_i/iq_0/inst/s_axi_aclk
    SLICE_X42Y94         FDRE                                         r  system_i/iq_0/inst/freq_consumer_reg[0]/C
  -------------------------------------------------------------------    -------------------
    SLICE_X42Y94         FDRE (Prop_fdre_C_Q)         0.478     3.423 r  system_i/iq_0/inst/freq_consumer_reg[0]/Q
                         net (fo=5, routed)           0.772     4.195    system_i/iq_0/inst/freq_ring/staging_reg[1023]_i_11_0[0]
    SLICE_X46Y96         LUT2 (Prop_lut2_I1_O)        0.295     4.490 r  system_i/iq_0/inst/freq_ring/staging[1023]_i_49/O
                         net (fo=1, routed)           0.000     4.490    system_i/iq_0/inst/freq_ring/staging[1023]_i_49_n_0
    SLICE_X46Y96         CARRY4 (Prop_carry4_S[0]_CO[3])
                                                      0.513     5.003 r  system_i/iq_0/inst/freq_ring/staging_reg[1023]_i_41/CO[3]
                         net (fo=1, routed)           0.000     5.003    system_i/iq_0/inst/freq_ring/staging_reg[1023]_i_41_n_0
    SLICE_X46Y97         CARRY4 (Prop_carry4_CI_CO[3])
                                                      0.117     5.120 r  system_i/iq_0/inst/freq_ring/staging_reg[1023]_i_32/CO[3]
                         net (fo=1, routed)           0.000     5.120    system_i/iq_0/inst/freq_ring/staging_reg[1023]_i_32_n_0
    SLICE_X46Y98         CARRY4 (Prop_carry4_CI_CO[3])
                                                      0.117     5.237 r  system_i/iq_0/inst/freq_ring/staging_reg[1023]_i_13/CO[3]
                         net (fo=1, routed)           0.000     5.237    system_i/iq_0/inst/freq_ring/staging_reg[1023]_i_13_n_0
    SLICE_X46Y99         CARRY4 (Prop_carry4_CI_CO[3])
                                                      0.117     5.354 r  system_i/iq_0/inst/freq_ring/staging_reg[1023]_i_14/CO[3]
                         net (fo=1, routed)           0.001     5.355    system_i/iq_0/inst/freq_ring/staging_reg[1023]_i_14_n_0
    SLICE_X46Y100        CARRY4 (Prop_carry4_CI_CO[3])
                                                      0.117     5.472 r  system_i/iq_0/inst/freq_ring/staging_reg[1023]_i_7/CO[3]
                         net (fo=1, routed)           0.000     5.472    system_i/iq_0/inst/freq_ring/staging_reg[1023]_i_7_n_0
    SLICE_X46Y101        CARRY4 (Prop_carry4_CI_CO[3])
                                                      0.117     5.589 r  system_i/iq_0/inst/freq_ring/staging_reg[1023]_i_8/CO[3]
                         net (fo=1, routed)           0.000     5.589    system_i/iq_0/inst/freq_ring/staging_reg[1023]_i_8_n_0
    SLICE_X46Y102        CARRY4 (Prop_carry4_CI_CO[3])
                                                      0.117     5.706 r  system_i/iq_0/inst/freq_ring/staging_reg[1023]_i_10/CO[3]
                         net (fo=1, routed)           0.000     5.706    system_i/iq_0/inst/freq_ring/staging_reg[1023]_i_10_n_0
    SLICE_X46Y103        CARRY4 (Prop_carry4_CI_O[2])
                                                      0.239     5.945 f  system_i/iq_0/inst/freq_ring/staging_reg[1023]_i_11/O[2]
                         net (fo=1, routed)           1.077     7.021    system_i/iq_0/inst/freq_ring/staging_reg[1023]_i_11_n_5
    SLICE_X47Y93         LUT4 (Prop_lut4_I0_O)        0.301     7.322 f  system_i/iq_0/inst/freq_ring/staging[1023]_i_12/O
                         net (fo=1, routed)           0.154     7.477    system_i/iq_0/inst/freq_ring/staging[1023]_i_12_n_0
    SLICE_X47Y93         LUT5 (Prop_lut5_I4_O)        0.124     7.601 f  system_i/iq_0/inst/freq_ring/staging[1023]_i_5/O
                         net (fo=1, routed)           0.436     8.037    system_i/iq_0/inst/freq_ring/staging[1023]_i_5_n_0
    SLICE_X48Y94         LUT4 (Prop_lut4_I2_O)        0.124     8.161 f  system_i/iq_0/inst/freq_ring/staging[1023]_i_3/O
                         net (fo=4, routed)           0.910     9.072    system_i/iq_0/inst/freq_ring/busy_reg_0
    SLICE_X56Y88         LUT3 (Prop_lut3_I1_O)        0.124     9.196 r  system_i/iq_0/inst/freq_ring/staging[1023]_i_1/O
                         net (fo=1024, routed)        1.090    10.286    system_i/iq_0/inst/freq_ring/staging[1023]_i_1_n_0
    SLICE_X53Y85         FDRE                                         r  system_i/iq_0/inst/freq_ring/staging_reg[492]/CE
  -------------------------------------------------------------------    -------------------

                         (clock clk_fpga_0 rise edge)
                                                      8.000     8.000 r  <hidden>
    PS7_X0Y0             PS7                          0.000     8.000 r  system_i/ps7/inst/PS7_i/FCLKCLK[0]
                         net (fo=1, routed)           1.088     9.088    system_i/ps7/inst/FCLK_CLK_unbuffered[0]
    BUFGCTRL_X0Y16       BUFG (Prop_bufg_I_O)         0.091     9.179 r  system_i/ps7/inst/buffer_fclk_clk_0.FCLK_CLK_0_BUFG/O
                         net (fo=10988, routed)       1.461    10.640    system_i/iq_0/inst/freq_ring/s_axi_aclk
    SLICE_X53Y85         FDRE                                         r  system_i/iq_0/inst/freq_ring/staging_reg[492]/C
                         clock pessimism              0.129    10.769    <hidden>
                         clock uncertainty           -0.125    10.644    <hidden>
    SLICE_X53Y85         FDRE (Setup_fdre_C_CE)      -0.205    10.439    system_i/iq_0/inst/freq_ring/staging_reg[492]
  -------------------------------------------------------------------
                         required time                         10.439    <hidden>
                         arrival time                         -10.286    <hidden>
  -------------------------------------------------------------------
                         slack                                  0.152    <hidden>

Slack (MET) :             0.152ns  (required time - arrival time)
  Source:                 system_i/iq_0/inst/freq_consumer_reg[0]/C
                            (rising edge-triggered cell FDRE clocked by clk_fpga_0  {rise@0.000ns fall@4.000ns period=8.000ns})
  Destination:            system_i/iq_0/inst/freq_ring/staging_reg[493]/CE
                            (rising edge-triggered cell FDRE clocked by clk_fpga_0  {rise@0.000ns fall@4.000ns period=8.000ns})
  Path Group:             clk_fpga_0
  Path Type:              Setup (Max at Slow Process Corner)
  Requirement:            8.000ns  (clk_fpga_0 rise@8.000ns - clk_fpga_0 rise@0.000ns)
  Data Path Delay:        7.341ns  (logic 2.900ns (39.504%)  route 4.441ns (60.496%))
  Logic Levels:           13  (CARRY4=8 LUT2=1 LUT3=1 LUT4=2 LUT5=1)
  Clock Path Skew:        -0.176ns (DCD - SCD + CPR)
    Destination Clock Delay (DCD):    2.640ns = ( 10.640 - 8.000 ) 
    Source Clock Delay      (SCD):    2.945ns
    Clock Pessimism Removal (CPR):    0.129ns
  Clock Uncertainty:      0.125ns  ((TSJ^2 + TIJ^2)^1/2 + DJ) / 2 + PE
    Total System Jitter     (TSJ):    0.071ns
    Total Input Jitter      (TIJ):    0.240ns
    Discrete Jitter          (DJ):    0.000ns
    Phase Error              (PE):    0.000ns

    Location             Delay type                Incr(ns)  Path(ns)    Netlist Resource(s)
  -------------------------------------------------------------------    -------------------
                         (clock clk_fpga_0 rise edge)
                                                      0.000     0.000 r  <hidden>
    PS7_X0Y0             PS7                          0.000     0.000 r  system_i/ps7/inst/PS7_i/FCLKCLK[0]
                         net (fo=1, routed)           1.193     1.193    system_i/ps7/inst/FCLK_CLK_unbuffered[0]
    BUFGCTRL_X0Y16       BUFG (Prop_bufg_I_O)         0.101     1.294 r  system_i/ps7/inst/buffer_fclk_clk_0.FCLK_CLK_0_BUFG/O
                         net (fo=10988, routed)       1.651     2.945    system_i/iq_0/inst/s_axi_aclk
    SLICE_X42Y94         FDRE                                         r  system_i/iq_0/inst/freq_consumer_reg[0]/C
  -------------------------------------------------------------------    -------------------
    SLICE_X42Y94         FDRE (Prop_fdre_C_Q)         0.478     3.423 r  system_i/iq_0/inst/freq_consumer_reg[0]/Q
                         net (fo=5, routed)           0.772     4.195    system_i/iq_0/inst/freq_ring/staging_reg[1023]_i_11_0[0]
    SLICE_X46Y96         LUT2 (Prop_lut2_I1_O)        0.295     4.490 r  system_i/iq_0/inst/freq_ring/staging[1023]_i_49/O
                         net (fo=1, routed)           0.000     4.490    system_i/iq_0/inst/freq_ring/staging[1023]_i_49_n_0
    SLICE_X46Y96         CARRY4 (Prop_carry4_S[0]_CO[3])
                                                      0.513     5.003 r  system_i/iq_0/inst/freq_ring/staging_reg[1023]_i_41/CO[3]
                         net (fo=1, routed)           0.000     5.003    system_i/iq_0/inst/freq_ring/staging_reg[1023]_i_41_n_0
    SLICE_X46Y97         CARRY4 (Prop_carry4_CI_CO[3])
                                                      0.117     5.120 r  system_i/iq_0/inst/freq_ring/staging_reg[1023]_i_32/CO[3]
                         net (fo=1, routed)           0.000     5.120    system_i/iq_0/inst/freq_ring/staging_reg[1023]_i_32_n_0
    SLICE_X46Y98         CARRY4 (Prop_carry4_CI_CO[3])
                                                      0.117     5.237 r  system_i/iq_0/inst/freq_ring/staging_reg[1023]_i_13/CO[3]
                         net (fo=1, routed)           0.000     5.237    system_i/iq_0/inst/freq_ring/staging_reg[1023]_i_13_n_0
    SLICE_X46Y99         CARRY4 (Prop_carry4_CI_CO[3])
                                                      0.117     5.354 r  system_i/iq_0/inst/freq_ring/staging_reg[1023]_i_14/CO[3]
                         net (fo=1, routed)           0.001     5.355    system_i/iq_0/inst/freq_ring/staging_reg[1023]_i_14_n_0
    SLICE_X46Y100        CARRY4 (Prop_carry4_CI_CO[3])
                                                      0.117     5.472 r  system_i/iq_0/inst/freq_ring/staging_reg[1023]_i_7/CO[3]
                         net (fo=1, routed)           0.000     5.472    system_i/iq_0/inst/freq_ring/staging_reg[1023]_i_7_n_0
    SLICE_X46Y101        CARRY4 (Prop_carry4_CI_CO[3])
                                                      0.117     5.589 r  system_i/iq_0/inst/freq_ring/staging_reg[1023]_i_8/CO[3]
                         net (fo=1, routed)           0.000     5.589    system_i/iq_0/inst/freq_ring/staging_reg[1023]_i_8_n_0
    SLICE_X46Y102        CARRY4 (Prop_carry4_CI_CO[3])
                                                      0.117     5.706 r  system_i/iq_0/inst/freq_ring/staging_reg[1023]_i_10/CO[3]
                         net (fo=1, routed)           0.000     5.706    system_i/iq_0/inst/freq_ring/staging_reg[1023]_i_10_n_0
    SLICE_X46Y103        CARRY4 (Prop_carry4_CI_O[2])
                                                      0.239     5.945 f  system_i/iq_0/inst/freq_ring/staging_reg[1023]_i_11/O[2]
                         net (fo=1, routed)           1.077     7.021    system_i/iq_0/inst/freq_ring/staging_reg[1023]_i_11_n_5
    SLICE_X47Y93         LUT4 (Prop_lut4_I0_O)        0.301     7.322 f  system_i/iq_0/inst/freq_ring/staging[1023]_i_12/O
                         net (fo=1, routed)           0.154     7.477    system_i/iq_0/inst/freq_ring/staging[1023]_i_12_n_0
    SLICE_X47Y93         LUT5 (Prop_lut5_I4_O)        0.124     7.601 f  system_i/iq_0/inst/freq_ring/staging[1023]_i_5/O
                         net (fo=1, routed)           0.436     8.037    system_i/iq_0/inst/freq_ring/staging[1023]_i_5_n_0
    SLICE_X48Y94         LUT4 (Prop_lut4_I2_O)        0.124     8.161 f  system_i/iq_0/inst/freq_ring/staging[1023]_i_3/O
                         net (fo=4, routed)           0.910     9.072    system_i/iq_0/inst/freq_ring/busy_reg_0
    SLICE_X56Y88         LUT3 (Prop_lut3_I1_O)        0.124     9.196 r  system_i/iq_0/inst/freq_ring/staging[1023]_i_1/O
                         net (fo=1024, routed)        1.090    10.286    system_i/iq_0/inst/freq_ring/staging[1023]_i_1_n_0
    SLICE_X53Y85         FDRE                                         r  system_i/iq_0/inst/freq_ring/staging_reg[493]/CE
  -------------------------------------------------------------------    -------------------

                         (clock clk_fpga_0 rise edge)
                                                      8.000     8.000 r  <hidden>
    PS7_X0Y0             PS7                          0.000     8.000 r  system_i/ps7/inst/PS7_i/FCLKCLK[0]
                         net (fo=1, routed)           1.088     9.088    system_i/ps7/inst/FCLK_CLK_unbuffered[0]
    BUFGCTRL_X0Y16       BUFG (Prop_bufg_I_O)         0.091     9.179 r  system_i/ps7/inst/buffer_fclk_clk_0.FCLK_CLK_0_BUFG/O
                         net (fo=10988, routed)       1.461    10.640    system_i/iq_0/inst/freq_ring/s_axi_aclk
    SLICE_X53Y85         FDRE                                         r  system_i/iq_0/inst/freq_ring/staging_reg[493]/C
                         clock pessimism              0.129    10.769    <hidden>
                         clock uncertainty           -0.125    10.644    <hidden>
    SLICE_X53Y85         FDRE (Setup_fdre_C_CE)      -0.205    10.439    system_i/iq_0/inst/freq_ring/staging_reg[493]
  -------------------------------------------------------------------
                         required time                         10.439    <hidden>
                         arrival time                         -10.286    <hidden>
  -------------------------------------------------------------------
                         slack                                  0.152    <hidden>

Slack (MET) :             0.152ns  (required time - arrival time)
  Source:                 system_i/iq_0/inst/freq_consumer_reg[0]/C
                            (rising edge-triggered cell FDRE clocked by clk_fpga_0  {rise@0.000ns fall@4.000ns period=8.000ns})
  Destination:            system_i/iq_0/inst/freq_ring/staging_reg[524]/CE
                            (rising edge-triggered cell FDRE clocked by clk_fpga_0  {rise@0.000ns fall@4.000ns period=8.000ns})
  Path Group:             clk_fpga_0
  Path Type:              Setup (Max at Slow Process Corner)
  Requirement:            8.000ns  (clk_fpga_0 rise@8.000ns - clk_fpga_0 rise@0.000ns)
  Data Path Delay:        7.341ns  (logic 2.900ns (39.504%)  route 4.441ns (60.496%))
  Logic Levels:           13  (CARRY4=8 LUT2=1 LUT3=1 LUT4=2 LUT5=1)
  Clock Path Skew:        -0.176ns (DCD - SCD + CPR)
    Destination Clock Delay (DCD):    2.640ns = ( 10.640 - 8.000 ) 
    Source Clock Delay      (SCD):    2.945ns
    Clock Pessimism Removal (CPR):    0.129ns
  Clock Uncertainty:      0.125ns  ((TSJ^2 + TIJ^2)^1/2 + DJ) / 2 + PE
    Total System Jitter     (TSJ):    0.071ns
    Total Input Jitter      (TIJ):    0.240ns
    Discrete Jitter          (DJ):    0.000ns
    Phase Error              (PE):    0.000ns

    Location             Delay type                Incr(ns)  Path(ns)    Netlist Resource(s)
  -------------------------------------------------------------------    -------------------
                         (clock clk_fpga_0 rise edge)
                                                      0.000     0.000 r  <hidden>
    PS7_X0Y0             PS7                          0.000     0.000 r  system_i/ps7/inst/PS7_i/FCLKCLK[0]
                         net (fo=1, routed)           1.193     1.193    system_i/ps7/inst/FCLK_CLK_unbuffered[0]
    BUFGCTRL_X0Y16       BUFG (Prop_bufg_I_O)         0.101     1.294 r  system_i/ps7/inst/buffer_fclk_clk_0.FCLK_CLK_0_BUFG/O
                         net (fo=10988, routed)       1.651     2.945    system_i/iq_0/inst/s_axi_aclk
    SLICE_X42Y94         FDRE                                         r  system_i/iq_0/inst/freq_consumer_reg[0]/C
  -------------------------------------------------------------------    -------------------
    SLICE_X42Y94         FDRE (Prop_fdre_C_Q)         0.478     3.423 r  system_i/iq_0/inst/freq_consumer_reg[0]/Q
                         net (fo=5, routed)           0.772     4.195    system_i/iq_0/inst/freq_ring/staging_reg[1023]_i_11_0[0]
    SLICE_X46Y96         LUT2 (Prop_lut2_I1_O)        0.295     4.490 r  system_i/iq_0/inst/freq_ring/staging[1023]_i_49/O
                         net (fo=1, routed)           0.000     4.490    system_i/iq_0/inst/freq_ring/staging[1023]_i_49_n_0
    SLICE_X46Y96         CARRY4 (Prop_carry4_S[0]_CO[3])
                                                      0.513     5.003 r  system_i/iq_0/inst/freq_ring/staging_reg[1023]_i_41/CO[3]
                         net (fo=1, routed)           0.000     5.003    system_i/iq_0/inst/freq_ring/staging_reg[1023]_i_41_n_0
    SLICE_X46Y97         CARRY4 (Prop_carry4_CI_CO[3])
                                                      0.117     5.120 r  system_i/iq_0/inst/freq_ring/staging_reg[1023]_i_32/CO[3]
                         net (fo=1, routed)           0.000     5.120    system_i/iq_0/inst/freq_ring/staging_reg[1023]_i_32_n_0
    SLICE_X46Y98         CARRY4 (Prop_carry4_CI_CO[3])
                                                      0.117     5.237 r  system_i/iq_0/inst/freq_ring/staging_reg[1023]_i_13/CO[3]
                         net (fo=1, routed)           0.000     5.237    system_i/iq_0/inst/freq_ring/staging_reg[1023]_i_13_n_0
    SLICE_X46Y99         CARRY4 (Prop_carry4_CI_CO[3])
                                                      0.117     5.354 r  system_i/iq_0/inst/freq_ring/staging_reg[1023]_i_14/CO[3]
                         net (fo=1, routed)           0.001     5.355    system_i/iq_0/inst/freq_ring/staging_reg[1023]_i_14_n_0
    SLICE_X46Y100        CARRY4 (Prop_carry4_CI_CO[3])
                                                      0.117     5.472 r  system_i/iq_0/inst/freq_ring/staging_reg[1023]_i_7/CO[3]
                         net (fo=1, routed)           0.000     5.472    system_i/iq_0/inst/freq_ring/staging_reg[1023]_i_7_n_0
    SLICE_X46Y101        CARRY4 (Prop_carry4_CI_CO[3])
                                                      0.117     5.589 r  system_i/iq_0/inst/freq_ring/staging_reg[1023]_i_8/CO[3]
                         net (fo=1, routed)           0.000     5.589    system_i/iq_0/inst/freq_ring/staging_reg[1023]_i_8_n_0
    SLICE_X46Y102        CARRY4 (Prop_carry4_CI_CO[3])
                                                      0.117     5.706 r  system_i/iq_0/inst/freq_ring/staging_reg[1023]_i_10/CO[3]
                         net (fo=1, routed)           0.000     5.706    system_i/iq_0/inst/freq_ring/staging_reg[1023]_i_10_n_0
    SLICE_X46Y103        CARRY4 (Prop_carry4_CI_O[2])
                                                      0.239     5.945 f  system_i/iq_0/inst/freq_ring/staging_reg[1023]_i_11/O[2]
                         net (fo=1, routed)           1.077     7.021    system_i/iq_0/inst/freq_ring/staging_reg[1023]_i_11_n_5
    SLICE_X47Y93         LUT4 (Prop_lut4_I0_O)        0.301     7.322 f  system_i/iq_0/inst/freq_ring/staging[1023]_i_12/O
                         net (fo=1, routed)           0.154     7.477    system_i/iq_0/inst/freq_ring/staging[1023]_i_12_n_0
    SLICE_X47Y93         LUT5 (Prop_lut5_I4_O)        0.124     7.601 f  system_i/iq_0/inst/freq_ring/staging[1023]_i_5/O
                         net (fo=1, routed)           0.436     8.037    system_i/iq_0/inst/freq_ring/staging[1023]_i_5_n_0
    SLICE_X48Y94         LUT4 (Prop_lut4_I2_O)        0.124     8.161 f  system_i/iq_0/inst/freq_ring/staging[1023]_i_3/O
                         net (fo=4, routed)           0.910     9.072    system_i/iq_0/inst/freq_ring/busy_reg_0
    SLICE_X56Y88         LUT3 (Prop_lut3_I1_O)        0.124     9.196 r  system_i/iq_0/inst/freq_ring/staging[1023]_i_1/O
                         net (fo=1024, routed)        1.090    10.286    system_i/iq_0/inst/freq_ring/staging[1023]_i_1_n_0
    SLICE_X53Y85         FDRE                                         r  system_i/iq_0/inst/freq_ring/staging_reg[524]/CE
  -------------------------------------------------------------------    -------------------

                         (clock clk_fpga_0 rise edge)
                                                      8.000     8.000 r  <hidden>
    PS7_X0Y0             PS7                          0.000     8.000 r  system_i/ps7/inst/PS7_i/FCLKCLK[0]
                         net (fo=1, routed)           1.088     9.088    system_i/ps7/inst/FCLK_CLK_unbuffered[0]
    BUFGCTRL_X0Y16       BUFG (Prop_bufg_I_O)         0.091     9.179 r  system_i/ps7/inst/buffer_fclk_clk_0.FCLK_CLK_0_BUFG/O
                         net (fo=10988, routed)       1.461    10.640    system_i/iq_0/inst/freq_ring/s_axi_aclk
    SLICE_X53Y85         FDRE                                         r  system_i/iq_0/inst/freq_ring/staging_reg[524]/C
                         clock pessimism              0.129    10.769    <hidden>
                         clock uncertainty           -0.125    10.644    <hidden>
    SLICE_X53Y85         FDRE (Setup_fdre_C_CE)      -0.205    10.439    system_i/iq_0/inst/freq_ring/staging_reg[524]
  -------------------------------------------------------------------
                         required time                         10.439    <hidden>
                         arrival time                         -10.286    <hidden>
  -------------------------------------------------------------------
                         slack                                  0.152    <hidden>

Slack (MET) :             0.152ns  (required time - arrival time)
  Source:                 system_i/iq_0/inst/freq_consumer_reg[0]/C
                            (rising edge-triggered cell FDRE clocked by clk_fpga_0  {rise@0.000ns fall@4.000ns period=8.000ns})
  Destination:            system_i/iq_0/inst/freq_ring/staging_reg[525]/CE
                            (rising edge-triggered cell FDRE clocked by clk_fpga_0  {rise@0.000ns fall@4.000ns period=8.000ns})
  Path Group:             clk_fpga_0
  Path Type:              Setup (Max at Slow Process Corner)
  Requirement:            8.000ns  (clk_fpga_0 rise@8.000ns - clk_fpga_0 rise@0.000ns)
  Data Path Delay:        7.341ns  (logic 2.900ns (39.504%)  route 4.441ns (60.496%))
  Logic Levels:           13  (CARRY4=8 LUT2=1 LUT3=1 LUT4=2 LUT5=1)
  Clock Path Skew:        -0.176ns (DCD - SCD + CPR)
    Destination Clock Delay (DCD):    2.640ns = ( 10.640 - 8.000 ) 
    Source Clock Delay      (SCD):    2.945ns
    Clock Pessimism Removal (CPR):    0.129ns
  Clock Uncertainty:      0.125ns  ((TSJ^2 + TIJ^2)^1/2 + DJ) / 2 + PE
    Total System Jitter     (TSJ):    0.071ns
    Total Input Jitter      (TIJ):    0.240ns
    Discrete Jitter          (DJ):    0.000ns
    Phase Error              (PE):    0.000ns

    Location             Delay type                Incr(ns)  Path(ns)    Netlist Resource(s)
  -------------------------------------------------------------------    -------------------
                         (clock clk_fpga_0 rise edge)
                                                      0.000     0.000 r  <hidden>
    PS7_X0Y0             PS7                          0.000     0.000 r  system_i/ps7/inst/PS7_i/FCLKCLK[0]
                         net (fo=1, routed)           1.193     1.193    system_i/ps7/inst/FCLK_CLK_unbuffered[0]
    BUFGCTRL_X0Y16       BUFG (Prop_bufg_I_O)         0.101     1.294 r  system_i/ps7/inst/buffer_fclk_clk_0.FCLK_CLK_0_BUFG/O
                         net (fo=10988, routed)       1.651     2.945    system_i/iq_0/inst/s_axi_aclk
    SLICE_X42Y94         FDRE                                         r  system_i/iq_0/inst/freq_consumer_reg[0]/C
  -------------------------------------------------------------------    -------------------
    SLICE_X42Y94         FDRE (Prop_fdre_C_Q)         0.478     3.423 r  system_i/iq_0/inst/freq_consumer_reg[0]/Q
                         net (fo=5, routed)           0.772     4.195    system_i/iq_0/inst/freq_ring/staging_reg[1023]_i_11_0[0]
    SLICE_X46Y96         LUT2 (Prop_lut2_I1_O)        0.295     4.490 r  system_i/iq_0/inst/freq_ring/staging[1023]_i_49/O
                         net (fo=1, routed)           0.000     4.490    system_i/iq_0/inst/freq_ring/staging[1023]_i_49_n_0
    SLICE_X46Y96         CARRY4 (Prop_carry4_S[0]_CO[3])
                                                      0.513     5.003 r  system_i/iq_0/inst/freq_ring/staging_reg[1023]_i_41/CO[3]
                         net (fo=1, routed)           0.000     5.003    system_i/iq_0/inst/freq_ring/staging_reg[1023]_i_41_n_0
    SLICE_X46Y97         CARRY4 (Prop_carry4_CI_CO[3])
                                                      0.117     5.120 r  system_i/iq_0/inst/freq_ring/staging_reg[1023]_i_32/CO[3]
                         net (fo=1, routed)           0.000     5.120    system_i/iq_0/inst/freq_ring/staging_reg[1023]_i_32_n_0
    SLICE_X46Y98         CARRY4 (Prop_carry4_CI_CO[3])
                                                      0.117     5.237 r  system_i/iq_0/inst/freq_ring/staging_reg[1023]_i_13/CO[3]
                         net (fo=1, routed)           0.000     5.237    system_i/iq_0/inst/freq_ring/staging_reg[1023]_i_13_n_0
    SLICE_X46Y99         CARRY4 (Prop_carry4_CI_CO[3])
                                                      0.117     5.354 r  system_i/iq_0/inst/freq_ring/staging_reg[1023]_i_14/CO[3]
                         net (fo=1, routed)           0.001     5.355    system_i/iq_0/inst/freq_ring/staging_reg[1023]_i_14_n_0
    SLICE_X46Y100        CARRY4 (Prop_carry4_CI_CO[3])
                                                      0.117     5.472 r  system_i/iq_0/inst/freq_ring/staging_reg[1023]_i_7/CO[3]
                         net (fo=1, routed)           0.000     5.472    system_i/iq_0/inst/freq_ring/staging_reg[1023]_i_7_n_0
    SLICE_X46Y101        CARRY4 (Prop_carry4_CI_CO[3])
                                                      0.117     5.589 r  system_i/iq_0/inst/freq_ring/staging_reg[1023]_i_8/CO[3]
                         net (fo=1, routed)           0.000     5.589    system_i/iq_0/inst/freq_ring/staging_reg[1023]_i_8_n_0
    SLICE_X46Y102        CARRY4 (Prop_carry4_CI_CO[3])
                                                      0.117     5.706 r  system_i/iq_0/inst/freq_ring/staging_reg[1023]_i_10/CO[3]
                         net (fo=1, routed)           0.000     5.706    system_i/iq_0/inst/freq_ring/staging_reg[1023]_i_10_n_0
    SLICE_X46Y103        CARRY4 (Prop_carry4_CI_O[2])
                                                      0.239     5.945 f  system_i/iq_0/inst/freq_ring/staging_reg[1023]_i_11/O[2]
                         net (fo=1, routed)           1.077     7.021    system_i/iq_0/inst/freq_ring/staging_reg[1023]_i_11_n_5
    SLICE_X47Y93         LUT4 (Prop_lut4_I0_O)        0.301     7.322 f  system_i/iq_0/inst/freq_ring/staging[1023]_i_12/O
                         net (fo=1, routed)           0.154     7.477    system_i/iq_0/inst/freq_ring/staging[1023]_i_12_n_0
    SLICE_X47Y93         LUT5 (Prop_lut5_I4_O)        0.124     7.601 f  system_i/iq_0/inst/freq_ring/staging[1023]_i_5/O
                         net (fo=1, routed)           0.436     8.037    system_i/iq_0/inst/freq_ring/staging[1023]_i_5_n_0
    SLICE_X48Y94         LUT4 (Prop_lut4_I2_O)        0.124     8.161 f  system_i/iq_0/inst/freq_ring/staging[1023]_i_3/O
                         net (fo=4, routed)           0.910     9.072    system_i/iq_0/inst/freq_ring/busy_reg_0
    SLICE_X56Y88         LUT3 (Prop_lut3_I1_O)        0.124     9.196 r  system_i/iq_0/inst/freq_ring/staging[1023]_i_1/O
                         net (fo=1024, routed)        1.090    10.286    system_i/iq_0/inst/freq_ring/staging[1023]_i_1_n_0
    SLICE_X53Y85         FDRE                                         r  system_i/iq_0/inst/freq_ring/staging_reg[525]/CE
  -------------------------------------------------------------------    -------------------

                         (clock clk_fpga_0 rise edge)
                                                      8.000     8.000 r  <hidden>
    PS7_X0Y0             PS7                          0.000     8.000 r  system_i/ps7/inst/PS7_i/FCLKCLK[0]
                         net (fo=1, routed)           1.088     9.088    system_i/ps7/inst/FCLK_CLK_unbuffered[0]
    BUFGCTRL_X0Y16       BUFG (Prop_bufg_I_O)         0.091     9.179 r  system_i/ps7/inst/buffer_fclk_clk_0.FCLK_CLK_0_BUFG/O
                         net (fo=10988, routed)       1.461    10.640    system_i/iq_0/inst/freq_ring/s_axi_aclk
    SLICE_X53Y85         FDRE                                         r  system_i/iq_0/inst/freq_ring/staging_reg[525]/C
                         clock pessimism              0.129    10.769    <hidden>
                         clock uncertainty           -0.125    10.644    <hidden>
    SLICE_X53Y85         FDRE (Setup_fdre_C_CE)      -0.205    10.439    system_i/iq_0/inst/freq_ring/staging_reg[525]
  -------------------------------------------------------------------
                         required time                         10.439    <hidden>
                         arrival time                         -10.286    <hidden>
  -------------------------------------------------------------------
                         slack                                  0.152    <hidden>

Slack (MET) :             0.152ns  (required time - arrival time)
  Source:                 system_i/iq_0/inst/freq_consumer_reg[0]/C
                            (rising edge-triggered cell FDRE clocked by clk_fpga_0  {rise@0.000ns fall@4.000ns period=8.000ns})
  Destination:            system_i/iq_0/inst/freq_ring/staging_reg[595]/CE
                            (rising edge-triggered cell FDRE clocked by clk_fpga_0  {rise@0.000ns fall@4.000ns period=8.000ns})
  Path Group:             clk_fpga_0
  Path Type:              Setup (Max at Slow Process Corner)
  Requirement:            8.000ns  (clk_fpga_0 rise@8.000ns - clk_fpga_0 rise@0.000ns)
  Data Path Delay:        7.341ns  (logic 2.900ns (39.504%)  route 4.441ns (60.496%))
  Logic Levels:           13  (CARRY4=8 LUT2=1 LUT3=1 LUT4=2 LUT5=1)
  Clock Path Skew:        -0.176ns (DCD - SCD + CPR)
    Destination Clock Delay (DCD):    2.640ns = ( 10.640 - 8.000 ) 
    Source Clock Delay      (SCD):    2.945ns
    Clock Pessimism Removal (CPR):    0.129ns
  Clock Uncertainty:      0.125ns  ((TSJ^2 + TIJ^2)^1/2 + DJ) / 2 + PE
    Total System Jitter     (TSJ):    0.071ns
    Total Input Jitter      (TIJ):    0.240ns
    Discrete Jitter          (DJ):    0.000ns
    Phase Error              (PE):    0.000ns

    Location             Delay type                Incr(ns)  Path(ns)    Netlist Resource(s)
  -------------------------------------------------------------------    -------------------
                         (clock clk_fpga_0 rise edge)
                                                      0.000     0.000 r  <hidden>
    PS7_X0Y0             PS7                          0.000     0.000 r  system_i/ps7/inst/PS7_i/FCLKCLK[0]
                         net (fo=1, routed)           1.193     1.193    system_i/ps7/inst/FCLK_CLK_unbuffered[0]
    BUFGCTRL_X0Y16       BUFG (Prop_bufg_I_O)         0.101     1.294 r  system_i/ps7/inst/buffer_fclk_clk_0.FCLK_CLK_0_BUFG/O
                         net (fo=10988, routed)       1.651     2.945    system_i/iq_0/inst/s_axi_aclk
    SLICE_X42Y94         FDRE                                         r  system_i/iq_0/inst/freq_consumer_reg[0]/C
  -------------------------------------------------------------------    -------------------
    SLICE_X42Y94         FDRE (Prop_fdre_C_Q)         0.478     3.423 r  system_i/iq_0/inst/freq_consumer_reg[0]/Q
                         net (fo=5, routed)           0.772     4.195    system_i/iq_0/inst/freq_ring/staging_reg[1023]_i_11_0[0]
    SLICE_X46Y96         LUT2 (Prop_lut2_I1_O)        0.295     4.490 r  system_i/iq_0/inst/freq_ring/staging[1023]_i_49/O
                         net (fo=1, routed)           0.000     4.490    system_i/iq_0/inst/freq_ring/staging[1023]_i_49_n_0
    SLICE_X46Y96         CARRY4 (Prop_carry4_S[0]_CO[3])
                                                      0.513     5.003 r  system_i/iq_0/inst/freq_ring/staging_reg[1023]_i_41/CO[3]
                         net (fo=1, routed)           0.000     5.003    system_i/iq_0/inst/freq_ring/staging_reg[1023]_i_41_n_0
    SLICE_X46Y97         CARRY4 (Prop_carry4_CI_CO[3])
                                                      0.117     5.120 r  system_i/iq_0/inst/freq_ring/staging_reg[1023]_i_32/CO[3]
                         net (fo=1, routed)           0.000     5.120    system_i/iq_0/inst/freq_ring/staging_reg[1023]_i_32_n_0
    SLICE_X46Y98         CARRY4 (Prop_carry4_CI_CO[3])
                                                      0.117     5.237 r  system_i/iq_0/inst/freq_ring/staging_reg[1023]_i_13/CO[3]
                         net (fo=1, routed)           0.000     5.237    system_i/iq_0/inst/freq_ring/staging_reg[1023]_i_13_n_0
    SLICE_X46Y99         CARRY4 (Prop_carry4_CI_CO[3])
                                                      0.117     5.354 r  system_i/iq_0/inst/freq_ring/staging_reg[1023]_i_14/CO[3]
                         net (fo=1, routed)           0.001     5.355    system_i/iq_0/inst/freq_ring/staging_reg[1023]_i_14_n_0
    SLICE_X46Y100        CARRY4 (Prop_carry4_CI_CO[3])
                                                      0.117     5.472 r  system_i/iq_0/inst/freq_ring/staging_reg[1023]_i_7/CO[3]
                         net (fo=1, routed)           0.000     5.472    system_i/iq_0/inst/freq_ring/staging_reg[1023]_i_7_n_0
    SLICE_X46Y101        CARRY4 (Prop_carry4_CI_CO[3])
                                                      0.117     5.589 r  system_i/iq_0/inst/freq_ring/staging_reg[1023]_i_8/CO[3]
                         net (fo=1, routed)           0.000     5.589    system_i/iq_0/inst/freq_ring/staging_reg[1023]_i_8_n_0
    SLICE_X46Y102        CARRY4 (Prop_carry4_CI_CO[3])
                                                      0.117     5.706 r  system_i/iq_0/inst/freq_ring/staging_reg[1023]_i_10/CO[3]
                         net (fo=1, routed)           0.000     5.706    system_i/iq_0/inst/freq_ring/staging_reg[1023]_i_10_n_0
    SLICE_X46Y103        CARRY4 (Prop_carry4_CI_O[2])
                                                      0.239     5.945 f  system_i/iq_0/inst/freq_ring/staging_reg[1023]_i_11/O[2]
                         net (fo=1, routed)           1.077     7.021    system_i/iq_0/inst/freq_ring/staging_reg[1023]_i_11_n_5
    SLICE_X47Y93         LUT4 (Prop_lut4_I0_O)        0.301     7.322 f  system_i/iq_0/inst/freq_ring/staging[1023]_i_12/O
                         net (fo=1, routed)           0.154     7.477    system_i/iq_0/inst/freq_ring/staging[1023]_i_12_n_0
    SLICE_X47Y93         LUT5 (Prop_lut5_I4_O)        0.124     7.601 f  system_i/iq_0/inst/freq_ring/staging[1023]_i_5/O
                         net (fo=1, routed)           0.436     8.037    system_i/iq_0/inst/freq_ring/staging[1023]_i_5_n_0
    SLICE_X48Y94         LUT4 (Prop_lut4_I2_O)        0.124     8.161 f  system_i/iq_0/inst/freq_ring/staging[1023]_i_3/O
                         net (fo=4, routed)           0.910     9.072    system_i/iq_0/inst/freq_ring/busy_reg_0
    SLICE_X56Y88         LUT3 (Prop_lut3_I1_O)        0.124     9.196 r  system_i/iq_0/inst/freq_ring/staging[1023]_i_1/O
                         net (fo=1024, routed)        1.090    10.286    system_i/iq_0/inst/freq_ring/staging[1023]_i_1_n_0
    SLICE_X53Y85         FDRE                                         r  system_i/iq_0/inst/freq_ring/staging_reg[595]/CE
  -------------------------------------------------------------------    -------------------

                         (clock clk_fpga_0 rise edge)
                                                      8.000     8.000 r  <hidden>
    PS7_X0Y0             PS7                          0.000     8.000 r  system_i/ps7/inst/PS7_i/FCLKCLK[0]
                         net (fo=1, routed)           1.088     9.088    system_i/ps7/inst/FCLK_CLK_unbuffered[0]
    BUFGCTRL_X0Y16       BUFG (Prop_bufg_I_O)         0.091     9.179 r  system_i/ps7/inst/buffer_fclk_clk_0.FCLK_CLK_0_BUFG/O
                         net (fo=10988, routed)       1.461    10.640    system_i/iq_0/inst/freq_ring/s_axi_aclk
    SLICE_X53Y85         FDRE                                         r  system_i/iq_0/inst/freq_ring/staging_reg[595]/C
                         clock pessimism              0.129    10.769    <hidden>
                         clock uncertainty           -0.125    10.644    <hidden>
    SLICE_X53Y85         FDRE (Setup_fdre_C_CE)      -0.205    10.439    system_i/iq_0/inst/freq_ring/staging_reg[595]
  -------------------------------------------------------------------
                         required time                         10.439    <hidden>
                         arrival time                         -10.286    <hidden>
  -------------------------------------------------------------------
                         slack                                  0.152    <hidden>

Slack (MET) :             0.152ns  (required time - arrival time)
  Source:                 system_i/iq_0/inst/freq_consumer_reg[0]/C
                            (rising edge-triggered cell FDRE clocked by clk_fpga_0  {rise@0.000ns fall@4.000ns period=8.000ns})
  Destination:            system_i/iq_0/inst/freq_ring/staging_reg[596]/CE
                            (rising edge-triggered cell FDRE clocked by clk_fpga_0  {rise@0.000ns fall@4.000ns period=8.000ns})
  Path Group:             clk_fpga_0
  Path Type:              Setup (Max at Slow Process Corner)
  Requirement:            8.000ns  (clk_fpga_0 rise@8.000ns - clk_fpga_0 rise@0.000ns)
  Data Path Delay:        7.341ns  (logic 2.900ns (39.504%)  route 4.441ns (60.496%))
  Logic Levels:           13  (CARRY4=8 LUT2=1 LUT3=1 LUT4=2 LUT5=1)
  Clock Path Skew:        -0.176ns (DCD - SCD + CPR)
    Destination Clock Delay (DCD):    2.640ns = ( 10.640 - 8.000 ) 
    Source Clock Delay      (SCD):    2.945ns
    Clock Pessimism Removal (CPR):    0.129ns
  Clock Uncertainty:      0.125ns  ((TSJ^2 + TIJ^2)^1/2 + DJ) / 2 + PE
    Total System Jitter     (TSJ):    0.071ns
    Total Input Jitter      (TIJ):    0.240ns
    Discrete Jitter          (DJ):    0.000ns
    Phase Error              (PE):    0.000ns

    Location             Delay type                Incr(ns)  Path(ns)    Netlist Resource(s)
  -------------------------------------------------------------------    -------------------
                         (clock clk_fpga_0 rise edge)
                                                      0.000     0.000 r  <hidden>
    PS7_X0Y0             PS7                          0.000     0.000 r  system_i/ps7/inst/PS7_i/FCLKCLK[0]
                         net (fo=1, routed)           1.193     1.193    system_i/ps7/inst/FCLK_CLK_unbuffered[0]
    BUFGCTRL_X0Y16       BUFG (Prop_bufg_I_O)         0.101     1.294 r  system_i/ps7/inst/buffer_fclk_clk_0.FCLK_CLK_0_BUFG/O
                         net (fo=10988, routed)       1.651     2.945    system_i/iq_0/inst/s_axi_aclk
    SLICE_X42Y94         FDRE                                         r  system_i/iq_0/inst/freq_consumer_reg[0]/C
  -------------------------------------------------------------------    -------------------
    SLICE_X42Y94         FDRE (Prop_fdre_C_Q)         0.478     3.423 r  system_i/iq_0/inst/freq_consumer_reg[0]/Q
                         net (fo=5, routed)           0.772     4.195    system_i/iq_0/inst/freq_ring/staging_reg[1023]_i_11_0[0]
    SLICE_X46Y96         LUT2 (Prop_lut2_I1_O)        0.295     4.490 r  system_i/iq_0/inst/freq_ring/staging[1023]_i_49/O
                         net (fo=1, routed)           0.000     4.490    system_i/iq_0/inst/freq_ring/staging[1023]_i_49_n_0
    SLICE_X46Y96         CARRY4 (Prop_carry4_S[0]_CO[3])
                                                      0.513     5.003 r  system_i/iq_0/inst/freq_ring/staging_reg[1023]_i_41/CO[3]
                         net (fo=1, routed)           0.000     5.003    system_i/iq_0/inst/freq_ring/staging_reg[1023]_i_41_n_0
    SLICE_X46Y97         CARRY4 (Prop_carry4_CI_CO[3])
                                                      0.117     5.120 r  system_i/iq_0/inst/freq_ring/staging_reg[1023]_i_32/CO[3]
                         net (fo=1, routed)           0.000     5.120    system_i/iq_0/inst/freq_ring/staging_reg[1023]_i_32_n_0
    SLICE_X46Y98         CARRY4 (Prop_carry4_CI_CO[3])
                                                      0.117     5.237 r  system_i/iq_0/inst/freq_ring/staging_reg[1023]_i_13/CO[3]
                         net (fo=1, routed)           0.000     5.237    system_i/iq_0/inst/freq_ring/staging_reg[1023]_i_13_n_0
    SLICE_X46Y99         CARRY4 (Prop_carry4_CI_CO[3])
                                                      0.117     5.354 r  system_i/iq_0/inst/freq_ring/staging_reg[1023]_i_14/CO[3]
                         net (fo=1, routed)           0.001     5.355    system_i/iq_0/inst/freq_ring/staging_reg[1023]_i_14_n_0
    SLICE_X46Y100        CARRY4 (Prop_carry4_CI_CO[3])
                                                      0.117     5.472 r  system_i/iq_0/inst/freq_ring/staging_reg[1023]_i_7/CO[3]
                         net (fo=1, routed)           0.000     5.472    system_i/iq_0/inst/freq_ring/staging_reg[1023]_i_7_n_0
    SLICE_X46Y101        CARRY4 (Prop_carry4_CI_CO[3])
                                                      0.117     5.589 r  system_i/iq_0/inst/freq_ring/staging_reg[1023]_i_8/CO[3]
                         net (fo=1, routed)           0.000     5.589    system_i/iq_0/inst/freq_ring/staging_reg[1023]_i_8_n_0
    SLICE_X46Y102        CARRY4 (Prop_carry4_CI_CO[3])
                                                      0.117     5.706 r  system_i/iq_0/inst/freq_ring/staging_reg[1023]_i_10/CO[3]
                         net (fo=1, routed)           0.000     5.706    system_i/iq_0/inst/freq_ring/staging_reg[1023]_i_10_n_0
    SLICE_X46Y103        CARRY4 (Prop_carry4_CI_O[2])
                                                      0.239     5.945 f  system_i/iq_0/inst/freq_ring/staging_reg[1023]_i_11/O[2]
                         net (fo=1, routed)           1.077     7.021    system_i/iq_0/inst/freq_ring/staging_reg[1023]_i_11_n_5
    SLICE_X47Y93         LUT4 (Prop_lut4_I0_O)        0.301     7.322 f  system_i/iq_0/inst/freq_ring/staging[1023]_i_12/O
                         net (fo=1, routed)           0.154     7.477    system_i/iq_0/inst/freq_ring/staging[1023]_i_12_n_0
    SLICE_X47Y93         LUT5 (Prop_lut5_I4_O)        0.124     7.601 f  system_i/iq_0/inst/freq_ring/staging[1023]_i_5/O
                         net (fo=1, routed)           0.436     8.037    system_i/iq_0/inst/freq_ring/staging[1023]_i_5_n_0
    SLICE_X48Y94         LUT4 (Prop_lut4_I2_O)        0.124     8.161 f  system_i/iq_0/inst/freq_ring/staging[1023]_i_3/O
                         net (fo=4, routed)           0.910     9.072    system_i/iq_0/inst/freq_ring/busy_reg_0
    SLICE_X56Y88         LUT3 (Prop_lut3_I1_O)        0.124     9.196 r  system_i/iq_0/inst/freq_ring/staging[1023]_i_1/O
                         net (fo=1024, routed)        1.090    10.286    system_i/iq_0/inst/freq_ring/staging[1023]_i_1_n_0
    SLICE_X53Y85         FDRE                                         r  system_i/iq_0/inst/freq_ring/staging_reg[596]/CE
  -------------------------------------------------------------------    -------------------

                         (clock clk_fpga_0 rise edge)
                                                      8.000     8.000 r  <hidden>
    PS7_X0Y0             PS7                          0.000     8.000 r  system_i/ps7/inst/PS7_i/FCLKCLK[0]
                         net (fo=1, routed)           1.088     9.088    system_i/ps7/inst/FCLK_CLK_unbuffered[0]
    BUFGCTRL_X0Y16       BUFG (Prop_bufg_I_O)         0.091     9.179 r  system_i/ps7/inst/buffer_fclk_clk_0.FCLK_CLK_0_BUFG/O
                         net (fo=10988, routed)       1.461    10.640    system_i/iq_0/inst/freq_ring/s_axi_aclk
    SLICE_X53Y85         FDRE                                         r  system_i/iq_0/inst/freq_ring/staging_reg[596]/C
                         clock pessimism              0.129    10.769    <hidden>
                         clock uncertainty           -0.125    10.644    <hidden>
    SLICE_X53Y85         FDRE (Setup_fdre_C_CE)      -0.205    10.439    system_i/iq_0/inst/freq_ring/staging_reg[596]
  -------------------------------------------------------------------
                         required time                         10.439    <hidden>
                         arrival time                         -10.286    <hidden>
  -------------------------------------------------------------------
                         slack                                  0.152    <hidden>

Slack (MET) :             0.161ns  (required time - arrival time)
  Source:                 system_i/iq_0/inst/tick_reg[1]/C
                            (rising edge-triggered cell FDRE clocked by clk_fpga_0  {rise@0.000ns fall@4.000ns period=8.000ns})
  Destination:            system_i/iq_0/inst/publish_latency_max_reg[1]/CE
                            (rising edge-triggered cell FDRE clocked by clk_fpga_0  {rise@0.000ns fall@4.000ns period=8.000ns})
  Path Group:             clk_fpga_0
  Path Type:              Setup (Max at Slow Process Corner)
  Requirement:            8.000ns  (clk_fpga_0 rise@8.000ns - clk_fpga_0 rise@0.000ns)
  Data Path Delay:        7.522ns  (logic 3.886ns (51.663%)  route 3.636ns (48.337%))
  Logic Levels:           19  (CARRY4=16 LUT2=2 LUT3=1)
  Clock Path Skew:        0.013ns (DCD - SCD + CPR)
    Destination Clock Delay (DCD):    2.713ns = ( 10.713 - 8.000 ) 
    Source Clock Delay      (SCD):    2.929ns
    Clock Pessimism Removal (CPR):    0.229ns
  Clock Uncertainty:      0.125ns  ((TSJ^2 + TIJ^2)^1/2 + DJ) / 2 + PE
    Total System Jitter     (TSJ):    0.071ns
    Total Input Jitter      (TIJ):    0.240ns
    Discrete Jitter          (DJ):    0.000ns
    Phase Error              (PE):    0.000ns

    Location             Delay type                Incr(ns)  Path(ns)    Netlist Resource(s)
  -------------------------------------------------------------------    -------------------
                         (clock clk_fpga_0 rise edge)
                                                      0.000     0.000 r  <hidden>
    PS7_X0Y0             PS7                          0.000     0.000 r  system_i/ps7/inst/PS7_i/FCLKCLK[0]
                         net (fo=1, routed)           1.193     1.193    system_i/ps7/inst/FCLK_CLK_unbuffered[0]
    BUFGCTRL_X0Y16       BUFG (Prop_bufg_I_O)         0.101     1.294 r  system_i/ps7/inst/buffer_fclk_clk_0.FCLK_CLK_0_BUFG/O
                         net (fo=10988, routed)       1.635     2.929    system_i/iq_0/inst/s_axi_aclk
    SLICE_X52Y87         FDRE                                         r  system_i/iq_0/inst/tick_reg[1]/C
  -------------------------------------------------------------------    -------------------
    SLICE_X52Y87         FDRE (Prop_fdre_C_Q)         0.456     3.385 r  system_i/iq_0/inst/tick_reg[1]/Q
                         net (fo=11, routed)          1.020     4.405    system_i/iq_0/inst/freq_ring/publish_latency_max_reg[31]_i_26_0[25]
    SLICE_X56Y89         LUT2 (Prop_lut2_I0_O)        0.124     4.529 r  system_i/iq_0/inst/freq_ring/publish_latency_max[31]_i_157/O
                         net (fo=1, routed)           0.000     4.529    system_i/iq_0/inst/freq_ring/publish_latency_max[31]_i_157_n_0
    SLICE_X56Y89         CARRY4 (Prop_carry4_S[1]_CO[3])
                                                      0.550     5.079 r  system_i/iq_0/inst/freq_ring/publish_latency_max_reg[31]_i_142/CO[3]
                         net (fo=1, routed)           0.000     5.079    system_i/iq_0/inst/freq_ring/publish_latency_max_reg[31]_i_142_n_0
    SLICE_X56Y90         CARRY4 (Prop_carry4_CI_CO[3])
                                                      0.114     5.193 r  system_i/iq_0/inst/freq_ring/publish_latency_max_reg[31]_i_141/CO[3]
                         net (fo=1, routed)           0.000     5.193    system_i/iq_0/inst/freq_ring/publish_latency_max_reg[31]_i_141_n_0
    SLICE_X56Y91         CARRY4 (Prop_carry4_CI_CO[3])
                                                      0.114     5.307 r  system_i/iq_0/inst/freq_ring/publish_latency_max_reg[31]_i_132/CO[3]
                         net (fo=1, routed)           0.000     5.307    system_i/iq_0/inst/freq_ring/publish_latency_max_reg[31]_i_132_n_0
    SLICE_X56Y92         CARRY4 (Prop_carry4_CI_CO[3])
                                                      0.114     5.421 r  system_i/iq_0/inst/freq_ring/publish_latency_max_reg[31]_i_131/CO[3]
                         net (fo=1, routed)           0.000     5.421    system_i/iq_0/inst/freq_ring/publish_latency_max_reg[31]_i_131_n_0
    SLICE_X56Y93         CARRY4 (Prop_carry4_CI_CO[3])
                                                      0.114     5.535 r  system_i/iq_0/inst/freq_ring/publish_latency_max_reg[31]_i_114/CO[3]
                         net (fo=1, routed)           0.000     5.535    system_i/iq_0/inst/freq_ring/publish_latency_max_reg[31]_i_114_n_0
    SLICE_X56Y94         CARRY4 (Prop_carry4_CI_CO[3])
                                                      0.114     5.649 r  system_i/iq_0/inst/freq_ring/publish_latency_max_reg[31]_i_113/CO[3]
                         net (fo=1, routed)           0.000     5.649    system_i/iq_0/inst/freq_ring/publish_latency_max_reg[31]_i_113_n_0
    SLICE_X56Y95         CARRY4 (Prop_carry4_CI_CO[3])
                                                      0.114     5.763 r  system_i/iq_0/inst/freq_ring/publish_latency_max_reg[31]_i_95/CO[3]
                         net (fo=1, routed)           0.000     5.763    system_i/iq_0/inst/freq_ring/publish_latency_max_reg[31]_i_95_n_0
    SLICE_X56Y96         CARRY4 (Prop_carry4_CI_CO[3])
                                                      0.114     5.877 r  system_i/iq_0/inst/freq_ring/publish_latency_max_reg[31]_i_94/CO[3]
                         net (fo=1, routed)           0.000     5.877    system_i/iq_0/inst/freq_ring/publish_latency_max_reg[31]_i_94_n_0
    SLICE_X56Y97         CARRY4 (Prop_carry4_CI_CO[3])
                                                      0.114     5.991 r  system_i/iq_0/inst/freq_ring/publish_latency_max_reg[31]_i_76/CO[3]
                         net (fo=1, routed)           0.000     5.991    system_i/iq_0/inst/freq_ring/publish_latency_max_reg[31]_i_76_n_0
    SLICE_X56Y98         CARRY4 (Prop_carry4_CI_CO[3])
                                                      0.114     6.105 r  system_i/iq_0/inst/freq_ring/publish_latency_max_reg[31]_i_75/CO[3]
                         net (fo=1, routed)           0.000     6.105    system_i/iq_0/inst/freq_ring/publish_latency_max_reg[31]_i_75_n_0
    SLICE_X56Y99         CARRY4 (Prop_carry4_CI_CO[3])
                                                      0.114     6.219 r  system_i/iq_0/inst/freq_ring/publish_latency_max_reg[31]_i_57/CO[3]
                         net (fo=1, routed)           0.001     6.220    system_i/iq_0/inst/freq_ring/publish_latency_max_reg[31]_i_57_n_0
    SLICE_X56Y100        CARRY4 (Prop_carry4_CI_CO[3])
                                                      0.114     6.334 r  system_i/iq_0/inst/freq_ring/publish_latency_max_reg[31]_i_56/CO[3]
                         net (fo=1, routed)           0.000     6.334    system_i/iq_0/inst/freq_ring/publish_latency_max_reg[31]_i_56_n_0
    SLICE_X56Y101        CARRY4 (Prop_carry4_CI_CO[3])
                                                      0.114     6.448 r  system_i/iq_0/inst/freq_ring/publish_latency_max_reg[31]_i_38/CO[3]
                         net (fo=1, routed)           0.000     6.448    system_i/iq_0/inst/freq_ring/publish_latency_max_reg[31]_i_38_n_0
    SLICE_X56Y102        CARRY4 (Prop_carry4_CI_CO[3])
                                                      0.114     6.562 r  system_i/iq_0/inst/freq_ring/publish_latency_max_reg[31]_i_37/CO[3]
                         net (fo=1, routed)           0.000     6.562    system_i/iq_0/inst/freq_ring/publish_latency_max_reg[31]_i_37_n_0
    SLICE_X56Y103        CARRY4 (Prop_carry4_CI_O[1])
                                                      0.334     6.896 f  system_i/iq_0/inst/freq_ring/publish_latency_max_reg[31]_i_27/O[1]
                         net (fo=2, routed)           0.949     7.845    system_i/iq_0/inst/freq_ring/publish_latency_max2[57]
    SLICE_X58Y100        LUT2 (Prop_lut2_I0_O)        0.303     8.148 r  system_i/iq_0/inst/freq_ring/publish_latency_max[31]_i_16/O
                         net (fo=1, routed)           0.000     8.148    system_i/iq_0/inst/freq_ring/publish_latency_max[31]_i_16_n_0
    SLICE_X58Y100        CARRY4 (Prop_carry4_S[0]_CO[3])
                                                      0.513     8.661 r  system_i/iq_0/inst/freq_ring/publish_latency_max_reg[31]_i_3/CO[3]
                         net (fo=1, routed)           0.850     9.511    system_i/iq_0/inst/freq_ring/publish_latency_max1
    SLICE_X63Y100        LUT3 (Prop_lut3_I0_O)        0.124     9.635 r  system_i/iq_0/inst/freq_ring/publish_latency_max[31]_i_1/O
                         net (fo=32, routed)          0.816    10.451    system_i/iq_0/inst/publish_latency_max0
    SLICE_X55Y90         FDRE                                         r  system_i/iq_0/inst/publish_latency_max_reg[1]/CE
  -------------------------------------------------------------------    -------------------

                         (clock clk_fpga_0 rise edge)
                                                      8.000     8.000 r  <hidden>
    PS7_X0Y0             PS7                          0.000     8.000 r  system_i/ps7/inst/PS7_i/FCLKCLK[0]
                         net (fo=1, routed)           1.088     9.088    system_i/ps7/inst/FCLK_CLK_unbuffered[0]
    BUFGCTRL_X0Y16       BUFG (Prop_bufg_I_O)         0.091     9.179 r  system_i/ps7/inst/buffer_fclk_clk_0.FCLK_CLK_0_BUFG/O
                         net (fo=10988, routed)       1.534    10.713    system_i/iq_0/inst/s_axi_aclk
    SLICE_X55Y90         FDRE                                         r  system_i/iq_0/inst/publish_latency_max_reg[1]/C
                         clock pessimism              0.229    10.942    <hidden>
                         clock uncertainty           -0.125    10.817    <hidden>
    SLICE_X55Y90         FDRE (Setup_fdre_C_CE)      -0.205    10.612    system_i/iq_0/inst/publish_latency_max_reg[1]
  -------------------------------------------------------------------
                         required time                         10.612    <hidden>
                         arrival time                         -10.451    <hidden>
  -------------------------------------------------------------------
                         slack                                  0.161    <hidden>

Slack (MET) :             0.161ns  (required time - arrival time)
  Source:                 system_i/iq_0/inst/tick_reg[1]/C
                            (rising edge-triggered cell FDRE clocked by clk_fpga_0  {rise@0.000ns fall@4.000ns period=8.000ns})
  Destination:            system_i/iq_0/inst/publish_latency_max_reg[2]/CE
                            (rising edge-triggered cell FDRE clocked by clk_fpga_0  {rise@0.000ns fall@4.000ns period=8.000ns})
  Path Group:             clk_fpga_0
  Path Type:              Setup (Max at Slow Process Corner)
  Requirement:            8.000ns  (clk_fpga_0 rise@8.000ns - clk_fpga_0 rise@0.000ns)
  Data Path Delay:        7.522ns  (logic 3.886ns (51.663%)  route 3.636ns (48.337%))
  Logic Levels:           19  (CARRY4=16 LUT2=2 LUT3=1)
  Clock Path Skew:        0.013ns (DCD - SCD + CPR)
    Destination Clock Delay (DCD):    2.713ns = ( 10.713 - 8.000 ) 
    Source Clock Delay      (SCD):    2.929ns
    Clock Pessimism Removal (CPR):    0.229ns
  Clock Uncertainty:      0.125ns  ((TSJ^2 + TIJ^2)^1/2 + DJ) / 2 + PE
    Total System Jitter     (TSJ):    0.071ns
    Total Input Jitter      (TIJ):    0.240ns
    Discrete Jitter          (DJ):    0.000ns
    Phase Error              (PE):    0.000ns

    Location             Delay type                Incr(ns)  Path(ns)    Netlist Resource(s)
  -------------------------------------------------------------------    -------------------
                         (clock clk_fpga_0 rise edge)
                                                      0.000     0.000 r  <hidden>
    PS7_X0Y0             PS7                          0.000     0.000 r  system_i/ps7/inst/PS7_i/FCLKCLK[0]
                         net (fo=1, routed)           1.193     1.193    system_i/ps7/inst/FCLK_CLK_unbuffered[0]
    BUFGCTRL_X0Y16       BUFG (Prop_bufg_I_O)         0.101     1.294 r  system_i/ps7/inst/buffer_fclk_clk_0.FCLK_CLK_0_BUFG/O
                         net (fo=10988, routed)       1.635     2.929    system_i/iq_0/inst/s_axi_aclk
    SLICE_X52Y87         FDRE                                         r  system_i/iq_0/inst/tick_reg[1]/C
  -------------------------------------------------------------------    -------------------
    SLICE_X52Y87         FDRE (Prop_fdre_C_Q)         0.456     3.385 r  system_i/iq_0/inst/tick_reg[1]/Q
                         net (fo=11, routed)          1.020     4.405    system_i/iq_0/inst/freq_ring/publish_latency_max_reg[31]_i_26_0[25]
    SLICE_X56Y89         LUT2 (Prop_lut2_I0_O)        0.124     4.529 r  system_i/iq_0/inst/freq_ring/publish_latency_max[31]_i_157/O
                         net (fo=1, routed)           0.000     4.529    system_i/iq_0/inst/freq_ring/publish_latency_max[31]_i_157_n_0
    SLICE_X56Y89         CARRY4 (Prop_carry4_S[1]_CO[3])
                                                      0.550     5.079 r  system_i/iq_0/inst/freq_ring/publish_latency_max_reg[31]_i_142/CO[3]
                         net (fo=1, routed)           0.000     5.079    system_i/iq_0/inst/freq_ring/publish_latency_max_reg[31]_i_142_n_0
    SLICE_X56Y90         CARRY4 (Prop_carry4_CI_CO[3])
                                                      0.114     5.193 r  system_i/iq_0/inst/freq_ring/publish_latency_max_reg[31]_i_141/CO[3]
                         net (fo=1, routed)           0.000     5.193    system_i/iq_0/inst/freq_ring/publish_latency_max_reg[31]_i_141_n_0
    SLICE_X56Y91         CARRY4 (Prop_carry4_CI_CO[3])
                                                      0.114     5.307 r  system_i/iq_0/inst/freq_ring/publish_latency_max_reg[31]_i_132/CO[3]
                         net (fo=1, routed)           0.000     5.307    system_i/iq_0/inst/freq_ring/publish_latency_max_reg[31]_i_132_n_0
    SLICE_X56Y92         CARRY4 (Prop_carry4_CI_CO[3])
                                                      0.114     5.421 r  system_i/iq_0/inst/freq_ring/publish_latency_max_reg[31]_i_131/CO[3]
                         net (fo=1, routed)           0.000     5.421    system_i/iq_0/inst/freq_ring/publish_latency_max_reg[31]_i_131_n_0
    SLICE_X56Y93         CARRY4 (Prop_carry4_CI_CO[3])
                                                      0.114     5.535 r  system_i/iq_0/inst/freq_ring/publish_latency_max_reg[31]_i_114/CO[3]
                         net (fo=1, routed)           0.000     5.535    system_i/iq_0/inst/freq_ring/publish_latency_max_reg[31]_i_114_n_0
    SLICE_X56Y94         CARRY4 (Prop_carry4_CI_CO[3])
                                                      0.114     5.649 r  system_i/iq_0/inst/freq_ring/publish_latency_max_reg[31]_i_113/CO[3]
                         net (fo=1, routed)           0.000     5.649    system_i/iq_0/inst/freq_ring/publish_latency_max_reg[31]_i_113_n_0
    SLICE_X56Y95         CARRY4 (Prop_carry4_CI_CO[3])
                                                      0.114     5.763 r  system_i/iq_0/inst/freq_ring/publish_latency_max_reg[31]_i_95/CO[3]
                         net (fo=1, routed)           0.000     5.763    system_i/iq_0/inst/freq_ring/publish_latency_max_reg[31]_i_95_n_0
    SLICE_X56Y96         CARRY4 (Prop_carry4_CI_CO[3])
                                                      0.114     5.877 r  system_i/iq_0/inst/freq_ring/publish_latency_max_reg[31]_i_94/CO[3]
                         net (fo=1, routed)           0.000     5.877    system_i/iq_0/inst/freq_ring/publish_latency_max_reg[31]_i_94_n_0
    SLICE_X56Y97         CARRY4 (Prop_carry4_CI_CO[3])
                                                      0.114     5.991 r  system_i/iq_0/inst/freq_ring/publish_latency_max_reg[31]_i_76/CO[3]
                         net (fo=1, routed)           0.000     5.991    system_i/iq_0/inst/freq_ring/publish_latency_max_reg[31]_i_76_n_0
    SLICE_X56Y98         CARRY4 (Prop_carry4_CI_CO[3])
                                                      0.114     6.105 r  system_i/iq_0/inst/freq_ring/publish_latency_max_reg[31]_i_75/CO[3]
                         net (fo=1, routed)           0.000     6.105    system_i/iq_0/inst/freq_ring/publish_latency_max_reg[31]_i_75_n_0
    SLICE_X56Y99         CARRY4 (Prop_carry4_CI_CO[3])
                                                      0.114     6.219 r  system_i/iq_0/inst/freq_ring/publish_latency_max_reg[31]_i_57/CO[3]
                         net (fo=1, routed)           0.001     6.220    system_i/iq_0/inst/freq_ring/publish_latency_max_reg[31]_i_57_n_0
    SLICE_X56Y100        CARRY4 (Prop_carry4_CI_CO[3])
                                                      0.114     6.334 r  system_i/iq_0/inst/freq_ring/publish_latency_max_reg[31]_i_56/CO[3]
                         net (fo=1, routed)           0.000     6.334    system_i/iq_0/inst/freq_ring/publish_latency_max_reg[31]_i_56_n_0
    SLICE_X56Y101        CARRY4 (Prop_carry4_CI_CO[3])
                                                      0.114     6.448 r  system_i/iq_0/inst/freq_ring/publish_latency_max_reg[31]_i_38/CO[3]
                         net (fo=1, routed)           0.000     6.448    system_i/iq_0/inst/freq_ring/publish_latency_max_reg[31]_i_38_n_0
    SLICE_X56Y102        CARRY4 (Prop_carry4_CI_CO[3])
                                                      0.114     6.562 r  system_i/iq_0/inst/freq_ring/publish_latency_max_reg[31]_i_37/CO[3]
                         net (fo=1, routed)           0.000     6.562    system_i/iq_0/inst/freq_ring/publish_latency_max_reg[31]_i_37_n_0
    SLICE_X56Y103        CARRY4 (Prop_carry4_CI_O[1])
                                                      0.334     6.896 f  system_i/iq_0/inst/freq_ring/publish_latency_max_reg[31]_i_27/O[1]
                         net (fo=2, routed)           0.949     7.845    system_i/iq_0/inst/freq_ring/publish_latency_max2[57]
    SLICE_X58Y100        LUT2 (Prop_lut2_I0_O)        0.303     8.148 r  system_i/iq_0/inst/freq_ring/publish_latency_max[31]_i_16/O
                         net (fo=1, routed)           0.000     8.148    system_i/iq_0/inst/freq_ring/publish_latency_max[31]_i_16_n_0
    SLICE_X58Y100        CARRY4 (Prop_carry4_S[0]_CO[3])
                                                      0.513     8.661 r  system_i/iq_0/inst/freq_ring/publish_latency_max_reg[31]_i_3/CO[3]
                         net (fo=1, routed)           0.850     9.511    system_i/iq_0/inst/freq_ring/publish_latency_max1
    SLICE_X63Y100        LUT3 (Prop_lut3_I0_O)        0.124     9.635 r  system_i/iq_0/inst/freq_ring/publish_latency_max[31]_i_1/O
                         net (fo=32, routed)          0.816    10.451    system_i/iq_0/inst/publish_latency_max0
    SLICE_X55Y90         FDRE                                         r  system_i/iq_0/inst/publish_latency_max_reg[2]/CE
  -------------------------------------------------------------------    -------------------

                         (clock clk_fpga_0 rise edge)
                                                      8.000     8.000 r  <hidden>
    PS7_X0Y0             PS7                          0.000     8.000 r  system_i/ps7/inst/PS7_i/FCLKCLK[0]
                         net (fo=1, routed)           1.088     9.088    system_i/ps7/inst/FCLK_CLK_unbuffered[0]
    BUFGCTRL_X0Y16       BUFG (Prop_bufg_I_O)         0.091     9.179 r  system_i/ps7/inst/buffer_fclk_clk_0.FCLK_CLK_0_BUFG/O
                         net (fo=10988, routed)       1.534    10.713    system_i/iq_0/inst/s_axi_aclk
    SLICE_X55Y90         FDRE                                         r  system_i/iq_0/inst/publish_latency_max_reg[2]/C
                         clock pessimism              0.229    10.942    <hidden>
                         clock uncertainty           -0.125    10.817    <hidden>
    SLICE_X55Y90         FDRE (Setup_fdre_C_CE)      -0.205    10.612    system_i/iq_0/inst/publish_latency_max_reg[2]
  -------------------------------------------------------------------
                         required time                         10.612    <hidden>
                         arrival time                         -10.451    <hidden>
  -------------------------------------------------------------------
                         slack                                  0.161    <hidden>

Slack (MET) :             0.161ns  (required time - arrival time)
  Source:                 system_i/iq_0/inst/tick_reg[1]/C
                            (rising edge-triggered cell FDRE clocked by clk_fpga_0  {rise@0.000ns fall@4.000ns period=8.000ns})
  Destination:            system_i/iq_0/inst/publish_latency_max_reg[3]/CE
                            (rising edge-triggered cell FDRE clocked by clk_fpga_0  {rise@0.000ns fall@4.000ns period=8.000ns})
  Path Group:             clk_fpga_0
  Path Type:              Setup (Max at Slow Process Corner)
  Requirement:            8.000ns  (clk_fpga_0 rise@8.000ns - clk_fpga_0 rise@0.000ns)
  Data Path Delay:        7.522ns  (logic 3.886ns (51.663%)  route 3.636ns (48.337%))
  Logic Levels:           19  (CARRY4=16 LUT2=2 LUT3=1)
  Clock Path Skew:        0.013ns (DCD - SCD + CPR)
    Destination Clock Delay (DCD):    2.713ns = ( 10.713 - 8.000 ) 
    Source Clock Delay      (SCD):    2.929ns
    Clock Pessimism Removal (CPR):    0.229ns
  Clock Uncertainty:      0.125ns  ((TSJ^2 + TIJ^2)^1/2 + DJ) / 2 + PE
    Total System Jitter     (TSJ):    0.071ns
    Total Input Jitter      (TIJ):    0.240ns
    Discrete Jitter          (DJ):    0.000ns
    Phase Error              (PE):    0.000ns

    Location             Delay type                Incr(ns)  Path(ns)    Netlist Resource(s)
  -------------------------------------------------------------------    -------------------
                         (clock clk_fpga_0 rise edge)
                                                      0.000     0.000 r  <hidden>
    PS7_X0Y0             PS7                          0.000     0.000 r  system_i/ps7/inst/PS7_i/FCLKCLK[0]
                         net (fo=1, routed)           1.193     1.193    system_i/ps7/inst/FCLK_CLK_unbuffered[0]
    BUFGCTRL_X0Y16       BUFG (Prop_bufg_I_O)         0.101     1.294 r  system_i/ps7/inst/buffer_fclk_clk_0.FCLK_CLK_0_BUFG/O
                         net (fo=10988, routed)       1.635     2.929    system_i/iq_0/inst/s_axi_aclk
    SLICE_X52Y87         FDRE                                         r  system_i/iq_0/inst/tick_reg[1]/C
  -------------------------------------------------------------------    -------------------
    SLICE_X52Y87         FDRE (Prop_fdre_C_Q)         0.456     3.385 r  system_i/iq_0/inst/tick_reg[1]/Q
                         net (fo=11, routed)          1.020     4.405    system_i/iq_0/inst/freq_ring/publish_latency_max_reg[31]_i_26_0[25]
    SLICE_X56Y89         LUT2 (Prop_lut2_I0_O)        0.124     4.529 r  system_i/iq_0/inst/freq_ring/publish_latency_max[31]_i_157/O
                         net (fo=1, routed)           0.000     4.529    system_i/iq_0/inst/freq_ring/publish_latency_max[31]_i_157_n_0
    SLICE_X56Y89         CARRY4 (Prop_carry4_S[1]_CO[3])
                                                      0.550     5.079 r  system_i/iq_0/inst/freq_ring/publish_latency_max_reg[31]_i_142/CO[3]
                         net (fo=1, routed)           0.000     5.079    system_i/iq_0/inst/freq_ring/publish_latency_max_reg[31]_i_142_n_0
    SLICE_X56Y90         CARRY4 (Prop_carry4_CI_CO[3])
                                                      0.114     5.193 r  system_i/iq_0/inst/freq_ring/publish_latency_max_reg[31]_i_141/CO[3]
                         net (fo=1, routed)           0.000     5.193    system_i/iq_0/inst/freq_ring/publish_latency_max_reg[31]_i_141_n_0
    SLICE_X56Y91         CARRY4 (Prop_carry4_CI_CO[3])
                                                      0.114     5.307 r  system_i/iq_0/inst/freq_ring/publish_latency_max_reg[31]_i_132/CO[3]
                         net (fo=1, routed)           0.000     5.307    system_i/iq_0/inst/freq_ring/publish_latency_max_reg[31]_i_132_n_0
    SLICE_X56Y92         CARRY4 (Prop_carry4_CI_CO[3])
                                                      0.114     5.421 r  system_i/iq_0/inst/freq_ring/publish_latency_max_reg[31]_i_131/CO[3]
                         net (fo=1, routed)           0.000     5.421    system_i/iq_0/inst/freq_ring/publish_latency_max_reg[31]_i_131_n_0
    SLICE_X56Y93         CARRY4 (Prop_carry4_CI_CO[3])
                                                      0.114     5.535 r  system_i/iq_0/inst/freq_ring/publish_latency_max_reg[31]_i_114/CO[3]
                         net (fo=1, routed)           0.000     5.535    system_i/iq_0/inst/freq_ring/publish_latency_max_reg[31]_i_114_n_0
    SLICE_X56Y94         CARRY4 (Prop_carry4_CI_CO[3])
                                                      0.114     5.649 r  system_i/iq_0/inst/freq_ring/publish_latency_max_reg[31]_i_113/CO[3]
                         net (fo=1, routed)           0.000     5.649    system_i/iq_0/inst/freq_ring/publish_latency_max_reg[31]_i_113_n_0
    SLICE_X56Y95         CARRY4 (Prop_carry4_CI_CO[3])
                                                      0.114     5.763 r  system_i/iq_0/inst/freq_ring/publish_latency_max_reg[31]_i_95/CO[3]
                         net (fo=1, routed)           0.000     5.763    system_i/iq_0/inst/freq_ring/publish_latency_max_reg[31]_i_95_n_0
    SLICE_X56Y96         CARRY4 (Prop_carry4_CI_CO[3])
                                                      0.114     5.877 r  system_i/iq_0/inst/freq_ring/publish_latency_max_reg[31]_i_94/CO[3]
                         net (fo=1, routed)           0.000     5.877    system_i/iq_0/inst/freq_ring/publish_latency_max_reg[31]_i_94_n_0
    SLICE_X56Y97         CARRY4 (Prop_carry4_CI_CO[3])
                                                      0.114     5.991 r  system_i/iq_0/inst/freq_ring/publish_latency_max_reg[31]_i_76/CO[3]
                         net (fo=1, routed)           0.000     5.991    system_i/iq_0/inst/freq_ring/publish_latency_max_reg[31]_i_76_n_0
    SLICE_X56Y98         CARRY4 (Prop_carry4_CI_CO[3])
                                                      0.114     6.105 r  system_i/iq_0/inst/freq_ring/publish_latency_max_reg[31]_i_75/CO[3]
                         net (fo=1, routed)           0.000     6.105    system_i/iq_0/inst/freq_ring/publish_latency_max_reg[31]_i_75_n_0
    SLICE_X56Y99         CARRY4 (Prop_carry4_CI_CO[3])
                                                      0.114     6.219 r  system_i/iq_0/inst/freq_ring/publish_latency_max_reg[31]_i_57/CO[3]
                         net (fo=1, routed)           0.001     6.220    system_i/iq_0/inst/freq_ring/publish_latency_max_reg[31]_i_57_n_0
    SLICE_X56Y100        CARRY4 (Prop_carry4_CI_CO[3])
                                                      0.114     6.334 r  system_i/iq_0/inst/freq_ring/publish_latency_max_reg[31]_i_56/CO[3]
                         net (fo=1, routed)           0.000     6.334    system_i/iq_0/inst/freq_ring/publish_latency_max_reg[31]_i_56_n_0
    SLICE_X56Y101        CARRY4 (Prop_carry4_CI_CO[3])
                                                      0.114     6.448 r  system_i/iq_0/inst/freq_ring/publish_latency_max_reg[31]_i_38/CO[3]
                         net (fo=1, routed)           0.000     6.448    system_i/iq_0/inst/freq_ring/publish_latency_max_reg[31]_i_38_n_0
    SLICE_X56Y102        CARRY4 (Prop_carry4_CI_CO[3])
                                                      0.114     6.562 r  system_i/iq_0/inst/freq_ring/publish_latency_max_reg[31]_i_37/CO[3]
                         net (fo=1, routed)           0.000     6.562    system_i/iq_0/inst/freq_ring/publish_latency_max_reg[31]_i_37_n_0
    SLICE_X56Y103        CARRY4 (Prop_carry4_CI_O[1])
                                                      0.334     6.896 f  system_i/iq_0/inst/freq_ring/publish_latency_max_reg[31]_i_27/O[1]
                         net (fo=2, routed)           0.949     7.845    system_i/iq_0/inst/freq_ring/publish_latency_max2[57]
    SLICE_X58Y100        LUT2 (Prop_lut2_I0_O)        0.303     8.148 r  system_i/iq_0/inst/freq_ring/publish_latency_max[31]_i_16/O
                         net (fo=1, routed)           0.000     8.148    system_i/iq_0/inst/freq_ring/publish_latency_max[31]_i_16_n_0
    SLICE_X58Y100        CARRY4 (Prop_carry4_S[0]_CO[3])
                                                      0.513     8.661 r  system_i/iq_0/inst/freq_ring/publish_latency_max_reg[31]_i_3/CO[3]
                         net (fo=1, routed)           0.850     9.511    system_i/iq_0/inst/freq_ring/publish_latency_max1
    SLICE_X63Y100        LUT3 (Prop_lut3_I0_O)        0.124     9.635 r  system_i/iq_0/inst/freq_ring/publish_latency_max[31]_i_1/O
                         net (fo=32, routed)          0.816    10.451    system_i/iq_0/inst/publish_latency_max0
    SLICE_X55Y90         FDRE                                         r  system_i/iq_0/inst/publish_latency_max_reg[3]/CE
  -------------------------------------------------------------------    -------------------

                         (clock clk_fpga_0 rise edge)
                                                      8.000     8.000 r  <hidden>
    PS7_X0Y0             PS7                          0.000     8.000 r  system_i/ps7/inst/PS7_i/FCLKCLK[0]
                         net (fo=1, routed)           1.088     9.088    system_i/ps7/inst/FCLK_CLK_unbuffered[0]
    BUFGCTRL_X0Y16       BUFG (Prop_bufg_I_O)         0.091     9.179 r  system_i/ps7/inst/buffer_fclk_clk_0.FCLK_CLK_0_BUFG/O
                         net (fo=10988, routed)       1.534    10.713    system_i/iq_0/inst/s_axi_aclk
    SLICE_X55Y90         FDRE                                         r  system_i/iq_0/inst/publish_latency_max_reg[3]/C
                         clock pessimism              0.229    10.942    <hidden>
                         clock uncertainty           -0.125    10.817    <hidden>
    SLICE_X55Y90         FDRE (Setup_fdre_C_CE)      -0.205    10.612    system_i/iq_0/inst/publish_latency_max_reg[3]
  -------------------------------------------------------------------
                         required time                         10.612    <hidden>
                         arrival time                         -10.451    <hidden>
  -------------------------------------------------------------------
                         slack                                  0.161    <hidden>

Slack (MET) :             0.165ns  (required time - arrival time)
  Source:                 system_i/iq_0/inst/tick_reg[1]/C
                            (rising edge-triggered cell FDRE clocked by clk_fpga_0  {rise@0.000ns fall@4.000ns period=8.000ns})
  Destination:            system_i/iq_0/inst/publish_latency_max_reg[4]/CE
                            (rising edge-triggered cell FDRE clocked by clk_fpga_0  {rise@0.000ns fall@4.000ns period=8.000ns})
  Path Group:             clk_fpga_0
  Path Type:              Setup (Max at Slow Process Corner)
  Requirement:            8.000ns  (clk_fpga_0 rise@8.000ns - clk_fpga_0 rise@0.000ns)
  Data Path Delay:        7.519ns  (logic 3.886ns (51.684%)  route 3.633ns (48.316%))
  Logic Levels:           19  (CARRY4=16 LUT2=2 LUT3=1)
  Clock Path Skew:        0.014ns (DCD - SCD + CPR)
    Destination Clock Delay (DCD):    2.714ns = ( 10.714 - 8.000 ) 
    Source Clock Delay      (SCD):    2.929ns
    Clock Pessimism Removal (CPR):    0.229ns
  Clock Uncertainty:      0.125ns  ((TSJ^2 + TIJ^2)^1/2 + DJ) / 2 + PE
    Total System Jitter     (TSJ):    0.071ns
    Total Input Jitter      (TIJ):    0.240ns
    Discrete Jitter          (DJ):    0.000ns
    Phase Error              (PE):    0.000ns

    Location             Delay type                Incr(ns)  Path(ns)    Netlist Resource(s)
  -------------------------------------------------------------------    -------------------
                         (clock clk_fpga_0 rise edge)
                                                      0.000     0.000 r  <hidden>
    PS7_X0Y0             PS7                          0.000     0.000 r  system_i/ps7/inst/PS7_i/FCLKCLK[0]
                         net (fo=1, routed)           1.193     1.193    system_i/ps7/inst/FCLK_CLK_unbuffered[0]
    BUFGCTRL_X0Y16       BUFG (Prop_bufg_I_O)         0.101     1.294 r  system_i/ps7/inst/buffer_fclk_clk_0.FCLK_CLK_0_BUFG/O
                         net (fo=10988, routed)       1.635     2.929    system_i/iq_0/inst/s_axi_aclk
    SLICE_X52Y87         FDRE                                         r  system_i/iq_0/inst/tick_reg[1]/C
  -------------------------------------------------------------------    -------------------
    SLICE_X52Y87         FDRE (Prop_fdre_C_Q)         0.456     3.385 r  system_i/iq_0/inst/tick_reg[1]/Q
                         net (fo=11, routed)          1.020     4.405    system_i/iq_0/inst/freq_ring/publish_latency_max_reg[31]_i_26_0[25]
    SLICE_X56Y89         LUT2 (Prop_lut2_I0_O)        0.124     4.529 r  system_i/iq_0/inst/freq_ring/publish_latency_max[31]_i_157/O
                         net (fo=1, routed)           0.000     4.529    system_i/iq_0/inst/freq_ring/publish_latency_max[31]_i_157_n_0
    SLICE_X56Y89         CARRY4 (Prop_carry4_S[1]_CO[3])
                                                      0.550     5.079 r  system_i/iq_0/inst/freq_ring/publish_latency_max_reg[31]_i_142/CO[3]
                         net (fo=1, routed)           0.000     5.079    system_i/iq_0/inst/freq_ring/publish_latency_max_reg[31]_i_142_n_0
    SLICE_X56Y90         CARRY4 (Prop_carry4_CI_CO[3])
                                                      0.114     5.193 r  system_i/iq_0/inst/freq_ring/publish_latency_max_reg[31]_i_141/CO[3]
                         net (fo=1, routed)           0.000     5.193    system_i/iq_0/inst/freq_ring/publish_latency_max_reg[31]_i_141_n_0
    SLICE_X56Y91         CARRY4 (Prop_carry4_CI_CO[3])
                                                      0.114     5.307 r  system_i/iq_0/inst/freq_ring/publish_latency_max_reg[31]_i_132/CO[3]
                         net (fo=1, routed)           0.000     5.307    system_i/iq_0/inst/freq_ring/publish_latency_max_reg[31]_i_132_n_0
    SLICE_X56Y92         CARRY4 (Prop_carry4_CI_CO[3])
                                                      0.114     5.421 r  system_i/iq_0/inst/freq_ring/publish_latency_max_reg[31]_i_131/CO[3]
                         net (fo=1, routed)           0.000     5.421    system_i/iq_0/inst/freq_ring/publish_latency_max_reg[31]_i_131_n_0
    SLICE_X56Y93         CARRY4 (Prop_carry4_CI_CO[3])
                                                      0.114     5.535 r  system_i/iq_0/inst/freq_ring/publish_latency_max_reg[31]_i_114/CO[3]
                         net (fo=1, routed)           0.000     5.535    system_i/iq_0/inst/freq_ring/publish_latency_max_reg[31]_i_114_n_0
    SLICE_X56Y94         CARRY4 (Prop_carry4_CI_CO[3])
                                                      0.114     5.649 r  system_i/iq_0/inst/freq_ring/publish_latency_max_reg[31]_i_113/CO[3]
                         net (fo=1, routed)           0.000     5.649    system_i/iq_0/inst/freq_ring/publish_latency_max_reg[31]_i_113_n_0
    SLICE_X56Y95         CARRY4 (Prop_carry4_CI_CO[3])
                                                      0.114     5.763 r  system_i/iq_0/inst/freq_ring/publish_latency_max_reg[31]_i_95/CO[3]
                         net (fo=1, routed)           0.000     5.763    system_i/iq_0/inst/freq_ring/publish_latency_max_reg[31]_i_95_n_0
    SLICE_X56Y96         CARRY4 (Prop_carry4_CI_CO[3])
                                                      0.114     5.877 r  system_i/iq_0/inst/freq_ring/publish_latency_max_reg[31]_i_94/CO[3]
                         net (fo=1, routed)           0.000     5.877    system_i/iq_0/inst/freq_ring/publish_latency_max_reg[31]_i_94_n_0
    SLICE_X56Y97         CARRY4 (Prop_carry4_CI_CO[3])
                                                      0.114     5.991 r  system_i/iq_0/inst/freq_ring/publish_latency_max_reg[31]_i_76/CO[3]
                         net (fo=1, routed)           0.000     5.991    system_i/iq_0/inst/freq_ring/publish_latency_max_reg[31]_i_76_n_0
    SLICE_X56Y98         CARRY4 (Prop_carry4_CI_CO[3])
                                                      0.114     6.105 r  system_i/iq_0/inst/freq_ring/publish_latency_max_reg[31]_i_75/CO[3]
                         net (fo=1, routed)           0.000     6.105    system_i/iq_0/inst/freq_ring/publish_latency_max_reg[31]_i_75_n_0
    SLICE_X56Y99         CARRY4 (Prop_carry4_CI_CO[3])
                                                      0.114     6.219 r  system_i/iq_0/inst/freq_ring/publish_latency_max_reg[31]_i_57/CO[3]
                         net (fo=1, routed)           0.001     6.220    system_i/iq_0/inst/freq_ring/publish_latency_max_reg[31]_i_57_n_0
    SLICE_X56Y100        CARRY4 (Prop_carry4_CI_CO[3])
                                                      0.114     6.334 r  system_i/iq_0/inst/freq_ring/publish_latency_max_reg[31]_i_56/CO[3]
                         net (fo=1, routed)           0.000     6.334    system_i/iq_0/inst/freq_ring/publish_latency_max_reg[31]_i_56_n_0
    SLICE_X56Y101        CARRY4 (Prop_carry4_CI_CO[3])
                                                      0.114     6.448 r  system_i/iq_0/inst/freq_ring/publish_latency_max_reg[31]_i_38/CO[3]
                         net (fo=1, routed)           0.000     6.448    system_i/iq_0/inst/freq_ring/publish_latency_max_reg[31]_i_38_n_0
    SLICE_X56Y102        CARRY4 (Prop_carry4_CI_CO[3])
                                                      0.114     6.562 r  system_i/iq_0/inst/freq_ring/publish_latency_max_reg[31]_i_37/CO[3]
                         net (fo=1, routed)           0.000     6.562    system_i/iq_0/inst/freq_ring/publish_latency_max_reg[31]_i_37_n_0
    SLICE_X56Y103        CARRY4 (Prop_carry4_CI_O[1])
                                                      0.334     6.896 f  system_i/iq_0/inst/freq_ring/publish_latency_max_reg[31]_i_27/O[1]
                         net (fo=2, routed)           0.949     7.845    system_i/iq_0/inst/freq_ring/publish_latency_max2[57]
    SLICE_X58Y100        LUT2 (Prop_lut2_I0_O)        0.303     8.148 r  system_i/iq_0/inst/freq_ring/publish_latency_max[31]_i_16/O
                         net (fo=1, routed)           0.000     8.148    system_i/iq_0/inst/freq_ring/publish_latency_max[31]_i_16_n_0
    SLICE_X58Y100        CARRY4 (Prop_carry4_S[0]_CO[3])
                                                      0.513     8.661 r  system_i/iq_0/inst/freq_ring/publish_latency_max_reg[31]_i_3/CO[3]
                         net (fo=1, routed)           0.850     9.511    system_i/iq_0/inst/freq_ring/publish_latency_max1
    SLICE_X63Y100        LUT3 (Prop_lut3_I0_O)        0.124     9.635 r  system_i/iq_0/inst/freq_ring/publish_latency_max[31]_i_1/O
                         net (fo=32, routed)          0.813    10.448    system_i/iq_0/inst/publish_latency_max0
    SLICE_X55Y91         FDRE                                         r  system_i/iq_0/inst/publish_latency_max_reg[4]/CE
  -------------------------------------------------------------------    -------------------

                         (clock clk_fpga_0 rise edge)
                                                      8.000     8.000 r  <hidden>
    PS7_X0Y0             PS7                          0.000     8.000 r  system_i/ps7/inst/PS7_i/FCLKCLK[0]
                         net (fo=1, routed)           1.088     9.088    system_i/ps7/inst/FCLK_CLK_unbuffered[0]
    BUFGCTRL_X0Y16       BUFG (Prop_bufg_I_O)         0.091     9.179 r  system_i/ps7/inst/buffer_fclk_clk_0.FCLK_CLK_0_BUFG/O
                         net (fo=10988, routed)       1.535    10.714    system_i/iq_0/inst/s_axi_aclk
    SLICE_X55Y91         FDRE                                         r  system_i/iq_0/inst/publish_latency_max_reg[4]/C
                         clock pessimism              0.229    10.943    <hidden>
                         clock uncertainty           -0.125    10.818    <hidden>
    SLICE_X55Y91         FDRE (Setup_fdre_C_CE)      -0.205    10.613    system_i/iq_0/inst/publish_latency_max_reg[4]
  -------------------------------------------------------------------
                         required time                         10.613    <hidden>
                         arrival time                         -10.448    <hidden>
  -------------------------------------------------------------------
                         slack                                  0.165    <hidden>

Slack (MET) :             0.165ns  (required time - arrival time)
  Source:                 system_i/iq_0/inst/tick_reg[1]/C
                            (rising edge-triggered cell FDRE clocked by clk_fpga_0  {rise@0.000ns fall@4.000ns period=8.000ns})
  Destination:            system_i/iq_0/inst/publish_latency_max_reg[5]/CE
                            (rising edge-triggered cell FDRE clocked by clk_fpga_0  {rise@0.000ns fall@4.000ns period=8.000ns})
  Path Group:             clk_fpga_0
  Path Type:              Setup (Max at Slow Process Corner)
  Requirement:            8.000ns  (clk_fpga_0 rise@8.000ns - clk_fpga_0 rise@0.000ns)
  Data Path Delay:        7.519ns  (logic 3.886ns (51.684%)  route 3.633ns (48.316%))
  Logic Levels:           19  (CARRY4=16 LUT2=2 LUT3=1)
  Clock Path Skew:        0.014ns (DCD - SCD + CPR)
    Destination Clock Delay (DCD):    2.714ns = ( 10.714 - 8.000 ) 
    Source Clock Delay      (SCD):    2.929ns
    Clock Pessimism Removal (CPR):    0.229ns
  Clock Uncertainty:      0.125ns  ((TSJ^2 + TIJ^2)^1/2 + DJ) / 2 + PE
    Total System Jitter     (TSJ):    0.071ns
    Total Input Jitter      (TIJ):    0.240ns
    Discrete Jitter          (DJ):    0.000ns
    Phase Error              (PE):    0.000ns

    Location             Delay type                Incr(ns)  Path(ns)    Netlist Resource(s)
  -------------------------------------------------------------------    -------------------
                         (clock clk_fpga_0 rise edge)
                                                      0.000     0.000 r  <hidden>
    PS7_X0Y0             PS7                          0.000     0.000 r  system_i/ps7/inst/PS7_i/FCLKCLK[0]
                         net (fo=1, routed)           1.193     1.193    system_i/ps7/inst/FCLK_CLK_unbuffered[0]
    BUFGCTRL_X0Y16       BUFG (Prop_bufg_I_O)         0.101     1.294 r  system_i/ps7/inst/buffer_fclk_clk_0.FCLK_CLK_0_BUFG/O
                         net (fo=10988, routed)       1.635     2.929    system_i/iq_0/inst/s_axi_aclk
    SLICE_X52Y87         FDRE                                         r  system_i/iq_0/inst/tick_reg[1]/C
  -------------------------------------------------------------------    -------------------
    SLICE_X52Y87         FDRE (Prop_fdre_C_Q)         0.456     3.385 r  system_i/iq_0/inst/tick_reg[1]/Q
                         net (fo=11, routed)          1.020     4.405    system_i/iq_0/inst/freq_ring/publish_latency_max_reg[31]_i_26_0[25]
    SLICE_X56Y89         LUT2 (Prop_lut2_I0_O)        0.124     4.529 r  system_i/iq_0/inst/freq_ring/publish_latency_max[31]_i_157/O
                         net (fo=1, routed)           0.000     4.529    system_i/iq_0/inst/freq_ring/publish_latency_max[31]_i_157_n_0
    SLICE_X56Y89         CARRY4 (Prop_carry4_S[1]_CO[3])
                                                      0.550     5.079 r  system_i/iq_0/inst/freq_ring/publish_latency_max_reg[31]_i_142/CO[3]
                         net (fo=1, routed)           0.000     5.079    system_i/iq_0/inst/freq_ring/publish_latency_max_reg[31]_i_142_n_0
    SLICE_X56Y90         CARRY4 (Prop_carry4_CI_CO[3])
                                                      0.114     5.193 r  system_i/iq_0/inst/freq_ring/publish_latency_max_reg[31]_i_141/CO[3]
                         net (fo=1, routed)           0.000     5.193    system_i/iq_0/inst/freq_ring/publish_latency_max_reg[31]_i_141_n_0
    SLICE_X56Y91         CARRY4 (Prop_carry4_CI_CO[3])
                                                      0.114     5.307 r  system_i/iq_0/inst/freq_ring/publish_latency_max_reg[31]_i_132/CO[3]
                         net (fo=1, routed)           0.000     5.307    system_i/iq_0/inst/freq_ring/publish_latency_max_reg[31]_i_132_n_0
    SLICE_X56Y92         CARRY4 (Prop_carry4_CI_CO[3])
                                                      0.114     5.421 r  system_i/iq_0/inst/freq_ring/publish_latency_max_reg[31]_i_131/CO[3]
                         net (fo=1, routed)           0.000     5.421    system_i/iq_0/inst/freq_ring/publish_latency_max_reg[31]_i_131_n_0
    SLICE_X56Y93         CARRY4 (Prop_carry4_CI_CO[3])
                                                      0.114     5.535 r  system_i/iq_0/inst/freq_ring/publish_latency_max_reg[31]_i_114/CO[3]
                         net (fo=1, routed)           0.000     5.535    system_i/iq_0/inst/freq_ring/publish_latency_max_reg[31]_i_114_n_0
    SLICE_X56Y94         CARRY4 (Prop_carry4_CI_CO[3])
                                                      0.114     5.649 r  system_i/iq_0/inst/freq_ring/publish_latency_max_reg[31]_i_113/CO[3]
                         net (fo=1, routed)           0.000     5.649    system_i/iq_0/inst/freq_ring/publish_latency_max_reg[31]_i_113_n_0
    SLICE_X56Y95         CARRY4 (Prop_carry4_CI_CO[3])
                                                      0.114     5.763 r  system_i/iq_0/inst/freq_ring/publish_latency_max_reg[31]_i_95/CO[3]
                         net (fo=1, routed)           0.000     5.763    system_i/iq_0/inst/freq_ring/publish_latency_max_reg[31]_i_95_n_0
    SLICE_X56Y96         CARRY4 (Prop_carry4_CI_CO[3])
                                                      0.114     5.877 r  system_i/iq_0/inst/freq_ring/publish_latency_max_reg[31]_i_94/CO[3]
                         net (fo=1, routed)           0.000     5.877    system_i/iq_0/inst/freq_ring/publish_latency_max_reg[31]_i_94_n_0
    SLICE_X56Y97         CARRY4 (Prop_carry4_CI_CO[3])
                                                      0.114     5.991 r  system_i/iq_0/inst/freq_ring/publish_latency_max_reg[31]_i_76/CO[3]
                         net (fo=1, routed)           0.000     5.991    system_i/iq_0/inst/freq_ring/publish_latency_max_reg[31]_i_76_n_0
    SLICE_X56Y98         CARRY4 (Prop_carry4_CI_CO[3])
                                                      0.114     6.105 r  system_i/iq_0/inst/freq_ring/publish_latency_max_reg[31]_i_75/CO[3]
                         net (fo=1, routed)           0.000     6.105    system_i/iq_0/inst/freq_ring/publish_latency_max_reg[31]_i_75_n_0
    SLICE_X56Y99         CARRY4 (Prop_carry4_CI_CO[3])
                                                      0.114     6.219 r  system_i/iq_0/inst/freq_ring/publish_latency_max_reg[31]_i_57/CO[3]
                         net (fo=1, routed)           0.001     6.220    system_i/iq_0/inst/freq_ring/publish_latency_max_reg[31]_i_57_n_0
    SLICE_X56Y100        CARRY4 (Prop_carry4_CI_CO[3])
                                                      0.114     6.334 r  system_i/iq_0/inst/freq_ring/publish_latency_max_reg[31]_i_56/CO[3]
                         net (fo=1, routed)           0.000     6.334    system_i/iq_0/inst/freq_ring/publish_latency_max_reg[31]_i_56_n_0
    SLICE_X56Y101        CARRY4 (Prop_carry4_CI_CO[3])
                                                      0.114     6.448 r  system_i/iq_0/inst/freq_ring/publish_latency_max_reg[31]_i_38/CO[3]
                         net (fo=1, routed)           0.000     6.448    system_i/iq_0/inst/freq_ring/publish_latency_max_reg[31]_i_38_n_0
    SLICE_X56Y102        CARRY4 (Prop_carry4_CI_CO[3])
                                                      0.114     6.562 r  system_i/iq_0/inst/freq_ring/publish_latency_max_reg[31]_i_37/CO[3]
                         net (fo=1, routed)           0.000     6.562    system_i/iq_0/inst/freq_ring/publish_latency_max_reg[31]_i_37_n_0
    SLICE_X56Y103        CARRY4 (Prop_carry4_CI_O[1])
                                                      0.334     6.896 f  system_i/iq_0/inst/freq_ring/publish_latency_max_reg[31]_i_27/O[1]
                         net (fo=2, routed)           0.949     7.845    system_i/iq_0/inst/freq_ring/publish_latency_max2[57]
    SLICE_X58Y100        LUT2 (Prop_lut2_I0_O)        0.303     8.148 r  system_i/iq_0/inst/freq_ring/publish_latency_max[31]_i_16/O
                         net (fo=1, routed)           0.000     8.148    system_i/iq_0/inst/freq_ring/publish_latency_max[31]_i_16_n_0
    SLICE_X58Y100        CARRY4 (Prop_carry4_S[0]_CO[3])
                                                      0.513     8.661 r  system_i/iq_0/inst/freq_ring/publish_latency_max_reg[31]_i_3/CO[3]
                         net (fo=1, routed)           0.850     9.511    system_i/iq_0/inst/freq_ring/publish_latency_max1
    SLICE_X63Y100        LUT3 (Prop_lut3_I0_O)        0.124     9.635 r  system_i/iq_0/inst/freq_ring/publish_latency_max[31]_i_1/O
                         net (fo=32, routed)          0.813    10.448    system_i/iq_0/inst/publish_latency_max0
    SLICE_X55Y91         FDRE                                         r  system_i/iq_0/inst/publish_latency_max_reg[5]/CE
  -------------------------------------------------------------------    -------------------

                         (clock clk_fpga_0 rise edge)
                                                      8.000     8.000 r  <hidden>
    PS7_X0Y0             PS7                          0.000     8.000 r  system_i/ps7/inst/PS7_i/FCLKCLK[0]
                         net (fo=1, routed)           1.088     9.088    system_i/ps7/inst/FCLK_CLK_unbuffered[0]
    BUFGCTRL_X0Y16       BUFG (Prop_bufg_I_O)         0.091     9.179 r  system_i/ps7/inst/buffer_fclk_clk_0.FCLK_CLK_0_BUFG/O
                         net (fo=10988, routed)       1.535    10.714    system_i/iq_0/inst/s_axi_aclk
    SLICE_X55Y91         FDRE                                         r  system_i/iq_0/inst/publish_latency_max_reg[5]/C
                         clock pessimism              0.229    10.943    <hidden>
                         clock uncertainty           -0.125    10.818    <hidden>
    SLICE_X55Y91         FDRE (Setup_fdre_C_CE)      -0.205    10.613    system_i/iq_0/inst/publish_latency_max_reg[5]
  -------------------------------------------------------------------
                         required time                         10.613    <hidden>
                         arrival time                         -10.448    <hidden>
  -------------------------------------------------------------------
                         slack                                  0.165    <hidden>

Slack (MET) :             0.165ns  (required time - arrival time)
  Source:                 system_i/iq_0/inst/tick_reg[1]/C
                            (rising edge-triggered cell FDRE clocked by clk_fpga_0  {rise@0.000ns fall@4.000ns period=8.000ns})
  Destination:            system_i/iq_0/inst/publish_latency_max_reg[6]/CE
                            (rising edge-triggered cell FDRE clocked by clk_fpga_0  {rise@0.000ns fall@4.000ns period=8.000ns})
  Path Group:             clk_fpga_0
  Path Type:              Setup (Max at Slow Process Corner)
  Requirement:            8.000ns  (clk_fpga_0 rise@8.000ns - clk_fpga_0 rise@0.000ns)
  Data Path Delay:        7.519ns  (logic 3.886ns (51.684%)  route 3.633ns (48.316%))
  Logic Levels:           19  (CARRY4=16 LUT2=2 LUT3=1)
  Clock Path Skew:        0.014ns (DCD - SCD + CPR)
    Destination Clock Delay (DCD):    2.714ns = ( 10.714 - 8.000 ) 
    Source Clock Delay      (SCD):    2.929ns
    Clock Pessimism Removal (CPR):    0.229ns
  Clock Uncertainty:      0.125ns  ((TSJ^2 + TIJ^2)^1/2 + DJ) / 2 + PE
    Total System Jitter     (TSJ):    0.071ns
    Total Input Jitter      (TIJ):    0.240ns
    Discrete Jitter          (DJ):    0.000ns
    Phase Error              (PE):    0.000ns

    Location             Delay type                Incr(ns)  Path(ns)    Netlist Resource(s)
  -------------------------------------------------------------------    -------------------
                         (clock clk_fpga_0 rise edge)
                                                      0.000     0.000 r  <hidden>
    PS7_X0Y0             PS7                          0.000     0.000 r  system_i/ps7/inst/PS7_i/FCLKCLK[0]
                         net (fo=1, routed)           1.193     1.193    system_i/ps7/inst/FCLK_CLK_unbuffered[0]
    BUFGCTRL_X0Y16       BUFG (Prop_bufg_I_O)         0.101     1.294 r  system_i/ps7/inst/buffer_fclk_clk_0.FCLK_CLK_0_BUFG/O
                         net (fo=10988, routed)       1.635     2.929    system_i/iq_0/inst/s_axi_aclk
    SLICE_X52Y87         FDRE                                         r  system_i/iq_0/inst/tick_reg[1]/C
  -------------------------------------------------------------------    -------------------
    SLICE_X52Y87         FDRE (Prop_fdre_C_Q)         0.456     3.385 r  system_i/iq_0/inst/tick_reg[1]/Q
                         net (fo=11, routed)          1.020     4.405    system_i/iq_0/inst/freq_ring/publish_latency_max_reg[31]_i_26_0[25]
    SLICE_X56Y89         LUT2 (Prop_lut2_I0_O)        0.124     4.529 r  system_i/iq_0/inst/freq_ring/publish_latency_max[31]_i_157/O
                         net (fo=1, routed)           0.000     4.529    system_i/iq_0/inst/freq_ring/publish_latency_max[31]_i_157_n_0
    SLICE_X56Y89         CARRY4 (Prop_carry4_S[1]_CO[3])
                                                      0.550     5.079 r  system_i/iq_0/inst/freq_ring/publish_latency_max_reg[31]_i_142/CO[3]
                         net (fo=1, routed)           0.000     5.079    system_i/iq_0/inst/freq_ring/publish_latency_max_reg[31]_i_142_n_0
    SLICE_X56Y90         CARRY4 (Prop_carry4_CI_CO[3])
                                                      0.114     5.193 r  system_i/iq_0/inst/freq_ring/publish_latency_max_reg[31]_i_141/CO[3]
                         net (fo=1, routed)           0.000     5.193    system_i/iq_0/inst/freq_ring/publish_latency_max_reg[31]_i_141_n_0
    SLICE_X56Y91         CARRY4 (Prop_carry4_CI_CO[3])
                                                      0.114     5.307 r  system_i/iq_0/inst/freq_ring/publish_latency_max_reg[31]_i_132/CO[3]
                         net (fo=1, routed)           0.000     5.307    system_i/iq_0/inst/freq_ring/publish_latency_max_reg[31]_i_132_n_0
    SLICE_X56Y92         CARRY4 (Prop_carry4_CI_CO[3])
                                                      0.114     5.421 r  system_i/iq_0/inst/freq_ring/publish_latency_max_reg[31]_i_131/CO[3]
                         net (fo=1, routed)           0.000     5.421    system_i/iq_0/inst/freq_ring/publish_latency_max_reg[31]_i_131_n_0
    SLICE_X56Y93         CARRY4 (Prop_carry4_CI_CO[3])
                                                      0.114     5.535 r  system_i/iq_0/inst/freq_ring/publish_latency_max_reg[31]_i_114/CO[3]
                         net (fo=1, routed)           0.000     5.535    system_i/iq_0/inst/freq_ring/publish_latency_max_reg[31]_i_114_n_0
    SLICE_X56Y94         CARRY4 (Prop_carry4_CI_CO[3])
                                                      0.114     5.649 r  system_i/iq_0/inst/freq_ring/publish_latency_max_reg[31]_i_113/CO[3]
                         net (fo=1, routed)           0.000     5.649    system_i/iq_0/inst/freq_ring/publish_latency_max_reg[31]_i_113_n_0
    SLICE_X56Y95         CARRY4 (Prop_carry4_CI_CO[3])
                                                      0.114     5.763 r  system_i/iq_0/inst/freq_ring/publish_latency_max_reg[31]_i_95/CO[3]
                         net (fo=1, routed)           0.000     5.763    system_i/iq_0/inst/freq_ring/publish_latency_max_reg[31]_i_95_n_0
    SLICE_X56Y96         CARRY4 (Prop_carry4_CI_CO[3])
                                                      0.114     5.877 r  system_i/iq_0/inst/freq_ring/publish_latency_max_reg[31]_i_94/CO[3]
                         net (fo=1, routed)           0.000     5.877    system_i/iq_0/inst/freq_ring/publish_latency_max_reg[31]_i_94_n_0
    SLICE_X56Y97         CARRY4 (Prop_carry4_CI_CO[3])
                                                      0.114     5.991 r  system_i/iq_0/inst/freq_ring/publish_latency_max_reg[31]_i_76/CO[3]
                         net (fo=1, routed)           0.000     5.991    system_i/iq_0/inst/freq_ring/publish_latency_max_reg[31]_i_76_n_0
    SLICE_X56Y98         CARRY4 (Prop_carry4_CI_CO[3])
                                                      0.114     6.105 r  system_i/iq_0/inst/freq_ring/publish_latency_max_reg[31]_i_75/CO[3]
                         net (fo=1, routed)           0.000     6.105    system_i/iq_0/inst/freq_ring/publish_latency_max_reg[31]_i_75_n_0
    SLICE_X56Y99         CARRY4 (Prop_carry4_CI_CO[3])
                                                      0.114     6.219 r  system_i/iq_0/inst/freq_ring/publish_latency_max_reg[31]_i_57/CO[3]
                         net (fo=1, routed)           0.001     6.220    system_i/iq_0/inst/freq_ring/publish_latency_max_reg[31]_i_57_n_0
    SLICE_X56Y100        CARRY4 (Prop_carry4_CI_CO[3])
                                                      0.114     6.334 r  system_i/iq_0/inst/freq_ring/publish_latency_max_reg[31]_i_56/CO[3]
                         net (fo=1, routed)           0.000     6.334    system_i/iq_0/inst/freq_ring/publish_latency_max_reg[31]_i_56_n_0
    SLICE_X56Y101        CARRY4 (Prop_carry4_CI_CO[3])
                                                      0.114     6.448 r  system_i/iq_0/inst/freq_ring/publish_latency_max_reg[31]_i_38/CO[3]
                         net (fo=1, routed)           0.000     6.448    system_i/iq_0/inst/freq_ring/publish_latency_max_reg[31]_i_38_n_0
    SLICE_X56Y102        CARRY4 (Prop_carry4_CI_CO[3])
                                                      0.114     6.562 r  system_i/iq_0/inst/freq_ring/publish_latency_max_reg[31]_i_37/CO[3]
                         net (fo=1, routed)           0.000     6.562    system_i/iq_0/inst/freq_ring/publish_latency_max_reg[31]_i_37_n_0
    SLICE_X56Y103        CARRY4 (Prop_carry4_CI_O[1])
                                                      0.334     6.896 f  system_i/iq_0/inst/freq_ring/publish_latency_max_reg[31]_i_27/O[1]
                         net (fo=2, routed)           0.949     7.845    system_i/iq_0/inst/freq_ring/publish_latency_max2[57]
    SLICE_X58Y100        LUT2 (Prop_lut2_I0_O)        0.303     8.148 r  system_i/iq_0/inst/freq_ring/publish_latency_max[31]_i_16/O
                         net (fo=1, routed)           0.000     8.148    system_i/iq_0/inst/freq_ring/publish_latency_max[31]_i_16_n_0
    SLICE_X58Y100        CARRY4 (Prop_carry4_S[0]_CO[3])
                                                      0.513     8.661 r  system_i/iq_0/inst/freq_ring/publish_latency_max_reg[31]_i_3/CO[3]
                         net (fo=1, routed)           0.850     9.511    system_i/iq_0/inst/freq_ring/publish_latency_max1
    SLICE_X63Y100        LUT3 (Prop_lut3_I0_O)        0.124     9.635 r  system_i/iq_0/inst/freq_ring/publish_latency_max[31]_i_1/O
                         net (fo=32, routed)          0.813    10.448    system_i/iq_0/inst/publish_latency_max0
    SLICE_X55Y91         FDRE                                         r  system_i/iq_0/inst/publish_latency_max_reg[6]/CE
  -------------------------------------------------------------------    -------------------

                         (clock clk_fpga_0 rise edge)
                                                      8.000     8.000 r  <hidden>
    PS7_X0Y0             PS7                          0.000     8.000 r  system_i/ps7/inst/PS7_i/FCLKCLK[0]
                         net (fo=1, routed)           1.088     9.088    system_i/ps7/inst/FCLK_CLK_unbuffered[0]
    BUFGCTRL_X0Y16       BUFG (Prop_bufg_I_O)         0.091     9.179 r  system_i/ps7/inst/buffer_fclk_clk_0.FCLK_CLK_0_BUFG/O
                         net (fo=10988, routed)       1.535    10.714    system_i/iq_0/inst/s_axi_aclk
    SLICE_X55Y91         FDRE                                         r  system_i/iq_0/inst/publish_latency_max_reg[6]/C
                         clock pessimism              0.229    10.943    <hidden>
                         clock uncertainty           -0.125    10.818    <hidden>
    SLICE_X55Y91         FDRE (Setup_fdre_C_CE)      -0.205    10.613    system_i/iq_0/inst/publish_latency_max_reg[6]
  -------------------------------------------------------------------
                         required time                         10.613    <hidden>
                         arrival time                         -10.448    <hidden>
  -------------------------------------------------------------------
                         slack                                  0.165    <hidden>

Slack (MET) :             0.165ns  (required time - arrival time)
  Source:                 system_i/iq_0/inst/tick_reg[1]/C
                            (rising edge-triggered cell FDRE clocked by clk_fpga_0  {rise@0.000ns fall@4.000ns period=8.000ns})
  Destination:            system_i/iq_0/inst/publish_latency_max_reg[7]/CE
                            (rising edge-triggered cell FDRE clocked by clk_fpga_0  {rise@0.000ns fall@4.000ns period=8.000ns})
  Path Group:             clk_fpga_0
  Path Type:              Setup (Max at Slow Process Corner)
  Requirement:            8.000ns  (clk_fpga_0 rise@8.000ns - clk_fpga_0 rise@0.000ns)
  Data Path Delay:        7.519ns  (logic 3.886ns (51.684%)  route 3.633ns (48.316%))
  Logic Levels:           19  (CARRY4=16 LUT2=2 LUT3=1)
  Clock Path Skew:        0.014ns (DCD - SCD + CPR)
    Destination Clock Delay (DCD):    2.714ns = ( 10.714 - 8.000 ) 
    Source Clock Delay      (SCD):    2.929ns
    Clock Pessimism Removal (CPR):    0.229ns
  Clock Uncertainty:      0.125ns  ((TSJ^2 + TIJ^2)^1/2 + DJ) / 2 + PE
    Total System Jitter     (TSJ):    0.071ns
    Total Input Jitter      (TIJ):    0.240ns
    Discrete Jitter          (DJ):    0.000ns
    Phase Error              (PE):    0.000ns

    Location             Delay type                Incr(ns)  Path(ns)    Netlist Resource(s)
  -------------------------------------------------------------------    -------------------
                         (clock clk_fpga_0 rise edge)
                                                      0.000     0.000 r  <hidden>
    PS7_X0Y0             PS7                          0.000     0.000 r  system_i/ps7/inst/PS7_i/FCLKCLK[0]
                         net (fo=1, routed)           1.193     1.193    system_i/ps7/inst/FCLK_CLK_unbuffered[0]
    BUFGCTRL_X0Y16       BUFG (Prop_bufg_I_O)         0.101     1.294 r  system_i/ps7/inst/buffer_fclk_clk_0.FCLK_CLK_0_BUFG/O
                         net (fo=10988, routed)       1.635     2.929    system_i/iq_0/inst/s_axi_aclk
    SLICE_X52Y87         FDRE                                         r  system_i/iq_0/inst/tick_reg[1]/C
  -------------------------------------------------------------------    -------------------
    SLICE_X52Y87         FDRE (Prop_fdre_C_Q)         0.456     3.385 r  system_i/iq_0/inst/tick_reg[1]/Q
                         net (fo=11, routed)          1.020     4.405    system_i/iq_0/inst/freq_ring/publish_latency_max_reg[31]_i_26_0[25]
    SLICE_X56Y89         LUT2 (Prop_lut2_I0_O)        0.124     4.529 r  system_i/iq_0/inst/freq_ring/publish_latency_max[31]_i_157/O
                         net (fo=1, routed)           0.000     4.529    system_i/iq_0/inst/freq_ring/publish_latency_max[31]_i_157_n_0
    SLICE_X56Y89         CARRY4 (Prop_carry4_S[1]_CO[3])
                                                      0.550     5.079 r  system_i/iq_0/inst/freq_ring/publish_latency_max_reg[31]_i_142/CO[3]
                         net (fo=1, routed)           0.000     5.079    system_i/iq_0/inst/freq_ring/publish_latency_max_reg[31]_i_142_n_0
    SLICE_X56Y90         CARRY4 (Prop_carry4_CI_CO[3])
                                                      0.114     5.193 r  system_i/iq_0/inst/freq_ring/publish_latency_max_reg[31]_i_141/CO[3]
                         net (fo=1, routed)           0.000     5.193    system_i/iq_0/inst/freq_ring/publish_latency_max_reg[31]_i_141_n_0
    SLICE_X56Y91         CARRY4 (Prop_carry4_CI_CO[3])
                                                      0.114     5.307 r  system_i/iq_0/inst/freq_ring/publish_latency_max_reg[31]_i_132/CO[3]
                         net (fo=1, routed)           0.000     5.307    system_i/iq_0/inst/freq_ring/publish_latency_max_reg[31]_i_132_n_0
    SLICE_X56Y92         CARRY4 (Prop_carry4_CI_CO[3])
                                                      0.114     5.421 r  system_i/iq_0/inst/freq_ring/publish_latency_max_reg[31]_i_131/CO[3]
                         net (fo=1, routed)           0.000     5.421    system_i/iq_0/inst/freq_ring/publish_latency_max_reg[31]_i_131_n_0
    SLICE_X56Y93         CARRY4 (Prop_carry4_CI_CO[3])
                                                      0.114     5.535 r  system_i/iq_0/inst/freq_ring/publish_latency_max_reg[31]_i_114/CO[3]
                         net (fo=1, routed)           0.000     5.535    system_i/iq_0/inst/freq_ring/publish_latency_max_reg[31]_i_114_n_0
    SLICE_X56Y94         CARRY4 (Prop_carry4_CI_CO[3])
                                                      0.114     5.649 r  system_i/iq_0/inst/freq_ring/publish_latency_max_reg[31]_i_113/CO[3]
                         net (fo=1, routed)           0.000     5.649    system_i/iq_0/inst/freq_ring/publish_latency_max_reg[31]_i_113_n_0
    SLICE_X56Y95         CARRY4 (Prop_carry4_CI_CO[3])
                                                      0.114     5.763 r  system_i/iq_0/inst/freq_ring/publish_latency_max_reg[31]_i_95/CO[3]
                         net (fo=1, routed)           0.000     5.763    system_i/iq_0/inst/freq_ring/publish_latency_max_reg[31]_i_95_n_0
    SLICE_X56Y96         CARRY4 (Prop_carry4_CI_CO[3])
                                                      0.114     5.877 r  system_i/iq_0/inst/freq_ring/publish_latency_max_reg[31]_i_94/CO[3]
                         net (fo=1, routed)           0.000     5.877    system_i/iq_0/inst/freq_ring/publish_latency_max_reg[31]_i_94_n_0
    SLICE_X56Y97         CARRY4 (Prop_carry4_CI_CO[3])
                                                      0.114     5.991 r  system_i/iq_0/inst/freq_ring/publish_latency_max_reg[31]_i_76/CO[3]
                         net (fo=1, routed)           0.000     5.991    system_i/iq_0/inst/freq_ring/publish_latency_max_reg[31]_i_76_n_0
    SLICE_X56Y98         CARRY4 (Prop_carry4_CI_CO[3])
                                                      0.114     6.105 r  system_i/iq_0/inst/freq_ring/publish_latency_max_reg[31]_i_75/CO[3]
                         net (fo=1, routed)           0.000     6.105    system_i/iq_0/inst/freq_ring/publish_latency_max_reg[31]_i_75_n_0
    SLICE_X56Y99         CARRY4 (Prop_carry4_CI_CO[3])
                                                      0.114     6.219 r  system_i/iq_0/inst/freq_ring/publish_latency_max_reg[31]_i_57/CO[3]
                         net (fo=1, routed)           0.001     6.220    system_i/iq_0/inst/freq_ring/publish_latency_max_reg[31]_i_57_n_0
    SLICE_X56Y100        CARRY4 (Prop_carry4_CI_CO[3])
                                                      0.114     6.334 r  system_i/iq_0/inst/freq_ring/publish_latency_max_reg[31]_i_56/CO[3]
                         net (fo=1, routed)           0.000     6.334    system_i/iq_0/inst/freq_ring/publish_latency_max_reg[31]_i_56_n_0
    SLICE_X56Y101        CARRY4 (Prop_carry4_CI_CO[3])
                                                      0.114     6.448 r  system_i/iq_0/inst/freq_ring/publish_latency_max_reg[31]_i_38/CO[3]
                         net (fo=1, routed)           0.000     6.448    system_i/iq_0/inst/freq_ring/publish_latency_max_reg[31]_i_38_n_0
    SLICE_X56Y102        CARRY4 (Prop_carry4_CI_CO[3])
                                                      0.114     6.562 r  system_i/iq_0/inst/freq_ring/publish_latency_max_reg[31]_i_37/CO[3]
                         net (fo=1, routed)           0.000     6.562    system_i/iq_0/inst/freq_ring/publish_latency_max_reg[31]_i_37_n_0
    SLICE_X56Y103        CARRY4 (Prop_carry4_CI_O[1])
                                                      0.334     6.896 f  system_i/iq_0/inst/freq_ring/publish_latency_max_reg[31]_i_27/O[1]
                         net (fo=2, routed)           0.949     7.845    system_i/iq_0/inst/freq_ring/publish_latency_max2[57]
    SLICE_X58Y100        LUT2 (Prop_lut2_I0_O)        0.303     8.148 r  system_i/iq_0/inst/freq_ring/publish_latency_max[31]_i_16/O
                         net (fo=1, routed)           0.000     8.148    system_i/iq_0/inst/freq_ring/publish_latency_max[31]_i_16_n_0
    SLICE_X58Y100        CARRY4 (Prop_carry4_S[0]_CO[3])
                                                      0.513     8.661 r  system_i/iq_0/inst/freq_ring/publish_latency_max_reg[31]_i_3/CO[3]
                         net (fo=1, routed)           0.850     9.511    system_i/iq_0/inst/freq_ring/publish_latency_max1
    SLICE_X63Y100        LUT3 (Prop_lut3_I0_O)        0.124     9.635 r  system_i/iq_0/inst/freq_ring/publish_latency_max[31]_i_1/O
                         net (fo=32, routed)          0.813    10.448    system_i/iq_0/inst/publish_latency_max0
    SLICE_X55Y91         FDRE                                         r  system_i/iq_0/inst/publish_latency_max_reg[7]/CE
  -------------------------------------------------------------------    -------------------

                         (clock clk_fpga_0 rise edge)
                                                      8.000     8.000 r  <hidden>
    PS7_X0Y0             PS7                          0.000     8.000 r  system_i/ps7/inst/PS7_i/FCLKCLK[0]
                         net (fo=1, routed)           1.088     9.088    system_i/ps7/inst/FCLK_CLK_unbuffered[0]
    BUFGCTRL_X0Y16       BUFG (Prop_bufg_I_O)         0.091     9.179 r  system_i/ps7/inst/buffer_fclk_clk_0.FCLK_CLK_0_BUFG/O
                         net (fo=10988, routed)       1.535    10.714    system_i/iq_0/inst/s_axi_aclk
    SLICE_X55Y91         FDRE                                         r  system_i/iq_0/inst/publish_latency_max_reg[7]/C
                         clock pessimism              0.229    10.943    <hidden>
                         clock uncertainty           -0.125    10.818    <hidden>
    SLICE_X55Y91         FDRE (Setup_fdre_C_CE)      -0.205    10.613    system_i/iq_0/inst/publish_latency_max_reg[7]
  -------------------------------------------------------------------
                         required time                         10.613    <hidden>
                         arrival time                         -10.448    <hidden>
  -------------------------------------------------------------------
                         slack                                  0.165    <hidden>

Slack (MET) :             0.180ns  (required time - arrival time)
  Source:                 system_i/iq_0/inst/core/tm/confirm_reg[0]/C
                            (rising edge-triggered cell FDRE clocked by clk_fpga_0  {rise@0.000ns fall@4.000ns period=8.000ns})
  Destination:            system_i/iq_0/inst/core/tm/threshold_burst_data_reg[49]/D
                            (rising edge-triggered cell FDRE clocked by clk_fpga_0  {rise@0.000ns fall@4.000ns period=8.000ns})
  Path Group:             clk_fpga_0
  Path Type:              Setup (Max at Slow Process Corner)
  Requirement:            8.000ns  (clk_fpga_0 rise@8.000ns - clk_fpga_0 rise@0.000ns)
  Data Path Delay:        7.558ns  (logic 3.318ns (43.903%)  route 4.240ns (56.097%))
  Logic Levels:           11  (CARRY4=6 LUT4=2 LUT5=1 LUT6=2)
  Clock Path Skew:        -0.168ns (DCD - SCD + CPR)
    Destination Clock Delay (DCD):    2.808ns = ( 10.808 - 8.000 ) 
    Source Clock Delay      (SCD):    3.123ns
    Clock Pessimism Removal (CPR):    0.147ns
  Clock Uncertainty:      0.125ns  ((TSJ^2 + TIJ^2)^1/2 + DJ) / 2 + PE
    Total System Jitter     (TSJ):    0.071ns
    Total Input Jitter      (TIJ):    0.240ns
    Discrete Jitter          (DJ):    0.000ns
    Phase Error              (PE):    0.000ns

    Location             Delay type                Incr(ns)  Path(ns)    Netlist Resource(s)
  -------------------------------------------------------------------    -------------------
                         (clock clk_fpga_0 rise edge)
                                                      0.000     0.000 r  <hidden>
    PS7_X0Y0             PS7                          0.000     0.000 r  system_i/ps7/inst/PS7_i/FCLKCLK[0]
                         net (fo=1, routed)           1.193     1.193    system_i/ps7/inst/FCLK_CLK_unbuffered[0]
    BUFGCTRL_X0Y16       BUFG (Prop_bufg_I_O)         0.101     1.294 r  system_i/ps7/inst/buffer_fclk_clk_0.FCLK_CLK_0_BUFG/O
                         net (fo=10988, routed)       1.829     3.123    system_i/iq_0/inst/core/tm/s_axi_aclk
    SLICE_X49Y129        FDRE                                         r  system_i/iq_0/inst/core/tm/confirm_reg[0]/C
  -------------------------------------------------------------------    -------------------
    SLICE_X49Y129        FDRE (Prop_fdre_C_Q)         0.456     3.579 r  system_i/iq_0/inst/core/tm/confirm_reg[0]/Q
                         net (fo=8, routed)           0.797     4.376    system_i/iq_0/inst/core/tm/confirm_reg_n_0_[0]
    SLICE_X48Y126        CARRY4 (Prop_carry4_CYINIT_CO[3])
                                                      0.580     4.956 r  system_i/iq_0/inst/core/tm/tail_peak_reg[31]_i_83/CO[3]
                         net (fo=1, routed)           0.000     4.956    system_i/iq_0/inst/core/tm/tail_peak_reg[31]_i_83_n_0
    SLICE_X48Y127        CARRY4 (Prop_carry4_CI_CO[3])
                                                      0.114     5.070 r  system_i/iq_0/inst/core/tm/tail_peak_reg[31]_i_64/CO[3]
                         net (fo=1, routed)           0.000     5.070    system_i/iq_0/inst/core/tm/tail_peak_reg[31]_i_64_n_0
    SLICE_X48Y128        CARRY4 (Prop_carry4_CI_CO[3])
                                                      0.114     5.184 r  system_i/iq_0/inst/core/tm/tail_peak_reg[31]_i_37/CO[3]
                         net (fo=1, routed)           0.000     5.184    system_i/iq_0/inst/core/tm/tail_peak_reg[31]_i_37_n_0
    SLICE_X48Y129        CARRY4 (Prop_carry4_CI_O[1])
                                                      0.334     5.518 r  system_i/iq_0/inst/core/tm/tail_peak_reg[31]_i_8/O[1]
                         net (fo=4, routed)           0.897     6.416    system_i/iq_0/inst/core/tm/tail_peak_reg[31]_i_8_n_6
    SLICE_X48Y124        LUT4 (Prop_lut4_I0_O)        0.303     6.719 r  system_i/iq_0/inst/core/tm/tail_peak[31]_i_33/O
                         net (fo=1, routed)           0.000     6.719    system_i/iq_0/inst/core/tm/tail_peak[31]_i_33_n_0
    SLICE_X48Y124        CARRY4 (Prop_carry4_S[3]_CO[3])
                                                      0.401     7.120 r  system_i/iq_0/inst/core/tm/tail_peak_reg[31]_i_7/CO[3]
                         net (fo=1, routed)           0.009     7.129    system_i/iq_0/inst/core/tm/tail_peak_reg[31]_i_7_n_0
    SLICE_X48Y125        CARRY4 (Prop_carry4_CI_CO[0])
                                                      0.271     7.400 r  system_i/iq_0/inst/core/tm/tail_peak_reg[31]_i_2/CO[0]
                         net (fo=9, routed)           0.539     7.939    system_i/iq_0/inst/core/tm/threshold_burst_valid2
    SLICE_X49Y125        LUT4 (Prop_lut4_I2_O)        0.373     8.312 r  system_i/iq_0/inst/core/tm/threshold_burst_data[159]_i_4/O
                         net (fo=64, routed)          0.586     8.898    system_i/iq_0/inst/core/tm/threshold_burst_data[159]_i_4_n_0
    SLICE_X50Y126        LUT5 (Prop_lut5_I0_O)        0.124     9.022 r  system_i/iq_0/inst/core/tm/threshold_burst_data[95]_i_3/O
                         net (fo=64, routed)          0.876     9.897    system_i/iq_0/inst/core/tm/threshold_burst_data[95]_i_3_n_0
    SLICE_X54Y128        LUT6 (Prop_lut6_I5_O)        0.124    10.021 r  system_i/iq_0/inst/core/tm/threshold_burst_data[49]_i_2/O
                         net (fo=1, routed)           0.535    10.557    system_i/iq_0/inst/core/tm/threshold_burst_data[49]_i_2_n_0
    SLICE_X52Y130        LUT6 (Prop_lut6_I0_O)        0.124    10.681 r  system_i/iq_0/inst/core/tm/threshold_burst_data[49]_i_1/O
                         net (fo=1, routed)           0.000    10.681    system_i/iq_0/inst/core/tm/threshold_burst_data0_out[49]
    SLICE_X52Y130        FDRE                                         r  system_i/iq_0/inst/core/tm/threshold_burst_data_reg[49]/D
  -------------------------------------------------------------------    -------------------

                         (clock clk_fpga_0 rise edge)
                                                      8.000     8.000 r  <hidden>
    PS7_X0Y0             PS7                          0.000     8.000 r  system_i/ps7/inst/PS7_i/FCLKCLK[0]
                         net (fo=1, routed)           1.088     9.088    system_i/ps7/inst/FCLK_CLK_unbuffered[0]
    BUFGCTRL_X0Y16       BUFG (Prop_bufg_I_O)         0.091     9.179 r  system_i/ps7/inst/buffer_fclk_clk_0.FCLK_CLK_0_BUFG/O
                         net (fo=10988, routed)       1.629    10.808    system_i/iq_0/inst/core/tm/s_axi_aclk
    SLICE_X52Y130        FDRE                                         r  system_i/iq_0/inst/core/tm/threshold_burst_data_reg[49]/C
                         clock pessimism              0.147    10.955    <hidden>
                         clock uncertainty           -0.125    10.830    <hidden>
    SLICE_X52Y130        FDRE (Setup_fdre_C_D)        0.031    10.861    system_i/iq_0/inst/core/tm/threshold_burst_data_reg[49]
  -------------------------------------------------------------------
                         required time                         10.861    <hidden>
                         arrival time                         -10.681    <hidden>
  -------------------------------------------------------------------
                         slack                                  0.180    <hidden>

Slack (MET) :             0.182ns  (required time - arrival time)
  Source:                 system_i/iq_0/inst/core/tm/confirm_reg[0]/C
                            (rising edge-triggered cell FDRE clocked by clk_fpga_0  {rise@0.000ns fall@4.000ns period=8.000ns})
  Destination:            system_i/iq_0/inst/core/tm/threshold_burst_data_reg[41]/CE
                            (rising edge-triggered cell FDRE clocked by clk_fpga_0  {rise@0.000ns fall@4.000ns period=8.000ns})
  Path Group:             clk_fpga_0
  Path Type:              Setup (Max at Slow Process Corner)
  Requirement:            8.000ns  (clk_fpga_0 rise@8.000ns - clk_fpga_0 rise@0.000ns)
  Data Path Delay:        7.388ns  (logic 3.194ns (43.235%)  route 4.194ns (56.765%))
  Logic Levels:           10  (CARRY4=6 LUT2=1 LUT4=1 LUT6=2)
  Clock Path Skew:        -0.100ns (DCD - SCD + CPR)
    Destination Clock Delay (DCD):    2.876ns = ( 10.876 - 8.000 ) 
    Source Clock Delay      (SCD):    3.123ns
    Clock Pessimism Removal (CPR):    0.147ns
  Clock Uncertainty:      0.125ns  ((TSJ^2 + TIJ^2)^1/2 + DJ) / 2 + PE
    Total System Jitter     (TSJ):    0.071ns
    Total Input Jitter      (TIJ):    0.240ns
    Discrete Jitter          (DJ):    0.000ns
    Phase Error              (PE):    0.000ns

    Location             Delay type                Incr(ns)  Path(ns)    Netlist Resource(s)
  -------------------------------------------------------------------    -------------------
                         (clock clk_fpga_0 rise edge)
                                                      0.000     0.000 r  <hidden>
    PS7_X0Y0             PS7                          0.000     0.000 r  system_i/ps7/inst/PS7_i/FCLKCLK[0]
                         net (fo=1, routed)           1.193     1.193    system_i/ps7/inst/FCLK_CLK_unbuffered[0]
    BUFGCTRL_X0Y16       BUFG (Prop_bufg_I_O)         0.101     1.294 r  system_i/ps7/inst/buffer_fclk_clk_0.FCLK_CLK_0_BUFG/O
                         net (fo=10988, routed)       1.829     3.123    system_i/iq_0/inst/core/tm/s_axi_aclk
    SLICE_X49Y129        FDRE                                         r  system_i/iq_0/inst/core/tm/confirm_reg[0]/C
  -------------------------------------------------------------------    -------------------
    SLICE_X49Y129        FDRE (Prop_fdre_C_Q)         0.456     3.579 r  system_i/iq_0/inst/core/tm/confirm_reg[0]/Q
                         net (fo=8, routed)           0.797     4.376    system_i/iq_0/inst/core/tm/confirm_reg_n_0_[0]
    SLICE_X48Y126        CARRY4 (Prop_carry4_CYINIT_CO[3])
                                                      0.580     4.956 r  system_i/iq_0/inst/core/tm/tail_peak_reg[31]_i_83/CO[3]
                         net (fo=1, routed)           0.000     4.956    system_i/iq_0/inst/core/tm/tail_peak_reg[31]_i_83_n_0
    SLICE_X48Y127        CARRY4 (Prop_carry4_CI_CO[3])
                                                      0.114     5.070 r  system_i/iq_0/inst/core/tm/tail_peak_reg[31]_i_64/CO[3]
                         net (fo=1, routed)           0.000     5.070    system_i/iq_0/inst/core/tm/tail_peak_reg[31]_i_64_n_0
    SLICE_X48Y128        CARRY4 (Prop_carry4_CI_CO[3])
                                                      0.114     5.184 r  system_i/iq_0/inst/core/tm/tail_peak_reg[31]_i_37/CO[3]
                         net (fo=1, routed)           0.000     5.184    system_i/iq_0/inst/core/tm/tail_peak_reg[31]_i_37_n_0
    SLICE_X48Y129        CARRY4 (Prop_carry4_CI_O[1])
                                                      0.334     5.518 r  system_i/iq_0/inst/core/tm/tail_peak_reg[31]_i_8/O[1]
                         net (fo=4, routed)           0.897     6.416    system_i/iq_0/inst/core/tm/tail_peak_reg[31]_i_8_n_6
    SLICE_X48Y124        LUT4 (Prop_lut4_I0_O)        0.303     6.719 r  system_i/iq_0/inst/core/tm/tail_peak[31]_i_33/O
                         net (fo=1, routed)           0.000     6.719    system_i/iq_0/inst/core/tm/tail_peak[31]_i_33_n_0
    SLICE_X48Y124        CARRY4 (Prop_carry4_S[3]_CO[3])
                                                      0.401     7.120 r  system_i/iq_0/inst/core/tm/tail_peak_reg[31]_i_7/CO[3]
                         net (fo=1, routed)           0.009     7.129    system_i/iq_0/inst/core/tm/tail_peak_reg[31]_i_7_n_0
    SLICE_X48Y125        CARRY4 (Prop_carry4_CI_CO[0])
                                                      0.271     7.400 r  system_i/iq_0/inst/core/tm/tail_peak_reg[31]_i_2/CO[0]
                         net (fo=9, routed)           0.386     7.785    system_i/iq_0/inst/core/tm/threshold_burst_valid2
    SLICE_X49Y126        LUT2 (Prop_lut2_I1_O)        0.373     8.158 f  system_i/iq_0/inst/core/tm/threshold_burst_valid_i_12/O
                         net (fo=4, routed)           0.544     8.702    system_i/iq_0/inst/core/tm/threshold_burst_valid_i_12_n_0
    SLICE_X49Y131        LUT6 (Prop_lut6_I0_O)        0.124     8.826 r  system_i/iq_0/inst/core/tm/threshold_burst_valid_i_5/O
                         net (fo=1, routed)           0.436     9.263    system_i/iq_0/inst/core/tm/threshold_burst_valid_i_5_n_0
    SLICE_X52Y131        LUT6 (Prop_lut6_I5_O)        0.124     9.387 r  system_i/iq_0/inst/core/tm/threshold_burst_valid_i_1/O
                         net (fo=291, routed)         1.124    10.511    system_i/iq_0/inst/core/tm/threshold_burst_valid_i_1_n_0
    SLICE_X56Y127        FDRE                                         r  system_i/iq_0/inst/core/tm/threshold_burst_data_reg[41]/CE
  -------------------------------------------------------------------    -------------------

                         (clock clk_fpga_0 rise edge)
                                                      8.000     8.000 r  <hidden>
    PS7_X0Y0             PS7                          0.000     8.000 r  system_i/ps7/inst/PS7_i/FCLKCLK[0]
                         net (fo=1, routed)           1.088     9.088    system_i/ps7/inst/FCLK_CLK_unbuffered[0]
    BUFGCTRL_X0Y16       BUFG (Prop_bufg_I_O)         0.091     9.179 r  system_i/ps7/inst/buffer_fclk_clk_0.FCLK_CLK_0_BUFG/O
                         net (fo=10988, routed)       1.697    10.876    system_i/iq_0/inst/core/tm/s_axi_aclk
    SLICE_X56Y127        FDRE                                         r  system_i/iq_0/inst/core/tm/threshold_burst_data_reg[41]/C
                         clock pessimism              0.147    11.023    <hidden>
                         clock uncertainty           -0.125    10.898    <hidden>
    SLICE_X56Y127        FDRE (Setup_fdre_C_CE)      -0.205    10.693    system_i/iq_0/inst/core/tm/threshold_burst_data_reg[41]
  -------------------------------------------------------------------
                         required time                         10.693    <hidden>
                         arrival time                         -10.511    <hidden>
  -------------------------------------------------------------------
                         slack                                  0.182    <hidden>

Slack (MET) :             0.189ns  (required time - arrival time)
  Source:                 system_i/iq_0/inst/core/tm/confirm_reg[0]/C
                            (rising edge-triggered cell FDRE clocked by clk_fpga_0  {rise@0.000ns fall@4.000ns period=8.000ns})
  Destination:            system_i/iq_0/inst/core/tm/threshold_burst_data_reg[60]/CE
                            (rising edge-triggered cell FDRE clocked by clk_fpga_0  {rise@0.000ns fall@4.000ns period=8.000ns})
  Path Group:             clk_fpga_0
  Path Type:              Setup (Max at Slow Process Corner)
  Requirement:            8.000ns  (clk_fpga_0 rise@8.000ns - clk_fpga_0 rise@0.000ns)
  Data Path Delay:        7.389ns  (logic 3.194ns (43.228%)  route 4.195ns (56.772%))
  Logic Levels:           10  (CARRY4=6 LUT2=1 LUT4=1 LUT6=2)
  Clock Path Skew:        -0.092ns (DCD - SCD + CPR)
    Destination Clock Delay (DCD):    2.884ns = ( 10.884 - 8.000 ) 
    Source Clock Delay      (SCD):    3.123ns
    Clock Pessimism Removal (CPR):    0.147ns
  Clock Uncertainty:      0.125ns  ((TSJ^2 + TIJ^2)^1/2 + DJ) / 2 + PE
    Total System Jitter     (TSJ):    0.071ns
    Total Input Jitter      (TIJ):    0.240ns
    Discrete Jitter          (DJ):    0.000ns
    Phase Error              (PE):    0.000ns

    Location             Delay type                Incr(ns)  Path(ns)    Netlist Resource(s)
  -------------------------------------------------------------------    -------------------
                         (clock clk_fpga_0 rise edge)
                                                      0.000     0.000 r  <hidden>
    PS7_X0Y0             PS7                          0.000     0.000 r  system_i/ps7/inst/PS7_i/FCLKCLK[0]
                         net (fo=1, routed)           1.193     1.193    system_i/ps7/inst/FCLK_CLK_unbuffered[0]
    BUFGCTRL_X0Y16       BUFG (Prop_bufg_I_O)         0.101     1.294 r  system_i/ps7/inst/buffer_fclk_clk_0.FCLK_CLK_0_BUFG/O
                         net (fo=10988, routed)       1.829     3.123    system_i/iq_0/inst/core/tm/s_axi_aclk
    SLICE_X49Y129        FDRE                                         r  system_i/iq_0/inst/core/tm/confirm_reg[0]/C
  -------------------------------------------------------------------    -------------------
    SLICE_X49Y129        FDRE (Prop_fdre_C_Q)         0.456     3.579 r  system_i/iq_0/inst/core/tm/confirm_reg[0]/Q
                         net (fo=8, routed)           0.797     4.376    system_i/iq_0/inst/core/tm/confirm_reg_n_0_[0]
    SLICE_X48Y126        CARRY4 (Prop_carry4_CYINIT_CO[3])
                                                      0.580     4.956 r  system_i/iq_0/inst/core/tm/tail_peak_reg[31]_i_83/CO[3]
                         net (fo=1, routed)           0.000     4.956    system_i/iq_0/inst/core/tm/tail_peak_reg[31]_i_83_n_0
    SLICE_X48Y127        CARRY4 (Prop_carry4_CI_CO[3])
                                                      0.114     5.070 r  system_i/iq_0/inst/core/tm/tail_peak_reg[31]_i_64/CO[3]
                         net (fo=1, routed)           0.000     5.070    system_i/iq_0/inst/core/tm/tail_peak_reg[31]_i_64_n_0
    SLICE_X48Y128        CARRY4 (Prop_carry4_CI_CO[3])
                                                      0.114     5.184 r  system_i/iq_0/inst/core/tm/tail_peak_reg[31]_i_37/CO[3]
                         net (fo=1, routed)           0.000     5.184    system_i/iq_0/inst/core/tm/tail_peak_reg[31]_i_37_n_0
    SLICE_X48Y129        CARRY4 (Prop_carry4_CI_O[1])
                                                      0.334     5.518 r  system_i/iq_0/inst/core/tm/tail_peak_reg[31]_i_8/O[1]
                         net (fo=4, routed)           0.897     6.416    system_i/iq_0/inst/core/tm/tail_peak_reg[31]_i_8_n_6
    SLICE_X48Y124        LUT4 (Prop_lut4_I0_O)        0.303     6.719 r  system_i/iq_0/inst/core/tm/tail_peak[31]_i_33/O
                         net (fo=1, routed)           0.000     6.719    system_i/iq_0/inst/core/tm/tail_peak[31]_i_33_n_0
    SLICE_X48Y124        CARRY4 (Prop_carry4_S[3]_CO[3])
                                                      0.401     7.120 r  system_i/iq_0/inst/core/tm/tail_peak_reg[31]_i_7/CO[3]
                         net (fo=1, routed)           0.009     7.129    system_i/iq_0/inst/core/tm/tail_peak_reg[31]_i_7_n_0
    SLICE_X48Y125        CARRY4 (Prop_carry4_CI_CO[0])
                                                      0.271     7.400 r  system_i/iq_0/inst/core/tm/tail_peak_reg[31]_i_2/CO[0]
                         net (fo=9, routed)           0.386     7.785    system_i/iq_0/inst/core/tm/threshold_burst_valid2
    SLICE_X49Y126        LUT2 (Prop_lut2_I1_O)        0.373     8.158 f  system_i/iq_0/inst/core/tm/threshold_burst_valid_i_12/O
                         net (fo=4, routed)           0.544     8.702    system_i/iq_0/inst/core/tm/threshold_burst_valid_i_12_n_0
    SLICE_X49Y131        LUT6 (Prop_lut6_I0_O)        0.124     8.826 r  system_i/iq_0/inst/core/tm/threshold_burst_valid_i_5/O
                         net (fo=1, routed)           0.436     9.263    system_i/iq_0/inst/core/tm/threshold_burst_valid_i_5_n_0
    SLICE_X52Y131        LUT6 (Prop_lut6_I5_O)        0.124     9.387 r  system_i/iq_0/inst/core/tm/threshold_burst_valid_i_1/O
                         net (fo=291, routed)         1.125    10.512    system_i/iq_0/inst/core/tm/threshold_burst_valid_i_1_n_0
    SLICE_X67Y131        FDRE                                         r  system_i/iq_0/inst/core/tm/threshold_burst_data_reg[60]/CE
  -------------------------------------------------------------------    -------------------

                         (clock clk_fpga_0 rise edge)
                                                      8.000     8.000 r  <hidden>
    PS7_X0Y0             PS7                          0.000     8.000 r  system_i/ps7/inst/PS7_i/FCLKCLK[0]
                         net (fo=1, routed)           1.088     9.088    system_i/ps7/inst/FCLK_CLK_unbuffered[0]
    BUFGCTRL_X0Y16       BUFG (Prop_bufg_I_O)         0.091     9.179 r  system_i/ps7/inst/buffer_fclk_clk_0.FCLK_CLK_0_BUFG/O
                         net (fo=10988, routed)       1.705    10.884    system_i/iq_0/inst/core/tm/s_axi_aclk
    SLICE_X67Y131        FDRE                                         r  system_i/iq_0/inst/core/tm/threshold_burst_data_reg[60]/C
                         clock pessimism              0.147    11.031    <hidden>
                         clock uncertainty           -0.125    10.906    <hidden>
    SLICE_X67Y131        FDRE (Setup_fdre_C_CE)      -0.205    10.701    system_i/iq_0/inst/core/tm/threshold_burst_data_reg[60]
  -------------------------------------------------------------------
                         required time                         10.701    <hidden>
                         arrival time                         -10.512    <hidden>
  -------------------------------------------------------------------
                         slack                                  0.189    <hidden>

Slack (MET) :             0.196ns  (required time - arrival time)
  Source:                 system_i/iq_0/inst/tick_reg[1]/C
                            (rising edge-triggered cell FDRE clocked by clk_fpga_0  {rise@0.000ns fall@4.000ns period=8.000ns})
  Destination:            system_i/iq_0/inst/publish_latency_max_reg[12]/CE
                            (rising edge-triggered cell FDRE clocked by clk_fpga_0  {rise@0.000ns fall@4.000ns period=8.000ns})
  Path Group:             clk_fpga_0
  Path Type:              Setup (Max at Slow Process Corner)
  Requirement:            8.000ns  (clk_fpga_0 rise@8.000ns - clk_fpga_0 rise@0.000ns)
  Data Path Delay:        7.489ns  (logic 3.886ns (51.892%)  route 3.603ns (48.108%))
  Logic Levels:           19  (CARRY4=16 LUT2=2 LUT3=1)
  Clock Path Skew:        0.015ns (DCD - SCD + CPR)
    Destination Clock Delay (DCD):    2.715ns = ( 10.715 - 8.000 ) 
    Source Clock Delay      (SCD):    2.929ns
    Clock Pessimism Removal (CPR):    0.229ns
  Clock Uncertainty:      0.125ns  ((TSJ^2 + TIJ^2)^1/2 + DJ) / 2 + PE
    Total System Jitter     (TSJ):    0.071ns
    Total Input Jitter      (TIJ):    0.240ns
    Discrete Jitter          (DJ):    0.000ns
    Phase Error              (PE):    0.000ns

    Location             Delay type                Incr(ns)  Path(ns)    Netlist Resource(s)
  -------------------------------------------------------------------    -------------------
                         (clock clk_fpga_0 rise edge)
                                                      0.000     0.000 r  <hidden>
    PS7_X0Y0             PS7                          0.000     0.000 r  system_i/ps7/inst/PS7_i/FCLKCLK[0]
                         net (fo=1, routed)           1.193     1.193    system_i/ps7/inst/FCLK_CLK_unbuffered[0]
    BUFGCTRL_X0Y16       BUFG (Prop_bufg_I_O)         0.101     1.294 r  system_i/ps7/inst/buffer_fclk_clk_0.FCLK_CLK_0_BUFG/O
                         net (fo=10988, routed)       1.635     2.929    system_i/iq_0/inst/s_axi_aclk
    SLICE_X52Y87         FDRE                                         r  system_i/iq_0/inst/tick_reg[1]/C
  -------------------------------------------------------------------    -------------------
    SLICE_X52Y87         FDRE (Prop_fdre_C_Q)         0.456     3.385 r  system_i/iq_0/inst/tick_reg[1]/Q
                         net (fo=11, routed)          1.020     4.405    system_i/iq_0/inst/freq_ring/publish_latency_max_reg[31]_i_26_0[25]
    SLICE_X56Y89         LUT2 (Prop_lut2_I0_O)        0.124     4.529 r  system_i/iq_0/inst/freq_ring/publish_latency_max[31]_i_157/O
                         net (fo=1, routed)           0.000     4.529    system_i/iq_0/inst/freq_ring/publish_latency_max[31]_i_157_n_0
    SLICE_X56Y89         CARRY4 (Prop_carry4_S[1]_CO[3])
                                                      0.550     5.079 r  system_i/iq_0/inst/freq_ring/publish_latency_max_reg[31]_i_142/CO[3]
                         net (fo=1, routed)           0.000     5.079    system_i/iq_0/inst/freq_ring/publish_latency_max_reg[31]_i_142_n_0
    SLICE_X56Y90         CARRY4 (Prop_carry4_CI_CO[3])
                                                      0.114     5.193 r  system_i/iq_0/inst/freq_ring/publish_latency_max_reg[31]_i_141/CO[3]
                         net (fo=1, routed)           0.000     5.193    system_i/iq_0/inst/freq_ring/publish_latency_max_reg[31]_i_141_n_0
    SLICE_X56Y91         CARRY4 (Prop_carry4_CI_CO[3])
                                                      0.114     5.307 r  system_i/iq_0/inst/freq_ring/publish_latency_max_reg[31]_i_132/CO[3]
                         net (fo=1, routed)           0.000     5.307    system_i/iq_0/inst/freq_ring/publish_latency_max_reg[31]_i_132_n_0
    SLICE_X56Y92         CARRY4 (Prop_carry4_CI_CO[3])
                                                      0.114     5.421 r  system_i/iq_0/inst/freq_ring/publish_latency_max_reg[31]_i_131/CO[3]
                         net (fo=1, routed)           0.000     5.421    system_i/iq_0/inst/freq_ring/publish_latency_max_reg[31]_i_131_n_0
    SLICE_X56Y93         CARRY4 (Prop_carry4_CI_CO[3])
                                                      0.114     5.535 r  system_i/iq_0/inst/freq_ring/publish_latency_max_reg[31]_i_114/CO[3]
                         net (fo=1, routed)           0.000     5.535    system_i/iq_0/inst/freq_ring/publish_latency_max_reg[31]_i_114_n_0
    SLICE_X56Y94         CARRY4 (Prop_carry4_CI_CO[3])
                                                      0.114     5.649 r  system_i/iq_0/inst/freq_ring/publish_latency_max_reg[31]_i_113/CO[3]
                         net (fo=1, routed)           0.000     5.649    system_i/iq_0/inst/freq_ring/publish_latency_max_reg[31]_i_113_n_0
    SLICE_X56Y95         CARRY4 (Prop_carry4_CI_CO[3])
                                                      0.114     5.763 r  system_i/iq_0/inst/freq_ring/publish_latency_max_reg[31]_i_95/CO[3]
                         net (fo=1, routed)           0.000     5.763    system_i/iq_0/inst/freq_ring/publish_latency_max_reg[31]_i_95_n_0
    SLICE_X56Y96         CARRY4 (Prop_carry4_CI_CO[3])
                                                      0.114     5.877 r  system_i/iq_0/inst/freq_ring/publish_latency_max_reg[31]_i_94/CO[3]
                         net (fo=1, routed)           0.000     5.877    system_i/iq_0/inst/freq_ring/publish_latency_max_reg[31]_i_94_n_0
    SLICE_X56Y97         CARRY4 (Prop_carry4_CI_CO[3])
                                                      0.114     5.991 r  system_i/iq_0/inst/freq_ring/publish_latency_max_reg[31]_i_76/CO[3]
                         net (fo=1, routed)           0.000     5.991    system_i/iq_0/inst/freq_ring/publish_latency_max_reg[31]_i_76_n_0
    SLICE_X56Y98         CARRY4 (Prop_carry4_CI_CO[3])
                                                      0.114     6.105 r  system_i/iq_0/inst/freq_ring/publish_latency_max_reg[31]_i_75/CO[3]
                         net (fo=1, routed)           0.000     6.105    system_i/iq_0/inst/freq_ring/publish_latency_max_reg[31]_i_75_n_0
    SLICE_X56Y99         CARRY4 (Prop_carry4_CI_CO[3])
                                                      0.114     6.219 r  system_i/iq_0/inst/freq_ring/publish_latency_max_reg[31]_i_57/CO[3]
                         net (fo=1, routed)           0.001     6.220    system_i/iq_0/inst/freq_ring/publish_latency_max_reg[31]_i_57_n_0
    SLICE_X56Y100        CARRY4 (Prop_carry4_CI_CO[3])
                                                      0.114     6.334 r  system_i/iq_0/inst/freq_ring/publish_latency_max_reg[31]_i_56/CO[3]
                         net (fo=1, routed)           0.000     6.334    system_i/iq_0/inst/freq_ring/publish_latency_max_reg[31]_i_56_n_0
    SLICE_X56Y101        CARRY4 (Prop_carry4_CI_CO[3])
                                                      0.114     6.448 r  system_i/iq_0/inst/freq_ring/publish_latency_max_reg[31]_i_38/CO[3]
                         net (fo=1, routed)           0.000     6.448    system_i/iq_0/inst/freq_ring/publish_latency_max_reg[31]_i_38_n_0
    SLICE_X56Y102        CARRY4 (Prop_carry4_CI_CO[3])
                                                      0.114     6.562 r  system_i/iq_0/inst/freq_ring/publish_latency_max_reg[31]_i_37/CO[3]
                         net (fo=1, routed)           0.000     6.562    system_i/iq_0/inst/freq_ring/publish_latency_max_reg[31]_i_37_n_0
    SLICE_X56Y103        CARRY4 (Prop_carry4_CI_O[1])
                                                      0.334     6.896 f  system_i/iq_0/inst/freq_ring/publish_latency_max_reg[31]_i_27/O[1]
                         net (fo=2, routed)           0.949     7.845    system_i/iq_0/inst/freq_ring/publish_latency_max2[57]
    SLICE_X58Y100        LUT2 (Prop_lut2_I0_O)        0.303     8.148 r  system_i/iq_0/inst/freq_ring/publish_latency_max[31]_i_16/O
                         net (fo=1, routed)           0.000     8.148    system_i/iq_0/inst/freq_ring/publish_latency_max[31]_i_16_n_0
    SLICE_X58Y100        CARRY4 (Prop_carry4_S[0]_CO[3])
                                                      0.513     8.661 r  system_i/iq_0/inst/freq_ring/publish_latency_max_reg[31]_i_3/CO[3]
                         net (fo=1, routed)           0.850     9.511    system_i/iq_0/inst/freq_ring/publish_latency_max1
    SLICE_X63Y100        LUT3 (Prop_lut3_I0_O)        0.124     9.635 r  system_i/iq_0/inst/freq_ring/publish_latency_max[31]_i_1/O
                         net (fo=32, routed)          0.783    10.418    system_i/iq_0/inst/publish_latency_max0
    SLICE_X55Y93         FDRE                                         r  system_i/iq_0/inst/publish_latency_max_reg[12]/CE
  -------------------------------------------------------------------    -------------------

                         (clock clk_fpga_0 rise edge)
                                                      8.000     8.000 r  <hidden>
    PS7_X0Y0             PS7                          0.000     8.000 r  system_i/ps7/inst/PS7_i/FCLKCLK[0]
                         net (fo=1, routed)           1.088     9.088    system_i/ps7/inst/FCLK_CLK_unbuffered[0]
    BUFGCTRL_X0Y16       BUFG (Prop_bufg_I_O)         0.091     9.179 r  system_i/ps7/inst/buffer_fclk_clk_0.FCLK_CLK_0_BUFG/O
                         net (fo=10988, routed)       1.536    10.715    system_i/iq_0/inst/s_axi_aclk
    SLICE_X55Y93         FDRE                                         r  system_i/iq_0/inst/publish_latency_max_reg[12]/C
                         clock pessimism              0.229    10.944    <hidden>
                         clock uncertainty           -0.125    10.819    <hidden>
    SLICE_X55Y93         FDRE (Setup_fdre_C_CE)      -0.205    10.614    system_i/iq_0/inst/publish_latency_max_reg[12]
  -------------------------------------------------------------------
                         required time                         10.614    <hidden>
                         arrival time                         -10.418    <hidden>
  -------------------------------------------------------------------
                         slack                                  0.196    <hidden>

Slack (MET) :             0.196ns  (required time - arrival time)
  Source:                 system_i/iq_0/inst/tick_reg[1]/C
                            (rising edge-triggered cell FDRE clocked by clk_fpga_0  {rise@0.000ns fall@4.000ns period=8.000ns})
  Destination:            system_i/iq_0/inst/publish_latency_max_reg[13]/CE
                            (rising edge-triggered cell FDRE clocked by clk_fpga_0  {rise@0.000ns fall@4.000ns period=8.000ns})
  Path Group:             clk_fpga_0
  Path Type:              Setup (Max at Slow Process Corner)
  Requirement:            8.000ns  (clk_fpga_0 rise@8.000ns - clk_fpga_0 rise@0.000ns)
  Data Path Delay:        7.489ns  (logic 3.886ns (51.892%)  route 3.603ns (48.108%))
  Logic Levels:           19  (CARRY4=16 LUT2=2 LUT3=1)
  Clock Path Skew:        0.015ns (DCD - SCD + CPR)
    Destination Clock Delay (DCD):    2.715ns = ( 10.715 - 8.000 ) 
    Source Clock Delay      (SCD):    2.929ns
    Clock Pessimism Removal (CPR):    0.229ns
  Clock Uncertainty:      0.125ns  ((TSJ^2 + TIJ^2)^1/2 + DJ) / 2 + PE
    Total System Jitter     (TSJ):    0.071ns
    Total Input Jitter      (TIJ):    0.240ns
    Discrete Jitter          (DJ):    0.000ns
    Phase Error              (PE):    0.000ns

    Location             Delay type                Incr(ns)  Path(ns)    Netlist Resource(s)
  -------------------------------------------------------------------    -------------------
                         (clock clk_fpga_0 rise edge)
                                                      0.000     0.000 r  <hidden>
    PS7_X0Y0             PS7                          0.000     0.000 r  system_i/ps7/inst/PS7_i/FCLKCLK[0]
                         net (fo=1, routed)           1.193     1.193    system_i/ps7/inst/FCLK_CLK_unbuffered[0]
    BUFGCTRL_X0Y16       BUFG (Prop_bufg_I_O)         0.101     1.294 r  system_i/ps7/inst/buffer_fclk_clk_0.FCLK_CLK_0_BUFG/O
                         net (fo=10988, routed)       1.635     2.929    system_i/iq_0/inst/s_axi_aclk
    SLICE_X52Y87         FDRE                                         r  system_i/iq_0/inst/tick_reg[1]/C
  -------------------------------------------------------------------    -------------------
    SLICE_X52Y87         FDRE (Prop_fdre_C_Q)         0.456     3.385 r  system_i/iq_0/inst/tick_reg[1]/Q
                         net (fo=11, routed)          1.020     4.405    system_i/iq_0/inst/freq_ring/publish_latency_max_reg[31]_i_26_0[25]
    SLICE_X56Y89         LUT2 (Prop_lut2_I0_O)        0.124     4.529 r  system_i/iq_0/inst/freq_ring/publish_latency_max[31]_i_157/O
                         net (fo=1, routed)           0.000     4.529    system_i/iq_0/inst/freq_ring/publish_latency_max[31]_i_157_n_0
    SLICE_X56Y89         CARRY4 (Prop_carry4_S[1]_CO[3])
                                                      0.550     5.079 r  system_i/iq_0/inst/freq_ring/publish_latency_max_reg[31]_i_142/CO[3]
                         net (fo=1, routed)           0.000     5.079    system_i/iq_0/inst/freq_ring/publish_latency_max_reg[31]_i_142_n_0
    SLICE_X56Y90         CARRY4 (Prop_carry4_CI_CO[3])
                                                      0.114     5.193 r  system_i/iq_0/inst/freq_ring/publish_latency_max_reg[31]_i_141/CO[3]
                         net (fo=1, routed)           0.000     5.193    system_i/iq_0/inst/freq_ring/publish_latency_max_reg[31]_i_141_n_0
    SLICE_X56Y91         CARRY4 (Prop_carry4_CI_CO[3])
                                                      0.114     5.307 r  system_i/iq_0/inst/freq_ring/publish_latency_max_reg[31]_i_132/CO[3]
                         net (fo=1, routed)           0.000     5.307    system_i/iq_0/inst/freq_ring/publish_latency_max_reg[31]_i_132_n_0
    SLICE_X56Y92         CARRY4 (Prop_carry4_CI_CO[3])
                                                      0.114     5.421 r  system_i/iq_0/inst/freq_ring/publish_latency_max_reg[31]_i_131/CO[3]
                         net (fo=1, routed)           0.000     5.421    system_i/iq_0/inst/freq_ring/publish_latency_max_reg[31]_i_131_n_0
    SLICE_X56Y93         CARRY4 (Prop_carry4_CI_CO[3])
                                                      0.114     5.535 r  system_i/iq_0/inst/freq_ring/publish_latency_max_reg[31]_i_114/CO[3]
                         net (fo=1, routed)           0.000     5.535    system_i/iq_0/inst/freq_ring/publish_latency_max_reg[31]_i_114_n_0
    SLICE_X56Y94         CARRY4 (Prop_carry4_CI_CO[3])
                                                      0.114     5.649 r  system_i/iq_0/inst/freq_ring/publish_latency_max_reg[31]_i_113/CO[3]
                         net (fo=1, routed)           0.000     5.649    system_i/iq_0/inst/freq_ring/publish_latency_max_reg[31]_i_113_n_0
    SLICE_X56Y95         CARRY4 (Prop_carry4_CI_CO[3])
                                                      0.114     5.763 r  system_i/iq_0/inst/freq_ring/publish_latency_max_reg[31]_i_95/CO[3]
                         net (fo=1, routed)           0.000     5.763    system_i/iq_0/inst/freq_ring/publish_latency_max_reg[31]_i_95_n_0
    SLICE_X56Y96         CARRY4 (Prop_carry4_CI_CO[3])
                                                      0.114     5.877 r  system_i/iq_0/inst/freq_ring/publish_latency_max_reg[31]_i_94/CO[3]
                         net (fo=1, routed)           0.000     5.877    system_i/iq_0/inst/freq_ring/publish_latency_max_reg[31]_i_94_n_0
    SLICE_X56Y97         CARRY4 (Prop_carry4_CI_CO[3])
                                                      0.114     5.991 r  system_i/iq_0/inst/freq_ring/publish_latency_max_reg[31]_i_76/CO[3]
                         net (fo=1, routed)           0.000     5.991    system_i/iq_0/inst/freq_ring/publish_latency_max_reg[31]_i_76_n_0
    SLICE_X56Y98         CARRY4 (Prop_carry4_CI_CO[3])
                                                      0.114     6.105 r  system_i/iq_0/inst/freq_ring/publish_latency_max_reg[31]_i_75/CO[3]
                         net (fo=1, routed)           0.000     6.105    system_i/iq_0/inst/freq_ring/publish_latency_max_reg[31]_i_75_n_0
    SLICE_X56Y99         CARRY4 (Prop_carry4_CI_CO[3])
                                                      0.114     6.219 r  system_i/iq_0/inst/freq_ring/publish_latency_max_reg[31]_i_57/CO[3]
                         net (fo=1, routed)           0.001     6.220    system_i/iq_0/inst/freq_ring/publish_latency_max_reg[31]_i_57_n_0
    SLICE_X56Y100        CARRY4 (Prop_carry4_CI_CO[3])
                                                      0.114     6.334 r  system_i/iq_0/inst/freq_ring/publish_latency_max_reg[31]_i_56/CO[3]
                         net (fo=1, routed)           0.000     6.334    system_i/iq_0/inst/freq_ring/publish_latency_max_reg[31]_i_56_n_0
    SLICE_X56Y101        CARRY4 (Prop_carry4_CI_CO[3])
                                                      0.114     6.448 r  system_i/iq_0/inst/freq_ring/publish_latency_max_reg[31]_i_38/CO[3]
                         net (fo=1, routed)           0.000     6.448    system_i/iq_0/inst/freq_ring/publish_latency_max_reg[31]_i_38_n_0
    SLICE_X56Y102        CARRY4 (Prop_carry4_CI_CO[3])
                                                      0.114     6.562 r  system_i/iq_0/inst/freq_ring/publish_latency_max_reg[31]_i_37/CO[3]
                         net (fo=1, routed)           0.000     6.562    system_i/iq_0/inst/freq_ring/publish_latency_max_reg[31]_i_37_n_0
    SLICE_X56Y103        CARRY4 (Prop_carry4_CI_O[1])
                                                      0.334     6.896 f  system_i/iq_0/inst/freq_ring/publish_latency_max_reg[31]_i_27/O[1]
                         net (fo=2, routed)           0.949     7.845    system_i/iq_0/inst/freq_ring/publish_latency_max2[57]
    SLICE_X58Y100        LUT2 (Prop_lut2_I0_O)        0.303     8.148 r  system_i/iq_0/inst/freq_ring/publish_latency_max[31]_i_16/O
                         net (fo=1, routed)           0.000     8.148    system_i/iq_0/inst/freq_ring/publish_latency_max[31]_i_16_n_0
    SLICE_X58Y100        CARRY4 (Prop_carry4_S[0]_CO[3])
                                                      0.513     8.661 r  system_i/iq_0/inst/freq_ring/publish_latency_max_reg[31]_i_3/CO[3]
                         net (fo=1, routed)           0.850     9.511    system_i/iq_0/inst/freq_ring/publish_latency_max1
    SLICE_X63Y100        LUT3 (Prop_lut3_I0_O)        0.124     9.635 r  system_i/iq_0/inst/freq_ring/publish_latency_max[31]_i_1/O
                         net (fo=32, routed)          0.783    10.418    system_i/iq_0/inst/publish_latency_max0
    SLICE_X55Y93         FDRE                                         r  system_i/iq_0/inst/publish_latency_max_reg[13]/CE
  -------------------------------------------------------------------    -------------------

                         (clock clk_fpga_0 rise edge)
                                                      8.000     8.000 r  <hidden>
    PS7_X0Y0             PS7                          0.000     8.000 r  system_i/ps7/inst/PS7_i/FCLKCLK[0]
                         net (fo=1, routed)           1.088     9.088    system_i/ps7/inst/FCLK_CLK_unbuffered[0]
    BUFGCTRL_X0Y16       BUFG (Prop_bufg_I_O)         0.091     9.179 r  system_i/ps7/inst/buffer_fclk_clk_0.FCLK_CLK_0_BUFG/O
                         net (fo=10988, routed)       1.536    10.715    system_i/iq_0/inst/s_axi_aclk
    SLICE_X55Y93         FDRE                                         r  system_i/iq_0/inst/publish_latency_max_reg[13]/C
                         clock pessimism              0.229    10.944    <hidden>
                         clock uncertainty           -0.125    10.819    <hidden>
    SLICE_X55Y93         FDRE (Setup_fdre_C_CE)      -0.205    10.614    system_i/iq_0/inst/publish_latency_max_reg[13]
  -------------------------------------------------------------------
                         required time                         10.614    <hidden>
                         arrival time                         -10.418    <hidden>
  -------------------------------------------------------------------
                         slack                                  0.196    <hidden>




