Copyright 1986-2022 Xilinx, Inc. All Rights Reserved. Copyright 2022-2026 Advanced Micro Devices, Inc. All Rights Reserved.
---------------------------------------------------------------------------------------------------------------------------------------------
| Tool Version : Vivado v.2026.1 (win64) Build 6511674 Tue Jun 16 11:02:23 MDT 2026
| Date         : Fri Oct  9 22:20:53 2026
| Host         : LAPTOP-ATE8I1GS running 64-bit major release  (build 9200)
| Command      : report_timing -max_paths 20 -file D:/fft/fft_phase11_latency_opt/reports/worst_paths.rpt
| Design       : system_wrapper
| Device       : 7z020-clg400
| Speed File   : -1  PRODUCTION 1.12 2019-11-22
| Design State : Physopt postRoute
---------------------------------------------------------------------------------------------------------------------------------------------

Timing Report

Slack (MET) :             0.005ns  (required time - arrival time)
  Source:                 system_i/iq_0/inst/burst_consumer_reg[8]/C
                            (rising edge-triggered cell FDRE clocked by clk_fpga_0  {rise@0.000ns fall@4.000ns period=8.000ns})
  Destination:            system_i/iq_0/inst/burst_ring/busy_reg/D
                            (rising edge-triggered cell FDRE clocked by clk_fpga_0  {rise@0.000ns fall@4.000ns period=8.000ns})
  Path Group:             clk_fpga_0
  Path Type:              Setup (Max at Slow Process Corner)
  Requirement:            8.000ns  (clk_fpga_0 rise@8.000ns - clk_fpga_0 rise@0.000ns)
  Data Path Delay:        7.550ns  (logic 2.689ns (35.614%)  route 4.861ns (64.386%))
  Logic Levels:           11  (CARRY4=6 LUT2=1 LUT4=2 LUT5=2)
  Clock Path Skew:        -0.069ns (DCD - SCD + CPR)
    Destination Clock Delay (DCD):    2.633ns = ( 10.633 - 8.000 ) 
    Source Clock Delay      (SCD):    2.931ns
    Clock Pessimism Removal (CPR):    0.229ns
  Clock Uncertainty:      0.125ns  ((TSJ^2 + TIJ^2)^1/2 + DJ) / 2 + PE
    Total System Jitter     (TSJ):    0.071ns
    Total Input Jitter      (TIJ):    0.240ns
    Discrete Jitter          (DJ):    0.000ns
    Phase Error              (PE):    0.000ns

    Location             Delay type                Incr(ns)  Path(ns)    Netlist Resource(s)
  -------------------------------------------------------------------    -------------------
                         (clock clk_fpga_0 rise edge)
                                                      0.000     0.000 r  <hidden>
    PS7_X0Y0             PS7                          0.000     0.000 r  system_i/ps7/inst/PS7_i/FCLKCLK[0]
                         net (fo=1, routed)           1.193     1.193    system_i/ps7/inst/FCLK_CLK_unbuffered[0]
    BUFGCTRL_X0Y16       BUFG (Prop_bufg_I_O)         0.101     1.294 r  system_i/ps7/inst/buffer_fclk_clk_0.FCLK_CLK_0_BUFG/O
                         net (fo=13324, routed)       1.637     2.931    system_i/iq_0/inst/s_axi_aclk
    SLICE_X51Y90         FDRE                                         r  system_i/iq_0/inst/burst_consumer_reg[8]/C
  -------------------------------------------------------------------    -------------------
    SLICE_X51Y90         FDRE (Prop_fdre_C_Q)         0.419     3.350 r  system_i/iq_0/inst/burst_consumer_reg[8]/Q
                         net (fo=5, routed)           0.825     4.175    system_i/iq_0/inst/burst_ring/burst_consumer_reg[31]_i_27_0[8]
    SLICE_X50Y85         LUT2 (Prop_lut2_I1_O)        0.299     4.474 r  system_i/iq_0/inst/burst_ring/dropped[0]_i_36__0/O
                         net (fo=1, routed)           0.000     4.474    system_i/iq_0/inst/burst_ring/dropped[0]_i_36__0_n_0
    SLICE_X50Y85         CARRY4 (Prop_carry4_S[0]_CO[3])
                                                      0.513     4.987 r  system_i/iq_0/inst/burst_ring/dropped_reg[0]_i_13__0/CO[3]
                         net (fo=1, routed)           0.000     4.987    system_i/iq_0/inst/burst_ring/dropped_reg[0]_i_13__0_n_0
    SLICE_X50Y86         CARRY4 (Prop_carry4_CI_CO[3])
                                                      0.117     5.104 r  system_i/iq_0/inst/burst_ring/dropped_reg[0]_i_15__0/CO[3]
                         net (fo=1, routed)           0.000     5.104    system_i/iq_0/inst/burst_ring/dropped_reg[0]_i_15__0_n_0
    SLICE_X50Y87         CARRY4 (Prop_carry4_CI_CO[3])
                                                      0.117     5.221 r  system_i/iq_0/inst/burst_ring/dropped_reg[0]_i_7__0/CO[3]
                         net (fo=1, routed)           0.000     5.221    system_i/iq_0/inst/burst_ring/dropped_reg[0]_i_7__0_n_0
    SLICE_X50Y88         CARRY4 (Prop_carry4_CI_CO[3])
                                                      0.117     5.338 r  system_i/iq_0/inst/burst_ring/dropped_reg[0]_i_8__0/CO[3]
                         net (fo=1, routed)           0.000     5.338    system_i/iq_0/inst/burst_ring/dropped_reg[0]_i_8__0_n_0
    SLICE_X50Y89         CARRY4 (Prop_carry4_CI_CO[3])
                                                      0.117     5.455 r  system_i/iq_0/inst/burst_ring/dropped_reg[0]_i_10__0/CO[3]
                         net (fo=1, routed)           0.000     5.455    system_i/iq_0/inst/burst_ring/dropped_reg[0]_i_10__0_n_0
    SLICE_X50Y90         CARRY4 (Prop_carry4_CI_O[3])
                                                      0.315     5.770 f  system_i/iq_0/inst/burst_ring/dropped_reg[0]_i_11__0/O[3]
                         net (fo=1, routed)           0.974     6.744    system_i/iq_0/inst/burst_ring/dropped_reg[0]_i_11__0_n_4
    SLICE_X47Y87         LUT4 (Prop_lut4_I3_O)        0.307     7.051 f  system_i/iq_0/inst/burst_ring/dropped[0]_i_12__0/O
                         net (fo=1, routed)           0.587     7.637    system_i/iq_0/inst/burst_ring/dropped[0]_i_12__0_n_0
    SLICE_X53Y88         LUT5 (Prop_lut5_I4_O)        0.124     7.761 f  system_i/iq_0/inst/burst_ring/dropped[0]_i_4__0/O
                         net (fo=2, routed)           0.768     8.530    system_i/iq_0/inst/burst_ring/dropped[0]_i_4__0_n_0
    SLICE_X54Y84         LUT5 (Prop_lut5_I2_O)        0.124     8.654 r  system_i/iq_0/inst/burst_ring/word_index[3]_i_3/O
                         net (fo=2, routed)           1.089     9.743    system_i/iq_0/inst/burst_ring/word_index[3]_i_3_n_0
    SLICE_X51Y71         LUT4 (Prop_lut4_I3_O)        0.120     9.863 r  system_i/iq_0/inst/burst_ring/busy_i_1__3/O
                         net (fo=1, routed)           0.618    10.481    system_i/iq_0/inst/burst_ring/busy_i_1__3_n_0
    SLICE_X51Y71         FDRE                                         r  system_i/iq_0/inst/burst_ring/busy_reg/D
  -------------------------------------------------------------------    -------------------

                         (clock clk_fpga_0 rise edge)
                                                      8.000     8.000 r  <hidden>
    PS7_X0Y0             PS7                          0.000     8.000 r  system_i/ps7/inst/PS7_i/FCLKCLK[0]
                         net (fo=1, routed)           1.088     9.088    system_i/ps7/inst/FCLK_CLK_unbuffered[0]
    BUFGCTRL_X0Y16       BUFG (Prop_bufg_I_O)         0.091     9.179 r  system_i/ps7/inst/buffer_fclk_clk_0.FCLK_CLK_0_BUFG/O
                         net (fo=13324, routed)       1.454    10.633    system_i/iq_0/inst/burst_ring/s_axi_aclk
    SLICE_X51Y71         FDRE                                         r  system_i/iq_0/inst/burst_ring/busy_reg/C
                         clock pessimism              0.229    10.862    <hidden>
                         clock uncertainty           -0.125    10.737    <hidden>
    SLICE_X51Y71         FDRE (Setup_fdre_C_D)       -0.250    10.487    system_i/iq_0/inst/burst_ring/busy_reg
  -------------------------------------------------------------------
                         required time                         10.487    <hidden>
                         arrival time                         -10.481    <hidden>
  -------------------------------------------------------------------
                         slack                                  0.005    <hidden>

Slack (MET) :             0.018ns  (required time - arrival time)
  Source:                 system_i/iq_0/inst/loader_word_reg[21]/C
                            (rising edge-triggered cell FDRE clocked by clk_fpga_0  {rise@0.000ns fall@4.000ns period=8.000ns})
  Destination:            system_i/iq_0/inst/bank_length0_reg[16]/CE
                            (rising edge-triggered cell FDRE clocked by clk_fpga_0  {rise@0.000ns fall@4.000ns period=8.000ns})
  Path Group:             clk_fpga_0
  Path Type:              Setup (Max at Slow Process Corner)
  Requirement:            8.000ns  (clk_fpga_0 rise@8.000ns - clk_fpga_0 rise@0.000ns)
  Data Path Delay:        7.667ns  (logic 2.387ns (31.135%)  route 5.280ns (68.865%))
  Logic Levels:           11  (CARRY4=2 LUT2=1 LUT4=1 LUT5=4 LUT6=3)
  Clock Path Skew:        0.015ns (DCD - SCD + CPR)
    Destination Clock Delay (DCD):    2.899ns = ( 10.899 - 8.000 ) 
    Source Clock Delay      (SCD):    3.013ns
    Clock Pessimism Removal (CPR):    0.129ns
  Clock Uncertainty:      0.125ns  ((TSJ^2 + TIJ^2)^1/2 + DJ) / 2 + PE
    Total System Jitter     (TSJ):    0.071ns
    Total Input Jitter      (TIJ):    0.240ns
    Discrete Jitter          (DJ):    0.000ns
    Phase Error              (PE):    0.000ns

    Location             Delay type                Incr(ns)  Path(ns)    Netlist Resource(s)
  -------------------------------------------------------------------    -------------------
                         (clock clk_fpga_0 rise edge)
                                                      0.000     0.000 r  <hidden>
    PS7_X0Y0             PS7                          0.000     0.000 r  system_i/ps7/inst/PS7_i/FCLKCLK[0]
                         net (fo=1, routed)           1.193     1.193    system_i/ps7/inst/FCLK_CLK_unbuffered[0]
    BUFGCTRL_X0Y16       BUFG (Prop_bufg_I_O)         0.101     1.294 r  system_i/ps7/inst/buffer_fclk_clk_0.FCLK_CLK_0_BUFG/O
                         net (fo=13324, routed)       1.719     3.013    system_i/iq_0/inst/s_axi_aclk
    SLICE_X81Y90         FDRE                                         r  system_i/iq_0/inst/loader_word_reg[21]/C
  -------------------------------------------------------------------    -------------------
    SLICE_X81Y90         FDRE (Prop_fdre_C_Q)         0.456     3.469 r  system_i/iq_0/inst/loader_word_reg[21]/Q
                         net (fo=1, routed)           0.835     4.304    system_i/iq_0/inst/data7[5]
    SLICE_X82Y90         LUT5 (Prop_lut5_I0_O)        0.124     4.428 r  system_i/iq_0/inst/loader_crc_state[13]_i_3/O
                         net (fo=1, routed)           0.590     5.018    system_i/iq_0/inst/loader_crc_state[13]_i_3_n_0
    SLICE_X82Y91         LUT6 (Prop_lut6_I1_O)        0.124     5.142 r  system_i/iq_0/inst/loader_crc_state[13]_i_2/O
                         net (fo=20, routed)          0.900     6.042    system_i/iq_0/inst/loader_crc_state[13]_i_2_n_0
    SLICE_X85Y92         LUT5 (Prop_lut5_I2_O)        0.124     6.166 r  system_i/iq_0/inst/loader_crc_state[29]_i_2/O
                         net (fo=5, routed)           0.415     6.580    system_i/iq_0/inst/loader_crc_state[29]_i_2_n_0
    SLICE_X85Y92         LUT5 (Prop_lut5_I2_O)        0.124     6.704 r  system_i/iq_0/inst/loader_crc_state[19]_i_2/O
                         net (fo=4, routed)           0.323     7.028    system_i/iq_0/inst/loader_crc_state[19]_i_2_n_0
    SLICE_X84Y94         LUT6 (Prop_lut6_I3_O)        0.124     7.152 r  system_i/iq_0/inst/loader_errors[4]_i_22/O
                         net (fo=1, routed)           0.000     7.152    system_i/iq_0/inst/loader_errors[4]_i_22_n_0
    SLICE_X84Y94         CARRY4 (Prop_carry4_S[2]_CO[3])
                                                      0.398     7.550 r  system_i/iq_0/inst/loader_errors_reg[4]_i_11/CO[3]
                         net (fo=1, routed)           0.000     7.550    system_i/iq_0/inst/loader_errors_reg[4]_i_11_n_0
    SLICE_X84Y95         CARRY4 (Prop_carry4_CI_CO[2])
                                                      0.228     7.778 r  system_i/iq_0/inst/loader_errors_reg[4]_i_5/CO[2]
                         net (fo=1, routed)           0.428     8.206    system_i/iq_0/inst/bank_ready2
    SLICE_X83Y96         LUT4 (Prop_lut4_I2_O)        0.313     8.519 f  system_i/iq_0/inst/loader_errors[4]_i_2/O
                         net (fo=9, routed)           0.376     8.895    system_i/iq_0/inst/loader_errors[4]_i_2_n_0
    SLICE_X82Y98         LUT5 (Prop_lut5_I4_O)        0.124     9.019 r  system_i/iq_0/inst/loader_transfers[0]_i_1/O
                         net (fo=54, routed)          0.446     9.465    system_i/iq_0/inst/loader_transfers[0]_i_1_n_0
    SLICE_X85Y99         LUT2 (Prop_lut2_I0_O)        0.124     9.589 r  system_i/iq_0/inst/bank_length0[31]_i_6/O
                         net (fo=4, routed)           0.475    10.064    system_i/iq_0/inst/bank_length0[31]_i_6_n_0
    SLICE_X85Y100        LUT6 (Prop_lut6_I3_O)        0.124    10.188 r  system_i/iq_0/inst/bank_length0[23]_i_1/O
                         net (fo=8, routed)           0.491    10.680    system_i/iq_0/inst/bank_length0[23]_i_1_n_0
    SLICE_X83Y103        FDRE                                         r  system_i/iq_0/inst/bank_length0_reg[16]/CE
  -------------------------------------------------------------------    -------------------

                         (clock clk_fpga_0 rise edge)
                                                      8.000     8.000 r  <hidden>
    PS7_X0Y0             PS7                          0.000     8.000 r  system_i/ps7/inst/PS7_i/FCLKCLK[0]
                         net (fo=1, routed)           1.088     9.088    system_i/ps7/inst/FCLK_CLK_unbuffered[0]
    BUFGCTRL_X0Y16       BUFG (Prop_bufg_I_O)         0.091     9.179 r  system_i/ps7/inst/buffer_fclk_clk_0.FCLK_CLK_0_BUFG/O
                         net (fo=13324, routed)       1.720    10.899    system_i/iq_0/inst/s_axi_aclk
    SLICE_X83Y103        FDRE                                         r  system_i/iq_0/inst/bank_length0_reg[16]/C
                         clock pessimism              0.129    11.028    <hidden>
                         clock uncertainty           -0.125    10.903    <hidden>
    SLICE_X83Y103        FDRE (Setup_fdre_C_CE)      -0.205    10.698    system_i/iq_0/inst/bank_length0_reg[16]
  -------------------------------------------------------------------
                         required time                         10.698    <hidden>
                         arrival time                         -10.680    <hidden>
  -------------------------------------------------------------------
                         slack                                  0.018    <hidden>

Slack (MET) :             0.018ns  (required time - arrival time)
  Source:                 system_i/iq_0/inst/loader_word_reg[21]/C
                            (rising edge-triggered cell FDRE clocked by clk_fpga_0  {rise@0.000ns fall@4.000ns period=8.000ns})
  Destination:            system_i/iq_0/inst/bank_length0_reg[17]/CE
                            (rising edge-triggered cell FDRE clocked by clk_fpga_0  {rise@0.000ns fall@4.000ns period=8.000ns})
  Path Group:             clk_fpga_0
  Path Type:              Setup (Max at Slow Process Corner)
  Requirement:            8.000ns  (clk_fpga_0 rise@8.000ns - clk_fpga_0 rise@0.000ns)
  Data Path Delay:        7.667ns  (logic 2.387ns (31.135%)  route 5.280ns (68.865%))
  Logic Levels:           11  (CARRY4=2 LUT2=1 LUT4=1 LUT5=4 LUT6=3)
  Clock Path Skew:        0.015ns (DCD - SCD + CPR)
    Destination Clock Delay (DCD):    2.899ns = ( 10.899 - 8.000 ) 
    Source Clock Delay      (SCD):    3.013ns
    Clock Pessimism Removal (CPR):    0.129ns
  Clock Uncertainty:      0.125ns  ((TSJ^2 + TIJ^2)^1/2 + DJ) / 2 + PE
    Total System Jitter     (TSJ):    0.071ns
    Total Input Jitter      (TIJ):    0.240ns
    Discrete Jitter          (DJ):    0.000ns
    Phase Error              (PE):    0.000ns

    Location             Delay type                Incr(ns)  Path(ns)    Netlist Resource(s)
  -------------------------------------------------------------------    -------------------
                         (clock clk_fpga_0 rise edge)
                                                      0.000     0.000 r  <hidden>
    PS7_X0Y0             PS7                          0.000     0.000 r  system_i/ps7/inst/PS7_i/FCLKCLK[0]
                         net (fo=1, routed)           1.193     1.193    system_i/ps7/inst/FCLK_CLK_unbuffered[0]
    BUFGCTRL_X0Y16       BUFG (Prop_bufg_I_O)         0.101     1.294 r  system_i/ps7/inst/buffer_fclk_clk_0.FCLK_CLK_0_BUFG/O
                         net (fo=13324, routed)       1.719     3.013    system_i/iq_0/inst/s_axi_aclk
    SLICE_X81Y90         FDRE                                         r  system_i/iq_0/inst/loader_word_reg[21]/C
  -------------------------------------------------------------------    -------------------
    SLICE_X81Y90         FDRE (Prop_fdre_C_Q)         0.456     3.469 r  system_i/iq_0/inst/loader_word_reg[21]/Q
                         net (fo=1, routed)           0.835     4.304    system_i/iq_0/inst/data7[5]
    SLICE_X82Y90         LUT5 (Prop_lut5_I0_O)        0.124     4.428 r  system_i/iq_0/inst/loader_crc_state[13]_i_3/O
                         net (fo=1, routed)           0.590     5.018    system_i/iq_0/inst/loader_crc_state[13]_i_3_n_0
    SLICE_X82Y91         LUT6 (Prop_lut6_I1_O)        0.124     5.142 r  system_i/iq_0/inst/loader_crc_state[13]_i_2/O
                         net (fo=20, routed)          0.900     6.042    system_i/iq_0/inst/loader_crc_state[13]_i_2_n_0
    SLICE_X85Y92         LUT5 (Prop_lut5_I2_O)        0.124     6.166 r  system_i/iq_0/inst/loader_crc_state[29]_i_2/O
                         net (fo=5, routed)           0.415     6.580    system_i/iq_0/inst/loader_crc_state[29]_i_2_n_0
    SLICE_X85Y92         LUT5 (Prop_lut5_I2_O)        0.124     6.704 r  system_i/iq_0/inst/loader_crc_state[19]_i_2/O
                         net (fo=4, routed)           0.323     7.028    system_i/iq_0/inst/loader_crc_state[19]_i_2_n_0
    SLICE_X84Y94         LUT6 (Prop_lut6_I3_O)        0.124     7.152 r  system_i/iq_0/inst/loader_errors[4]_i_22/O
                         net (fo=1, routed)           0.000     7.152    system_i/iq_0/inst/loader_errors[4]_i_22_n_0
    SLICE_X84Y94         CARRY4 (Prop_carry4_S[2]_CO[3])
                                                      0.398     7.550 r  system_i/iq_0/inst/loader_errors_reg[4]_i_11/CO[3]
                         net (fo=1, routed)           0.000     7.550    system_i/iq_0/inst/loader_errors_reg[4]_i_11_n_0
    SLICE_X84Y95         CARRY4 (Prop_carry4_CI_CO[2])
                                                      0.228     7.778 r  system_i/iq_0/inst/loader_errors_reg[4]_i_5/CO[2]
                         net (fo=1, routed)           0.428     8.206    system_i/iq_0/inst/bank_ready2
    SLICE_X83Y96         LUT4 (Prop_lut4_I2_O)        0.313     8.519 f  system_i/iq_0/inst/loader_errors[4]_i_2/O
                         net (fo=9, routed)           0.376     8.895    system_i/iq_0/inst/loader_errors[4]_i_2_n_0
    SLICE_X82Y98         LUT5 (Prop_lut5_I4_O)        0.124     9.019 r  system_i/iq_0/inst/loader_transfers[0]_i_1/O
                         net (fo=54, routed)          0.446     9.465    system_i/iq_0/inst/loader_transfers[0]_i_1_n_0
    SLICE_X85Y99         LUT2 (Prop_lut2_I0_O)        0.124     9.589 r  system_i/iq_0/inst/bank_length0[31]_i_6/O
                         net (fo=4, routed)           0.475    10.064    system_i/iq_0/inst/bank_length0[31]_i_6_n_0
    SLICE_X85Y100        LUT6 (Prop_lut6_I3_O)        0.124    10.188 r  system_i/iq_0/inst/bank_length0[23]_i_1/O
                         net (fo=8, routed)           0.491    10.680    system_i/iq_0/inst/bank_length0[23]_i_1_n_0
    SLICE_X83Y103        FDRE                                         r  system_i/iq_0/inst/bank_length0_reg[17]/CE
  -------------------------------------------------------------------    -------------------

                         (clock clk_fpga_0 rise edge)
                                                      8.000     8.000 r  <hidden>
    PS7_X0Y0             PS7                          0.000     8.000 r  system_i/ps7/inst/PS7_i/FCLKCLK[0]
                         net (fo=1, routed)           1.088     9.088    system_i/ps7/inst/FCLK_CLK_unbuffered[0]
    BUFGCTRL_X0Y16       BUFG (Prop_bufg_I_O)         0.091     9.179 r  system_i/ps7/inst/buffer_fclk_clk_0.FCLK_CLK_0_BUFG/O
                         net (fo=13324, routed)       1.720    10.899    system_i/iq_0/inst/s_axi_aclk
    SLICE_X83Y103        FDRE                                         r  system_i/iq_0/inst/bank_length0_reg[17]/C
                         clock pessimism              0.129    11.028    <hidden>
                         clock uncertainty           -0.125    10.903    <hidden>
    SLICE_X83Y103        FDRE (Setup_fdre_C_CE)      -0.205    10.698    system_i/iq_0/inst/bank_length0_reg[17]
  -------------------------------------------------------------------
                         required time                         10.698    <hidden>
                         arrival time                         -10.680    <hidden>
  -------------------------------------------------------------------
                         slack                                  0.018    <hidden>

Slack (MET) :             0.018ns  (required time - arrival time)
  Source:                 system_i/iq_0/inst/loader_word_reg[21]/C
                            (rising edge-triggered cell FDRE clocked by clk_fpga_0  {rise@0.000ns fall@4.000ns period=8.000ns})
  Destination:            system_i/iq_0/inst/bank_length0_reg[22]/CE
                            (rising edge-triggered cell FDRE clocked by clk_fpga_0  {rise@0.000ns fall@4.000ns period=8.000ns})
  Path Group:             clk_fpga_0
  Path Type:              Setup (Max at Slow Process Corner)
  Requirement:            8.000ns  (clk_fpga_0 rise@8.000ns - clk_fpga_0 rise@0.000ns)
  Data Path Delay:        7.667ns  (logic 2.387ns (31.135%)  route 5.280ns (68.865%))
  Logic Levels:           11  (CARRY4=2 LUT2=1 LUT4=1 LUT5=4 LUT6=3)
  Clock Path Skew:        0.015ns (DCD - SCD + CPR)
    Destination Clock Delay (DCD):    2.899ns = ( 10.899 - 8.000 ) 
    Source Clock Delay      (SCD):    3.013ns
    Clock Pessimism Removal (CPR):    0.129ns
  Clock Uncertainty:      0.125ns  ((TSJ^2 + TIJ^2)^1/2 + DJ) / 2 + PE
    Total System Jitter     (TSJ):    0.071ns
    Total Input Jitter      (TIJ):    0.240ns
    Discrete Jitter          (DJ):    0.000ns
    Phase Error              (PE):    0.000ns

    Location             Delay type                Incr(ns)  Path(ns)    Netlist Resource(s)
  -------------------------------------------------------------------    -------------------
                         (clock clk_fpga_0 rise edge)
                                                      0.000     0.000 r  <hidden>
    PS7_X0Y0             PS7                          0.000     0.000 r  system_i/ps7/inst/PS7_i/FCLKCLK[0]
                         net (fo=1, routed)           1.193     1.193    system_i/ps7/inst/FCLK_CLK_unbuffered[0]
    BUFGCTRL_X0Y16       BUFG (Prop_bufg_I_O)         0.101     1.294 r  system_i/ps7/inst/buffer_fclk_clk_0.FCLK_CLK_0_BUFG/O
                         net (fo=13324, routed)       1.719     3.013    system_i/iq_0/inst/s_axi_aclk
    SLICE_X81Y90         FDRE                                         r  system_i/iq_0/inst/loader_word_reg[21]/C
  -------------------------------------------------------------------    -------------------
    SLICE_X81Y90         FDRE (Prop_fdre_C_Q)         0.456     3.469 r  system_i/iq_0/inst/loader_word_reg[21]/Q
                         net (fo=1, routed)           0.835     4.304    system_i/iq_0/inst/data7[5]
    SLICE_X82Y90         LUT5 (Prop_lut5_I0_O)        0.124     4.428 r  system_i/iq_0/inst/loader_crc_state[13]_i_3/O
                         net (fo=1, routed)           0.590     5.018    system_i/iq_0/inst/loader_crc_state[13]_i_3_n_0
    SLICE_X82Y91         LUT6 (Prop_lut6_I1_O)        0.124     5.142 r  system_i/iq_0/inst/loader_crc_state[13]_i_2/O
                         net (fo=20, routed)          0.900     6.042    system_i/iq_0/inst/loader_crc_state[13]_i_2_n_0
    SLICE_X85Y92         LUT5 (Prop_lut5_I2_O)        0.124     6.166 r  system_i/iq_0/inst/loader_crc_state[29]_i_2/O
                         net (fo=5, routed)           0.415     6.580    system_i/iq_0/inst/loader_crc_state[29]_i_2_n_0
    SLICE_X85Y92         LUT5 (Prop_lut5_I2_O)        0.124     6.704 r  system_i/iq_0/inst/loader_crc_state[19]_i_2/O
                         net (fo=4, routed)           0.323     7.028    system_i/iq_0/inst/loader_crc_state[19]_i_2_n_0
    SLICE_X84Y94         LUT6 (Prop_lut6_I3_O)        0.124     7.152 r  system_i/iq_0/inst/loader_errors[4]_i_22/O
                         net (fo=1, routed)           0.000     7.152    system_i/iq_0/inst/loader_errors[4]_i_22_n_0
    SLICE_X84Y94         CARRY4 (Prop_carry4_S[2]_CO[3])
                                                      0.398     7.550 r  system_i/iq_0/inst/loader_errors_reg[4]_i_11/CO[3]
                         net (fo=1, routed)           0.000     7.550    system_i/iq_0/inst/loader_errors_reg[4]_i_11_n_0
    SLICE_X84Y95         CARRY4 (Prop_carry4_CI_CO[2])
                                                      0.228     7.778 r  system_i/iq_0/inst/loader_errors_reg[4]_i_5/CO[2]
                         net (fo=1, routed)           0.428     8.206    system_i/iq_0/inst/bank_ready2
    SLICE_X83Y96         LUT4 (Prop_lut4_I2_O)        0.313     8.519 f  system_i/iq_0/inst/loader_errors[4]_i_2/O
                         net (fo=9, routed)           0.376     8.895    system_i/iq_0/inst/loader_errors[4]_i_2_n_0
    SLICE_X82Y98         LUT5 (Prop_lut5_I4_O)        0.124     9.019 r  system_i/iq_0/inst/loader_transfers[0]_i_1/O
                         net (fo=54, routed)          0.446     9.465    system_i/iq_0/inst/loader_transfers[0]_i_1_n_0
    SLICE_X85Y99         LUT2 (Prop_lut2_I0_O)        0.124     9.589 r  system_i/iq_0/inst/bank_length0[31]_i_6/O
                         net (fo=4, routed)           0.475    10.064    system_i/iq_0/inst/bank_length0[31]_i_6_n_0
    SLICE_X85Y100        LUT6 (Prop_lut6_I3_O)        0.124    10.188 r  system_i/iq_0/inst/bank_length0[23]_i_1/O
                         net (fo=8, routed)           0.491    10.680    system_i/iq_0/inst/bank_length0[23]_i_1_n_0
    SLICE_X83Y103        FDRE                                         r  system_i/iq_0/inst/bank_length0_reg[22]/CE
  -------------------------------------------------------------------    -------------------

                         (clock clk_fpga_0 rise edge)
                                                      8.000     8.000 r  <hidden>
    PS7_X0Y0             PS7                          0.000     8.000 r  system_i/ps7/inst/PS7_i/FCLKCLK[0]
                         net (fo=1, routed)           1.088     9.088    system_i/ps7/inst/FCLK_CLK_unbuffered[0]
    BUFGCTRL_X0Y16       BUFG (Prop_bufg_I_O)         0.091     9.179 r  system_i/ps7/inst/buffer_fclk_clk_0.FCLK_CLK_0_BUFG/O
                         net (fo=13324, routed)       1.720    10.899    system_i/iq_0/inst/s_axi_aclk
    SLICE_X83Y103        FDRE                                         r  system_i/iq_0/inst/bank_length0_reg[22]/C
                         clock pessimism              0.129    11.028    <hidden>
                         clock uncertainty           -0.125    10.903    <hidden>
    SLICE_X83Y103        FDRE (Setup_fdre_C_CE)      -0.205    10.698    system_i/iq_0/inst/bank_length0_reg[22]
  -------------------------------------------------------------------
                         required time                         10.698    <hidden>
                         arrival time                         -10.680    <hidden>
  -------------------------------------------------------------------
                         slack                                  0.018    <hidden>

Slack (MET) :             0.018ns  (required time - arrival time)
  Source:                 system_i/iq_0/inst/loader_word_reg[21]/C
                            (rising edge-triggered cell FDRE clocked by clk_fpga_0  {rise@0.000ns fall@4.000ns period=8.000ns})
  Destination:            system_i/iq_0/inst/bank_length0_reg[23]/CE
                            (rising edge-triggered cell FDRE clocked by clk_fpga_0  {rise@0.000ns fall@4.000ns period=8.000ns})
  Path Group:             clk_fpga_0
  Path Type:              Setup (Max at Slow Process Corner)
  Requirement:            8.000ns  (clk_fpga_0 rise@8.000ns - clk_fpga_0 rise@0.000ns)
  Data Path Delay:        7.667ns  (logic 2.387ns (31.135%)  route 5.280ns (68.865%))
  Logic Levels:           11  (CARRY4=2 LUT2=1 LUT4=1 LUT5=4 LUT6=3)
  Clock Path Skew:        0.015ns (DCD - SCD + CPR)
    Destination Clock Delay (DCD):    2.899ns = ( 10.899 - 8.000 ) 
    Source Clock Delay      (SCD):    3.013ns
    Clock Pessimism Removal (CPR):    0.129ns
  Clock Uncertainty:      0.125ns  ((TSJ^2 + TIJ^2)^1/2 + DJ) / 2 + PE
    Total System Jitter     (TSJ):    0.071ns
    Total Input Jitter      (TIJ):    0.240ns
    Discrete Jitter          (DJ):    0.000ns
    Phase Error              (PE):    0.000ns

    Location             Delay type                Incr(ns)  Path(ns)    Netlist Resource(s)
  -------------------------------------------------------------------    -------------------
                         (clock clk_fpga_0 rise edge)
                                                      0.000     0.000 r  <hidden>
    PS7_X0Y0             PS7                          0.000     0.000 r  system_i/ps7/inst/PS7_i/FCLKCLK[0]
                         net (fo=1, routed)           1.193     1.193    system_i/ps7/inst/FCLK_CLK_unbuffered[0]
    BUFGCTRL_X0Y16       BUFG (Prop_bufg_I_O)         0.101     1.294 r  system_i/ps7/inst/buffer_fclk_clk_0.FCLK_CLK_0_BUFG/O
                         net (fo=13324, routed)       1.719     3.013    system_i/iq_0/inst/s_axi_aclk
    SLICE_X81Y90         FDRE                                         r  system_i/iq_0/inst/loader_word_reg[21]/C
  -------------------------------------------------------------------    -------------------
    SLICE_X81Y90         FDRE (Prop_fdre_C_Q)         0.456     3.469 r  system_i/iq_0/inst/loader_word_reg[21]/Q
                         net (fo=1, routed)           0.835     4.304    system_i/iq_0/inst/data7[5]
    SLICE_X82Y90         LUT5 (Prop_lut5_I0_O)        0.124     4.428 r  system_i/iq_0/inst/loader_crc_state[13]_i_3/O
                         net (fo=1, routed)           0.590     5.018    system_i/iq_0/inst/loader_crc_state[13]_i_3_n_0
    SLICE_X82Y91         LUT6 (Prop_lut6_I1_O)        0.124     5.142 r  system_i/iq_0/inst/loader_crc_state[13]_i_2/O
                         net (fo=20, routed)          0.900     6.042    system_i/iq_0/inst/loader_crc_state[13]_i_2_n_0
    SLICE_X85Y92         LUT5 (Prop_lut5_I2_O)        0.124     6.166 r  system_i/iq_0/inst/loader_crc_state[29]_i_2/O
                         net (fo=5, routed)           0.415     6.580    system_i/iq_0/inst/loader_crc_state[29]_i_2_n_0
    SLICE_X85Y92         LUT5 (Prop_lut5_I2_O)        0.124     6.704 r  system_i/iq_0/inst/loader_crc_state[19]_i_2/O
                         net (fo=4, routed)           0.323     7.028    system_i/iq_0/inst/loader_crc_state[19]_i_2_n_0
    SLICE_X84Y94         LUT6 (Prop_lut6_I3_O)        0.124     7.152 r  system_i/iq_0/inst/loader_errors[4]_i_22/O
                         net (fo=1, routed)           0.000     7.152    system_i/iq_0/inst/loader_errors[4]_i_22_n_0
    SLICE_X84Y94         CARRY4 (Prop_carry4_S[2]_CO[3])
                                                      0.398     7.550 r  system_i/iq_0/inst/loader_errors_reg[4]_i_11/CO[3]
                         net (fo=1, routed)           0.000     7.550    system_i/iq_0/inst/loader_errors_reg[4]_i_11_n_0
    SLICE_X84Y95         CARRY4 (Prop_carry4_CI_CO[2])
                                                      0.228     7.778 r  system_i/iq_0/inst/loader_errors_reg[4]_i_5/CO[2]
                         net (fo=1, routed)           0.428     8.206    system_i/iq_0/inst/bank_ready2
    SLICE_X83Y96         LUT4 (Prop_lut4_I2_O)        0.313     8.519 f  system_i/iq_0/inst/loader_errors[4]_i_2/O
                         net (fo=9, routed)           0.376     8.895    system_i/iq_0/inst/loader_errors[4]_i_2_n_0
    SLICE_X82Y98         LUT5 (Prop_lut5_I4_O)        0.124     9.019 r  system_i/iq_0/inst/loader_transfers[0]_i_1/O
                         net (fo=54, routed)          0.446     9.465    system_i/iq_0/inst/loader_transfers[0]_i_1_n_0
    SLICE_X85Y99         LUT2 (Prop_lut2_I0_O)        0.124     9.589 r  system_i/iq_0/inst/bank_length0[31]_i_6/O
                         net (fo=4, routed)           0.475    10.064    system_i/iq_0/inst/bank_length0[31]_i_6_n_0
    SLICE_X85Y100        LUT6 (Prop_lut6_I3_O)        0.124    10.188 r  system_i/iq_0/inst/bank_length0[23]_i_1/O
                         net (fo=8, routed)           0.491    10.680    system_i/iq_0/inst/bank_length0[23]_i_1_n_0
    SLICE_X83Y103        FDRE                                         r  system_i/iq_0/inst/bank_length0_reg[23]/CE
  -------------------------------------------------------------------    -------------------

                         (clock clk_fpga_0 rise edge)
                                                      8.000     8.000 r  <hidden>
    PS7_X0Y0             PS7                          0.000     8.000 r  system_i/ps7/inst/PS7_i/FCLKCLK[0]
                         net (fo=1, routed)           1.088     9.088    system_i/ps7/inst/FCLK_CLK_unbuffered[0]
    BUFGCTRL_X0Y16       BUFG (Prop_bufg_I_O)         0.091     9.179 r  system_i/ps7/inst/buffer_fclk_clk_0.FCLK_CLK_0_BUFG/O
                         net (fo=13324, routed)       1.720    10.899    system_i/iq_0/inst/s_axi_aclk
    SLICE_X83Y103        FDRE                                         r  system_i/iq_0/inst/bank_length0_reg[23]/C
                         clock pessimism              0.129    11.028    <hidden>
                         clock uncertainty           -0.125    10.903    <hidden>
    SLICE_X83Y103        FDRE (Setup_fdre_C_CE)      -0.205    10.698    system_i/iq_0/inst/bank_length0_reg[23]
  -------------------------------------------------------------------
                         required time                         10.698    <hidden>
                         arrival time                         -10.680    <hidden>
  -------------------------------------------------------------------
                         slack                                  0.018    <hidden>

Slack (MET) :             0.027ns  (required time - arrival time)
  Source:                 system_i/iq_0/inst/loader_word_reg[21]/C
                            (rising edge-triggered cell FDRE clocked by clk_fpga_0  {rise@0.000ns fall@4.000ns period=8.000ns})
  Destination:            system_i/iq_0/inst/bank_length0_reg[30]/CE
                            (rising edge-triggered cell FDRE clocked by clk_fpga_0  {rise@0.000ns fall@4.000ns period=8.000ns})
  Path Group:             clk_fpga_0
  Path Type:              Setup (Max at Slow Process Corner)
  Requirement:            8.000ns  (clk_fpga_0 rise@8.000ns - clk_fpga_0 rise@0.000ns)
  Data Path Delay:        7.658ns  (logic 2.387ns (31.170%)  route 5.271ns (68.830%))
  Logic Levels:           11  (CARRY4=2 LUT2=1 LUT4=1 LUT5=4 LUT6=3)
  Clock Path Skew:        0.015ns (DCD - SCD + CPR)
    Destination Clock Delay (DCD):    2.899ns = ( 10.899 - 8.000 ) 
    Source Clock Delay      (SCD):    3.013ns
    Clock Pessimism Removal (CPR):    0.129ns
  Clock Uncertainty:      0.125ns  ((TSJ^2 + TIJ^2)^1/2 + DJ) / 2 + PE
    Total System Jitter     (TSJ):    0.071ns
    Total Input Jitter      (TIJ):    0.240ns
    Discrete Jitter          (DJ):    0.000ns
    Phase Error              (PE):    0.000ns

    Location             Delay type                Incr(ns)  Path(ns)    Netlist Resource(s)
  -------------------------------------------------------------------    -------------------
                         (clock clk_fpga_0 rise edge)
                                                      0.000     0.000 r  <hidden>
    PS7_X0Y0             PS7                          0.000     0.000 r  system_i/ps7/inst/PS7_i/FCLKCLK[0]
                         net (fo=1, routed)           1.193     1.193    system_i/ps7/inst/FCLK_CLK_unbuffered[0]
    BUFGCTRL_X0Y16       BUFG (Prop_bufg_I_O)         0.101     1.294 r  system_i/ps7/inst/buffer_fclk_clk_0.FCLK_CLK_0_BUFG/O
                         net (fo=13324, routed)       1.719     3.013    system_i/iq_0/inst/s_axi_aclk
    SLICE_X81Y90         FDRE                                         r  system_i/iq_0/inst/loader_word_reg[21]/C
  -------------------------------------------------------------------    -------------------
    SLICE_X81Y90         FDRE (Prop_fdre_C_Q)         0.456     3.469 r  system_i/iq_0/inst/loader_word_reg[21]/Q
                         net (fo=1, routed)           0.835     4.304    system_i/iq_0/inst/data7[5]
    SLICE_X82Y90         LUT5 (Prop_lut5_I0_O)        0.124     4.428 r  system_i/iq_0/inst/loader_crc_state[13]_i_3/O
                         net (fo=1, routed)           0.590     5.018    system_i/iq_0/inst/loader_crc_state[13]_i_3_n_0
    SLICE_X82Y91         LUT6 (Prop_lut6_I1_O)        0.124     5.142 r  system_i/iq_0/inst/loader_crc_state[13]_i_2/O
                         net (fo=20, routed)          0.900     6.042    system_i/iq_0/inst/loader_crc_state[13]_i_2_n_0
    SLICE_X85Y92         LUT5 (Prop_lut5_I2_O)        0.124     6.166 r  system_i/iq_0/inst/loader_crc_state[29]_i_2/O
                         net (fo=5, routed)           0.415     6.580    system_i/iq_0/inst/loader_crc_state[29]_i_2_n_0
    SLICE_X85Y92         LUT5 (Prop_lut5_I2_O)        0.124     6.704 r  system_i/iq_0/inst/loader_crc_state[19]_i_2/O
                         net (fo=4, routed)           0.323     7.028    system_i/iq_0/inst/loader_crc_state[19]_i_2_n_0
    SLICE_X84Y94         LUT6 (Prop_lut6_I3_O)        0.124     7.152 r  system_i/iq_0/inst/loader_errors[4]_i_22/O
                         net (fo=1, routed)           0.000     7.152    system_i/iq_0/inst/loader_errors[4]_i_22_n_0
    SLICE_X84Y94         CARRY4 (Prop_carry4_S[2]_CO[3])
                                                      0.398     7.550 r  system_i/iq_0/inst/loader_errors_reg[4]_i_11/CO[3]
                         net (fo=1, routed)           0.000     7.550    system_i/iq_0/inst/loader_errors_reg[4]_i_11_n_0
    SLICE_X84Y95         CARRY4 (Prop_carry4_CI_CO[2])
                                                      0.228     7.778 r  system_i/iq_0/inst/loader_errors_reg[4]_i_5/CO[2]
                         net (fo=1, routed)           0.428     8.206    system_i/iq_0/inst/bank_ready2
    SLICE_X83Y96         LUT4 (Prop_lut4_I2_O)        0.313     8.519 f  system_i/iq_0/inst/loader_errors[4]_i_2/O
                         net (fo=9, routed)           0.376     8.895    system_i/iq_0/inst/loader_errors[4]_i_2_n_0
    SLICE_X82Y98         LUT5 (Prop_lut5_I4_O)        0.124     9.019 r  system_i/iq_0/inst/loader_transfers[0]_i_1/O
                         net (fo=54, routed)          0.446     9.465    system_i/iq_0/inst/loader_transfers[0]_i_1_n_0
    SLICE_X85Y99         LUT2 (Prop_lut2_I0_O)        0.124     9.589 r  system_i/iq_0/inst/bank_length0[31]_i_6/O
                         net (fo=4, routed)           0.463    10.052    system_i/iq_0/inst/bank_length0[31]_i_6_n_0
    SLICE_X85Y102        LUT6 (Prop_lut6_I3_O)        0.124    10.176 r  system_i/iq_0/inst/bank_length0[31]_i_1/O
                         net (fo=8, routed)           0.495    10.671    system_i/iq_0/inst/bank_length0[31]_i_1_n_0
    SLICE_X85Y105        FDRE                                         r  system_i/iq_0/inst/bank_length0_reg[30]/CE
  -------------------------------------------------------------------    -------------------

                         (clock clk_fpga_0 rise edge)
                                                      8.000     8.000 r  <hidden>
    PS7_X0Y0             PS7                          0.000     8.000 r  system_i/ps7/inst/PS7_i/FCLKCLK[0]
                         net (fo=1, routed)           1.088     9.088    system_i/ps7/inst/FCLK_CLK_unbuffered[0]
    BUFGCTRL_X0Y16       BUFG (Prop_bufg_I_O)         0.091     9.179 r  system_i/ps7/inst/buffer_fclk_clk_0.FCLK_CLK_0_BUFG/O
                         net (fo=13324, routed)       1.720    10.899    system_i/iq_0/inst/s_axi_aclk
    SLICE_X85Y105        FDRE                                         r  system_i/iq_0/inst/bank_length0_reg[30]/C
                         clock pessimism              0.129    11.028    <hidden>
                         clock uncertainty           -0.125    10.903    <hidden>
    SLICE_X85Y105        FDRE (Setup_fdre_C_CE)      -0.205    10.698    system_i/iq_0/inst/bank_length0_reg[30]
  -------------------------------------------------------------------
                         required time                         10.698    <hidden>
                         arrival time                         -10.671    <hidden>
  -------------------------------------------------------------------
                         slack                                  0.027    <hidden>

Slack (MET) :             0.027ns  (required time - arrival time)
  Source:                 system_i/iq_0/inst/loader_word_reg[21]/C
                            (rising edge-triggered cell FDRE clocked by clk_fpga_0  {rise@0.000ns fall@4.000ns period=8.000ns})
  Destination:            system_i/iq_0/inst/bank_length0_reg[31]/CE
                            (rising edge-triggered cell FDRE clocked by clk_fpga_0  {rise@0.000ns fall@4.000ns period=8.000ns})
  Path Group:             clk_fpga_0
  Path Type:              Setup (Max at Slow Process Corner)
  Requirement:            8.000ns  (clk_fpga_0 rise@8.000ns - clk_fpga_0 rise@0.000ns)
  Data Path Delay:        7.658ns  (logic 2.387ns (31.170%)  route 5.271ns (68.830%))
  Logic Levels:           11  (CARRY4=2 LUT2=1 LUT4=1 LUT5=4 LUT6=3)
  Clock Path Skew:        0.015ns (DCD - SCD + CPR)
    Destination Clock Delay (DCD):    2.899ns = ( 10.899 - 8.000 ) 
    Source Clock Delay      (SCD):    3.013ns
    Clock Pessimism Removal (CPR):    0.129ns
  Clock Uncertainty:      0.125ns  ((TSJ^2 + TIJ^2)^1/2 + DJ) / 2 + PE
    Total System Jitter     (TSJ):    0.071ns
    Total Input Jitter      (TIJ):    0.240ns
    Discrete Jitter          (DJ):    0.000ns
    Phase Error              (PE):    0.000ns

    Location             Delay type                Incr(ns)  Path(ns)    Netlist Resource(s)
  -------------------------------------------------------------------    -------------------
                         (clock clk_fpga_0 rise edge)
                                                      0.000     0.000 r  <hidden>
    PS7_X0Y0             PS7                          0.000     0.000 r  system_i/ps7/inst/PS7_i/FCLKCLK[0]
                         net (fo=1, routed)           1.193     1.193    system_i/ps7/inst/FCLK_CLK_unbuffered[0]
    BUFGCTRL_X0Y16       BUFG (Prop_bufg_I_O)         0.101     1.294 r  system_i/ps7/inst/buffer_fclk_clk_0.FCLK_CLK_0_BUFG/O
                         net (fo=13324, routed)       1.719     3.013    system_i/iq_0/inst/s_axi_aclk
    SLICE_X81Y90         FDRE                                         r  system_i/iq_0/inst/loader_word_reg[21]/C
  -------------------------------------------------------------------    -------------------
    SLICE_X81Y90         FDRE (Prop_fdre_C_Q)         0.456     3.469 r  system_i/iq_0/inst/loader_word_reg[21]/Q
                         net (fo=1, routed)           0.835     4.304    system_i/iq_0/inst/data7[5]
    SLICE_X82Y90         LUT5 (Prop_lut5_I0_O)        0.124     4.428 r  system_i/iq_0/inst/loader_crc_state[13]_i_3/O
                         net (fo=1, routed)           0.590     5.018    system_i/iq_0/inst/loader_crc_state[13]_i_3_n_0
    SLICE_X82Y91         LUT6 (Prop_lut6_I1_O)        0.124     5.142 r  system_i/iq_0/inst/loader_crc_state[13]_i_2/O
                         net (fo=20, routed)          0.900     6.042    system_i/iq_0/inst/loader_crc_state[13]_i_2_n_0
    SLICE_X85Y92         LUT5 (Prop_lut5_I2_O)        0.124     6.166 r  system_i/iq_0/inst/loader_crc_state[29]_i_2/O
                         net (fo=5, routed)           0.415     6.580    system_i/iq_0/inst/loader_crc_state[29]_i_2_n_0
    SLICE_X85Y92         LUT5 (Prop_lut5_I2_O)        0.124     6.704 r  system_i/iq_0/inst/loader_crc_state[19]_i_2/O
                         net (fo=4, routed)           0.323     7.028    system_i/iq_0/inst/loader_crc_state[19]_i_2_n_0
    SLICE_X84Y94         LUT6 (Prop_lut6_I3_O)        0.124     7.152 r  system_i/iq_0/inst/loader_errors[4]_i_22/O
                         net (fo=1, routed)           0.000     7.152    system_i/iq_0/inst/loader_errors[4]_i_22_n_0
    SLICE_X84Y94         CARRY4 (Prop_carry4_S[2]_CO[3])
                                                      0.398     7.550 r  system_i/iq_0/inst/loader_errors_reg[4]_i_11/CO[3]
                         net (fo=1, routed)           0.000     7.550    system_i/iq_0/inst/loader_errors_reg[4]_i_11_n_0
    SLICE_X84Y95         CARRY4 (Prop_carry4_CI_CO[2])
                                                      0.228     7.778 r  system_i/iq_0/inst/loader_errors_reg[4]_i_5/CO[2]
                         net (fo=1, routed)           0.428     8.206    system_i/iq_0/inst/bank_ready2
    SLICE_X83Y96         LUT4 (Prop_lut4_I2_O)        0.313     8.519 f  system_i/iq_0/inst/loader_errors[4]_i_2/O
                         net (fo=9, routed)           0.376     8.895    system_i/iq_0/inst/loader_errors[4]_i_2_n_0
    SLICE_X82Y98         LUT5 (Prop_lut5_I4_O)        0.124     9.019 r  system_i/iq_0/inst/loader_transfers[0]_i_1/O
                         net (fo=54, routed)          0.446     9.465    system_i/iq_0/inst/loader_transfers[0]_i_1_n_0
    SLICE_X85Y99         LUT2 (Prop_lut2_I0_O)        0.124     9.589 r  system_i/iq_0/inst/bank_length0[31]_i_6/O
                         net (fo=4, routed)           0.463    10.052    system_i/iq_0/inst/bank_length0[31]_i_6_n_0
    SLICE_X85Y102        LUT6 (Prop_lut6_I3_O)        0.124    10.176 r  system_i/iq_0/inst/bank_length0[31]_i_1/O
                         net (fo=8, routed)           0.495    10.671    system_i/iq_0/inst/bank_length0[31]_i_1_n_0
    SLICE_X85Y105        FDRE                                         r  system_i/iq_0/inst/bank_length0_reg[31]/CE
  -------------------------------------------------------------------    -------------------

                         (clock clk_fpga_0 rise edge)
                                                      8.000     8.000 r  <hidden>
    PS7_X0Y0             PS7                          0.000     8.000 r  system_i/ps7/inst/PS7_i/FCLKCLK[0]
                         net (fo=1, routed)           1.088     9.088    system_i/ps7/inst/FCLK_CLK_unbuffered[0]
    BUFGCTRL_X0Y16       BUFG (Prop_bufg_I_O)         0.091     9.179 r  system_i/ps7/inst/buffer_fclk_clk_0.FCLK_CLK_0_BUFG/O
                         net (fo=13324, routed)       1.720    10.899    system_i/iq_0/inst/s_axi_aclk
    SLICE_X85Y105        FDRE                                         r  system_i/iq_0/inst/bank_length0_reg[31]/C
                         clock pessimism              0.129    11.028    <hidden>
                         clock uncertainty           -0.125    10.903    <hidden>
    SLICE_X85Y105        FDRE (Setup_fdre_C_CE)      -0.205    10.698    system_i/iq_0/inst/bank_length0_reg[31]
  -------------------------------------------------------------------
                         required time                         10.698    <hidden>
                         arrival time                         -10.671    <hidden>
  -------------------------------------------------------------------
                         slack                                  0.027    <hidden>

Slack (MET) :             0.027ns  (required time - arrival time)
  Source:                 system_i/iq_0/inst/loader_word_reg[21]/C
                            (rising edge-triggered cell FDRE clocked by clk_fpga_0  {rise@0.000ns fall@4.000ns period=8.000ns})
  Destination:            system_i/iq_0/inst/bank_length0_reg[26]/CE
                            (rising edge-triggered cell FDRE clocked by clk_fpga_0  {rise@0.000ns fall@4.000ns period=8.000ns})
  Path Group:             clk_fpga_0
  Path Type:              Setup (Max at Slow Process Corner)
  Requirement:            8.000ns  (clk_fpga_0 rise@8.000ns - clk_fpga_0 rise@0.000ns)
  Data Path Delay:        7.658ns  (logic 2.387ns (31.171%)  route 5.271ns (68.829%))
  Logic Levels:           11  (CARRY4=2 LUT2=1 LUT4=1 LUT5=4 LUT6=3)
  Clock Path Skew:        0.015ns (DCD - SCD + CPR)
    Destination Clock Delay (DCD):    2.899ns = ( 10.899 - 8.000 ) 
    Source Clock Delay      (SCD):    3.013ns
    Clock Pessimism Removal (CPR):    0.129ns
  Clock Uncertainty:      0.125ns  ((TSJ^2 + TIJ^2)^1/2 + DJ) / 2 + PE
    Total System Jitter     (TSJ):    0.071ns
    Total Input Jitter      (TIJ):    0.240ns
    Discrete Jitter          (DJ):    0.000ns
    Phase Error              (PE):    0.000ns

    Location             Delay type                Incr(ns)  Path(ns)    Netlist Resource(s)
  -------------------------------------------------------------------    -------------------
                         (clock clk_fpga_0 rise edge)
                                                      0.000     0.000 r  <hidden>
    PS7_X0Y0             PS7                          0.000     0.000 r  system_i/ps7/inst/PS7_i/FCLKCLK[0]
                         net (fo=1, routed)           1.193     1.193    system_i/ps7/inst/FCLK_CLK_unbuffered[0]
    BUFGCTRL_X0Y16       BUFG (Prop_bufg_I_O)         0.101     1.294 r  system_i/ps7/inst/buffer_fclk_clk_0.FCLK_CLK_0_BUFG/O
                         net (fo=13324, routed)       1.719     3.013    system_i/iq_0/inst/s_axi_aclk
    SLICE_X81Y90         FDRE                                         r  system_i/iq_0/inst/loader_word_reg[21]/C
  -------------------------------------------------------------------    -------------------
    SLICE_X81Y90         FDRE (Prop_fdre_C_Q)         0.456     3.469 r  system_i/iq_0/inst/loader_word_reg[21]/Q
                         net (fo=1, routed)           0.835     4.304    system_i/iq_0/inst/data7[5]
    SLICE_X82Y90         LUT5 (Prop_lut5_I0_O)        0.124     4.428 r  system_i/iq_0/inst/loader_crc_state[13]_i_3/O
                         net (fo=1, routed)           0.590     5.018    system_i/iq_0/inst/loader_crc_state[13]_i_3_n_0
    SLICE_X82Y91         LUT6 (Prop_lut6_I1_O)        0.124     5.142 r  system_i/iq_0/inst/loader_crc_state[13]_i_2/O
                         net (fo=20, routed)          0.900     6.042    system_i/iq_0/inst/loader_crc_state[13]_i_2_n_0
    SLICE_X85Y92         LUT5 (Prop_lut5_I2_O)        0.124     6.166 r  system_i/iq_0/inst/loader_crc_state[29]_i_2/O
                         net (fo=5, routed)           0.415     6.580    system_i/iq_0/inst/loader_crc_state[29]_i_2_n_0
    SLICE_X85Y92         LUT5 (Prop_lut5_I2_O)        0.124     6.704 r  system_i/iq_0/inst/loader_crc_state[19]_i_2/O
                         net (fo=4, routed)           0.323     7.028    system_i/iq_0/inst/loader_crc_state[19]_i_2_n_0
    SLICE_X84Y94         LUT6 (Prop_lut6_I3_O)        0.124     7.152 r  system_i/iq_0/inst/loader_errors[4]_i_22/O
                         net (fo=1, routed)           0.000     7.152    system_i/iq_0/inst/loader_errors[4]_i_22_n_0
    SLICE_X84Y94         CARRY4 (Prop_carry4_S[2]_CO[3])
                                                      0.398     7.550 r  system_i/iq_0/inst/loader_errors_reg[4]_i_11/CO[3]
                         net (fo=1, routed)           0.000     7.550    system_i/iq_0/inst/loader_errors_reg[4]_i_11_n_0
    SLICE_X84Y95         CARRY4 (Prop_carry4_CI_CO[2])
                                                      0.228     7.778 r  system_i/iq_0/inst/loader_errors_reg[4]_i_5/CO[2]
                         net (fo=1, routed)           0.428     8.206    system_i/iq_0/inst/bank_ready2
    SLICE_X83Y96         LUT4 (Prop_lut4_I2_O)        0.313     8.519 f  system_i/iq_0/inst/loader_errors[4]_i_2/O
                         net (fo=9, routed)           0.376     8.895    system_i/iq_0/inst/loader_errors[4]_i_2_n_0
    SLICE_X82Y98         LUT5 (Prop_lut5_I4_O)        0.124     9.019 r  system_i/iq_0/inst/loader_transfers[0]_i_1/O
                         net (fo=54, routed)          0.446     9.465    system_i/iq_0/inst/loader_transfers[0]_i_1_n_0
    SLICE_X85Y99         LUT2 (Prop_lut2_I0_O)        0.124     9.589 r  system_i/iq_0/inst/bank_length0[31]_i_6/O
                         net (fo=4, routed)           0.463    10.052    system_i/iq_0/inst/bank_length0[31]_i_6_n_0
    SLICE_X85Y102        LUT6 (Prop_lut6_I3_O)        0.124    10.176 r  system_i/iq_0/inst/bank_length0[31]_i_1/O
                         net (fo=8, routed)           0.494    10.671    system_i/iq_0/inst/bank_length0[31]_i_1_n_0
    SLICE_X85Y104        FDRE                                         r  system_i/iq_0/inst/bank_length0_reg[26]/CE
  -------------------------------------------------------------------    -------------------

                         (clock clk_fpga_0 rise edge)
                                                      8.000     8.000 r  <hidden>
    PS7_X0Y0             PS7                          0.000     8.000 r  system_i/ps7/inst/PS7_i/FCLKCLK[0]
                         net (fo=1, routed)           1.088     9.088    system_i/ps7/inst/FCLK_CLK_unbuffered[0]
    BUFGCTRL_X0Y16       BUFG (Prop_bufg_I_O)         0.091     9.179 r  system_i/ps7/inst/buffer_fclk_clk_0.FCLK_CLK_0_BUFG/O
                         net (fo=13324, routed)       1.720    10.899    system_i/iq_0/inst/s_axi_aclk
    SLICE_X85Y104        FDRE                                         r  system_i/iq_0/inst/bank_length0_reg[26]/C
                         clock pessimism              0.129    11.028    <hidden>
                         clock uncertainty           -0.125    10.903    <hidden>
    SLICE_X85Y104        FDRE (Setup_fdre_C_CE)      -0.205    10.698    system_i/iq_0/inst/bank_length0_reg[26]
  -------------------------------------------------------------------
                         required time                         10.698    <hidden>
                         arrival time                         -10.671    <hidden>
  -------------------------------------------------------------------
                         slack                                  0.027    <hidden>

Slack (MET) :             0.027ns  (required time - arrival time)
  Source:                 system_i/iq_0/inst/loader_word_reg[21]/C
                            (rising edge-triggered cell FDRE clocked by clk_fpga_0  {rise@0.000ns fall@4.000ns period=8.000ns})
  Destination:            system_i/iq_0/inst/bank_length0_reg[28]/CE
                            (rising edge-triggered cell FDRE clocked by clk_fpga_0  {rise@0.000ns fall@4.000ns period=8.000ns})
  Path Group:             clk_fpga_0
  Path Type:              Setup (Max at Slow Process Corner)
  Requirement:            8.000ns  (clk_fpga_0 rise@8.000ns - clk_fpga_0 rise@0.000ns)
  Data Path Delay:        7.658ns  (logic 2.387ns (31.171%)  route 5.271ns (68.829%))
  Logic Levels:           11  (CARRY4=2 LUT2=1 LUT4=1 LUT5=4 LUT6=3)
  Clock Path Skew:        0.015ns (DCD - SCD + CPR)
    Destination Clock Delay (DCD):    2.899ns = ( 10.899 - 8.000 ) 
    Source Clock Delay      (SCD):    3.013ns
    Clock Pessimism Removal (CPR):    0.129ns
  Clock Uncertainty:      0.125ns  ((TSJ^2 + TIJ^2)^1/2 + DJ) / 2 + PE
    Total System Jitter     (TSJ):    0.071ns
    Total Input Jitter      (TIJ):    0.240ns
    Discrete Jitter          (DJ):    0.000ns
    Phase Error              (PE):    0.000ns

    Location             Delay type                Incr(ns)  Path(ns)    Netlist Resource(s)
  -------------------------------------------------------------------    -------------------
                         (clock clk_fpga_0 rise edge)
                                                      0.000     0.000 r  <hidden>
    PS7_X0Y0             PS7                          0.000     0.000 r  system_i/ps7/inst/PS7_i/FCLKCLK[0]
                         net (fo=1, routed)           1.193     1.193    system_i/ps7/inst/FCLK_CLK_unbuffered[0]
    BUFGCTRL_X0Y16       BUFG (Prop_bufg_I_O)         0.101     1.294 r  system_i/ps7/inst/buffer_fclk_clk_0.FCLK_CLK_0_BUFG/O
                         net (fo=13324, routed)       1.719     3.013    system_i/iq_0/inst/s_axi_aclk
    SLICE_X81Y90         FDRE                                         r  system_i/iq_0/inst/loader_word_reg[21]/C
  -------------------------------------------------------------------    -------------------
    SLICE_X81Y90         FDRE (Prop_fdre_C_Q)         0.456     3.469 r  system_i/iq_0/inst/loader_word_reg[21]/Q
                         net (fo=1, routed)           0.835     4.304    system_i/iq_0/inst/data7[5]
    SLICE_X82Y90         LUT5 (Prop_lut5_I0_O)        0.124     4.428 r  system_i/iq_0/inst/loader_crc_state[13]_i_3/O
                         net (fo=1, routed)           0.590     5.018    system_i/iq_0/inst/loader_crc_state[13]_i_3_n_0
    SLICE_X82Y91         LUT6 (Prop_lut6_I1_O)        0.124     5.142 r  system_i/iq_0/inst/loader_crc_state[13]_i_2/O
                         net (fo=20, routed)          0.900     6.042    system_i/iq_0/inst/loader_crc_state[13]_i_2_n_0
    SLICE_X85Y92         LUT5 (Prop_lut5_I2_O)        0.124     6.166 r  system_i/iq_0/inst/loader_crc_state[29]_i_2/O
                         net (fo=5, routed)           0.415     6.580    system_i/iq_0/inst/loader_crc_state[29]_i_2_n_0
    SLICE_X85Y92         LUT5 (Prop_lut5_I2_O)        0.124     6.704 r  system_i/iq_0/inst/loader_crc_state[19]_i_2/O
                         net (fo=4, routed)           0.323     7.028    system_i/iq_0/inst/loader_crc_state[19]_i_2_n_0
    SLICE_X84Y94         LUT6 (Prop_lut6_I3_O)        0.124     7.152 r  system_i/iq_0/inst/loader_errors[4]_i_22/O
                         net (fo=1, routed)           0.000     7.152    system_i/iq_0/inst/loader_errors[4]_i_22_n_0
    SLICE_X84Y94         CARRY4 (Prop_carry4_S[2]_CO[3])
                                                      0.398     7.550 r  system_i/iq_0/inst/loader_errors_reg[4]_i_11/CO[3]
                         net (fo=1, routed)           0.000     7.550    system_i/iq_0/inst/loader_errors_reg[4]_i_11_n_0
    SLICE_X84Y95         CARRY4 (Prop_carry4_CI_CO[2])
                                                      0.228     7.778 r  system_i/iq_0/inst/loader_errors_reg[4]_i_5/CO[2]
                         net (fo=1, routed)           0.428     8.206    system_i/iq_0/inst/bank_ready2
    SLICE_X83Y96         LUT4 (Prop_lut4_I2_O)        0.313     8.519 f  system_i/iq_0/inst/loader_errors[4]_i_2/O
                         net (fo=9, routed)           0.376     8.895    system_i/iq_0/inst/loader_errors[4]_i_2_n_0
    SLICE_X82Y98         LUT5 (Prop_lut5_I4_O)        0.124     9.019 r  system_i/iq_0/inst/loader_transfers[0]_i_1/O
                         net (fo=54, routed)          0.446     9.465    system_i/iq_0/inst/loader_transfers[0]_i_1_n_0
    SLICE_X85Y99         LUT2 (Prop_lut2_I0_O)        0.124     9.589 r  system_i/iq_0/inst/bank_length0[31]_i_6/O
                         net (fo=4, routed)           0.463    10.052    system_i/iq_0/inst/bank_length0[31]_i_6_n_0
    SLICE_X85Y102        LUT6 (Prop_lut6_I3_O)        0.124    10.176 r  system_i/iq_0/inst/bank_length0[31]_i_1/O
                         net (fo=8, routed)           0.494    10.671    system_i/iq_0/inst/bank_length0[31]_i_1_n_0
    SLICE_X85Y104        FDRE                                         r  system_i/iq_0/inst/bank_length0_reg[28]/CE
  -------------------------------------------------------------------    -------------------

                         (clock clk_fpga_0 rise edge)
                                                      8.000     8.000 r  <hidden>
    PS7_X0Y0             PS7                          0.000     8.000 r  system_i/ps7/inst/PS7_i/FCLKCLK[0]
                         net (fo=1, routed)           1.088     9.088    system_i/ps7/inst/FCLK_CLK_unbuffered[0]
    BUFGCTRL_X0Y16       BUFG (Prop_bufg_I_O)         0.091     9.179 r  system_i/ps7/inst/buffer_fclk_clk_0.FCLK_CLK_0_BUFG/O
                         net (fo=13324, routed)       1.720    10.899    system_i/iq_0/inst/s_axi_aclk
    SLICE_X85Y104        FDRE                                         r  system_i/iq_0/inst/bank_length0_reg[28]/C
                         clock pessimism              0.129    11.028    <hidden>
                         clock uncertainty           -0.125    10.903    <hidden>
    SLICE_X85Y104        FDRE (Setup_fdre_C_CE)      -0.205    10.698    system_i/iq_0/inst/bank_length0_reg[28]
  -------------------------------------------------------------------
                         required time                         10.698    <hidden>
                         arrival time                         -10.671    <hidden>
  -------------------------------------------------------------------
                         slack                                  0.027    <hidden>

Slack (MET) :             0.039ns  (required time - arrival time)
  Source:                 system_i/iq_0/inst/burst_consumer_reg[8]/C
                            (rising edge-triggered cell FDRE clocked by clk_fpga_0  {rise@0.000ns fall@4.000ns period=8.000ns})
  Destination:            system_i/iq_0/inst/burst_ring/word_index_reg[0]/R
                            (rising edge-triggered cell FDRE clocked by clk_fpga_0  {rise@0.000ns fall@4.000ns period=8.000ns})
  Path Group:             clk_fpga_0
  Path Type:              Setup (Max at Slow Process Corner)
  Requirement:            8.000ns  (clk_fpga_0 rise@8.000ns - clk_fpga_0 rise@0.000ns)
  Data Path Delay:        7.345ns  (logic 2.693ns (36.667%)  route 4.652ns (63.333%))
  Logic Levels:           11  (CARRY4=6 LUT2=1 LUT4=1 LUT5=2 LUT6=1)
  Clock Path Skew:        -0.062ns (DCD - SCD + CPR)
    Destination Clock Delay (DCD):    2.640ns = ( 10.640 - 8.000 ) 
    Source Clock Delay      (SCD):    2.931ns
    Clock Pessimism Removal (CPR):    0.229ns
  Clock Uncertainty:      0.125ns  ((TSJ^2 + TIJ^2)^1/2 + DJ) / 2 + PE
    Total System Jitter     (TSJ):    0.071ns
    Total Input Jitter      (TIJ):    0.240ns
    Discrete Jitter          (DJ):    0.000ns
    Phase Error              (PE):    0.000ns

    Location             Delay type                Incr(ns)  Path(ns)    Netlist Resource(s)
  -------------------------------------------------------------------    -------------------
                         (clock clk_fpga_0 rise edge)
                                                      0.000     0.000 r  <hidden>
    PS7_X0Y0             PS7                          0.000     0.000 r  system_i/ps7/inst/PS7_i/FCLKCLK[0]
                         net (fo=1, routed)           1.193     1.193    system_i/ps7/inst/FCLK_CLK_unbuffered[0]
    BUFGCTRL_X0Y16       BUFG (Prop_bufg_I_O)         0.101     1.294 r  system_i/ps7/inst/buffer_fclk_clk_0.FCLK_CLK_0_BUFG/O
                         net (fo=13324, routed)       1.637     2.931    system_i/iq_0/inst/s_axi_aclk
    SLICE_X51Y90         FDRE                                         r  system_i/iq_0/inst/burst_consumer_reg[8]/C
  -------------------------------------------------------------------    -------------------
    SLICE_X51Y90         FDRE (Prop_fdre_C_Q)         0.419     3.350 r  system_i/iq_0/inst/burst_consumer_reg[8]/Q
                         net (fo=5, routed)           0.825     4.175    system_i/iq_0/inst/burst_ring/burst_consumer_reg[31]_i_27_0[8]
    SLICE_X50Y85         LUT2 (Prop_lut2_I1_O)        0.299     4.474 r  system_i/iq_0/inst/burst_ring/dropped[0]_i_36__0/O
                         net (fo=1, routed)           0.000     4.474    system_i/iq_0/inst/burst_ring/dropped[0]_i_36__0_n_0
    SLICE_X50Y85         CARRY4 (Prop_carry4_S[0]_CO[3])
                                                      0.513     4.987 r  system_i/iq_0/inst/burst_ring/dropped_reg[0]_i_13__0/CO[3]
                         net (fo=1, routed)           0.000     4.987    system_i/iq_0/inst/burst_ring/dropped_reg[0]_i_13__0_n_0
    SLICE_X50Y86         CARRY4 (Prop_carry4_CI_CO[3])
                                                      0.117     5.104 r  system_i/iq_0/inst/burst_ring/dropped_reg[0]_i_15__0/CO[3]
                         net (fo=1, routed)           0.000     5.104    system_i/iq_0/inst/burst_ring/dropped_reg[0]_i_15__0_n_0
    SLICE_X50Y87         CARRY4 (Prop_carry4_CI_CO[3])
                                                      0.117     5.221 r  system_i/iq_0/inst/burst_ring/dropped_reg[0]_i_7__0/CO[3]
                         net (fo=1, routed)           0.000     5.221    system_i/iq_0/inst/burst_ring/dropped_reg[0]_i_7__0_n_0
    SLICE_X50Y88         CARRY4 (Prop_carry4_CI_CO[3])
                                                      0.117     5.338 r  system_i/iq_0/inst/burst_ring/dropped_reg[0]_i_8__0/CO[3]
                         net (fo=1, routed)           0.000     5.338    system_i/iq_0/inst/burst_ring/dropped_reg[0]_i_8__0_n_0
    SLICE_X50Y89         CARRY4 (Prop_carry4_CI_CO[3])
                                                      0.117     5.455 r  system_i/iq_0/inst/burst_ring/dropped_reg[0]_i_10__0/CO[3]
                         net (fo=1, routed)           0.000     5.455    system_i/iq_0/inst/burst_ring/dropped_reg[0]_i_10__0_n_0
    SLICE_X50Y90         CARRY4 (Prop_carry4_CI_O[3])
                                                      0.315     5.770 f  system_i/iq_0/inst/burst_ring/dropped_reg[0]_i_11__0/O[3]
                         net (fo=1, routed)           0.974     6.744    system_i/iq_0/inst/burst_ring/dropped_reg[0]_i_11__0_n_4
    SLICE_X47Y87         LUT4 (Prop_lut4_I3_O)        0.307     7.051 f  system_i/iq_0/inst/burst_ring/dropped[0]_i_12__0/O
                         net (fo=1, routed)           0.587     7.637    system_i/iq_0/inst/burst_ring/dropped[0]_i_12__0_n_0
    SLICE_X53Y88         LUT5 (Prop_lut5_I4_O)        0.124     7.761 f  system_i/iq_0/inst/burst_ring/dropped[0]_i_4__0/O
                         net (fo=2, routed)           0.768     8.530    system_i/iq_0/inst/burst_ring/dropped[0]_i_4__0_n_0
    SLICE_X54Y84         LUT5 (Prop_lut5_I2_O)        0.124     8.654 r  system_i/iq_0/inst/burst_ring/word_index[3]_i_3/O
                         net (fo=2, routed)           1.095     9.749    system_i/iq_0/inst/burst_ring/word_index[3]_i_3_n_0
    SLICE_X51Y70         LUT6 (Prop_lut6_I1_O)        0.124     9.873 r  system_i/iq_0/inst/burst_ring/word_index[3]_i_1__0/O
                         net (fo=4, routed)           0.403    10.276    system_i/iq_0/inst/burst_ring/word_index[3]_i_1__0_n_0
    SLICE_X51Y64         FDRE                                         r  system_i/iq_0/inst/burst_ring/word_index_reg[0]/R
  -------------------------------------------------------------------    -------------------

                         (clock clk_fpga_0 rise edge)
                                                      8.000     8.000 r  <hidden>
    PS7_X0Y0             PS7                          0.000     8.000 r  system_i/ps7/inst/PS7_i/FCLKCLK[0]
                         net (fo=1, routed)           1.088     9.088    system_i/ps7/inst/FCLK_CLK_unbuffered[0]
    BUFGCTRL_X0Y16       BUFG (Prop_bufg_I_O)         0.091     9.179 r  system_i/ps7/inst/buffer_fclk_clk_0.FCLK_CLK_0_BUFG/O
                         net (fo=13324, routed)       1.461    10.640    system_i/iq_0/inst/burst_ring/s_axi_aclk
    SLICE_X51Y64         FDRE                                         r  system_i/iq_0/inst/burst_ring/word_index_reg[0]/C
                         clock pessimism              0.229    10.869    <hidden>
                         clock uncertainty           -0.125    10.744    <hidden>
    SLICE_X51Y64         FDRE (Setup_fdre_C_R)       -0.429    10.315    system_i/iq_0/inst/burst_ring/word_index_reg[0]
  -------------------------------------------------------------------
                         required time                         10.315    <hidden>
                         arrival time                         -10.276    <hidden>
  -------------------------------------------------------------------
                         slack                                  0.039    <hidden>

Slack (MET) :             0.039ns  (required time - arrival time)
  Source:                 system_i/iq_0/inst/burst_consumer_reg[8]/C
                            (rising edge-triggered cell FDRE clocked by clk_fpga_0  {rise@0.000ns fall@4.000ns period=8.000ns})
  Destination:            system_i/iq_0/inst/burst_ring/word_index_reg[1]/R
                            (rising edge-triggered cell FDRE clocked by clk_fpga_0  {rise@0.000ns fall@4.000ns period=8.000ns})
  Path Group:             clk_fpga_0
  Path Type:              Setup (Max at Slow Process Corner)
  Requirement:            8.000ns  (clk_fpga_0 rise@8.000ns - clk_fpga_0 rise@0.000ns)
  Data Path Delay:        7.345ns  (logic 2.693ns (36.667%)  route 4.652ns (63.333%))
  Logic Levels:           11  (CARRY4=6 LUT2=1 LUT4=1 LUT5=2 LUT6=1)
  Clock Path Skew:        -0.062ns (DCD - SCD + CPR)
    Destination Clock Delay (DCD):    2.640ns = ( 10.640 - 8.000 ) 
    Source Clock Delay      (SCD):    2.931ns
    Clock Pessimism Removal (CPR):    0.229ns
  Clock Uncertainty:      0.125ns  ((TSJ^2 + TIJ^2)^1/2 + DJ) / 2 + PE
    Total System Jitter     (TSJ):    0.071ns
    Total Input Jitter      (TIJ):    0.240ns
    Discrete Jitter          (DJ):    0.000ns
    Phase Error              (PE):    0.000ns

    Location             Delay type                Incr(ns)  Path(ns)    Netlist Resource(s)
  -------------------------------------------------------------------    -------------------
                         (clock clk_fpga_0 rise edge)
                                                      0.000     0.000 r  <hidden>
    PS7_X0Y0             PS7                          0.000     0.000 r  system_i/ps7/inst/PS7_i/FCLKCLK[0]
                         net (fo=1, routed)           1.193     1.193    system_i/ps7/inst/FCLK_CLK_unbuffered[0]
    BUFGCTRL_X0Y16       BUFG (Prop_bufg_I_O)         0.101     1.294 r  system_i/ps7/inst/buffer_fclk_clk_0.FCLK_CLK_0_BUFG/O
                         net (fo=13324, routed)       1.637     2.931    system_i/iq_0/inst/s_axi_aclk
    SLICE_X51Y90         FDRE                                         r  system_i/iq_0/inst/burst_consumer_reg[8]/C
  -------------------------------------------------------------------    -------------------
    SLICE_X51Y90         FDRE (Prop_fdre_C_Q)         0.419     3.350 r  system_i/iq_0/inst/burst_consumer_reg[8]/Q
                         net (fo=5, routed)           0.825     4.175    system_i/iq_0/inst/burst_ring/burst_consumer_reg[31]_i_27_0[8]
    SLICE_X50Y85         LUT2 (Prop_lut2_I1_O)        0.299     4.474 r  system_i/iq_0/inst/burst_ring/dropped[0]_i_36__0/O
                         net (fo=1, routed)           0.000     4.474    system_i/iq_0/inst/burst_ring/dropped[0]_i_36__0_n_0
    SLICE_X50Y85         CARRY4 (Prop_carry4_S[0]_CO[3])
                                                      0.513     4.987 r  system_i/iq_0/inst/burst_ring/dropped_reg[0]_i_13__0/CO[3]
                         net (fo=1, routed)           0.000     4.987    system_i/iq_0/inst/burst_ring/dropped_reg[0]_i_13__0_n_0
    SLICE_X50Y86         CARRY4 (Prop_carry4_CI_CO[3])
                                                      0.117     5.104 r  system_i/iq_0/inst/burst_ring/dropped_reg[0]_i_15__0/CO[3]
                         net (fo=1, routed)           0.000     5.104    system_i/iq_0/inst/burst_ring/dropped_reg[0]_i_15__0_n_0
    SLICE_X50Y87         CARRY4 (Prop_carry4_CI_CO[3])
                                                      0.117     5.221 r  system_i/iq_0/inst/burst_ring/dropped_reg[0]_i_7__0/CO[3]
                         net (fo=1, routed)           0.000     5.221    system_i/iq_0/inst/burst_ring/dropped_reg[0]_i_7__0_n_0
    SLICE_X50Y88         CARRY4 (Prop_carry4_CI_CO[3])
                                                      0.117     5.338 r  system_i/iq_0/inst/burst_ring/dropped_reg[0]_i_8__0/CO[3]
                         net (fo=1, routed)           0.000     5.338    system_i/iq_0/inst/burst_ring/dropped_reg[0]_i_8__0_n_0
    SLICE_X50Y89         CARRY4 (Prop_carry4_CI_CO[3])
                                                      0.117     5.455 r  system_i/iq_0/inst/burst_ring/dropped_reg[0]_i_10__0/CO[3]
                         net (fo=1, routed)           0.000     5.455    system_i/iq_0/inst/burst_ring/dropped_reg[0]_i_10__0_n_0
    SLICE_X50Y90         CARRY4 (Prop_carry4_CI_O[3])
                                                      0.315     5.770 f  system_i/iq_0/inst/burst_ring/dropped_reg[0]_i_11__0/O[3]
                         net (fo=1, routed)           0.974     6.744    system_i/iq_0/inst/burst_ring/dropped_reg[0]_i_11__0_n_4
    SLICE_X47Y87         LUT4 (Prop_lut4_I3_O)        0.307     7.051 f  system_i/iq_0/inst/burst_ring/dropped[0]_i_12__0/O
                         net (fo=1, routed)           0.587     7.637    system_i/iq_0/inst/burst_ring/dropped[0]_i_12__0_n_0
    SLICE_X53Y88         LUT5 (Prop_lut5_I4_O)        0.124     7.761 f  system_i/iq_0/inst/burst_ring/dropped[0]_i_4__0/O
                         net (fo=2, routed)           0.768     8.530    system_i/iq_0/inst/burst_ring/dropped[0]_i_4__0_n_0
    SLICE_X54Y84         LUT5 (Prop_lut5_I2_O)        0.124     8.654 r  system_i/iq_0/inst/burst_ring/word_index[3]_i_3/O
                         net (fo=2, routed)           1.095     9.749    system_i/iq_0/inst/burst_ring/word_index[3]_i_3_n_0
    SLICE_X51Y70         LUT6 (Prop_lut6_I1_O)        0.124     9.873 r  system_i/iq_0/inst/burst_ring/word_index[3]_i_1__0/O
                         net (fo=4, routed)           0.403    10.276    system_i/iq_0/inst/burst_ring/word_index[3]_i_1__0_n_0
    SLICE_X51Y64         FDRE                                         r  system_i/iq_0/inst/burst_ring/word_index_reg[1]/R
  -------------------------------------------------------------------    -------------------

                         (clock clk_fpga_0 rise edge)
                                                      8.000     8.000 r  <hidden>
    PS7_X0Y0             PS7                          0.000     8.000 r  system_i/ps7/inst/PS7_i/FCLKCLK[0]
                         net (fo=1, routed)           1.088     9.088    system_i/ps7/inst/FCLK_CLK_unbuffered[0]
    BUFGCTRL_X0Y16       BUFG (Prop_bufg_I_O)         0.091     9.179 r  system_i/ps7/inst/buffer_fclk_clk_0.FCLK_CLK_0_BUFG/O
                         net (fo=13324, routed)       1.461    10.640    system_i/iq_0/inst/burst_ring/s_axi_aclk
    SLICE_X51Y64         FDRE                                         r  system_i/iq_0/inst/burst_ring/word_index_reg[1]/C
                         clock pessimism              0.229    10.869    <hidden>
                         clock uncertainty           -0.125    10.744    <hidden>
    SLICE_X51Y64         FDRE (Setup_fdre_C_R)       -0.429    10.315    system_i/iq_0/inst/burst_ring/word_index_reg[1]
  -------------------------------------------------------------------
                         required time                         10.315    <hidden>
                         arrival time                         -10.276    <hidden>
  -------------------------------------------------------------------
                         slack                                  0.039    <hidden>

Slack (MET) :             0.039ns  (required time - arrival time)
  Source:                 system_i/iq_0/inst/burst_consumer_reg[8]/C
                            (rising edge-triggered cell FDRE clocked by clk_fpga_0  {rise@0.000ns fall@4.000ns period=8.000ns})
  Destination:            system_i/iq_0/inst/burst_ring/word_index_reg[2]/R
                            (rising edge-triggered cell FDRE clocked by clk_fpga_0  {rise@0.000ns fall@4.000ns period=8.000ns})
  Path Group:             clk_fpga_0
  Path Type:              Setup (Max at Slow Process Corner)
  Requirement:            8.000ns  (clk_fpga_0 rise@8.000ns - clk_fpga_0 rise@0.000ns)
  Data Path Delay:        7.345ns  (logic 2.693ns (36.667%)  route 4.652ns (63.333%))
  Logic Levels:           11  (CARRY4=6 LUT2=1 LUT4=1 LUT5=2 LUT6=1)
  Clock Path Skew:        -0.062ns (DCD - SCD + CPR)
    Destination Clock Delay (DCD):    2.640ns = ( 10.640 - 8.000 ) 
    Source Clock Delay      (SCD):    2.931ns
    Clock Pessimism Removal (CPR):    0.229ns
  Clock Uncertainty:      0.125ns  ((TSJ^2 + TIJ^2)^1/2 + DJ) / 2 + PE
    Total System Jitter     (TSJ):    0.071ns
    Total Input Jitter      (TIJ):    0.240ns
    Discrete Jitter          (DJ):    0.000ns
    Phase Error              (PE):    0.000ns

    Location             Delay type                Incr(ns)  Path(ns)    Netlist Resource(s)
  -------------------------------------------------------------------    -------------------
                         (clock clk_fpga_0 rise edge)
                                                      0.000     0.000 r  <hidden>
    PS7_X0Y0             PS7                          0.000     0.000 r  system_i/ps7/inst/PS7_i/FCLKCLK[0]
                         net (fo=1, routed)           1.193     1.193    system_i/ps7/inst/FCLK_CLK_unbuffered[0]
    BUFGCTRL_X0Y16       BUFG (Prop_bufg_I_O)         0.101     1.294 r  system_i/ps7/inst/buffer_fclk_clk_0.FCLK_CLK_0_BUFG/O
                         net (fo=13324, routed)       1.637     2.931    system_i/iq_0/inst/s_axi_aclk
    SLICE_X51Y90         FDRE                                         r  system_i/iq_0/inst/burst_consumer_reg[8]/C
  -------------------------------------------------------------------    -------------------
    SLICE_X51Y90         FDRE (Prop_fdre_C_Q)         0.419     3.350 r  system_i/iq_0/inst/burst_consumer_reg[8]/Q
                         net (fo=5, routed)           0.825     4.175    system_i/iq_0/inst/burst_ring/burst_consumer_reg[31]_i_27_0[8]
    SLICE_X50Y85         LUT2 (Prop_lut2_I1_O)        0.299     4.474 r  system_i/iq_0/inst/burst_ring/dropped[0]_i_36__0/O
                         net (fo=1, routed)           0.000     4.474    system_i/iq_0/inst/burst_ring/dropped[0]_i_36__0_n_0
    SLICE_X50Y85         CARRY4 (Prop_carry4_S[0]_CO[3])
                                                      0.513     4.987 r  system_i/iq_0/inst/burst_ring/dropped_reg[0]_i_13__0/CO[3]
                         net (fo=1, routed)           0.000     4.987    system_i/iq_0/inst/burst_ring/dropped_reg[0]_i_13__0_n_0
    SLICE_X50Y86         CARRY4 (Prop_carry4_CI_CO[3])
                                                      0.117     5.104 r  system_i/iq_0/inst/burst_ring/dropped_reg[0]_i_15__0/CO[3]
                         net (fo=1, routed)           0.000     5.104    system_i/iq_0/inst/burst_ring/dropped_reg[0]_i_15__0_n_0
    SLICE_X50Y87         CARRY4 (Prop_carry4_CI_CO[3])
                                                      0.117     5.221 r  system_i/iq_0/inst/burst_ring/dropped_reg[0]_i_7__0/CO[3]
                         net (fo=1, routed)           0.000     5.221    system_i/iq_0/inst/burst_ring/dropped_reg[0]_i_7__0_n_0
    SLICE_X50Y88         CARRY4 (Prop_carry4_CI_CO[3])
                                                      0.117     5.338 r  system_i/iq_0/inst/burst_ring/dropped_reg[0]_i_8__0/CO[3]
                         net (fo=1, routed)           0.000     5.338    system_i/iq_0/inst/burst_ring/dropped_reg[0]_i_8__0_n_0
    SLICE_X50Y89         CARRY4 (Prop_carry4_CI_CO[3])
                                                      0.117     5.455 r  system_i/iq_0/inst/burst_ring/dropped_reg[0]_i_10__0/CO[3]
                         net (fo=1, routed)           0.000     5.455    system_i/iq_0/inst/burst_ring/dropped_reg[0]_i_10__0_n_0
    SLICE_X50Y90         CARRY4 (Prop_carry4_CI_O[3])
                                                      0.315     5.770 f  system_i/iq_0/inst/burst_ring/dropped_reg[0]_i_11__0/O[3]
                         net (fo=1, routed)           0.974     6.744    system_i/iq_0/inst/burst_ring/dropped_reg[0]_i_11__0_n_4
    SLICE_X47Y87         LUT4 (Prop_lut4_I3_O)        0.307     7.051 f  system_i/iq_0/inst/burst_ring/dropped[0]_i_12__0/O
                         net (fo=1, routed)           0.587     7.637    system_i/iq_0/inst/burst_ring/dropped[0]_i_12__0_n_0
    SLICE_X53Y88         LUT5 (Prop_lut5_I4_O)        0.124     7.761 f  system_i/iq_0/inst/burst_ring/dropped[0]_i_4__0/O
                         net (fo=2, routed)           0.768     8.530    system_i/iq_0/inst/burst_ring/dropped[0]_i_4__0_n_0
    SLICE_X54Y84         LUT5 (Prop_lut5_I2_O)        0.124     8.654 r  system_i/iq_0/inst/burst_ring/word_index[3]_i_3/O
                         net (fo=2, routed)           1.095     9.749    system_i/iq_0/inst/burst_ring/word_index[3]_i_3_n_0
    SLICE_X51Y70         LUT6 (Prop_lut6_I1_O)        0.124     9.873 r  system_i/iq_0/inst/burst_ring/word_index[3]_i_1__0/O
                         net (fo=4, routed)           0.403    10.276    system_i/iq_0/inst/burst_ring/word_index[3]_i_1__0_n_0
    SLICE_X51Y64         FDRE                                         r  system_i/iq_0/inst/burst_ring/word_index_reg[2]/R
  -------------------------------------------------------------------    -------------------

                         (clock clk_fpga_0 rise edge)
                                                      8.000     8.000 r  <hidden>
    PS7_X0Y0             PS7                          0.000     8.000 r  system_i/ps7/inst/PS7_i/FCLKCLK[0]
                         net (fo=1, routed)           1.088     9.088    system_i/ps7/inst/FCLK_CLK_unbuffered[0]
    BUFGCTRL_X0Y16       BUFG (Prop_bufg_I_O)         0.091     9.179 r  system_i/ps7/inst/buffer_fclk_clk_0.FCLK_CLK_0_BUFG/O
                         net (fo=13324, routed)       1.461    10.640    system_i/iq_0/inst/burst_ring/s_axi_aclk
    SLICE_X51Y64         FDRE                                         r  system_i/iq_0/inst/burst_ring/word_index_reg[2]/C
                         clock pessimism              0.229    10.869    <hidden>
                         clock uncertainty           -0.125    10.744    <hidden>
    SLICE_X51Y64         FDRE (Setup_fdre_C_R)       -0.429    10.315    system_i/iq_0/inst/burst_ring/word_index_reg[2]
  -------------------------------------------------------------------
                         required time                         10.315    <hidden>
                         arrival time                         -10.276    <hidden>
  -------------------------------------------------------------------
                         slack                                  0.039    <hidden>

Slack (MET) :             0.039ns  (required time - arrival time)
  Source:                 system_i/iq_0/inst/burst_consumer_reg[8]/C
                            (rising edge-triggered cell FDRE clocked by clk_fpga_0  {rise@0.000ns fall@4.000ns period=8.000ns})
  Destination:            system_i/iq_0/inst/burst_ring/word_index_reg[3]/R
                            (rising edge-triggered cell FDRE clocked by clk_fpga_0  {rise@0.000ns fall@4.000ns period=8.000ns})
  Path Group:             clk_fpga_0
  Path Type:              Setup (Max at Slow Process Corner)
  Requirement:            8.000ns  (clk_fpga_0 rise@8.000ns - clk_fpga_0 rise@0.000ns)
  Data Path Delay:        7.345ns  (logic 2.693ns (36.667%)  route 4.652ns (63.333%))
  Logic Levels:           11  (CARRY4=6 LUT2=1 LUT4=1 LUT5=2 LUT6=1)
  Clock Path Skew:        -0.062ns (DCD - SCD + CPR)
    Destination Clock Delay (DCD):    2.640ns = ( 10.640 - 8.000 ) 
    Source Clock Delay      (SCD):    2.931ns
    Clock Pessimism Removal (CPR):    0.229ns
  Clock Uncertainty:      0.125ns  ((TSJ^2 + TIJ^2)^1/2 + DJ) / 2 + PE
    Total System Jitter     (TSJ):    0.071ns
    Total Input Jitter      (TIJ):    0.240ns
    Discrete Jitter          (DJ):    0.000ns
    Phase Error              (PE):    0.000ns

    Location             Delay type                Incr(ns)  Path(ns)    Netlist Resource(s)
  -------------------------------------------------------------------    -------------------
                         (clock clk_fpga_0 rise edge)
                                                      0.000     0.000 r  <hidden>
    PS7_X0Y0             PS7                          0.000     0.000 r  system_i/ps7/inst/PS7_i/FCLKCLK[0]
                         net (fo=1, routed)           1.193     1.193    system_i/ps7/inst/FCLK_CLK_unbuffered[0]
    BUFGCTRL_X0Y16       BUFG (Prop_bufg_I_O)         0.101     1.294 r  system_i/ps7/inst/buffer_fclk_clk_0.FCLK_CLK_0_BUFG/O
                         net (fo=13324, routed)       1.637     2.931    system_i/iq_0/inst/s_axi_aclk
    SLICE_X51Y90         FDRE                                         r  system_i/iq_0/inst/burst_consumer_reg[8]/C
  -------------------------------------------------------------------    -------------------
    SLICE_X51Y90         FDRE (Prop_fdre_C_Q)         0.419     3.350 r  system_i/iq_0/inst/burst_consumer_reg[8]/Q
                         net (fo=5, routed)           0.825     4.175    system_i/iq_0/inst/burst_ring/burst_consumer_reg[31]_i_27_0[8]
    SLICE_X50Y85         LUT2 (Prop_lut2_I1_O)        0.299     4.474 r  system_i/iq_0/inst/burst_ring/dropped[0]_i_36__0/O
                         net (fo=1, routed)           0.000     4.474    system_i/iq_0/inst/burst_ring/dropped[0]_i_36__0_n_0
    SLICE_X50Y85         CARRY4 (Prop_carry4_S[0]_CO[3])
                                                      0.513     4.987 r  system_i/iq_0/inst/burst_ring/dropped_reg[0]_i_13__0/CO[3]
                         net (fo=1, routed)           0.000     4.987    system_i/iq_0/inst/burst_ring/dropped_reg[0]_i_13__0_n_0
    SLICE_X50Y86         CARRY4 (Prop_carry4_CI_CO[3])
                                                      0.117     5.104 r  system_i/iq_0/inst/burst_ring/dropped_reg[0]_i_15__0/CO[3]
                         net (fo=1, routed)           0.000     5.104    system_i/iq_0/inst/burst_ring/dropped_reg[0]_i_15__0_n_0
    SLICE_X50Y87         CARRY4 (Prop_carry4_CI_CO[3])
                                                      0.117     5.221 r  system_i/iq_0/inst/burst_ring/dropped_reg[0]_i_7__0/CO[3]
                         net (fo=1, routed)           0.000     5.221    system_i/iq_0/inst/burst_ring/dropped_reg[0]_i_7__0_n_0
    SLICE_X50Y88         CARRY4 (Prop_carry4_CI_CO[3])
                                                      0.117     5.338 r  system_i/iq_0/inst/burst_ring/dropped_reg[0]_i_8__0/CO[3]
                         net (fo=1, routed)           0.000     5.338    system_i/iq_0/inst/burst_ring/dropped_reg[0]_i_8__0_n_0
    SLICE_X50Y89         CARRY4 (Prop_carry4_CI_CO[3])
                                                      0.117     5.455 r  system_i/iq_0/inst/burst_ring/dropped_reg[0]_i_10__0/CO[3]
                         net (fo=1, routed)           0.000     5.455    system_i/iq_0/inst/burst_ring/dropped_reg[0]_i_10__0_n_0
    SLICE_X50Y90         CARRY4 (Prop_carry4_CI_O[3])
                                                      0.315     5.770 f  system_i/iq_0/inst/burst_ring/dropped_reg[0]_i_11__0/O[3]
                         net (fo=1, routed)           0.974     6.744    system_i/iq_0/inst/burst_ring/dropped_reg[0]_i_11__0_n_4
    SLICE_X47Y87         LUT4 (Prop_lut4_I3_O)        0.307     7.051 f  system_i/iq_0/inst/burst_ring/dropped[0]_i_12__0/O
                         net (fo=1, routed)           0.587     7.637    system_i/iq_0/inst/burst_ring/dropped[0]_i_12__0_n_0
    SLICE_X53Y88         LUT5 (Prop_lut5_I4_O)        0.124     7.761 f  system_i/iq_0/inst/burst_ring/dropped[0]_i_4__0/O
                         net (fo=2, routed)           0.768     8.530    system_i/iq_0/inst/burst_ring/dropped[0]_i_4__0_n_0
    SLICE_X54Y84         LUT5 (Prop_lut5_I2_O)        0.124     8.654 r  system_i/iq_0/inst/burst_ring/word_index[3]_i_3/O
                         net (fo=2, routed)           1.095     9.749    system_i/iq_0/inst/burst_ring/word_index[3]_i_3_n_0
    SLICE_X51Y70         LUT6 (Prop_lut6_I1_O)        0.124     9.873 r  system_i/iq_0/inst/burst_ring/word_index[3]_i_1__0/O
                         net (fo=4, routed)           0.403    10.276    system_i/iq_0/inst/burst_ring/word_index[3]_i_1__0_n_0
    SLICE_X51Y64         FDRE                                         r  system_i/iq_0/inst/burst_ring/word_index_reg[3]/R
  -------------------------------------------------------------------    -------------------

                         (clock clk_fpga_0 rise edge)
                                                      8.000     8.000 r  <hidden>
    PS7_X0Y0             PS7                          0.000     8.000 r  system_i/ps7/inst/PS7_i/FCLKCLK[0]
                         net (fo=1, routed)           1.088     9.088    system_i/ps7/inst/FCLK_CLK_unbuffered[0]
    BUFGCTRL_X0Y16       BUFG (Prop_bufg_I_O)         0.091     9.179 r  system_i/ps7/inst/buffer_fclk_clk_0.FCLK_CLK_0_BUFG/O
                         net (fo=13324, routed)       1.461    10.640    system_i/iq_0/inst/burst_ring/s_axi_aclk
    SLICE_X51Y64         FDRE                                         r  system_i/iq_0/inst/burst_ring/word_index_reg[3]/C
                         clock pessimism              0.229    10.869    <hidden>
                         clock uncertainty           -0.125    10.744    <hidden>
    SLICE_X51Y64         FDRE (Setup_fdre_C_R)       -0.429    10.315    system_i/iq_0/inst/burst_ring/word_index_reg[3]
  -------------------------------------------------------------------
                         required time                         10.315    <hidden>
                         arrival time                         -10.276    <hidden>
  -------------------------------------------------------------------
                         slack                                  0.039    <hidden>

Slack (MET) :             0.058ns  (required time - arrival time)
  Source:                 system_i/iq_0/inst/detector_mode_reg[27]/C
                            (rising edge-triggered cell FDRE clocked by clk_fpga_0  {rise@0.000ns fall@4.000ns period=8.000ns})
  Destination:            system_i/iq_0/inst/config_valid_reg/D
                            (rising edge-triggered cell FDRE clocked by clk_fpga_0  {rise@0.000ns fall@4.000ns period=8.000ns})
  Path Group:             clk_fpga_0
  Path Type:              Setup (Max at Slow Process Corner)
  Requirement:            8.000ns  (clk_fpga_0 rise@8.000ns - clk_fpga_0 rise@0.000ns)
  Data Path Delay:        7.792ns  (logic 2.297ns (29.479%)  route 5.495ns (70.521%))
  Logic Levels:           12  (CARRY4=4 LUT4=1 LUT5=2 LUT6=5)
  Clock Path Skew:        -0.054ns (DCD - SCD + CPR)
    Destination Clock Delay (DCD):    2.657ns = ( 10.657 - 8.000 ) 
    Source Clock Delay      (SCD):    2.940ns
    Clock Pessimism Removal (CPR):    0.229ns
  Clock Uncertainty:      0.125ns  ((TSJ^2 + TIJ^2)^1/2 + DJ) / 2 + PE
    Total System Jitter     (TSJ):    0.071ns
    Total Input Jitter      (TIJ):    0.240ns
    Discrete Jitter          (DJ):    0.000ns
    Phase Error              (PE):    0.000ns

    Location             Delay type                Incr(ns)  Path(ns)    Netlist Resource(s)
  -------------------------------------------------------------------    -------------------
                         (clock clk_fpga_0 rise edge)
                                                      0.000     0.000 r  <hidden>
    PS7_X0Y0             PS7                          0.000     0.000 r  system_i/ps7/inst/PS7_i/FCLKCLK[0]
                         net (fo=1, routed)           1.193     1.193    system_i/ps7/inst/FCLK_CLK_unbuffered[0]
    BUFGCTRL_X0Y16       BUFG (Prop_bufg_I_O)         0.101     1.294 r  system_i/ps7/inst/buffer_fclk_clk_0.FCLK_CLK_0_BUFG/O
                         net (fo=13324, routed)       1.646     2.940    system_i/iq_0/inst/s_axi_aclk
    SLICE_X41Y85         FDRE                                         r  system_i/iq_0/inst/detector_mode_reg[27]/C
  -------------------------------------------------------------------    -------------------
    SLICE_X41Y85         FDRE (Prop_fdre_C_Q)         0.456     3.396 f  system_i/iq_0/inst/detector_mode_reg[27]/Q
                         net (fo=2, routed)           0.724     4.120    system_i/iq_0/inst/detector_mode__0[27]
    SLICE_X37Y85         LUT4 (Prop_lut4_I2_O)        0.124     4.244 f  system_i/iq_0/inst/config_valid_i_60/O
                         net (fo=1, routed)           0.303     4.547    system_i/iq_0/inst/config_valid_i_60_n_0
    SLICE_X41Y85         LUT5 (Prop_lut5_I4_O)        0.124     4.671 f  system_i/iq_0/inst/config_valid_i_22/O
                         net (fo=1, routed)           0.848     5.519    system_i/iq_0/inst/config_valid_i_22_n_0
    SLICE_X47Y83         LUT6 (Prop_lut6_I4_O)        0.124     5.643 f  system_i/iq_0/inst/config_valid_i_5/O
                         net (fo=17, routed)          0.656     6.299    system_i/iq_0/inst/config_valid_i_5_n_0
    SLICE_X53Y84         LUT6 (Prop_lut6_I1_O)        0.124     6.423 r  system_i/iq_0/inst/config_valid_i_213/O
                         net (fo=1, routed)           0.513     6.936    system_i/iq_0/inst/config_valid_i_213_n_0
    SLICE_X51Y84         CARRY4 (Prop_carry4_DI[1]_CO[3])
                                                      0.507     7.443 r  system_i/iq_0/inst/config_valid_reg_i_185/CO[3]
                         net (fo=1, routed)           0.000     7.443    system_i/iq_0/inst/config_valid_reg_i_185_n_0
    SLICE_X51Y85         CARRY4 (Prop_carry4_CI_CO[3])
                                                      0.114     7.557 r  system_i/iq_0/inst/config_valid_reg_i_158/CO[3]
                         net (fo=1, routed)           0.000     7.557    system_i/iq_0/inst/config_valid_reg_i_158_n_0
    SLICE_X51Y86         CARRY4 (Prop_carry4_CI_CO[3])
                                                      0.114     7.671 r  system_i/iq_0/inst/config_valid_reg_i_134/CO[3]
                         net (fo=1, routed)           0.000     7.671    system_i/iq_0/inst/config_valid_reg_i_134_n_0
    SLICE_X51Y87         CARRY4 (Prop_carry4_CI_CO[3])
                                                      0.114     7.785 r  system_i/iq_0/inst/config_valid_reg_i_112/CO[3]
                         net (fo=1, routed)           1.090     8.875    system_i/iq_0/inst/config_ok1
    SLICE_X49Y96         LUT6 (Prop_lut6_I2_O)        0.124     8.999 f  system_i/iq_0/inst/config_valid_i_56/O
                         net (fo=1, routed)           0.497     9.496    system_i/iq_0/inst/config_valid_i_56_n_0
    SLICE_X48Y96         LUT6 (Prop_lut6_I5_O)        0.124     9.620 f  system_i/iq_0/inst/config_valid_i_17/O
                         net (fo=1, routed)           0.420    10.040    system_i/iq_0/inst/config_valid_i_17_n_0
    SLICE_X48Y97         LUT5 (Prop_lut5_I4_O)        0.124    10.164 f  system_i/iq_0/inst/config_valid_i_3/O
                         net (fo=1, routed)           0.444    10.608    system_i/iq_0/inst/config_valid_i_3_n_0
    SLICE_X48Y97         LUT6 (Prop_lut6_I1_O)        0.124    10.732 r  system_i/iq_0/inst/config_valid_i_1/O
                         net (fo=1, routed)           0.000    10.732    system_i/iq_0/inst/config_ok
    SLICE_X48Y97         FDRE                                         r  system_i/iq_0/inst/config_valid_reg/D
  -------------------------------------------------------------------    -------------------

                         (clock clk_fpga_0 rise edge)
                                                      8.000     8.000 r  <hidden>
    PS7_X0Y0             PS7                          0.000     8.000 r  system_i/ps7/inst/PS7_i/FCLKCLK[0]
                         net (fo=1, routed)           1.088     9.088    system_i/ps7/inst/FCLK_CLK_unbuffered[0]
    BUFGCTRL_X0Y16       BUFG (Prop_bufg_I_O)         0.091     9.179 r  system_i/ps7/inst/buffer_fclk_clk_0.FCLK_CLK_0_BUFG/O
                         net (fo=13324, routed)       1.478    10.657    system_i/iq_0/inst/s_axi_aclk
    SLICE_X48Y97         FDRE                                         r  system_i/iq_0/inst/config_valid_reg/C
                         clock pessimism              0.229    10.886    <hidden>
                         clock uncertainty           -0.125    10.761    <hidden>
    SLICE_X48Y97         FDRE (Setup_fdre_C_D)        0.029    10.790    system_i/iq_0/inst/config_valid_reg
  -------------------------------------------------------------------
                         required time                         10.790    <hidden>
                         arrival time                         -10.732    <hidden>
  -------------------------------------------------------------------
                         slack                                  0.058    <hidden>

Slack (MET) :             0.079ns  (required time - arrival time)
  Source:                 system_i/iq_0/inst/loader_word_reg[21]/C
                            (rising edge-triggered cell FDRE clocked by clk_fpga_0  {rise@0.000ns fall@4.000ns period=8.000ns})
  Destination:            system_i/iq_0/inst/bank_length0_reg[24]/CE
                            (rising edge-triggered cell FDRE clocked by clk_fpga_0  {rise@0.000ns fall@4.000ns period=8.000ns})
  Path Group:             clk_fpga_0
  Path Type:              Setup (Max at Slow Process Corner)
  Requirement:            8.000ns  (clk_fpga_0 rise@8.000ns - clk_fpga_0 rise@0.000ns)
  Data Path Delay:        7.642ns  (logic 2.387ns (31.235%)  route 5.255ns (68.765%))
  Logic Levels:           11  (CARRY4=2 LUT2=1 LUT4=1 LUT5=4 LUT6=3)
  Clock Path Skew:        0.015ns (DCD - SCD + CPR)
    Destination Clock Delay (DCD):    2.899ns = ( 10.899 - 8.000 ) 
    Source Clock Delay      (SCD):    3.013ns
    Clock Pessimism Removal (CPR):    0.129ns
  Clock Uncertainty:      0.125ns  ((TSJ^2 + TIJ^2)^1/2 + DJ) / 2 + PE
    Total System Jitter     (TSJ):    0.071ns
    Total Input Jitter      (TIJ):    0.240ns
    Discrete Jitter          (DJ):    0.000ns
    Phase Error              (PE):    0.000ns

    Location             Delay type                Incr(ns)  Path(ns)    Netlist Resource(s)
  -------------------------------------------------------------------    -------------------
                         (clock clk_fpga_0 rise edge)
                                                      0.000     0.000 r  <hidden>
    PS7_X0Y0             PS7                          0.000     0.000 r  system_i/ps7/inst/PS7_i/FCLKCLK[0]
                         net (fo=1, routed)           1.193     1.193    system_i/ps7/inst/FCLK_CLK_unbuffered[0]
    BUFGCTRL_X0Y16       BUFG (Prop_bufg_I_O)         0.101     1.294 r  system_i/ps7/inst/buffer_fclk_clk_0.FCLK_CLK_0_BUFG/O
                         net (fo=13324, routed)       1.719     3.013    system_i/iq_0/inst/s_axi_aclk
    SLICE_X81Y90         FDRE                                         r  system_i/iq_0/inst/loader_word_reg[21]/C
  -------------------------------------------------------------------    -------------------
    SLICE_X81Y90         FDRE (Prop_fdre_C_Q)         0.456     3.469 r  system_i/iq_0/inst/loader_word_reg[21]/Q
                         net (fo=1, routed)           0.835     4.304    system_i/iq_0/inst/data7[5]
    SLICE_X82Y90         LUT5 (Prop_lut5_I0_O)        0.124     4.428 r  system_i/iq_0/inst/loader_crc_state[13]_i_3/O
                         net (fo=1, routed)           0.590     5.018    system_i/iq_0/inst/loader_crc_state[13]_i_3_n_0
    SLICE_X82Y91         LUT6 (Prop_lut6_I1_O)        0.124     5.142 r  system_i/iq_0/inst/loader_crc_state[13]_i_2/O
                         net (fo=20, routed)          0.900     6.042    system_i/iq_0/inst/loader_crc_state[13]_i_2_n_0
    SLICE_X85Y92         LUT5 (Prop_lut5_I2_O)        0.124     6.166 r  system_i/iq_0/inst/loader_crc_state[29]_i_2/O
                         net (fo=5, routed)           0.415     6.580    system_i/iq_0/inst/loader_crc_state[29]_i_2_n_0
    SLICE_X85Y92         LUT5 (Prop_lut5_I2_O)        0.124     6.704 r  system_i/iq_0/inst/loader_crc_state[19]_i_2/O
                         net (fo=4, routed)           0.323     7.028    system_i/iq_0/inst/loader_crc_state[19]_i_2_n_0
    SLICE_X84Y94         LUT6 (Prop_lut6_I3_O)        0.124     7.152 r  system_i/iq_0/inst/loader_errors[4]_i_22/O
                         net (fo=1, routed)           0.000     7.152    system_i/iq_0/inst/loader_errors[4]_i_22_n_0
    SLICE_X84Y94         CARRY4 (Prop_carry4_S[2]_CO[3])
                                                      0.398     7.550 r  system_i/iq_0/inst/loader_errors_reg[4]_i_11/CO[3]
                         net (fo=1, routed)           0.000     7.550    system_i/iq_0/inst/loader_errors_reg[4]_i_11_n_0
    SLICE_X84Y95         CARRY4 (Prop_carry4_CI_CO[2])
                                                      0.228     7.778 r  system_i/iq_0/inst/loader_errors_reg[4]_i_5/CO[2]
                         net (fo=1, routed)           0.428     8.206    system_i/iq_0/inst/bank_ready2
    SLICE_X83Y96         LUT4 (Prop_lut4_I2_O)        0.313     8.519 f  system_i/iq_0/inst/loader_errors[4]_i_2/O
                         net (fo=9, routed)           0.376     8.895    system_i/iq_0/inst/loader_errors[4]_i_2_n_0
    SLICE_X82Y98         LUT5 (Prop_lut5_I4_O)        0.124     9.019 r  system_i/iq_0/inst/loader_transfers[0]_i_1/O
                         net (fo=54, routed)          0.446     9.465    system_i/iq_0/inst/loader_transfers[0]_i_1_n_0
    SLICE_X85Y99         LUT2 (Prop_lut2_I0_O)        0.124     9.589 r  system_i/iq_0/inst/bank_length0[31]_i_6/O
                         net (fo=4, routed)           0.463    10.052    system_i/iq_0/inst/bank_length0[31]_i_6_n_0
    SLICE_X85Y102        LUT6 (Prop_lut6_I3_O)        0.124    10.176 r  system_i/iq_0/inst/bank_length0[31]_i_1/O
                         net (fo=8, routed)           0.479    10.655    system_i/iq_0/inst/bank_length0[31]_i_1_n_0
    SLICE_X82Y104        FDRE                                         r  system_i/iq_0/inst/bank_length0_reg[24]/CE
  -------------------------------------------------------------------    -------------------

                         (clock clk_fpga_0 rise edge)
                                                      8.000     8.000 r  <hidden>
    PS7_X0Y0             PS7                          0.000     8.000 r  system_i/ps7/inst/PS7_i/FCLKCLK[0]
                         net (fo=1, routed)           1.088     9.088    system_i/ps7/inst/FCLK_CLK_unbuffered[0]
    BUFGCTRL_X0Y16       BUFG (Prop_bufg_I_O)         0.091     9.179 r  system_i/ps7/inst/buffer_fclk_clk_0.FCLK_CLK_0_BUFG/O
                         net (fo=13324, routed)       1.720    10.899    system_i/iq_0/inst/s_axi_aclk
    SLICE_X82Y104        FDRE                                         r  system_i/iq_0/inst/bank_length0_reg[24]/C
                         clock pessimism              0.129    11.028    <hidden>
                         clock uncertainty           -0.125    10.903    <hidden>
    SLICE_X82Y104        FDRE (Setup_fdre_C_CE)      -0.169    10.734    system_i/iq_0/inst/bank_length0_reg[24]
  -------------------------------------------------------------------
                         required time                         10.734    <hidden>
                         arrival time                         -10.655    <hidden>
  -------------------------------------------------------------------
                         slack                                  0.079    <hidden>

Slack (MET) :             0.079ns  (required time - arrival time)
  Source:                 system_i/iq_0/inst/loader_word_reg[21]/C
                            (rising edge-triggered cell FDRE clocked by clk_fpga_0  {rise@0.000ns fall@4.000ns period=8.000ns})
  Destination:            system_i/iq_0/inst/bank_length0_reg[25]/CE
                            (rising edge-triggered cell FDRE clocked by clk_fpga_0  {rise@0.000ns fall@4.000ns period=8.000ns})
  Path Group:             clk_fpga_0
  Path Type:              Setup (Max at Slow Process Corner)
  Requirement:            8.000ns  (clk_fpga_0 rise@8.000ns - clk_fpga_0 rise@0.000ns)
  Data Path Delay:        7.642ns  (logic 2.387ns (31.235%)  route 5.255ns (68.765%))
  Logic Levels:           11  (CARRY4=2 LUT2=1 LUT4=1 LUT5=4 LUT6=3)
  Clock Path Skew:        0.015ns (DCD - SCD + CPR)
    Destination Clock Delay (DCD):    2.899ns = ( 10.899 - 8.000 ) 
    Source Clock Delay      (SCD):    3.013ns
    Clock Pessimism Removal (CPR):    0.129ns
  Clock Uncertainty:      0.125ns  ((TSJ^2 + TIJ^2)^1/2 + DJ) / 2 + PE
    Total System Jitter     (TSJ):    0.071ns
    Total Input Jitter      (TIJ):    0.240ns
    Discrete Jitter          (DJ):    0.000ns
    Phase Error              (PE):    0.000ns

    Location             Delay type                Incr(ns)  Path(ns)    Netlist Resource(s)
  -------------------------------------------------------------------    -------------------
                         (clock clk_fpga_0 rise edge)
                                                      0.000     0.000 r  <hidden>
    PS7_X0Y0             PS7                          0.000     0.000 r  system_i/ps7/inst/PS7_i/FCLKCLK[0]
                         net (fo=1, routed)           1.193     1.193    system_i/ps7/inst/FCLK_CLK_unbuffered[0]
    BUFGCTRL_X0Y16       BUFG (Prop_bufg_I_O)         0.101     1.294 r  system_i/ps7/inst/buffer_fclk_clk_0.FCLK_CLK_0_BUFG/O
                         net (fo=13324, routed)       1.719     3.013    system_i/iq_0/inst/s_axi_aclk
    SLICE_X81Y90         FDRE                                         r  system_i/iq_0/inst/loader_word_reg[21]/C
  -------------------------------------------------------------------    -------------------
    SLICE_X81Y90         FDRE (Prop_fdre_C_Q)         0.456     3.469 r  system_i/iq_0/inst/loader_word_reg[21]/Q
                         net (fo=1, routed)           0.835     4.304    system_i/iq_0/inst/data7[5]
    SLICE_X82Y90         LUT5 (Prop_lut5_I0_O)        0.124     4.428 r  system_i/iq_0/inst/loader_crc_state[13]_i_3/O
                         net (fo=1, routed)           0.590     5.018    system_i/iq_0/inst/loader_crc_state[13]_i_3_n_0
    SLICE_X82Y91         LUT6 (Prop_lut6_I1_O)        0.124     5.142 r  system_i/iq_0/inst/loader_crc_state[13]_i_2/O
                         net (fo=20, routed)          0.900     6.042    system_i/iq_0/inst/loader_crc_state[13]_i_2_n_0
    SLICE_X85Y92         LUT5 (Prop_lut5_I2_O)        0.124     6.166 r  system_i/iq_0/inst/loader_crc_state[29]_i_2/O
                         net (fo=5, routed)           0.415     6.580    system_i/iq_0/inst/loader_crc_state[29]_i_2_n_0
    SLICE_X85Y92         LUT5 (Prop_lut5_I2_O)        0.124     6.704 r  system_i/iq_0/inst/loader_crc_state[19]_i_2/O
                         net (fo=4, routed)           0.323     7.028    system_i/iq_0/inst/loader_crc_state[19]_i_2_n_0
    SLICE_X84Y94         LUT6 (Prop_lut6_I3_O)        0.124     7.152 r  system_i/iq_0/inst/loader_errors[4]_i_22/O
                         net (fo=1, routed)           0.000     7.152    system_i/iq_0/inst/loader_errors[4]_i_22_n_0
    SLICE_X84Y94         CARRY4 (Prop_carry4_S[2]_CO[3])
                                                      0.398     7.550 r  system_i/iq_0/inst/loader_errors_reg[4]_i_11/CO[3]
                         net (fo=1, routed)           0.000     7.550    system_i/iq_0/inst/loader_errors_reg[4]_i_11_n_0
    SLICE_X84Y95         CARRY4 (Prop_carry4_CI_CO[2])
                                                      0.228     7.778 r  system_i/iq_0/inst/loader_errors_reg[4]_i_5/CO[2]
                         net (fo=1, routed)           0.428     8.206    system_i/iq_0/inst/bank_ready2
    SLICE_X83Y96         LUT4 (Prop_lut4_I2_O)        0.313     8.519 f  system_i/iq_0/inst/loader_errors[4]_i_2/O
                         net (fo=9, routed)           0.376     8.895    system_i/iq_0/inst/loader_errors[4]_i_2_n_0
    SLICE_X82Y98         LUT5 (Prop_lut5_I4_O)        0.124     9.019 r  system_i/iq_0/inst/loader_transfers[0]_i_1/O
                         net (fo=54, routed)          0.446     9.465    system_i/iq_0/inst/loader_transfers[0]_i_1_n_0
    SLICE_X85Y99         LUT2 (Prop_lut2_I0_O)        0.124     9.589 r  system_i/iq_0/inst/bank_length0[31]_i_6/O
                         net (fo=4, routed)           0.463    10.052    system_i/iq_0/inst/bank_length0[31]_i_6_n_0
    SLICE_X85Y102        LUT6 (Prop_lut6_I3_O)        0.124    10.176 r  system_i/iq_0/inst/bank_length0[31]_i_1/O
                         net (fo=8, routed)           0.479    10.655    system_i/iq_0/inst/bank_length0[31]_i_1_n_0
    SLICE_X82Y104        FDRE                                         r  system_i/iq_0/inst/bank_length0_reg[25]/CE
  -------------------------------------------------------------------    -------------------

                         (clock clk_fpga_0 rise edge)
                                                      8.000     8.000 r  <hidden>
    PS7_X0Y0             PS7                          0.000     8.000 r  system_i/ps7/inst/PS7_i/FCLKCLK[0]
                         net (fo=1, routed)           1.088     9.088    system_i/ps7/inst/FCLK_CLK_unbuffered[0]
    BUFGCTRL_X0Y16       BUFG (Prop_bufg_I_O)         0.091     9.179 r  system_i/ps7/inst/buffer_fclk_clk_0.FCLK_CLK_0_BUFG/O
                         net (fo=13324, routed)       1.720    10.899    system_i/iq_0/inst/s_axi_aclk
    SLICE_X82Y104        FDRE                                         r  system_i/iq_0/inst/bank_length0_reg[25]/C
                         clock pessimism              0.129    11.028    <hidden>
                         clock uncertainty           -0.125    10.903    <hidden>
    SLICE_X82Y104        FDRE (Setup_fdre_C_CE)      -0.169    10.734    system_i/iq_0/inst/bank_length0_reg[25]
  -------------------------------------------------------------------
                         required time                         10.734    <hidden>
                         arrival time                         -10.655    <hidden>
  -------------------------------------------------------------------
                         slack                                  0.079    <hidden>

Slack (MET) :             0.079ns  (required time - arrival time)
  Source:                 system_i/iq_0/inst/loader_word_reg[21]/C
                            (rising edge-triggered cell FDRE clocked by clk_fpga_0  {rise@0.000ns fall@4.000ns period=8.000ns})
  Destination:            system_i/iq_0/inst/bank_length0_reg[27]/CE
                            (rising edge-triggered cell FDRE clocked by clk_fpga_0  {rise@0.000ns fall@4.000ns period=8.000ns})
  Path Group:             clk_fpga_0
  Path Type:              Setup (Max at Slow Process Corner)
  Requirement:            8.000ns  (clk_fpga_0 rise@8.000ns - clk_fpga_0 rise@0.000ns)
  Data Path Delay:        7.642ns  (logic 2.387ns (31.235%)  route 5.255ns (68.765%))
  Logic Levels:           11  (CARRY4=2 LUT2=1 LUT4=1 LUT5=4 LUT6=3)
  Clock Path Skew:        0.015ns (DCD - SCD + CPR)
    Destination Clock Delay (DCD):    2.899ns = ( 10.899 - 8.000 ) 
    Source Clock Delay      (SCD):    3.013ns
    Clock Pessimism Removal (CPR):    0.129ns
  Clock Uncertainty:      0.125ns  ((TSJ^2 + TIJ^2)^1/2 + DJ) / 2 + PE
    Total System Jitter     (TSJ):    0.071ns
    Total Input Jitter      (TIJ):    0.240ns
    Discrete Jitter          (DJ):    0.000ns
    Phase Error              (PE):    0.000ns

    Location             Delay type                Incr(ns)  Path(ns)    Netlist Resource(s)
  -------------------------------------------------------------------    -------------------
                         (clock clk_fpga_0 rise edge)
                                                      0.000     0.000 r  <hidden>
    PS7_X0Y0             PS7                          0.000     0.000 r  system_i/ps7/inst/PS7_i/FCLKCLK[0]
                         net (fo=1, routed)           1.193     1.193    system_i/ps7/inst/FCLK_CLK_unbuffered[0]
    BUFGCTRL_X0Y16       BUFG (Prop_bufg_I_O)         0.101     1.294 r  system_i/ps7/inst/buffer_fclk_clk_0.FCLK_CLK_0_BUFG/O
                         net (fo=13324, routed)       1.719     3.013    system_i/iq_0/inst/s_axi_aclk
    SLICE_X81Y90         FDRE                                         r  system_i/iq_0/inst/loader_word_reg[21]/C
  -------------------------------------------------------------------    -------------------
    SLICE_X81Y90         FDRE (Prop_fdre_C_Q)         0.456     3.469 r  system_i/iq_0/inst/loader_word_reg[21]/Q
                         net (fo=1, routed)           0.835     4.304    system_i/iq_0/inst/data7[5]
    SLICE_X82Y90         LUT5 (Prop_lut5_I0_O)        0.124     4.428 r  system_i/iq_0/inst/loader_crc_state[13]_i_3/O
                         net (fo=1, routed)           0.590     5.018    system_i/iq_0/inst/loader_crc_state[13]_i_3_n_0
    SLICE_X82Y91         LUT6 (Prop_lut6_I1_O)        0.124     5.142 r  system_i/iq_0/inst/loader_crc_state[13]_i_2/O
                         net (fo=20, routed)          0.900     6.042    system_i/iq_0/inst/loader_crc_state[13]_i_2_n_0
    SLICE_X85Y92         LUT5 (Prop_lut5_I2_O)        0.124     6.166 r  system_i/iq_0/inst/loader_crc_state[29]_i_2/O
                         net (fo=5, routed)           0.415     6.580    system_i/iq_0/inst/loader_crc_state[29]_i_2_n_0
    SLICE_X85Y92         LUT5 (Prop_lut5_I2_O)        0.124     6.704 r  system_i/iq_0/inst/loader_crc_state[19]_i_2/O
                         net (fo=4, routed)           0.323     7.028    system_i/iq_0/inst/loader_crc_state[19]_i_2_n_0
    SLICE_X84Y94         LUT6 (Prop_lut6_I3_O)        0.124     7.152 r  system_i/iq_0/inst/loader_errors[4]_i_22/O
                         net (fo=1, routed)           0.000     7.152    system_i/iq_0/inst/loader_errors[4]_i_22_n_0
    SLICE_X84Y94         CARRY4 (Prop_carry4_S[2]_CO[3])
                                                      0.398     7.550 r  system_i/iq_0/inst/loader_errors_reg[4]_i_11/CO[3]
                         net (fo=1, routed)           0.000     7.550    system_i/iq_0/inst/loader_errors_reg[4]_i_11_n_0
    SLICE_X84Y95         CARRY4 (Prop_carry4_CI_CO[2])
                                                      0.228     7.778 r  system_i/iq_0/inst/loader_errors_reg[4]_i_5/CO[2]
                         net (fo=1, routed)           0.428     8.206    system_i/iq_0/inst/bank_ready2
    SLICE_X83Y96         LUT4 (Prop_lut4_I2_O)        0.313     8.519 f  system_i/iq_0/inst/loader_errors[4]_i_2/O
                         net (fo=9, routed)           0.376     8.895    system_i/iq_0/inst/loader_errors[4]_i_2_n_0
    SLICE_X82Y98         LUT5 (Prop_lut5_I4_O)        0.124     9.019 r  system_i/iq_0/inst/loader_transfers[0]_i_1/O
                         net (fo=54, routed)          0.446     9.465    system_i/iq_0/inst/loader_transfers[0]_i_1_n_0
    SLICE_X85Y99         LUT2 (Prop_lut2_I0_O)        0.124     9.589 r  system_i/iq_0/inst/bank_length0[31]_i_6/O
                         net (fo=4, routed)           0.463    10.052    system_i/iq_0/inst/bank_length0[31]_i_6_n_0
    SLICE_X85Y102        LUT6 (Prop_lut6_I3_O)        0.124    10.176 r  system_i/iq_0/inst/bank_length0[31]_i_1/O
                         net (fo=8, routed)           0.479    10.655    system_i/iq_0/inst/bank_length0[31]_i_1_n_0
    SLICE_X82Y104        FDRE                                         r  system_i/iq_0/inst/bank_length0_reg[27]/CE
  -------------------------------------------------------------------    -------------------

                         (clock clk_fpga_0 rise edge)
                                                      8.000     8.000 r  <hidden>
    PS7_X0Y0             PS7                          0.000     8.000 r  system_i/ps7/inst/PS7_i/FCLKCLK[0]
                         net (fo=1, routed)           1.088     9.088    system_i/ps7/inst/FCLK_CLK_unbuffered[0]
    BUFGCTRL_X0Y16       BUFG (Prop_bufg_I_O)         0.091     9.179 r  system_i/ps7/inst/buffer_fclk_clk_0.FCLK_CLK_0_BUFG/O
                         net (fo=13324, routed)       1.720    10.899    system_i/iq_0/inst/s_axi_aclk
    SLICE_X82Y104        FDRE                                         r  system_i/iq_0/inst/bank_length0_reg[27]/C
                         clock pessimism              0.129    11.028    <hidden>
                         clock uncertainty           -0.125    10.903    <hidden>
    SLICE_X82Y104        FDRE (Setup_fdre_C_CE)      -0.169    10.734    system_i/iq_0/inst/bank_length0_reg[27]
  -------------------------------------------------------------------
                         required time                         10.734    <hidden>
                         arrival time                         -10.655    <hidden>
  -------------------------------------------------------------------
                         slack                                  0.079    <hidden>

Slack (MET) :             0.079ns  (required time - arrival time)
  Source:                 system_i/iq_0/inst/loader_word_reg[21]/C
                            (rising edge-triggered cell FDRE clocked by clk_fpga_0  {rise@0.000ns fall@4.000ns period=8.000ns})
  Destination:            system_i/iq_0/inst/bank_length0_reg[29]/CE
                            (rising edge-triggered cell FDRE clocked by clk_fpga_0  {rise@0.000ns fall@4.000ns period=8.000ns})
  Path Group:             clk_fpga_0
  Path Type:              Setup (Max at Slow Process Corner)
  Requirement:            8.000ns  (clk_fpga_0 rise@8.000ns - clk_fpga_0 rise@0.000ns)
  Data Path Delay:        7.642ns  (logic 2.387ns (31.235%)  route 5.255ns (68.765%))
  Logic Levels:           11  (CARRY4=2 LUT2=1 LUT4=1 LUT5=4 LUT6=3)
  Clock Path Skew:        0.015ns (DCD - SCD + CPR)
    Destination Clock Delay (DCD):    2.899ns = ( 10.899 - 8.000 ) 
    Source Clock Delay      (SCD):    3.013ns
    Clock Pessimism Removal (CPR):    0.129ns
  Clock Uncertainty:      0.125ns  ((TSJ^2 + TIJ^2)^1/2 + DJ) / 2 + PE
    Total System Jitter     (TSJ):    0.071ns
    Total Input Jitter      (TIJ):    0.240ns
    Discrete Jitter          (DJ):    0.000ns
    Phase Error              (PE):    0.000ns

    Location             Delay type                Incr(ns)  Path(ns)    Netlist Resource(s)
  -------------------------------------------------------------------    -------------------
                         (clock clk_fpga_0 rise edge)
                                                      0.000     0.000 r  <hidden>
    PS7_X0Y0             PS7                          0.000     0.000 r  system_i/ps7/inst/PS7_i/FCLKCLK[0]
                         net (fo=1, routed)           1.193     1.193    system_i/ps7/inst/FCLK_CLK_unbuffered[0]
    BUFGCTRL_X0Y16       BUFG (Prop_bufg_I_O)         0.101     1.294 r  system_i/ps7/inst/buffer_fclk_clk_0.FCLK_CLK_0_BUFG/O
                         net (fo=13324, routed)       1.719     3.013    system_i/iq_0/inst/s_axi_aclk
    SLICE_X81Y90         FDRE                                         r  system_i/iq_0/inst/loader_word_reg[21]/C
  -------------------------------------------------------------------    -------------------
    SLICE_X81Y90         FDRE (Prop_fdre_C_Q)         0.456     3.469 r  system_i/iq_0/inst/loader_word_reg[21]/Q
                         net (fo=1, routed)           0.835     4.304    system_i/iq_0/inst/data7[5]
    SLICE_X82Y90         LUT5 (Prop_lut5_I0_O)        0.124     4.428 r  system_i/iq_0/inst/loader_crc_state[13]_i_3/O
                         net (fo=1, routed)           0.590     5.018    system_i/iq_0/inst/loader_crc_state[13]_i_3_n_0
    SLICE_X82Y91         LUT6 (Prop_lut6_I1_O)        0.124     5.142 r  system_i/iq_0/inst/loader_crc_state[13]_i_2/O
                         net (fo=20, routed)          0.900     6.042    system_i/iq_0/inst/loader_crc_state[13]_i_2_n_0
    SLICE_X85Y92         LUT5 (Prop_lut5_I2_O)        0.124     6.166 r  system_i/iq_0/inst/loader_crc_state[29]_i_2/O
                         net (fo=5, routed)           0.415     6.580    system_i/iq_0/inst/loader_crc_state[29]_i_2_n_0
    SLICE_X85Y92         LUT5 (Prop_lut5_I2_O)        0.124     6.704 r  system_i/iq_0/inst/loader_crc_state[19]_i_2/O
                         net (fo=4, routed)           0.323     7.028    system_i/iq_0/inst/loader_crc_state[19]_i_2_n_0
    SLICE_X84Y94         LUT6 (Prop_lut6_I3_O)        0.124     7.152 r  system_i/iq_0/inst/loader_errors[4]_i_22/O
                         net (fo=1, routed)           0.000     7.152    system_i/iq_0/inst/loader_errors[4]_i_22_n_0
    SLICE_X84Y94         CARRY4 (Prop_carry4_S[2]_CO[3])
                                                      0.398     7.550 r  system_i/iq_0/inst/loader_errors_reg[4]_i_11/CO[3]
                         net (fo=1, routed)           0.000     7.550    system_i/iq_0/inst/loader_errors_reg[4]_i_11_n_0
    SLICE_X84Y95         CARRY4 (Prop_carry4_CI_CO[2])
                                                      0.228     7.778 r  system_i/iq_0/inst/loader_errors_reg[4]_i_5/CO[2]
                         net (fo=1, routed)           0.428     8.206    system_i/iq_0/inst/bank_ready2
    SLICE_X83Y96         LUT4 (Prop_lut4_I2_O)        0.313     8.519 f  system_i/iq_0/inst/loader_errors[4]_i_2/O
                         net (fo=9, routed)           0.376     8.895    system_i/iq_0/inst/loader_errors[4]_i_2_n_0
    SLICE_X82Y98         LUT5 (Prop_lut5_I4_O)        0.124     9.019 r  system_i/iq_0/inst/loader_transfers[0]_i_1/O
                         net (fo=54, routed)          0.446     9.465    system_i/iq_0/inst/loader_transfers[0]_i_1_n_0
    SLICE_X85Y99         LUT2 (Prop_lut2_I0_O)        0.124     9.589 r  system_i/iq_0/inst/bank_length0[31]_i_6/O
                         net (fo=4, routed)           0.463    10.052    system_i/iq_0/inst/bank_length0[31]_i_6_n_0
    SLICE_X85Y102        LUT6 (Prop_lut6_I3_O)        0.124    10.176 r  system_i/iq_0/inst/bank_length0[31]_i_1/O
                         net (fo=8, routed)           0.479    10.655    system_i/iq_0/inst/bank_length0[31]_i_1_n_0
    SLICE_X82Y104        FDRE                                         r  system_i/iq_0/inst/bank_length0_reg[29]/CE
  -------------------------------------------------------------------    -------------------

                         (clock clk_fpga_0 rise edge)
                                                      8.000     8.000 r  <hidden>
    PS7_X0Y0             PS7                          0.000     8.000 r  system_i/ps7/inst/PS7_i/FCLKCLK[0]
                         net (fo=1, routed)           1.088     9.088    system_i/ps7/inst/FCLK_CLK_unbuffered[0]
    BUFGCTRL_X0Y16       BUFG (Prop_bufg_I_O)         0.091     9.179 r  system_i/ps7/inst/buffer_fclk_clk_0.FCLK_CLK_0_BUFG/O
                         net (fo=13324, routed)       1.720    10.899    system_i/iq_0/inst/s_axi_aclk
    SLICE_X82Y104        FDRE                                         r  system_i/iq_0/inst/bank_length0_reg[29]/C
                         clock pessimism              0.129    11.028    <hidden>
                         clock uncertainty           -0.125    10.903    <hidden>
    SLICE_X82Y104        FDRE (Setup_fdre_C_CE)      -0.169    10.734    system_i/iq_0/inst/bank_length0_reg[29]
  -------------------------------------------------------------------
                         required time                         10.734    <hidden>
                         arrival time                         -10.655    <hidden>
  -------------------------------------------------------------------
                         slack                                  0.079    <hidden>

Slack (MET) :             0.106ns  (required time - arrival time)
  Source:                 system_i/iq_0/inst/freq_consumer_reg[5]/C
                            (rising edge-triggered cell FDRE clocked by clk_fpga_0  {rise@0.000ns fall@4.000ns period=8.000ns})
  Destination:            system_i/iq_0/inst/freq_consumer_reg[2]/CE
                            (rising edge-triggered cell FDRE clocked by clk_fpga_0  {rise@0.000ns fall@4.000ns period=8.000ns})
  Path Group:             clk_fpga_0
  Path Type:              Setup (Max at Slow Process Corner)
  Requirement:            8.000ns  (clk_fpga_0 rise@8.000ns - clk_fpga_0 rise@0.000ns)
  Data Path Delay:        7.503ns  (logic 3.243ns (43.223%)  route 4.260ns (56.777%))
  Logic Levels:           12  (CARRY4=7 LUT2=1 LUT4=2 LUT5=2)
  Clock Path Skew:        -0.061ns (DCD - SCD + CPR)
    Destination Clock Delay (DCD):    2.651ns = ( 10.651 - 8.000 ) 
    Source Clock Delay      (SCD):    2.941ns
    Clock Pessimism Removal (CPR):    0.229ns
  Clock Uncertainty:      0.125ns  ((TSJ^2 + TIJ^2)^1/2 + DJ) / 2 + PE
    Total System Jitter     (TSJ):    0.071ns
    Total Input Jitter      (TIJ):    0.240ns
    Discrete Jitter          (DJ):    0.000ns
    Phase Error              (PE):    0.000ns

    Location             Delay type                Incr(ns)  Path(ns)    Netlist Resource(s)
  -------------------------------------------------------------------    -------------------
                         (clock clk_fpga_0 rise edge)
                                                      0.000     0.000 r  <hidden>
    PS7_X0Y0             PS7                          0.000     0.000 r  system_i/ps7/inst/PS7_i/FCLKCLK[0]
                         net (fo=1, routed)           1.193     1.193    system_i/ps7/inst/FCLK_CLK_unbuffered[0]
    BUFGCTRL_X0Y16       BUFG (Prop_bufg_I_O)         0.101     1.294 r  system_i/ps7/inst/buffer_fclk_clk_0.FCLK_CLK_0_BUFG/O
                         net (fo=13324, routed)       1.647     2.941    system_i/iq_0/inst/s_axi_aclk
    SLICE_X44Y87         FDRE                                         r  system_i/iq_0/inst/freq_consumer_reg[5]/C
  -------------------------------------------------------------------    -------------------
    SLICE_X44Y87         FDRE (Prop_fdre_C_Q)         0.419     3.360 r  system_i/iq_0/inst/freq_consumer_reg[5]/Q
                         net (fo=5, routed)           0.768     4.128    system_i/iq_0/inst/freq_ring/dropped_reg[0]_i_11_0[5]
    SLICE_X44Y90         LUT2 (Prop_lut2_I1_O)        0.296     4.424 r  system_i/iq_0/inst/freq_ring/freq_consumer[31]_i_77/O
                         net (fo=1, routed)           0.000     4.424    system_i/iq_0/inst/freq_ring/freq_consumer[31]_i_77_n_0
    SLICE_X44Y90         CARRY4 (Prop_carry4_S[1]_CO[3])
                                                      0.550     4.974 r  system_i/iq_0/inst/freq_ring/freq_consumer_reg[31]_i_65/CO[3]
                         net (fo=1, routed)           0.000     4.974    system_i/iq_0/inst/freq_ring/freq_consumer_reg[31]_i_65_n_0
    SLICE_X44Y91         CARRY4 (Prop_carry4_CI_CO[3])
                                                      0.114     5.088 r  system_i/iq_0/inst/freq_ring/freq_consumer_reg[31]_i_56/CO[3]
                         net (fo=1, routed)           0.000     5.088    system_i/iq_0/inst/freq_ring/freq_consumer_reg[31]_i_56_n_0
    SLICE_X44Y92         CARRY4 (Prop_carry4_CI_CO[3])
                                                      0.114     5.202 r  system_i/iq_0/inst/freq_ring/freq_consumer_reg[31]_i_55/CO[3]
                         net (fo=1, routed)           0.000     5.202    system_i/iq_0/inst/freq_ring/freq_consumer_reg[31]_i_55_n_0
    SLICE_X44Y93         CARRY4 (Prop_carry4_CI_CO[3])
                                                      0.114     5.316 r  system_i/iq_0/inst/freq_ring/freq_consumer_reg[31]_i_38/CO[3]
                         net (fo=1, routed)           0.000     5.316    system_i/iq_0/inst/freq_ring/freq_consumer_reg[31]_i_38_n_0
    SLICE_X44Y94         CARRY4 (Prop_carry4_CI_CO[3])
                                                      0.114     5.430 r  system_i/iq_0/inst/freq_ring/freq_consumer_reg[31]_i_37/CO[3]
                         net (fo=1, routed)           0.000     5.430    system_i/iq_0/inst/freq_ring/freq_consumer_reg[31]_i_37_n_0
    SLICE_X44Y95         CARRY4 (Prop_carry4_CI_O[1])
                                                      0.334     5.764 r  system_i/iq_0/inst/freq_ring/freq_consumer_reg[31]_i_27/O[1]
                         net (fo=2, routed)           1.008     6.772    system_i/iq_0/inst/freq_ring/s_axi_bresp35_out[25]
    SLICE_X42Y95         LUT4 (Prop_lut4_I0_O)        0.303     7.075 r  system_i/iq_0/inst/freq_ring/freq_consumer[31]_i_16/O
                         net (fo=1, routed)           0.000     7.075    system_i/iq_0/inst/freq_ring/freq_consumer[31]_i_16_n_0
    SLICE_X42Y95         CARRY4 (Prop_carry4_S[0]_CO[3])
                                                      0.513     7.588 r  system_i/iq_0/inst/freq_ring/freq_consumer_reg[31]_i_6/CO[3]
                         net (fo=1, routed)           0.778     8.365    system_i/iq_0/inst/freq_ring/s_axi_bresp2129_in
    SLICE_X48Y95         LUT5 (Prop_lut5_I4_O)        0.124     8.489 f  system_i/iq_0/inst/freq_ring/freq_consumer[31]_i_4/O
                         net (fo=2, routed)           0.507     8.996    system_i/iq_0/inst/freq_ring/freq_consumer[31]_i_4_n_0
    SLICE_X49Y95         LUT5 (Prop_lut5_I0_O)        0.124     9.120 r  system_i/iq_0/inst/freq_ring/freq_consumer[31]_i_3/O
                         net (fo=33, routed)          0.483     9.604    system_i/iq_0/inst/freq_ring/freq_consumer[31]_i_3_n_0
    SLICE_X49Y94         LUT4 (Prop_lut4_I0_O)        0.124     9.728 r  system_i/iq_0/inst/freq_ring/freq_consumer[31]_i_1/O
                         net (fo=32, routed)          0.716    10.444    system_i/iq_0/inst/freq_ring_n_191
    SLICE_X48Y85         FDRE                                         r  system_i/iq_0/inst/freq_consumer_reg[2]/CE
  -------------------------------------------------------------------    -------------------

                         (clock clk_fpga_0 rise edge)
                                                      8.000     8.000 r  <hidden>
    PS7_X0Y0             PS7                          0.000     8.000 r  system_i/ps7/inst/PS7_i/FCLKCLK[0]
                         net (fo=1, routed)           1.088     9.088    system_i/ps7/inst/FCLK_CLK_unbuffered[0]
    BUFGCTRL_X0Y16       BUFG (Prop_bufg_I_O)         0.091     9.179 r  system_i/ps7/inst/buffer_fclk_clk_0.FCLK_CLK_0_BUFG/O
                         net (fo=13324, routed)       1.472    10.651    system_i/iq_0/inst/s_axi_aclk
    SLICE_X48Y85         FDRE                                         r  system_i/iq_0/inst/freq_consumer_reg[2]/C
                         clock pessimism              0.229    10.880    <hidden>
                         clock uncertainty           -0.125    10.755    <hidden>
    SLICE_X48Y85         FDRE (Setup_fdre_C_CE)      -0.205    10.550    system_i/iq_0/inst/freq_consumer_reg[2]
  -------------------------------------------------------------------
                         required time                         10.550    <hidden>
                         arrival time                         -10.444    <hidden>
  -------------------------------------------------------------------
                         slack                                  0.106    <hidden>

Slack (MET) :             0.106ns  (required time - arrival time)
  Source:                 system_i/iq_0/inst/freq_consumer_reg[5]/C
                            (rising edge-triggered cell FDRE clocked by clk_fpga_0  {rise@0.000ns fall@4.000ns period=8.000ns})
  Destination:            system_i/iq_0/inst/freq_consumer_reg[3]/CE
                            (rising edge-triggered cell FDRE clocked by clk_fpga_0  {rise@0.000ns fall@4.000ns period=8.000ns})
  Path Group:             clk_fpga_0
  Path Type:              Setup (Max at Slow Process Corner)
  Requirement:            8.000ns  (clk_fpga_0 rise@8.000ns - clk_fpga_0 rise@0.000ns)
  Data Path Delay:        7.503ns  (logic 3.243ns (43.223%)  route 4.260ns (56.777%))
  Logic Levels:           12  (CARRY4=7 LUT2=1 LUT4=2 LUT5=2)
  Clock Path Skew:        -0.061ns (DCD - SCD + CPR)
    Destination Clock Delay (DCD):    2.651ns = ( 10.651 - 8.000 ) 
    Source Clock Delay      (SCD):    2.941ns
    Clock Pessimism Removal (CPR):    0.229ns
  Clock Uncertainty:      0.125ns  ((TSJ^2 + TIJ^2)^1/2 + DJ) / 2 + PE
    Total System Jitter     (TSJ):    0.071ns
    Total Input Jitter      (TIJ):    0.240ns
    Discrete Jitter          (DJ):    0.000ns
    Phase Error              (PE):    0.000ns

    Location             Delay type                Incr(ns)  Path(ns)    Netlist Resource(s)
  -------------------------------------------------------------------    -------------------
                         (clock clk_fpga_0 rise edge)
                                                      0.000     0.000 r  <hidden>
    PS7_X0Y0             PS7                          0.000     0.000 r  system_i/ps7/inst/PS7_i/FCLKCLK[0]
                         net (fo=1, routed)           1.193     1.193    system_i/ps7/inst/FCLK_CLK_unbuffered[0]
    BUFGCTRL_X0Y16       BUFG (Prop_bufg_I_O)         0.101     1.294 r  system_i/ps7/inst/buffer_fclk_clk_0.FCLK_CLK_0_BUFG/O
                         net (fo=13324, routed)       1.647     2.941    system_i/iq_0/inst/s_axi_aclk
    SLICE_X44Y87         FDRE                                         r  system_i/iq_0/inst/freq_consumer_reg[5]/C
  -------------------------------------------------------------------    -------------------
    SLICE_X44Y87         FDRE (Prop_fdre_C_Q)         0.419     3.360 r  system_i/iq_0/inst/freq_consumer_reg[5]/Q
                         net (fo=5, routed)           0.768     4.128    system_i/iq_0/inst/freq_ring/dropped_reg[0]_i_11_0[5]
    SLICE_X44Y90         LUT2 (Prop_lut2_I1_O)        0.296     4.424 r  system_i/iq_0/inst/freq_ring/freq_consumer[31]_i_77/O
                         net (fo=1, routed)           0.000     4.424    system_i/iq_0/inst/freq_ring/freq_consumer[31]_i_77_n_0
    SLICE_X44Y90         CARRY4 (Prop_carry4_S[1]_CO[3])
                                                      0.550     4.974 r  system_i/iq_0/inst/freq_ring/freq_consumer_reg[31]_i_65/CO[3]
                         net (fo=1, routed)           0.000     4.974    system_i/iq_0/inst/freq_ring/freq_consumer_reg[31]_i_65_n_0
    SLICE_X44Y91         CARRY4 (Prop_carry4_CI_CO[3])
                                                      0.114     5.088 r  system_i/iq_0/inst/freq_ring/freq_consumer_reg[31]_i_56/CO[3]
                         net (fo=1, routed)           0.000     5.088    system_i/iq_0/inst/freq_ring/freq_consumer_reg[31]_i_56_n_0
    SLICE_X44Y92         CARRY4 (Prop_carry4_CI_CO[3])
                                                      0.114     5.202 r  system_i/iq_0/inst/freq_ring/freq_consumer_reg[31]_i_55/CO[3]
                         net (fo=1, routed)           0.000     5.202    system_i/iq_0/inst/freq_ring/freq_consumer_reg[31]_i_55_n_0
    SLICE_X44Y93         CARRY4 (Prop_carry4_CI_CO[3])
                                                      0.114     5.316 r  system_i/iq_0/inst/freq_ring/freq_consumer_reg[31]_i_38/CO[3]
                         net (fo=1, routed)           0.000     5.316    system_i/iq_0/inst/freq_ring/freq_consumer_reg[31]_i_38_n_0
    SLICE_X44Y94         CARRY4 (Prop_carry4_CI_CO[3])
                                                      0.114     5.430 r  system_i/iq_0/inst/freq_ring/freq_consumer_reg[31]_i_37/CO[3]
                         net (fo=1, routed)           0.000     5.430    system_i/iq_0/inst/freq_ring/freq_consumer_reg[31]_i_37_n_0
    SLICE_X44Y95         CARRY4 (Prop_carry4_CI_O[1])
                                                      0.334     5.764 r  system_i/iq_0/inst/freq_ring/freq_consumer_reg[31]_i_27/O[1]
                         net (fo=2, routed)           1.008     6.772    system_i/iq_0/inst/freq_ring/s_axi_bresp35_out[25]
    SLICE_X42Y95         LUT4 (Prop_lut4_I0_O)        0.303     7.075 r  system_i/iq_0/inst/freq_ring/freq_consumer[31]_i_16/O
                         net (fo=1, routed)           0.000     7.075    system_i/iq_0/inst/freq_ring/freq_consumer[31]_i_16_n_0
    SLICE_X42Y95         CARRY4 (Prop_carry4_S[0]_CO[3])
                                                      0.513     7.588 r  system_i/iq_0/inst/freq_ring/freq_consumer_reg[31]_i_6/CO[3]
                         net (fo=1, routed)           0.778     8.365    system_i/iq_0/inst/freq_ring/s_axi_bresp2129_in
    SLICE_X48Y95         LUT5 (Prop_lut5_I4_O)        0.124     8.489 f  system_i/iq_0/inst/freq_ring/freq_consumer[31]_i_4/O
                         net (fo=2, routed)           0.507     8.996    system_i/iq_0/inst/freq_ring/freq_consumer[31]_i_4_n_0
    SLICE_X49Y95         LUT5 (Prop_lut5_I0_O)        0.124     9.120 r  system_i/iq_0/inst/freq_ring/freq_consumer[31]_i_3/O
                         net (fo=33, routed)          0.483     9.604    system_i/iq_0/inst/freq_ring/freq_consumer[31]_i_3_n_0
    SLICE_X49Y94         LUT4 (Prop_lut4_I0_O)        0.124     9.728 r  system_i/iq_0/inst/freq_ring/freq_consumer[31]_i_1/O
                         net (fo=32, routed)          0.716    10.444    system_i/iq_0/inst/freq_ring_n_191
    SLICE_X48Y85         FDRE                                         r  system_i/iq_0/inst/freq_consumer_reg[3]/CE
  -------------------------------------------------------------------    -------------------

                         (clock clk_fpga_0 rise edge)
                                                      8.000     8.000 r  <hidden>
    PS7_X0Y0             PS7                          0.000     8.000 r  system_i/ps7/inst/PS7_i/FCLKCLK[0]
                         net (fo=1, routed)           1.088     9.088    system_i/ps7/inst/FCLK_CLK_unbuffered[0]
    BUFGCTRL_X0Y16       BUFG (Prop_bufg_I_O)         0.091     9.179 r  system_i/ps7/inst/buffer_fclk_clk_0.FCLK_CLK_0_BUFG/O
                         net (fo=13324, routed)       1.472    10.651    system_i/iq_0/inst/s_axi_aclk
    SLICE_X48Y85         FDRE                                         r  system_i/iq_0/inst/freq_consumer_reg[3]/C
                         clock pessimism              0.229    10.880    <hidden>
                         clock uncertainty           -0.125    10.755    <hidden>
    SLICE_X48Y85         FDRE (Setup_fdre_C_CE)      -0.205    10.550    system_i/iq_0/inst/freq_consumer_reg[3]
  -------------------------------------------------------------------
                         required time                         10.550    <hidden>
                         arrival time                         -10.444    <hidden>
  -------------------------------------------------------------------
                         slack                                  0.106    <hidden>




