Copyright 1986-2022 Xilinx, Inc. All Rights Reserved. Copyright 2022-2026 Advanced Micro Devices, Inc. All Rights Reserved.
------------------------------------------------------------------------------------------------------------------------------------------------------------------------------------
| Tool Version : Vivado v.2026.1 (win64) Build 6511674 Tue Jun 16 11:02:23 MDT 2026
| Date         : Fri Oct  9 15:05:36 2026
| Host         : LAPTOP-ATE8I1GS running 64-bit major release  (build 9200)
| Command      : report_timing -through [get_cells -hier -filter {NAME =~ *axi_dma_0*}] -max_paths 30 -file D:/fft/fft_phase10_resource_opt/build/diagnostics/phase10_dma_paths.rpt
| Design       : system_wrapper
| Device       : 7z020-clg400
| Speed File   : -1  PRODUCTION 1.12 2019-11-22
| Design State : Physopt postRoute
------------------------------------------------------------------------------------------------------------------------------------------------------------------------------------

Timing Report

Slack (MET) :             0.401ns  (required time - arrival time)
  Source:                 system_i/iq_0/inst/loader_crc_byte_reg[1]/C
                            (rising edge-triggered cell FDRE clocked by clk_fpga_0  {rise@0.000ns fall@4.000ns period=8.000ns})
  Destination:            system_i/axi_dma_0/U0/I_PRMRY_DATAMOVER/GEN_MM2S_FULL.I_MM2S_FULL_WRAPPER/ENABLE_AXIS_SKID.I_MM2S_SKID_BUF/sig_m_valid_out_reg/D
                            (rising edge-triggered cell FDRE clocked by clk_fpga_0  {rise@0.000ns fall@4.000ns period=8.000ns})
  Path Group:             clk_fpga_0
  Path Type:              Setup (Max at Slow Process Corner)
  Requirement:            8.000ns  (clk_fpga_0 rise@8.000ns - clk_fpga_0 rise@0.000ns)
  Data Path Delay:        7.367ns  (logic 0.828ns (11.239%)  route 6.539ns (88.761%))
  Logic Levels:           3  (LUT4=1 LUT6=2)
  Clock Path Skew:        -0.026ns (DCD - SCD + CPR)
    Destination Clock Delay (DCD):    2.720ns = ( 10.720 - 8.000 ) 
    Source Clock Delay      (SCD):    3.011ns
    Clock Pessimism Removal (CPR):    0.265ns
  Clock Uncertainty:      0.125ns  ((TSJ^2 + TIJ^2)^1/2 + DJ) / 2 + PE
    Total System Jitter     (TSJ):    0.071ns
    Total Input Jitter      (TIJ):    0.240ns
    Discrete Jitter          (DJ):    0.000ns
    Phase Error              (PE):    0.000ns

    Location             Delay type                Incr(ns)  Path(ns)    Netlist Resource(s)
  -------------------------------------------------------------------    -------------------
                         (clock clk_fpga_0 rise edge)
                                                      0.000     0.000 r  <hidden>
    PS7_X0Y0             PS7                          0.000     0.000 r  system_i/ps7/inst/PS7_i/FCLKCLK[0]
                         net (fo=1, routed)           1.193     1.193    system_i/ps7/inst/FCLK_CLK_unbuffered[0]
    BUFGCTRL_X0Y16       BUFG (Prop_bufg_I_O)         0.101     1.294 r  system_i/ps7/inst/buffer_fclk_clk_0.FCLK_CLK_0_BUFG/O
                         net (fo=16057, routed)       1.717     3.011    system_i/iq_0/inst/s_axi_aclk
    SLICE_X84Y87         FDRE                                         r  system_i/iq_0/inst/loader_crc_byte_reg[1]/C
  -------------------------------------------------------------------    -------------------
    SLICE_X84Y87         FDRE (Prop_fdre_C_Q)         0.456     3.467 r  system_i/iq_0/inst/loader_crc_byte_reg[1]/Q
                         net (fo=32, routed)          1.429     4.896    system_i/iq_0/inst/loader_crc_byte_reg_n_0_[1]
    SLICE_X64Y88         LUT4 (Prop_lut4_I1_O)        0.124     5.020 f  system_i/iq_0/inst/s_axis_iq_tready_INST_0/O
                         net (fo=5, routed)           2.289     7.309    system_i/axi_dma_0/U0/I_PRMRY_DATAMOVER/GEN_MM2S_FULL.I_MM2S_FULL_WRAPPER/ENABLE_AXIS_SKID.I_MM2S_SKID_BUF/m_axis_mm2s_tready
    SLICE_X30Y47         LUT6 (Prop_lut6_I2_O)        0.124     7.433 r  system_i/axi_dma_0/U0/I_PRMRY_DATAMOVER/GEN_MM2S_FULL.I_MM2S_FULL_WRAPPER/ENABLE_AXIS_SKID.I_MM2S_SKID_BUF/sig_m_valid_dup_i_2/O
                         net (fo=1, routed)           0.452     7.885    system_i/axi_dma_0/U0/I_PRMRY_DATAMOVER/GEN_MM2S_FULL.I_MM2S_FULL_WRAPPER/ENABLE_AXIS_SKID.I_MM2S_SKID_BUF/sig_m_valid_dup_i_2_n_0
    SLICE_X30Y47         LUT6 (Prop_lut6_I0_O)        0.124     8.009 r  system_i/axi_dma_0/U0/I_PRMRY_DATAMOVER/GEN_MM2S_FULL.I_MM2S_FULL_WRAPPER/ENABLE_AXIS_SKID.I_MM2S_SKID_BUF/sig_m_valid_dup_i_1/O
                         net (fo=2, routed)           2.370    10.378    system_i/axi_dma_0/U0/I_PRMRY_DATAMOVER/GEN_MM2S_FULL.I_MM2S_FULL_WRAPPER/ENABLE_AXIS_SKID.I_MM2S_SKID_BUF/sig_m_valid_dup_i_1_n_0
    SLICE_X84Y86         FDRE                                         r  system_i/axi_dma_0/U0/I_PRMRY_DATAMOVER/GEN_MM2S_FULL.I_MM2S_FULL_WRAPPER/ENABLE_AXIS_SKID.I_MM2S_SKID_BUF/sig_m_valid_out_reg/D
  -------------------------------------------------------------------    -------------------

                         (clock clk_fpga_0 rise edge)
                                                      8.000     8.000 r  <hidden>
    PS7_X0Y0             PS7                          0.000     8.000 r  system_i/ps7/inst/PS7_i/FCLKCLK[0]
                         net (fo=1, routed)           1.088     9.088    system_i/ps7/inst/FCLK_CLK_unbuffered[0]
    BUFGCTRL_X0Y16       BUFG (Prop_bufg_I_O)         0.091     9.179 r  system_i/ps7/inst/buffer_fclk_clk_0.FCLK_CLK_0_BUFG/O
                         net (fo=16057, routed)       1.541    10.720    system_i/axi_dma_0/U0/I_PRMRY_DATAMOVER/GEN_MM2S_FULL.I_MM2S_FULL_WRAPPER/ENABLE_AXIS_SKID.I_MM2S_SKID_BUF/m_axi_mm2s_aclk
    SLICE_X84Y86         FDRE                                         r  system_i/axi_dma_0/U0/I_PRMRY_DATAMOVER/GEN_MM2S_FULL.I_MM2S_FULL_WRAPPER/ENABLE_AXIS_SKID.I_MM2S_SKID_BUF/sig_m_valid_out_reg/C
                         clock pessimism              0.265    10.985    <hidden>
                         clock uncertainty           -0.125    10.860    <hidden>
    SLICE_X84Y86         FDRE (Setup_fdre_C_D)       -0.081    10.779    system_i/axi_dma_0/U0/I_PRMRY_DATAMOVER/GEN_MM2S_FULL.I_MM2S_FULL_WRAPPER/ENABLE_AXIS_SKID.I_MM2S_SKID_BUF/sig_m_valid_out_reg
  -------------------------------------------------------------------
                         required time                         10.779    <hidden>
                         arrival time                         -10.378    <hidden>
  -------------------------------------------------------------------
                         slack                                  0.401    <hidden>

Slack (MET) :             0.802ns  (required time - arrival time)
  Source:                 system_i/axi_dma_0/U0/I_PRMRY_DATAMOVER/GEN_MM2S_FULL.I_MM2S_FULL_WRAPPER/GEN_INCLUDE_MM2S_SF.I_RD_SF/I_DATA_FIFO/BLK_MEM.I_SYNC_FIFOGEN_FIFO/xpm_fifo_base_inst/gen_fwft.empty_fwft_i_reg/C
                            (rising edge-triggered cell FDSE clocked by clk_fpga_0  {rise@0.000ns fall@4.000ns period=8.000ns})
  Destination:            system_i/axi_dma_0/U0/I_PRMRY_DATAMOVER/GEN_MM2S_FULL.I_MM2S_FULL_WRAPPER/GEN_INCLUDE_MM2S_SF.I_RD_SF/I_DATA_FIFO/BLK_MEM.I_SYNC_FIFOGEN_FIFO/xpm_fifo_base_inst/gen_sdpram.xpm_memory_base_inst/gen_wr_a.gen_word_narrow.mem_reg/ENARDEN
                            (rising edge-triggered cell RAMB36E1 clocked by clk_fpga_0  {rise@0.000ns fall@4.000ns period=8.000ns})
  Path Group:             clk_fpga_0
  Path Type:              Setup (Max at Slow Process Corner)
  Requirement:            8.000ns  (clk_fpga_0 rise@8.000ns - clk_fpga_0 rise@0.000ns)
  Data Path Delay:        6.523ns  (logic 0.766ns (11.743%)  route 5.757ns (88.257%))
  Logic Levels:           2  (LUT3=1 LUT4=1)
  Clock Path Skew:        -0.107ns (DCD - SCD + CPR)
    Destination Clock Delay (DCD):    2.796ns = ( 10.796 - 8.000 ) 
    Source Clock Delay      (SCD):    3.132ns
    Clock Pessimism Removal (CPR):    0.230ns
  Clock Uncertainty:      0.125ns  ((TSJ^2 + TIJ^2)^1/2 + DJ) / 2 + PE
    Total System Jitter     (TSJ):    0.071ns
    Total Input Jitter      (TIJ):    0.240ns
    Discrete Jitter          (DJ):    0.000ns
    Phase Error              (PE):    0.000ns

    Location             Delay type                Incr(ns)  Path(ns)    Netlist Resource(s)
  -------------------------------------------------------------------    -------------------
                         (clock clk_fpga_0 rise edge)
                                                      0.000     0.000 r  <hidden>
    PS7_X0Y0             PS7                          0.000     0.000 r  system_i/ps7/inst/PS7_i/FCLKCLK[0]
                         net (fo=1, routed)           1.193     1.193    system_i/ps7/inst/FCLK_CLK_unbuffered[0]
    BUFGCTRL_X0Y16       BUFG (Prop_bufg_I_O)         0.101     1.294 r  system_i/ps7/inst/buffer_fclk_clk_0.FCLK_CLK_0_BUFG/O
                         net (fo=16057, routed)       1.838     3.132    system_i/axi_dma_0/U0/I_PRMRY_DATAMOVER/GEN_MM2S_FULL.I_MM2S_FULL_WRAPPER/GEN_INCLUDE_MM2S_SF.I_RD_SF/I_DATA_FIFO/BLK_MEM.I_SYNC_FIFOGEN_FIFO/xpm_fifo_base_inst/wr_clk
    SLICE_X0Y3           FDSE                                         r  system_i/axi_dma_0/U0/I_PRMRY_DATAMOVER/GEN_MM2S_FULL.I_MM2S_FULL_WRAPPER/GEN_INCLUDE_MM2S_SF.I_RD_SF/I_DATA_FIFO/BLK_MEM.I_SYNC_FIFOGEN_FIFO/xpm_fifo_base_inst/gen_fwft.empty_fwft_i_reg/C
  -------------------------------------------------------------------    -------------------
    SLICE_X0Y3           FDSE (Prop_fdse_C_Q)         0.518     3.650 f  system_i/axi_dma_0/U0/I_PRMRY_DATAMOVER/GEN_MM2S_FULL.I_MM2S_FULL_WRAPPER/GEN_INCLUDE_MM2S_SF.I_RD_SF/I_DATA_FIFO/BLK_MEM.I_SYNC_FIFOGEN_FIFO/xpm_fifo_base_inst/gen_fwft.empty_fwft_i_reg/Q
                         net (fo=8, routed)           2.021     5.671    system_i/axi_dma_0/U0/I_PRMRY_DATAMOVER/GEN_MM2S_FULL.I_MM2S_FULL_WRAPPER/GEN_INCLUDE_MM2S_SF.I_RD_SF/I_DATA_FIFO/empty
    SLICE_X23Y38         LUT3 (Prop_lut3_I1_O)        0.124     5.795 r  system_i/axi_dma_0/U0/I_PRMRY_DATAMOVER/GEN_MM2S_FULL.I_MM2S_FULL_WRAPPER/GEN_INCLUDE_MM2S_SF.I_RD_SF/I_DATA_FIFO/BLK_MEM.I_SYNC_FIFOGEN_FIFO_i_9/O
                         net (fo=13, routed)          1.947     7.742    system_i/axi_dma_0/U0/I_PRMRY_DATAMOVER/GEN_MM2S_FULL.I_MM2S_FULL_WRAPPER/GEN_INCLUDE_MM2S_SF.I_RD_SF/I_DATA_FIFO/BLK_MEM.I_SYNC_FIFOGEN_FIFO/xpm_fifo_base_inst/rdp_inst/rd_en
    SLICE_X1Y0           LUT4 (Prop_lut4_I2_O)        0.124     7.866 r  system_i/axi_dma_0/U0/I_PRMRY_DATAMOVER/GEN_MM2S_FULL.I_MM2S_FULL_WRAPPER/GEN_INCLUDE_MM2S_SF.I_RD_SF/I_DATA_FIFO/BLK_MEM.I_SYNC_FIFOGEN_FIFO/xpm_fifo_base_inst/rdp_inst/gen_sdpram.xpm_memory_base_inst_i_2/O
                         net (fo=19, routed)          1.789     9.655    system_i/axi_dma_0/U0/I_PRMRY_DATAMOVER/GEN_MM2S_FULL.I_MM2S_FULL_WRAPPER/GEN_INCLUDE_MM2S_SF.I_RD_SF/I_DATA_FIFO/BLK_MEM.I_SYNC_FIFOGEN_FIFO/xpm_fifo_base_inst/gen_sdpram.xpm_memory_base_inst/enb
    RAMB36_X0Y8          RAMB36E1                                     r  system_i/axi_dma_0/U0/I_PRMRY_DATAMOVER/GEN_MM2S_FULL.I_MM2S_FULL_WRAPPER/GEN_INCLUDE_MM2S_SF.I_RD_SF/I_DATA_FIFO/BLK_MEM.I_SYNC_FIFOGEN_FIFO/xpm_fifo_base_inst/gen_sdpram.xpm_memory_base_inst/gen_wr_a.gen_word_narrow.mem_reg/ENARDEN
  -------------------------------------------------------------------    -------------------

                         (clock clk_fpga_0 rise edge)
                                                      8.000     8.000 r  <hidden>
    PS7_X0Y0             PS7                          0.000     8.000 r  system_i/ps7/inst/PS7_i/FCLKCLK[0]
                         net (fo=1, routed)           1.088     9.088    system_i/ps7/inst/FCLK_CLK_unbuffered[0]
    BUFGCTRL_X0Y16       BUFG (Prop_bufg_I_O)         0.091     9.179 r  system_i/ps7/inst/buffer_fclk_clk_0.FCLK_CLK_0_BUFG/O
                         net (fo=16057, routed)       1.617    10.796    system_i/axi_dma_0/U0/I_PRMRY_DATAMOVER/GEN_MM2S_FULL.I_MM2S_FULL_WRAPPER/GEN_INCLUDE_MM2S_SF.I_RD_SF/I_DATA_FIFO/BLK_MEM.I_SYNC_FIFOGEN_FIFO/xpm_fifo_base_inst/gen_sdpram.xpm_memory_base_inst/clka
    RAMB36_X0Y8          RAMB36E1                                     r  system_i/axi_dma_0/U0/I_PRMRY_DATAMOVER/GEN_MM2S_FULL.I_MM2S_FULL_WRAPPER/GEN_INCLUDE_MM2S_SF.I_RD_SF/I_DATA_FIFO/BLK_MEM.I_SYNC_FIFOGEN_FIFO/xpm_fifo_base_inst/gen_sdpram.xpm_memory_base_inst/gen_wr_a.gen_word_narrow.mem_reg/CLKARDCLK
                         clock pessimism              0.230    11.025    <hidden>
                         clock uncertainty           -0.125    10.900    <hidden>
    RAMB36_X0Y8          RAMB36E1 (Setup_ramb36e1_CLKARDCLK_ENARDEN)
                                                     -0.443    10.457    system_i/axi_dma_0/U0/I_PRMRY_DATAMOVER/GEN_MM2S_FULL.I_MM2S_FULL_WRAPPER/GEN_INCLUDE_MM2S_SF.I_RD_SF/I_DATA_FIFO/BLK_MEM.I_SYNC_FIFOGEN_FIFO/xpm_fifo_base_inst/gen_sdpram.xpm_memory_base_inst/gen_wr_a.gen_word_narrow.mem_reg
  -------------------------------------------------------------------
                         required time                         10.457    <hidden>
                         arrival time                          -9.655    <hidden>
  -------------------------------------------------------------------
                         slack                                  0.802    <hidden>

Slack (MET) :             1.013ns  (required time - arrival time)
  Source:                 system_i/axi_dma_0/U0/I_PRMRY_DATAMOVER/GEN_MM2S_FULL.I_MM2S_FULL_WRAPPER/ENABLE_AXIS_SKID.I_MM2S_SKID_BUF/sig_m_valid_out_reg/C
                            (rising edge-triggered cell FDRE clocked by clk_fpga_0  {rise@0.000ns fall@4.000ns period=8.000ns})
  Destination:            system_i/iq_0/inst/bank1/mem_reg_0_0_5/WEA[0]
                            (rising edge-triggered cell RAMB36E1 clocked by clk_fpga_0  {rise@0.000ns fall@4.000ns period=8.000ns})
  Path Group:             clk_fpga_0
  Path Type:              Setup (Max at Slow Process Corner)
  Requirement:            8.000ns  (clk_fpga_0 rise@8.000ns - clk_fpga_0 rise@0.000ns)
  Data Path Delay:        5.946ns  (logic 0.857ns (14.414%)  route 5.089ns (85.586%))
  Logic Levels:           3  (LUT4=1 LUT5=1 LUT6=1)
  Clock Path Skew:        -0.181ns (DCD - SCD + CPR)
    Destination Clock Delay (DCD):    2.714ns = ( 10.714 - 8.000 ) 
    Source Clock Delay      (SCD):    3.010ns
    Clock Pessimism Removal (CPR):    0.115ns
  Clock Uncertainty:      0.125ns  ((TSJ^2 + TIJ^2)^1/2 + DJ) / 2 + PE
    Total System Jitter     (TSJ):    0.071ns
    Total Input Jitter      (TIJ):    0.240ns
    Discrete Jitter          (DJ):    0.000ns
    Phase Error              (PE):    0.000ns

    Location             Delay type                Incr(ns)  Path(ns)    Netlist Resource(s)
  -------------------------------------------------------------------    -------------------
                         (clock clk_fpga_0 rise edge)
                                                      0.000     0.000 r  <hidden>
    PS7_X0Y0             PS7                          0.000     0.000 r  system_i/ps7/inst/PS7_i/FCLKCLK[0]
                         net (fo=1, routed)           1.193     1.193    system_i/ps7/inst/FCLK_CLK_unbuffered[0]
    BUFGCTRL_X0Y16       BUFG (Prop_bufg_I_O)         0.101     1.294 r  system_i/ps7/inst/buffer_fclk_clk_0.FCLK_CLK_0_BUFG/O
                         net (fo=16057, routed)       1.716     3.010    system_i/axi_dma_0/U0/I_PRMRY_DATAMOVER/GEN_MM2S_FULL.I_MM2S_FULL_WRAPPER/ENABLE_AXIS_SKID.I_MM2S_SKID_BUF/m_axi_mm2s_aclk
    SLICE_X84Y86         FDRE                                         r  system_i/axi_dma_0/U0/I_PRMRY_DATAMOVER/GEN_MM2S_FULL.I_MM2S_FULL_WRAPPER/ENABLE_AXIS_SKID.I_MM2S_SKID_BUF/sig_m_valid_out_reg/C
  -------------------------------------------------------------------    -------------------
    SLICE_X84Y86         FDRE (Prop_fdre_C_Q)         0.456     3.466 r  system_i/axi_dma_0/U0/I_PRMRY_DATAMOVER/GEN_MM2S_FULL.I_MM2S_FULL_WRAPPER/ENABLE_AXIS_SKID.I_MM2S_SKID_BUF/sig_m_valid_out_reg/Q
                         net (fo=2, routed)           0.935     4.401    system_i/iq_0/inst/bank1/s_axis_iq_tvalid
    SLICE_X83Y88         LUT5 (Prop_lut5_I0_O)        0.124     4.525 r  system_i/iq_0/inst/bank1/loader_word[31]_i_1/O
                         net (fo=39, routed)          0.888     5.413    system_i/iq_0/inst/bank1/p_88_in
    SLICE_X57Y88         LUT6 (Prop_lut6_I0_O)        0.124     5.537 r  system_i/iq_0/inst/bank1/mem_reg_0_0_0_i_20/O
                         net (fo=56, routed)          1.208     6.745    system_i/iq_0/inst/bank1/s_axis_iq_tkeep_3_sn_1
    SLICE_X48Y86         LUT4 (Prop_lut4_I0_O)        0.153     6.898 r  system_i/iq_0/inst/bank1/mem_reg_0_0_5_i_1__0/O
                         net (fo=3, routed)           2.058     8.956    system_i/iq_0/inst/bank1/mem_reg_0_0_5_i_1__0_n_0
    RAMB36_X2Y7          RAMB36E1                                     r  system_i/iq_0/inst/bank1/mem_reg_0_0_5/WEA[0]
  -------------------------------------------------------------------    -------------------

                         (clock clk_fpga_0 rise edge)
                                                      8.000     8.000 r  <hidden>
    PS7_X0Y0             PS7                          0.000     8.000 r  system_i/ps7/inst/PS7_i/FCLKCLK[0]
                         net (fo=1, routed)           1.088     9.088    system_i/ps7/inst/FCLK_CLK_unbuffered[0]
    BUFGCTRL_X0Y16       BUFG (Prop_bufg_I_O)         0.091     9.179 r  system_i/ps7/inst/buffer_fclk_clk_0.FCLK_CLK_0_BUFG/O
                         net (fo=16057, routed)       1.535    10.714    system_i/iq_0/inst/bank1/s_axi_aclk
    RAMB36_X2Y7          RAMB36E1                                     r  system_i/iq_0/inst/bank1/mem_reg_0_0_5/CLKARDCLK
                         clock pessimism              0.115    10.829    <hidden>
                         clock uncertainty           -0.125    10.704    <hidden>
    RAMB36_X2Y7          RAMB36E1 (Setup_ramb36e1_CLKARDCLK_WEA[0])
                                                     -0.735     9.969    system_i/iq_0/inst/bank1/mem_reg_0_0_5
  -------------------------------------------------------------------
                         required time                          9.969    <hidden>
                         arrival time                          -8.956    <hidden>
  -------------------------------------------------------------------
                         slack                                  1.013    <hidden>

Slack (MET) :             1.021ns  (required time - arrival time)
  Source:                 system_i/axi_mem_intercon/s00_couplers/auto_us/inst/gen_upsizer.gen_full_upsizer.axi_upsizer_inst/USE_READ.read_addr_inst/GEN_CMD_QUEUE.cmd_queue/USE_FF_OUT.USE_RTL_OUTPUT_PIPELINE.M_MESG_Q_reg[29]/C
                            (rising edge-triggered cell FDRE clocked by clk_fpga_0  {rise@0.000ns fall@4.000ns period=8.000ns})
  Destination:            system_i/axi_dma_0/U0/I_PRMRY_DATAMOVER/GEN_MM2S_FULL.I_MM2S_FULL_WRAPPER/I_RD_DATA_CNTL/sig_next_calc_error_reg_reg/R
                            (rising edge-triggered cell FDRE clocked by clk_fpga_0  {rise@0.000ns fall@4.000ns period=8.000ns})
  Path Group:             clk_fpga_0
  Path Type:              Setup (Max at Slow Process Corner)
  Requirement:            8.000ns  (clk_fpga_0 rise@8.000ns - clk_fpga_0 rise@0.000ns)
  Data Path Delay:        6.056ns  (logic 1.625ns (26.835%)  route 4.431ns (73.165%))
  Logic Levels:           5  (LUT2=1 LUT4=2 LUT5=1 LUT6=1)
  Clock Path Skew:        -0.066ns (DCD - SCD + CPR)
    Destination Clock Delay (DCD):    2.837ns = ( 10.837 - 8.000 ) 
    Source Clock Delay      (SCD):    3.133ns
    Clock Pessimism Removal (CPR):    0.230ns
  Clock Uncertainty:      0.125ns  ((TSJ^2 + TIJ^2)^1/2 + DJ) / 2 + PE
    Total System Jitter     (TSJ):    0.071ns
    Total Input Jitter      (TIJ):    0.240ns
    Discrete Jitter          (DJ):    0.000ns
    Phase Error              (PE):    0.000ns

    Location             Delay type                Incr(ns)  Path(ns)    Netlist Resource(s)
  -------------------------------------------------------------------    -------------------
                         (clock clk_fpga_0 rise edge)
                                                      0.000     0.000 r  <hidden>
    PS7_X0Y0             PS7                          0.000     0.000 r  system_i/ps7/inst/PS7_i/FCLKCLK[0]
                         net (fo=1, routed)           1.193     1.193    system_i/ps7/inst/FCLK_CLK_unbuffered[0]
    BUFGCTRL_X0Y16       BUFG (Prop_bufg_I_O)         0.101     1.294 r  system_i/ps7/inst/buffer_fclk_clk_0.FCLK_CLK_0_BUFG/O
                         net (fo=16057, routed)       1.839     3.133    system_i/axi_mem_intercon/s00_couplers/auto_us/inst/gen_upsizer.gen_full_upsizer.axi_upsizer_inst/USE_READ.read_addr_inst/GEN_CMD_QUEUE.cmd_queue/out
    SLICE_X0Y48          FDRE                                         r  system_i/axi_mem_intercon/s00_couplers/auto_us/inst/gen_upsizer.gen_full_upsizer.axi_upsizer_inst/USE_READ.read_addr_inst/GEN_CMD_QUEUE.cmd_queue/USE_FF_OUT.USE_RTL_OUTPUT_PIPELINE.M_MESG_Q_reg[29]/C
  -------------------------------------------------------------------    -------------------
    SLICE_X0Y48          FDRE (Prop_fdre_C_Q)         0.518     3.651 r  system_i/axi_mem_intercon/s00_couplers/auto_us/inst/gen_upsizer.gen_full_upsizer.axi_upsizer_inst/USE_READ.read_addr_inst/GEN_CMD_QUEUE.cmd_queue/USE_FF_OUT.USE_RTL_OUTPUT_PIPELINE.M_MESG_Q_reg[29]/Q
                         net (fo=14, routed)          1.213     4.864    system_i/axi_mem_intercon/s00_couplers/auto_us/inst/gen_upsizer.gen_full_upsizer.axi_upsizer_inst/USE_READ.read_addr_inst/GEN_CMD_QUEUE.cmd_queue/Q[7]
    SLICE_X1Y45          LUT5 (Prop_lut5_I3_O)        0.154     5.018 r  system_i/axi_mem_intercon/s00_couplers/auto_us/inst/gen_upsizer.gen_full_upsizer.axi_upsizer_inst/USE_READ.read_addr_inst/GEN_CMD_QUEUE.cmd_queue/s_axi_rlast_INST_0_i_7/O
                         net (fo=1, routed)           0.567     5.586    system_i/axi_mem_intercon/s00_couplers/auto_us/inst/gen_upsizer.gen_full_upsizer.axi_upsizer_inst/USE_READ.read_addr_inst/GEN_CMD_QUEUE.cmd_queue/s_axi_rlast_INST_0_i_7_n_0
    SLICE_X3Y45          LUT6 (Prop_lut6_I4_O)        0.327     5.913 f  system_i/axi_mem_intercon/s00_couplers/auto_us/inst/gen_upsizer.gen_full_upsizer.axi_upsizer_inst/USE_READ.read_addr_inst/GEN_CMD_QUEUE.cmd_queue/s_axi_rlast_INST_0_i_2/O
                         net (fo=4, routed)           0.588     6.501    system_i/axi_mem_intercon/s00_couplers/auto_us/inst/gen_upsizer.gen_full_upsizer.axi_upsizer_inst/USE_READ.gen_non_fifo_r_upsizer.read_data_inst/use_wrap_buffer_reg_0
    SLICE_X1Y45          LUT4 (Prop_lut4_I2_O)        0.150     6.651 r  system_i/axi_mem_intercon/s00_couplers/auto_us/inst/gen_upsizer.gen_full_upsizer.axi_upsizer_inst/USE_READ.gen_non_fifo_r_upsizer.read_data_inst/s_axi_rlast_INST_0/O
                         net (fo=4, routed)           0.780     7.431    system_i/axi_mem_intercon/s00_couplers/auto_pc/inst/gen_axi4_axi3.axi3_conv_inst/USE_READ.USE_SPLIT_R.read_addr_inst/USE_R_CHANNEL.cmd_queue/inst/m_axi_rlast
    SLICE_X1Y41          LUT2 (Prop_lut2_I0_O)        0.326     7.757 r  system_i/axi_mem_intercon/s00_couplers/auto_pc/inst/gen_axi4_axi3.axi3_conv_inst/USE_READ.USE_SPLIT_R.read_addr_inst/USE_R_CHANNEL.cmd_queue/inst/s_axi_rlast_INST_0/O
                         net (fo=5, routed)           0.621     8.377    system_i/axi_dma_0/U0/I_PRMRY_DATAMOVER/GEN_MM2S_FULL.I_MM2S_FULL_WRAPPER/I_RD_DATA_CNTL/GEN_DATA_CNTL_FIFO.I_DATA_CNTL_FIFO/USE_SRL_FIFO.I_SYNC_FIFO/m_axi_mm2s_rlast
    SLICE_X1Y42          LUT4 (Prop_lut4_I1_O)        0.150     8.527 r  system_i/axi_dma_0/U0/I_PRMRY_DATAMOVER/GEN_MM2S_FULL.I_MM2S_FULL_WRAPPER/I_RD_DATA_CNTL/GEN_DATA_CNTL_FIFO.I_DATA_CNTL_FIFO/USE_SRL_FIFO.I_SYNC_FIFO/sig_next_cmd_cmplt_reg_i_1/O
                         net (fo=14, routed)          0.661     9.189    system_i/axi_dma_0/U0/I_PRMRY_DATAMOVER/GEN_MM2S_FULL.I_MM2S_FULL_WRAPPER/I_RD_DATA_CNTL/GEN_DATA_CNTL_FIFO.I_DATA_CNTL_FIFO_n_31
    SLICE_X6Y43          FDRE                                         r  system_i/axi_dma_0/U0/I_PRMRY_DATAMOVER/GEN_MM2S_FULL.I_MM2S_FULL_WRAPPER/I_RD_DATA_CNTL/sig_next_calc_error_reg_reg/R
  -------------------------------------------------------------------    -------------------

                         (clock clk_fpga_0 rise edge)
                                                      8.000     8.000 r  <hidden>
    PS7_X0Y0             PS7                          0.000     8.000 r  system_i/ps7/inst/PS7_i/FCLKCLK[0]
                         net (fo=1, routed)           1.088     9.088    system_i/ps7/inst/FCLK_CLK_unbuffered[0]
    BUFGCTRL_X0Y16       BUFG (Prop_bufg_I_O)         0.091     9.179 r  system_i/ps7/inst/buffer_fclk_clk_0.FCLK_CLK_0_BUFG/O
                         net (fo=16057, routed)       1.658    10.837    system_i/axi_dma_0/U0/I_PRMRY_DATAMOVER/GEN_MM2S_FULL.I_MM2S_FULL_WRAPPER/I_RD_DATA_CNTL/m_axi_mm2s_aclk
    SLICE_X6Y43          FDRE                                         r  system_i/axi_dma_0/U0/I_PRMRY_DATAMOVER/GEN_MM2S_FULL.I_MM2S_FULL_WRAPPER/I_RD_DATA_CNTL/sig_next_calc_error_reg_reg/C
                         clock pessimism              0.230    11.067    <hidden>
                         clock uncertainty           -0.125    10.942    <hidden>
    SLICE_X6Y43          FDRE (Setup_fdre_C_R)       -0.732    10.210    system_i/axi_dma_0/U0/I_PRMRY_DATAMOVER/GEN_MM2S_FULL.I_MM2S_FULL_WRAPPER/I_RD_DATA_CNTL/sig_next_calc_error_reg_reg
  -------------------------------------------------------------------
                         required time                         10.210    <hidden>
                         arrival time                          -9.189    <hidden>
  -------------------------------------------------------------------
                         slack                                  1.021    <hidden>

Slack (MET) :             1.021ns  (required time - arrival time)
  Source:                 system_i/axi_mem_intercon/s00_couplers/auto_us/inst/gen_upsizer.gen_full_upsizer.axi_upsizer_inst/USE_READ.read_addr_inst/GEN_CMD_QUEUE.cmd_queue/USE_FF_OUT.USE_RTL_OUTPUT_PIPELINE.M_MESG_Q_reg[29]/C
                            (rising edge-triggered cell FDRE clocked by clk_fpga_0  {rise@0.000ns fall@4.000ns period=8.000ns})
  Destination:            system_i/axi_dma_0/U0/I_PRMRY_DATAMOVER/GEN_MM2S_FULL.I_MM2S_FULL_WRAPPER/I_RD_DATA_CNTL/sig_next_cmd_cmplt_reg_reg/R
                            (rising edge-triggered cell FDRE clocked by clk_fpga_0  {rise@0.000ns fall@4.000ns period=8.000ns})
  Path Group:             clk_fpga_0
  Path Type:              Setup (Max at Slow Process Corner)
  Requirement:            8.000ns  (clk_fpga_0 rise@8.000ns - clk_fpga_0 rise@0.000ns)
  Data Path Delay:        6.056ns  (logic 1.625ns (26.835%)  route 4.431ns (73.165%))
  Logic Levels:           5  (LUT2=1 LUT4=2 LUT5=1 LUT6=1)
  Clock Path Skew:        -0.066ns (DCD - SCD + CPR)
    Destination Clock Delay (DCD):    2.837ns = ( 10.837 - 8.000 ) 
    Source Clock Delay      (SCD):    3.133ns
    Clock Pessimism Removal (CPR):    0.230ns
  Clock Uncertainty:      0.125ns  ((TSJ^2 + TIJ^2)^1/2 + DJ) / 2 + PE
    Total System Jitter     (TSJ):    0.071ns
    Total Input Jitter      (TIJ):    0.240ns
    Discrete Jitter          (DJ):    0.000ns
    Phase Error              (PE):    0.000ns

    Location             Delay type                Incr(ns)  Path(ns)    Netlist Resource(s)
  -------------------------------------------------------------------    -------------------
                         (clock clk_fpga_0 rise edge)
                                                      0.000     0.000 r  <hidden>
    PS7_X0Y0             PS7                          0.000     0.000 r  system_i/ps7/inst/PS7_i/FCLKCLK[0]
                         net (fo=1, routed)           1.193     1.193    system_i/ps7/inst/FCLK_CLK_unbuffered[0]
    BUFGCTRL_X0Y16       BUFG (Prop_bufg_I_O)         0.101     1.294 r  system_i/ps7/inst/buffer_fclk_clk_0.FCLK_CLK_0_BUFG/O
                         net (fo=16057, routed)       1.839     3.133    system_i/axi_mem_intercon/s00_couplers/auto_us/inst/gen_upsizer.gen_full_upsizer.axi_upsizer_inst/USE_READ.read_addr_inst/GEN_CMD_QUEUE.cmd_queue/out
    SLICE_X0Y48          FDRE                                         r  system_i/axi_mem_intercon/s00_couplers/auto_us/inst/gen_upsizer.gen_full_upsizer.axi_upsizer_inst/USE_READ.read_addr_inst/GEN_CMD_QUEUE.cmd_queue/USE_FF_OUT.USE_RTL_OUTPUT_PIPELINE.M_MESG_Q_reg[29]/C
  -------------------------------------------------------------------    -------------------
    SLICE_X0Y48          FDRE (Prop_fdre_C_Q)         0.518     3.651 r  system_i/axi_mem_intercon/s00_couplers/auto_us/inst/gen_upsizer.gen_full_upsizer.axi_upsizer_inst/USE_READ.read_addr_inst/GEN_CMD_QUEUE.cmd_queue/USE_FF_OUT.USE_RTL_OUTPUT_PIPELINE.M_MESG_Q_reg[29]/Q
                         net (fo=14, routed)          1.213     4.864    system_i/axi_mem_intercon/s00_couplers/auto_us/inst/gen_upsizer.gen_full_upsizer.axi_upsizer_inst/USE_READ.read_addr_inst/GEN_CMD_QUEUE.cmd_queue/Q[7]
    SLICE_X1Y45          LUT5 (Prop_lut5_I3_O)        0.154     5.018 r  system_i/axi_mem_intercon/s00_couplers/auto_us/inst/gen_upsizer.gen_full_upsizer.axi_upsizer_inst/USE_READ.read_addr_inst/GEN_CMD_QUEUE.cmd_queue/s_axi_rlast_INST_0_i_7/O
                         net (fo=1, routed)           0.567     5.586    system_i/axi_mem_intercon/s00_couplers/auto_us/inst/gen_upsizer.gen_full_upsizer.axi_upsizer_inst/USE_READ.read_addr_inst/GEN_CMD_QUEUE.cmd_queue/s_axi_rlast_INST_0_i_7_n_0
    SLICE_X3Y45          LUT6 (Prop_lut6_I4_O)        0.327     5.913 f  system_i/axi_mem_intercon/s00_couplers/auto_us/inst/gen_upsizer.gen_full_upsizer.axi_upsizer_inst/USE_READ.read_addr_inst/GEN_CMD_QUEUE.cmd_queue/s_axi_rlast_INST_0_i_2/O
                         net (fo=4, routed)           0.588     6.501    system_i/axi_mem_intercon/s00_couplers/auto_us/inst/gen_upsizer.gen_full_upsizer.axi_upsizer_inst/USE_READ.gen_non_fifo_r_upsizer.read_data_inst/use_wrap_buffer_reg_0
    SLICE_X1Y45          LUT4 (Prop_lut4_I2_O)        0.150     6.651 r  system_i/axi_mem_intercon/s00_couplers/auto_us/inst/gen_upsizer.gen_full_upsizer.axi_upsizer_inst/USE_READ.gen_non_fifo_r_upsizer.read_data_inst/s_axi_rlast_INST_0/O
                         net (fo=4, routed)           0.780     7.431    system_i/axi_mem_intercon/s00_couplers/auto_pc/inst/gen_axi4_axi3.axi3_conv_inst/USE_READ.USE_SPLIT_R.read_addr_inst/USE_R_CHANNEL.cmd_queue/inst/m_axi_rlast
    SLICE_X1Y41          LUT2 (Prop_lut2_I0_O)        0.326     7.757 r  system_i/axi_mem_intercon/s00_couplers/auto_pc/inst/gen_axi4_axi3.axi3_conv_inst/USE_READ.USE_SPLIT_R.read_addr_inst/USE_R_CHANNEL.cmd_queue/inst/s_axi_rlast_INST_0/O
                         net (fo=5, routed)           0.621     8.377    system_i/axi_dma_0/U0/I_PRMRY_DATAMOVER/GEN_MM2S_FULL.I_MM2S_FULL_WRAPPER/I_RD_DATA_CNTL/GEN_DATA_CNTL_FIFO.I_DATA_CNTL_FIFO/USE_SRL_FIFO.I_SYNC_FIFO/m_axi_mm2s_rlast
    SLICE_X1Y42          LUT4 (Prop_lut4_I1_O)        0.150     8.527 r  system_i/axi_dma_0/U0/I_PRMRY_DATAMOVER/GEN_MM2S_FULL.I_MM2S_FULL_WRAPPER/I_RD_DATA_CNTL/GEN_DATA_CNTL_FIFO.I_DATA_CNTL_FIFO/USE_SRL_FIFO.I_SYNC_FIFO/sig_next_cmd_cmplt_reg_i_1/O
                         net (fo=14, routed)          0.661     9.189    system_i/axi_dma_0/U0/I_PRMRY_DATAMOVER/GEN_MM2S_FULL.I_MM2S_FULL_WRAPPER/I_RD_DATA_CNTL/GEN_DATA_CNTL_FIFO.I_DATA_CNTL_FIFO_n_31
    SLICE_X6Y43          FDRE                                         r  system_i/axi_dma_0/U0/I_PRMRY_DATAMOVER/GEN_MM2S_FULL.I_MM2S_FULL_WRAPPER/I_RD_DATA_CNTL/sig_next_cmd_cmplt_reg_reg/R
  -------------------------------------------------------------------    -------------------

                         (clock clk_fpga_0 rise edge)
                                                      8.000     8.000 r  <hidden>
    PS7_X0Y0             PS7                          0.000     8.000 r  system_i/ps7/inst/PS7_i/FCLKCLK[0]
                         net (fo=1, routed)           1.088     9.088    system_i/ps7/inst/FCLK_CLK_unbuffered[0]
    BUFGCTRL_X0Y16       BUFG (Prop_bufg_I_O)         0.091     9.179 r  system_i/ps7/inst/buffer_fclk_clk_0.FCLK_CLK_0_BUFG/O
                         net (fo=16057, routed)       1.658    10.837    system_i/axi_dma_0/U0/I_PRMRY_DATAMOVER/GEN_MM2S_FULL.I_MM2S_FULL_WRAPPER/I_RD_DATA_CNTL/m_axi_mm2s_aclk
    SLICE_X6Y43          FDRE                                         r  system_i/axi_dma_0/U0/I_PRMRY_DATAMOVER/GEN_MM2S_FULL.I_MM2S_FULL_WRAPPER/I_RD_DATA_CNTL/sig_next_cmd_cmplt_reg_reg/C
                         clock pessimism              0.230    11.067    <hidden>
                         clock uncertainty           -0.125    10.942    <hidden>
    SLICE_X6Y43          FDRE (Setup_fdre_C_R)       -0.732    10.210    system_i/axi_dma_0/U0/I_PRMRY_DATAMOVER/GEN_MM2S_FULL.I_MM2S_FULL_WRAPPER/I_RD_DATA_CNTL/sig_next_cmd_cmplt_reg_reg
  -------------------------------------------------------------------
                         required time                         10.210    <hidden>
                         arrival time                          -9.189    <hidden>
  -------------------------------------------------------------------
                         slack                                  1.021    <hidden>

Slack (MET) :             1.021ns  (required time - arrival time)
  Source:                 system_i/axi_mem_intercon/s00_couplers/auto_us/inst/gen_upsizer.gen_full_upsizer.axi_upsizer_inst/USE_READ.read_addr_inst/GEN_CMD_QUEUE.cmd_queue/USE_FF_OUT.USE_RTL_OUTPUT_PIPELINE.M_MESG_Q_reg[29]/C
                            (rising edge-triggered cell FDRE clocked by clk_fpga_0  {rise@0.000ns fall@4.000ns period=8.000ns})
  Destination:            system_i/axi_dma_0/U0/I_PRMRY_DATAMOVER/GEN_MM2S_FULL.I_MM2S_FULL_WRAPPER/I_RD_DATA_CNTL/sig_next_eof_reg_reg/R
                            (rising edge-triggered cell FDRE clocked by clk_fpga_0  {rise@0.000ns fall@4.000ns period=8.000ns})
  Path Group:             clk_fpga_0
  Path Type:              Setup (Max at Slow Process Corner)
  Requirement:            8.000ns  (clk_fpga_0 rise@8.000ns - clk_fpga_0 rise@0.000ns)
  Data Path Delay:        6.056ns  (logic 1.625ns (26.835%)  route 4.431ns (73.165%))
  Logic Levels:           5  (LUT2=1 LUT4=2 LUT5=1 LUT6=1)
  Clock Path Skew:        -0.066ns (DCD - SCD + CPR)
    Destination Clock Delay (DCD):    2.837ns = ( 10.837 - 8.000 ) 
    Source Clock Delay      (SCD):    3.133ns
    Clock Pessimism Removal (CPR):    0.230ns
  Clock Uncertainty:      0.125ns  ((TSJ^2 + TIJ^2)^1/2 + DJ) / 2 + PE
    Total System Jitter     (TSJ):    0.071ns
    Total Input Jitter      (TIJ):    0.240ns
    Discrete Jitter          (DJ):    0.000ns
    Phase Error              (PE):    0.000ns

    Location             Delay type                Incr(ns)  Path(ns)    Netlist Resource(s)
  -------------------------------------------------------------------    -------------------
                         (clock clk_fpga_0 rise edge)
                                                      0.000     0.000 r  <hidden>
    PS7_X0Y0             PS7                          0.000     0.000 r  system_i/ps7/inst/PS7_i/FCLKCLK[0]
                         net (fo=1, routed)           1.193     1.193    system_i/ps7/inst/FCLK_CLK_unbuffered[0]
    BUFGCTRL_X0Y16       BUFG (Prop_bufg_I_O)         0.101     1.294 r  system_i/ps7/inst/buffer_fclk_clk_0.FCLK_CLK_0_BUFG/O
                         net (fo=16057, routed)       1.839     3.133    system_i/axi_mem_intercon/s00_couplers/auto_us/inst/gen_upsizer.gen_full_upsizer.axi_upsizer_inst/USE_READ.read_addr_inst/GEN_CMD_QUEUE.cmd_queue/out
    SLICE_X0Y48          FDRE                                         r  system_i/axi_mem_intercon/s00_couplers/auto_us/inst/gen_upsizer.gen_full_upsizer.axi_upsizer_inst/USE_READ.read_addr_inst/GEN_CMD_QUEUE.cmd_queue/USE_FF_OUT.USE_RTL_OUTPUT_PIPELINE.M_MESG_Q_reg[29]/C
  -------------------------------------------------------------------    -------------------
    SLICE_X0Y48          FDRE (Prop_fdre_C_Q)         0.518     3.651 r  system_i/axi_mem_intercon/s00_couplers/auto_us/inst/gen_upsizer.gen_full_upsizer.axi_upsizer_inst/USE_READ.read_addr_inst/GEN_CMD_QUEUE.cmd_queue/USE_FF_OUT.USE_RTL_OUTPUT_PIPELINE.M_MESG_Q_reg[29]/Q
                         net (fo=14, routed)          1.213     4.864    system_i/axi_mem_intercon/s00_couplers/auto_us/inst/gen_upsizer.gen_full_upsizer.axi_upsizer_inst/USE_READ.read_addr_inst/GEN_CMD_QUEUE.cmd_queue/Q[7]
    SLICE_X1Y45          LUT5 (Prop_lut5_I3_O)        0.154     5.018 r  system_i/axi_mem_intercon/s00_couplers/auto_us/inst/gen_upsizer.gen_full_upsizer.axi_upsizer_inst/USE_READ.read_addr_inst/GEN_CMD_QUEUE.cmd_queue/s_axi_rlast_INST_0_i_7/O
                         net (fo=1, routed)           0.567     5.586    system_i/axi_mem_intercon/s00_couplers/auto_us/inst/gen_upsizer.gen_full_upsizer.axi_upsizer_inst/USE_READ.read_addr_inst/GEN_CMD_QUEUE.cmd_queue/s_axi_rlast_INST_0_i_7_n_0
    SLICE_X3Y45          LUT6 (Prop_lut6_I4_O)        0.327     5.913 f  system_i/axi_mem_intercon/s00_couplers/auto_us/inst/gen_upsizer.gen_full_upsizer.axi_upsizer_inst/USE_READ.read_addr_inst/GEN_CMD_QUEUE.cmd_queue/s_axi_rlast_INST_0_i_2/O
                         net (fo=4, routed)           0.588     6.501    system_i/axi_mem_intercon/s00_couplers/auto_us/inst/gen_upsizer.gen_full_upsizer.axi_upsizer_inst/USE_READ.gen_non_fifo_r_upsizer.read_data_inst/use_wrap_buffer_reg_0
    SLICE_X1Y45          LUT4 (Prop_lut4_I2_O)        0.150     6.651 r  system_i/axi_mem_intercon/s00_couplers/auto_us/inst/gen_upsizer.gen_full_upsizer.axi_upsizer_inst/USE_READ.gen_non_fifo_r_upsizer.read_data_inst/s_axi_rlast_INST_0/O
                         net (fo=4, routed)           0.780     7.431    system_i/axi_mem_intercon/s00_couplers/auto_pc/inst/gen_axi4_axi3.axi3_conv_inst/USE_READ.USE_SPLIT_R.read_addr_inst/USE_R_CHANNEL.cmd_queue/inst/m_axi_rlast
    SLICE_X1Y41          LUT2 (Prop_lut2_I0_O)        0.326     7.757 r  system_i/axi_mem_intercon/s00_couplers/auto_pc/inst/gen_axi4_axi3.axi3_conv_inst/USE_READ.USE_SPLIT_R.read_addr_inst/USE_R_CHANNEL.cmd_queue/inst/s_axi_rlast_INST_0/O
                         net (fo=5, routed)           0.621     8.377    system_i/axi_dma_0/U0/I_PRMRY_DATAMOVER/GEN_MM2S_FULL.I_MM2S_FULL_WRAPPER/I_RD_DATA_CNTL/GEN_DATA_CNTL_FIFO.I_DATA_CNTL_FIFO/USE_SRL_FIFO.I_SYNC_FIFO/m_axi_mm2s_rlast
    SLICE_X1Y42          LUT4 (Prop_lut4_I1_O)        0.150     8.527 r  system_i/axi_dma_0/U0/I_PRMRY_DATAMOVER/GEN_MM2S_FULL.I_MM2S_FULL_WRAPPER/I_RD_DATA_CNTL/GEN_DATA_CNTL_FIFO.I_DATA_CNTL_FIFO/USE_SRL_FIFO.I_SYNC_FIFO/sig_next_cmd_cmplt_reg_i_1/O
                         net (fo=14, routed)          0.661     9.189    system_i/axi_dma_0/U0/I_PRMRY_DATAMOVER/GEN_MM2S_FULL.I_MM2S_FULL_WRAPPER/I_RD_DATA_CNTL/GEN_DATA_CNTL_FIFO.I_DATA_CNTL_FIFO_n_31
    SLICE_X6Y43          FDRE                                         r  system_i/axi_dma_0/U0/I_PRMRY_DATAMOVER/GEN_MM2S_FULL.I_MM2S_FULL_WRAPPER/I_RD_DATA_CNTL/sig_next_eof_reg_reg/R
  -------------------------------------------------------------------    -------------------

                         (clock clk_fpga_0 rise edge)
                                                      8.000     8.000 r  <hidden>
    PS7_X0Y0             PS7                          0.000     8.000 r  system_i/ps7/inst/PS7_i/FCLKCLK[0]
                         net (fo=1, routed)           1.088     9.088    system_i/ps7/inst/FCLK_CLK_unbuffered[0]
    BUFGCTRL_X0Y16       BUFG (Prop_bufg_I_O)         0.091     9.179 r  system_i/ps7/inst/buffer_fclk_clk_0.FCLK_CLK_0_BUFG/O
                         net (fo=16057, routed)       1.658    10.837    system_i/axi_dma_0/U0/I_PRMRY_DATAMOVER/GEN_MM2S_FULL.I_MM2S_FULL_WRAPPER/I_RD_DATA_CNTL/m_axi_mm2s_aclk
    SLICE_X6Y43          FDRE                                         r  system_i/axi_dma_0/U0/I_PRMRY_DATAMOVER/GEN_MM2S_FULL.I_MM2S_FULL_WRAPPER/I_RD_DATA_CNTL/sig_next_eof_reg_reg/C
                         clock pessimism              0.230    11.067    <hidden>
                         clock uncertainty           -0.125    10.942    <hidden>
    SLICE_X6Y43          FDRE (Setup_fdre_C_R)       -0.732    10.210    system_i/axi_dma_0/U0/I_PRMRY_DATAMOVER/GEN_MM2S_FULL.I_MM2S_FULL_WRAPPER/I_RD_DATA_CNTL/sig_next_eof_reg_reg
  -------------------------------------------------------------------
                         required time                         10.210    <hidden>
                         arrival time                          -9.189    <hidden>
  -------------------------------------------------------------------
                         slack                                  1.021    <hidden>

Slack (MET) :             1.021ns  (required time - arrival time)
  Source:                 system_i/axi_mem_intercon/s00_couplers/auto_us/inst/gen_upsizer.gen_full_upsizer.axi_upsizer_inst/USE_READ.read_addr_inst/GEN_CMD_QUEUE.cmd_queue/USE_FF_OUT.USE_RTL_OUTPUT_PIPELINE.M_MESG_Q_reg[29]/C
                            (rising edge-triggered cell FDRE clocked by clk_fpga_0  {rise@0.000ns fall@4.000ns period=8.000ns})
  Destination:            system_i/axi_dma_0/U0/I_PRMRY_DATAMOVER/GEN_MM2S_FULL.I_MM2S_FULL_WRAPPER/I_RD_DATA_CNTL/sig_next_last_strb_reg_reg[0]/R
                            (rising edge-triggered cell FDRE clocked by clk_fpga_0  {rise@0.000ns fall@4.000ns period=8.000ns})
  Path Group:             clk_fpga_0
  Path Type:              Setup (Max at Slow Process Corner)
  Requirement:            8.000ns  (clk_fpga_0 rise@8.000ns - clk_fpga_0 rise@0.000ns)
  Data Path Delay:        6.056ns  (logic 1.625ns (26.835%)  route 4.431ns (73.165%))
  Logic Levels:           5  (LUT2=1 LUT4=2 LUT5=1 LUT6=1)
  Clock Path Skew:        -0.066ns (DCD - SCD + CPR)
    Destination Clock Delay (DCD):    2.837ns = ( 10.837 - 8.000 ) 
    Source Clock Delay      (SCD):    3.133ns
    Clock Pessimism Removal (CPR):    0.230ns
  Clock Uncertainty:      0.125ns  ((TSJ^2 + TIJ^2)^1/2 + DJ) / 2 + PE
    Total System Jitter     (TSJ):    0.071ns
    Total Input Jitter      (TIJ):    0.240ns
    Discrete Jitter          (DJ):    0.000ns
    Phase Error              (PE):    0.000ns

    Location             Delay type                Incr(ns)  Path(ns)    Netlist Resource(s)
  -------------------------------------------------------------------    -------------------
                         (clock clk_fpga_0 rise edge)
                                                      0.000     0.000 r  <hidden>
    PS7_X0Y0             PS7                          0.000     0.000 r  system_i/ps7/inst/PS7_i/FCLKCLK[0]
                         net (fo=1, routed)           1.193     1.193    system_i/ps7/inst/FCLK_CLK_unbuffered[0]
    BUFGCTRL_X0Y16       BUFG (Prop_bufg_I_O)         0.101     1.294 r  system_i/ps7/inst/buffer_fclk_clk_0.FCLK_CLK_0_BUFG/O
                         net (fo=16057, routed)       1.839     3.133    system_i/axi_mem_intercon/s00_couplers/auto_us/inst/gen_upsizer.gen_full_upsizer.axi_upsizer_inst/USE_READ.read_addr_inst/GEN_CMD_QUEUE.cmd_queue/out
    SLICE_X0Y48          FDRE                                         r  system_i/axi_mem_intercon/s00_couplers/auto_us/inst/gen_upsizer.gen_full_upsizer.axi_upsizer_inst/USE_READ.read_addr_inst/GEN_CMD_QUEUE.cmd_queue/USE_FF_OUT.USE_RTL_OUTPUT_PIPELINE.M_MESG_Q_reg[29]/C
  -------------------------------------------------------------------    -------------------
    SLICE_X0Y48          FDRE (Prop_fdre_C_Q)         0.518     3.651 r  system_i/axi_mem_intercon/s00_couplers/auto_us/inst/gen_upsizer.gen_full_upsizer.axi_upsizer_inst/USE_READ.read_addr_inst/GEN_CMD_QUEUE.cmd_queue/USE_FF_OUT.USE_RTL_OUTPUT_PIPELINE.M_MESG_Q_reg[29]/Q
                         net (fo=14, routed)          1.213     4.864    system_i/axi_mem_intercon/s00_couplers/auto_us/inst/gen_upsizer.gen_full_upsizer.axi_upsizer_inst/USE_READ.read_addr_inst/GEN_CMD_QUEUE.cmd_queue/Q[7]
    SLICE_X1Y45          LUT5 (Prop_lut5_I3_O)        0.154     5.018 r  system_i/axi_mem_intercon/s00_couplers/auto_us/inst/gen_upsizer.gen_full_upsizer.axi_upsizer_inst/USE_READ.read_addr_inst/GEN_CMD_QUEUE.cmd_queue/s_axi_rlast_INST_0_i_7/O
                         net (fo=1, routed)           0.567     5.586    system_i/axi_mem_intercon/s00_couplers/auto_us/inst/gen_upsizer.gen_full_upsizer.axi_upsizer_inst/USE_READ.read_addr_inst/GEN_CMD_QUEUE.cmd_queue/s_axi_rlast_INST_0_i_7_n_0
    SLICE_X3Y45          LUT6 (Prop_lut6_I4_O)        0.327     5.913 f  system_i/axi_mem_intercon/s00_couplers/auto_us/inst/gen_upsizer.gen_full_upsizer.axi_upsizer_inst/USE_READ.read_addr_inst/GEN_CMD_QUEUE.cmd_queue/s_axi_rlast_INST_0_i_2/O
                         net (fo=4, routed)           0.588     6.501    system_i/axi_mem_intercon/s00_couplers/auto_us/inst/gen_upsizer.gen_full_upsizer.axi_upsizer_inst/USE_READ.gen_non_fifo_r_upsizer.read_data_inst/use_wrap_buffer_reg_0
    SLICE_X1Y45          LUT4 (Prop_lut4_I2_O)        0.150     6.651 r  system_i/axi_mem_intercon/s00_couplers/auto_us/inst/gen_upsizer.gen_full_upsizer.axi_upsizer_inst/USE_READ.gen_non_fifo_r_upsizer.read_data_inst/s_axi_rlast_INST_0/O
                         net (fo=4, routed)           0.780     7.431    system_i/axi_mem_intercon/s00_couplers/auto_pc/inst/gen_axi4_axi3.axi3_conv_inst/USE_READ.USE_SPLIT_R.read_addr_inst/USE_R_CHANNEL.cmd_queue/inst/m_axi_rlast
    SLICE_X1Y41          LUT2 (Prop_lut2_I0_O)        0.326     7.757 r  system_i/axi_mem_intercon/s00_couplers/auto_pc/inst/gen_axi4_axi3.axi3_conv_inst/USE_READ.USE_SPLIT_R.read_addr_inst/USE_R_CHANNEL.cmd_queue/inst/s_axi_rlast_INST_0/O
                         net (fo=5, routed)           0.621     8.377    system_i/axi_dma_0/U0/I_PRMRY_DATAMOVER/GEN_MM2S_FULL.I_MM2S_FULL_WRAPPER/I_RD_DATA_CNTL/GEN_DATA_CNTL_FIFO.I_DATA_CNTL_FIFO/USE_SRL_FIFO.I_SYNC_FIFO/m_axi_mm2s_rlast
    SLICE_X1Y42          LUT4 (Prop_lut4_I1_O)        0.150     8.527 r  system_i/axi_dma_0/U0/I_PRMRY_DATAMOVER/GEN_MM2S_FULL.I_MM2S_FULL_WRAPPER/I_RD_DATA_CNTL/GEN_DATA_CNTL_FIFO.I_DATA_CNTL_FIFO/USE_SRL_FIFO.I_SYNC_FIFO/sig_next_cmd_cmplt_reg_i_1/O
                         net (fo=14, routed)          0.661     9.189    system_i/axi_dma_0/U0/I_PRMRY_DATAMOVER/GEN_MM2S_FULL.I_MM2S_FULL_WRAPPER/I_RD_DATA_CNTL/GEN_DATA_CNTL_FIFO.I_DATA_CNTL_FIFO_n_31
    SLICE_X6Y43          FDRE                                         r  system_i/axi_dma_0/U0/I_PRMRY_DATAMOVER/GEN_MM2S_FULL.I_MM2S_FULL_WRAPPER/I_RD_DATA_CNTL/sig_next_last_strb_reg_reg[0]/R
  -------------------------------------------------------------------    -------------------

                         (clock clk_fpga_0 rise edge)
                                                      8.000     8.000 r  <hidden>
    PS7_X0Y0             PS7                          0.000     8.000 r  system_i/ps7/inst/PS7_i/FCLKCLK[0]
                         net (fo=1, routed)           1.088     9.088    system_i/ps7/inst/FCLK_CLK_unbuffered[0]
    BUFGCTRL_X0Y16       BUFG (Prop_bufg_I_O)         0.091     9.179 r  system_i/ps7/inst/buffer_fclk_clk_0.FCLK_CLK_0_BUFG/O
                         net (fo=16057, routed)       1.658    10.837    system_i/axi_dma_0/U0/I_PRMRY_DATAMOVER/GEN_MM2S_FULL.I_MM2S_FULL_WRAPPER/I_RD_DATA_CNTL/m_axi_mm2s_aclk
    SLICE_X6Y43          FDRE                                         r  system_i/axi_dma_0/U0/I_PRMRY_DATAMOVER/GEN_MM2S_FULL.I_MM2S_FULL_WRAPPER/I_RD_DATA_CNTL/sig_next_last_strb_reg_reg[0]/C
                         clock pessimism              0.230    11.067    <hidden>
                         clock uncertainty           -0.125    10.942    <hidden>
    SLICE_X6Y43          FDRE (Setup_fdre_C_R)       -0.732    10.210    system_i/axi_dma_0/U0/I_PRMRY_DATAMOVER/GEN_MM2S_FULL.I_MM2S_FULL_WRAPPER/I_RD_DATA_CNTL/sig_next_last_strb_reg_reg[0]
  -------------------------------------------------------------------
                         required time                         10.210    <hidden>
                         arrival time                          -9.189    <hidden>
  -------------------------------------------------------------------
                         slack                                  1.021    <hidden>

Slack (MET) :             1.021ns  (required time - arrival time)
  Source:                 system_i/axi_mem_intercon/s00_couplers/auto_us/inst/gen_upsizer.gen_full_upsizer.axi_upsizer_inst/USE_READ.read_addr_inst/GEN_CMD_QUEUE.cmd_queue/USE_FF_OUT.USE_RTL_OUTPUT_PIPELINE.M_MESG_Q_reg[29]/C
                            (rising edge-triggered cell FDRE clocked by clk_fpga_0  {rise@0.000ns fall@4.000ns period=8.000ns})
  Destination:            system_i/axi_dma_0/U0/I_PRMRY_DATAMOVER/GEN_MM2S_FULL.I_MM2S_FULL_WRAPPER/I_RD_DATA_CNTL/sig_next_last_strb_reg_reg[1]/R
                            (rising edge-triggered cell FDRE clocked by clk_fpga_0  {rise@0.000ns fall@4.000ns period=8.000ns})
  Path Group:             clk_fpga_0
  Path Type:              Setup (Max at Slow Process Corner)
  Requirement:            8.000ns  (clk_fpga_0 rise@8.000ns - clk_fpga_0 rise@0.000ns)
  Data Path Delay:        6.056ns  (logic 1.625ns (26.835%)  route 4.431ns (73.165%))
  Logic Levels:           5  (LUT2=1 LUT4=2 LUT5=1 LUT6=1)
  Clock Path Skew:        -0.066ns (DCD - SCD + CPR)
    Destination Clock Delay (DCD):    2.837ns = ( 10.837 - 8.000 ) 
    Source Clock Delay      (SCD):    3.133ns
    Clock Pessimism Removal (CPR):    0.230ns
  Clock Uncertainty:      0.125ns  ((TSJ^2 + TIJ^2)^1/2 + DJ) / 2 + PE
    Total System Jitter     (TSJ):    0.071ns
    Total Input Jitter      (TIJ):    0.240ns
    Discrete Jitter          (DJ):    0.000ns
    Phase Error              (PE):    0.000ns

    Location             Delay type                Incr(ns)  Path(ns)    Netlist Resource(s)
  -------------------------------------------------------------------    -------------------
                         (clock clk_fpga_0 rise edge)
                                                      0.000     0.000 r  <hidden>
    PS7_X0Y0             PS7                          0.000     0.000 r  system_i/ps7/inst/PS7_i/FCLKCLK[0]
                         net (fo=1, routed)           1.193     1.193    system_i/ps7/inst/FCLK_CLK_unbuffered[0]
    BUFGCTRL_X0Y16       BUFG (Prop_bufg_I_O)         0.101     1.294 r  system_i/ps7/inst/buffer_fclk_clk_0.FCLK_CLK_0_BUFG/O
                         net (fo=16057, routed)       1.839     3.133    system_i/axi_mem_intercon/s00_couplers/auto_us/inst/gen_upsizer.gen_full_upsizer.axi_upsizer_inst/USE_READ.read_addr_inst/GEN_CMD_QUEUE.cmd_queue/out
    SLICE_X0Y48          FDRE                                         r  system_i/axi_mem_intercon/s00_couplers/auto_us/inst/gen_upsizer.gen_full_upsizer.axi_upsizer_inst/USE_READ.read_addr_inst/GEN_CMD_QUEUE.cmd_queue/USE_FF_OUT.USE_RTL_OUTPUT_PIPELINE.M_MESG_Q_reg[29]/C
  -------------------------------------------------------------------    -------------------
    SLICE_X0Y48          FDRE (Prop_fdre_C_Q)         0.518     3.651 r  system_i/axi_mem_intercon/s00_couplers/auto_us/inst/gen_upsizer.gen_full_upsizer.axi_upsizer_inst/USE_READ.read_addr_inst/GEN_CMD_QUEUE.cmd_queue/USE_FF_OUT.USE_RTL_OUTPUT_PIPELINE.M_MESG_Q_reg[29]/Q
                         net (fo=14, routed)          1.213     4.864    system_i/axi_mem_intercon/s00_couplers/auto_us/inst/gen_upsizer.gen_full_upsizer.axi_upsizer_inst/USE_READ.read_addr_inst/GEN_CMD_QUEUE.cmd_queue/Q[7]
    SLICE_X1Y45          LUT5 (Prop_lut5_I3_O)        0.154     5.018 r  system_i/axi_mem_intercon/s00_couplers/auto_us/inst/gen_upsizer.gen_full_upsizer.axi_upsizer_inst/USE_READ.read_addr_inst/GEN_CMD_QUEUE.cmd_queue/s_axi_rlast_INST_0_i_7/O
                         net (fo=1, routed)           0.567     5.586    system_i/axi_mem_intercon/s00_couplers/auto_us/inst/gen_upsizer.gen_full_upsizer.axi_upsizer_inst/USE_READ.read_addr_inst/GEN_CMD_QUEUE.cmd_queue/s_axi_rlast_INST_0_i_7_n_0
    SLICE_X3Y45          LUT6 (Prop_lut6_I4_O)        0.327     5.913 f  system_i/axi_mem_intercon/s00_couplers/auto_us/inst/gen_upsizer.gen_full_upsizer.axi_upsizer_inst/USE_READ.read_addr_inst/GEN_CMD_QUEUE.cmd_queue/s_axi_rlast_INST_0_i_2/O
                         net (fo=4, routed)           0.588     6.501    system_i/axi_mem_intercon/s00_couplers/auto_us/inst/gen_upsizer.gen_full_upsizer.axi_upsizer_inst/USE_READ.gen_non_fifo_r_upsizer.read_data_inst/use_wrap_buffer_reg_0
    SLICE_X1Y45          LUT4 (Prop_lut4_I2_O)        0.150     6.651 r  system_i/axi_mem_intercon/s00_couplers/auto_us/inst/gen_upsizer.gen_full_upsizer.axi_upsizer_inst/USE_READ.gen_non_fifo_r_upsizer.read_data_inst/s_axi_rlast_INST_0/O
                         net (fo=4, routed)           0.780     7.431    system_i/axi_mem_intercon/s00_couplers/auto_pc/inst/gen_axi4_axi3.axi3_conv_inst/USE_READ.USE_SPLIT_R.read_addr_inst/USE_R_CHANNEL.cmd_queue/inst/m_axi_rlast
    SLICE_X1Y41          LUT2 (Prop_lut2_I0_O)        0.326     7.757 r  system_i/axi_mem_intercon/s00_couplers/auto_pc/inst/gen_axi4_axi3.axi3_conv_inst/USE_READ.USE_SPLIT_R.read_addr_inst/USE_R_CHANNEL.cmd_queue/inst/s_axi_rlast_INST_0/O
                         net (fo=5, routed)           0.621     8.377    system_i/axi_dma_0/U0/I_PRMRY_DATAMOVER/GEN_MM2S_FULL.I_MM2S_FULL_WRAPPER/I_RD_DATA_CNTL/GEN_DATA_CNTL_FIFO.I_DATA_CNTL_FIFO/USE_SRL_FIFO.I_SYNC_FIFO/m_axi_mm2s_rlast
    SLICE_X1Y42          LUT4 (Prop_lut4_I1_O)        0.150     8.527 r  system_i/axi_dma_0/U0/I_PRMRY_DATAMOVER/GEN_MM2S_FULL.I_MM2S_FULL_WRAPPER/I_RD_DATA_CNTL/GEN_DATA_CNTL_FIFO.I_DATA_CNTL_FIFO/USE_SRL_FIFO.I_SYNC_FIFO/sig_next_cmd_cmplt_reg_i_1/O
                         net (fo=14, routed)          0.661     9.189    system_i/axi_dma_0/U0/I_PRMRY_DATAMOVER/GEN_MM2S_FULL.I_MM2S_FULL_WRAPPER/I_RD_DATA_CNTL/GEN_DATA_CNTL_FIFO.I_DATA_CNTL_FIFO_n_31
    SLICE_X6Y43          FDRE                                         r  system_i/axi_dma_0/U0/I_PRMRY_DATAMOVER/GEN_MM2S_FULL.I_MM2S_FULL_WRAPPER/I_RD_DATA_CNTL/sig_next_last_strb_reg_reg[1]/R
  -------------------------------------------------------------------    -------------------

                         (clock clk_fpga_0 rise edge)
                                                      8.000     8.000 r  <hidden>
    PS7_X0Y0             PS7                          0.000     8.000 r  system_i/ps7/inst/PS7_i/FCLKCLK[0]
                         net (fo=1, routed)           1.088     9.088    system_i/ps7/inst/FCLK_CLK_unbuffered[0]
    BUFGCTRL_X0Y16       BUFG (Prop_bufg_I_O)         0.091     9.179 r  system_i/ps7/inst/buffer_fclk_clk_0.FCLK_CLK_0_BUFG/O
                         net (fo=16057, routed)       1.658    10.837    system_i/axi_dma_0/U0/I_PRMRY_DATAMOVER/GEN_MM2S_FULL.I_MM2S_FULL_WRAPPER/I_RD_DATA_CNTL/m_axi_mm2s_aclk
    SLICE_X6Y43          FDRE                                         r  system_i/axi_dma_0/U0/I_PRMRY_DATAMOVER/GEN_MM2S_FULL.I_MM2S_FULL_WRAPPER/I_RD_DATA_CNTL/sig_next_last_strb_reg_reg[1]/C
                         clock pessimism              0.230    11.067    <hidden>
                         clock uncertainty           -0.125    10.942    <hidden>
    SLICE_X6Y43          FDRE (Setup_fdre_C_R)       -0.732    10.210    system_i/axi_dma_0/U0/I_PRMRY_DATAMOVER/GEN_MM2S_FULL.I_MM2S_FULL_WRAPPER/I_RD_DATA_CNTL/sig_next_last_strb_reg_reg[1]
  -------------------------------------------------------------------
                         required time                         10.210    <hidden>
                         arrival time                          -9.189    <hidden>
  -------------------------------------------------------------------
                         slack                                  1.021    <hidden>

Slack (MET) :             1.021ns  (required time - arrival time)
  Source:                 system_i/axi_mem_intercon/s00_couplers/auto_us/inst/gen_upsizer.gen_full_upsizer.axi_upsizer_inst/USE_READ.read_addr_inst/GEN_CMD_QUEUE.cmd_queue/USE_FF_OUT.USE_RTL_OUTPUT_PIPELINE.M_MESG_Q_reg[29]/C
                            (rising edge-triggered cell FDRE clocked by clk_fpga_0  {rise@0.000ns fall@4.000ns period=8.000ns})
  Destination:            system_i/axi_dma_0/U0/I_PRMRY_DATAMOVER/GEN_MM2S_FULL.I_MM2S_FULL_WRAPPER/I_RD_DATA_CNTL/sig_next_last_strb_reg_reg[2]/R
                            (rising edge-triggered cell FDRE clocked by clk_fpga_0  {rise@0.000ns fall@4.000ns period=8.000ns})
  Path Group:             clk_fpga_0
  Path Type:              Setup (Max at Slow Process Corner)
  Requirement:            8.000ns  (clk_fpga_0 rise@8.000ns - clk_fpga_0 rise@0.000ns)
  Data Path Delay:        6.056ns  (logic 1.625ns (26.835%)  route 4.431ns (73.165%))
  Logic Levels:           5  (LUT2=1 LUT4=2 LUT5=1 LUT6=1)
  Clock Path Skew:        -0.066ns (DCD - SCD + CPR)
    Destination Clock Delay (DCD):    2.837ns = ( 10.837 - 8.000 ) 
    Source Clock Delay      (SCD):    3.133ns
    Clock Pessimism Removal (CPR):    0.230ns
  Clock Uncertainty:      0.125ns  ((TSJ^2 + TIJ^2)^1/2 + DJ) / 2 + PE
    Total System Jitter     (TSJ):    0.071ns
    Total Input Jitter      (TIJ):    0.240ns
    Discrete Jitter          (DJ):    0.000ns
    Phase Error              (PE):    0.000ns

    Location             Delay type                Incr(ns)  Path(ns)    Netlist Resource(s)
  -------------------------------------------------------------------    -------------------
                         (clock clk_fpga_0 rise edge)
                                                      0.000     0.000 r  <hidden>
    PS7_X0Y0             PS7                          0.000     0.000 r  system_i/ps7/inst/PS7_i/FCLKCLK[0]
                         net (fo=1, routed)           1.193     1.193    system_i/ps7/inst/FCLK_CLK_unbuffered[0]
    BUFGCTRL_X0Y16       BUFG (Prop_bufg_I_O)         0.101     1.294 r  system_i/ps7/inst/buffer_fclk_clk_0.FCLK_CLK_0_BUFG/O
                         net (fo=16057, routed)       1.839     3.133    system_i/axi_mem_intercon/s00_couplers/auto_us/inst/gen_upsizer.gen_full_upsizer.axi_upsizer_inst/USE_READ.read_addr_inst/GEN_CMD_QUEUE.cmd_queue/out
    SLICE_X0Y48          FDRE                                         r  system_i/axi_mem_intercon/s00_couplers/auto_us/inst/gen_upsizer.gen_full_upsizer.axi_upsizer_inst/USE_READ.read_addr_inst/GEN_CMD_QUEUE.cmd_queue/USE_FF_OUT.USE_RTL_OUTPUT_PIPELINE.M_MESG_Q_reg[29]/C
  -------------------------------------------------------------------    -------------------
    SLICE_X0Y48          FDRE (Prop_fdre_C_Q)         0.518     3.651 r  system_i/axi_mem_intercon/s00_couplers/auto_us/inst/gen_upsizer.gen_full_upsizer.axi_upsizer_inst/USE_READ.read_addr_inst/GEN_CMD_QUEUE.cmd_queue/USE_FF_OUT.USE_RTL_OUTPUT_PIPELINE.M_MESG_Q_reg[29]/Q
                         net (fo=14, routed)          1.213     4.864    system_i/axi_mem_intercon/s00_couplers/auto_us/inst/gen_upsizer.gen_full_upsizer.axi_upsizer_inst/USE_READ.read_addr_inst/GEN_CMD_QUEUE.cmd_queue/Q[7]
    SLICE_X1Y45          LUT5 (Prop_lut5_I3_O)        0.154     5.018 r  system_i/axi_mem_intercon/s00_couplers/auto_us/inst/gen_upsizer.gen_full_upsizer.axi_upsizer_inst/USE_READ.read_addr_inst/GEN_CMD_QUEUE.cmd_queue/s_axi_rlast_INST_0_i_7/O
                         net (fo=1, routed)           0.567     5.586    system_i/axi_mem_intercon/s00_couplers/auto_us/inst/gen_upsizer.gen_full_upsizer.axi_upsizer_inst/USE_READ.read_addr_inst/GEN_CMD_QUEUE.cmd_queue/s_axi_rlast_INST_0_i_7_n_0
    SLICE_X3Y45          LUT6 (Prop_lut6_I4_O)        0.327     5.913 f  system_i/axi_mem_intercon/s00_couplers/auto_us/inst/gen_upsizer.gen_full_upsizer.axi_upsizer_inst/USE_READ.read_addr_inst/GEN_CMD_QUEUE.cmd_queue/s_axi_rlast_INST_0_i_2/O
                         net (fo=4, routed)           0.588     6.501    system_i/axi_mem_intercon/s00_couplers/auto_us/inst/gen_upsizer.gen_full_upsizer.axi_upsizer_inst/USE_READ.gen_non_fifo_r_upsizer.read_data_inst/use_wrap_buffer_reg_0
    SLICE_X1Y45          LUT4 (Prop_lut4_I2_O)        0.150     6.651 r  system_i/axi_mem_intercon/s00_couplers/auto_us/inst/gen_upsizer.gen_full_upsizer.axi_upsizer_inst/USE_READ.gen_non_fifo_r_upsizer.read_data_inst/s_axi_rlast_INST_0/O
                         net (fo=4, routed)           0.780     7.431    system_i/axi_mem_intercon/s00_couplers/auto_pc/inst/gen_axi4_axi3.axi3_conv_inst/USE_READ.USE_SPLIT_R.read_addr_inst/USE_R_CHANNEL.cmd_queue/inst/m_axi_rlast
    SLICE_X1Y41          LUT2 (Prop_lut2_I0_O)        0.326     7.757 r  system_i/axi_mem_intercon/s00_couplers/auto_pc/inst/gen_axi4_axi3.axi3_conv_inst/USE_READ.USE_SPLIT_R.read_addr_inst/USE_R_CHANNEL.cmd_queue/inst/s_axi_rlast_INST_0/O
                         net (fo=5, routed)           0.621     8.377    system_i/axi_dma_0/U0/I_PRMRY_DATAMOVER/GEN_MM2S_FULL.I_MM2S_FULL_WRAPPER/I_RD_DATA_CNTL/GEN_DATA_CNTL_FIFO.I_DATA_CNTL_FIFO/USE_SRL_FIFO.I_SYNC_FIFO/m_axi_mm2s_rlast
    SLICE_X1Y42          LUT4 (Prop_lut4_I1_O)        0.150     8.527 r  system_i/axi_dma_0/U0/I_PRMRY_DATAMOVER/GEN_MM2S_FULL.I_MM2S_FULL_WRAPPER/I_RD_DATA_CNTL/GEN_DATA_CNTL_FIFO.I_DATA_CNTL_FIFO/USE_SRL_FIFO.I_SYNC_FIFO/sig_next_cmd_cmplt_reg_i_1/O
                         net (fo=14, routed)          0.661     9.189    system_i/axi_dma_0/U0/I_PRMRY_DATAMOVER/GEN_MM2S_FULL.I_MM2S_FULL_WRAPPER/I_RD_DATA_CNTL/GEN_DATA_CNTL_FIFO.I_DATA_CNTL_FIFO_n_31
    SLICE_X6Y43          FDRE                                         r  system_i/axi_dma_0/U0/I_PRMRY_DATAMOVER/GEN_MM2S_FULL.I_MM2S_FULL_WRAPPER/I_RD_DATA_CNTL/sig_next_last_strb_reg_reg[2]/R
  -------------------------------------------------------------------    -------------------

                         (clock clk_fpga_0 rise edge)
                                                      8.000     8.000 r  <hidden>
    PS7_X0Y0             PS7                          0.000     8.000 r  system_i/ps7/inst/PS7_i/FCLKCLK[0]
                         net (fo=1, routed)           1.088     9.088    system_i/ps7/inst/FCLK_CLK_unbuffered[0]
    BUFGCTRL_X0Y16       BUFG (Prop_bufg_I_O)         0.091     9.179 r  system_i/ps7/inst/buffer_fclk_clk_0.FCLK_CLK_0_BUFG/O
                         net (fo=16057, routed)       1.658    10.837    system_i/axi_dma_0/U0/I_PRMRY_DATAMOVER/GEN_MM2S_FULL.I_MM2S_FULL_WRAPPER/I_RD_DATA_CNTL/m_axi_mm2s_aclk
    SLICE_X6Y43          FDRE                                         r  system_i/axi_dma_0/U0/I_PRMRY_DATAMOVER/GEN_MM2S_FULL.I_MM2S_FULL_WRAPPER/I_RD_DATA_CNTL/sig_next_last_strb_reg_reg[2]/C
                         clock pessimism              0.230    11.067    <hidden>
                         clock uncertainty           -0.125    10.942    <hidden>
    SLICE_X6Y43          FDRE (Setup_fdre_C_R)       -0.732    10.210    system_i/axi_dma_0/U0/I_PRMRY_DATAMOVER/GEN_MM2S_FULL.I_MM2S_FULL_WRAPPER/I_RD_DATA_CNTL/sig_next_last_strb_reg_reg[2]
  -------------------------------------------------------------------
                         required time                         10.210    <hidden>
                         arrival time                          -9.189    <hidden>
  -------------------------------------------------------------------
                         slack                                  1.021    <hidden>

Slack (MET) :             1.021ns  (required time - arrival time)
  Source:                 system_i/axi_mem_intercon/s00_couplers/auto_us/inst/gen_upsizer.gen_full_upsizer.axi_upsizer_inst/USE_READ.read_addr_inst/GEN_CMD_QUEUE.cmd_queue/USE_FF_OUT.USE_RTL_OUTPUT_PIPELINE.M_MESG_Q_reg[29]/C
                            (rising edge-triggered cell FDRE clocked by clk_fpga_0  {rise@0.000ns fall@4.000ns period=8.000ns})
  Destination:            system_i/axi_dma_0/U0/I_PRMRY_DATAMOVER/GEN_MM2S_FULL.I_MM2S_FULL_WRAPPER/I_RD_DATA_CNTL/sig_next_last_strb_reg_reg[3]/R
                            (rising edge-triggered cell FDRE clocked by clk_fpga_0  {rise@0.000ns fall@4.000ns period=8.000ns})
  Path Group:             clk_fpga_0
  Path Type:              Setup (Max at Slow Process Corner)
  Requirement:            8.000ns  (clk_fpga_0 rise@8.000ns - clk_fpga_0 rise@0.000ns)
  Data Path Delay:        6.056ns  (logic 1.625ns (26.835%)  route 4.431ns (73.165%))
  Logic Levels:           5  (LUT2=1 LUT4=2 LUT5=1 LUT6=1)
  Clock Path Skew:        -0.066ns (DCD - SCD + CPR)
    Destination Clock Delay (DCD):    2.837ns = ( 10.837 - 8.000 ) 
    Source Clock Delay      (SCD):    3.133ns
    Clock Pessimism Removal (CPR):    0.230ns
  Clock Uncertainty:      0.125ns  ((TSJ^2 + TIJ^2)^1/2 + DJ) / 2 + PE
    Total System Jitter     (TSJ):    0.071ns
    Total Input Jitter      (TIJ):    0.240ns
    Discrete Jitter          (DJ):    0.000ns
    Phase Error              (PE):    0.000ns

    Location             Delay type                Incr(ns)  Path(ns)    Netlist Resource(s)
  -------------------------------------------------------------------    -------------------
                         (clock clk_fpga_0 rise edge)
                                                      0.000     0.000 r  <hidden>
    PS7_X0Y0             PS7                          0.000     0.000 r  system_i/ps7/inst/PS7_i/FCLKCLK[0]
                         net (fo=1, routed)           1.193     1.193    system_i/ps7/inst/FCLK_CLK_unbuffered[0]
    BUFGCTRL_X0Y16       BUFG (Prop_bufg_I_O)         0.101     1.294 r  system_i/ps7/inst/buffer_fclk_clk_0.FCLK_CLK_0_BUFG/O
                         net (fo=16057, routed)       1.839     3.133    system_i/axi_mem_intercon/s00_couplers/auto_us/inst/gen_upsizer.gen_full_upsizer.axi_upsizer_inst/USE_READ.read_addr_inst/GEN_CMD_QUEUE.cmd_queue/out
    SLICE_X0Y48          FDRE                                         r  system_i/axi_mem_intercon/s00_couplers/auto_us/inst/gen_upsizer.gen_full_upsizer.axi_upsizer_inst/USE_READ.read_addr_inst/GEN_CMD_QUEUE.cmd_queue/USE_FF_OUT.USE_RTL_OUTPUT_PIPELINE.M_MESG_Q_reg[29]/C
  -------------------------------------------------------------------    -------------------
    SLICE_X0Y48          FDRE (Prop_fdre_C_Q)         0.518     3.651 r  system_i/axi_mem_intercon/s00_couplers/auto_us/inst/gen_upsizer.gen_full_upsizer.axi_upsizer_inst/USE_READ.read_addr_inst/GEN_CMD_QUEUE.cmd_queue/USE_FF_OUT.USE_RTL_OUTPUT_PIPELINE.M_MESG_Q_reg[29]/Q
                         net (fo=14, routed)          1.213     4.864    system_i/axi_mem_intercon/s00_couplers/auto_us/inst/gen_upsizer.gen_full_upsizer.axi_upsizer_inst/USE_READ.read_addr_inst/GEN_CMD_QUEUE.cmd_queue/Q[7]
    SLICE_X1Y45          LUT5 (Prop_lut5_I3_O)        0.154     5.018 r  system_i/axi_mem_intercon/s00_couplers/auto_us/inst/gen_upsizer.gen_full_upsizer.axi_upsizer_inst/USE_READ.read_addr_inst/GEN_CMD_QUEUE.cmd_queue/s_axi_rlast_INST_0_i_7/O
                         net (fo=1, routed)           0.567     5.586    system_i/axi_mem_intercon/s00_couplers/auto_us/inst/gen_upsizer.gen_full_upsizer.axi_upsizer_inst/USE_READ.read_addr_inst/GEN_CMD_QUEUE.cmd_queue/s_axi_rlast_INST_0_i_7_n_0
    SLICE_X3Y45          LUT6 (Prop_lut6_I4_O)        0.327     5.913 f  system_i/axi_mem_intercon/s00_couplers/auto_us/inst/gen_upsizer.gen_full_upsizer.axi_upsizer_inst/USE_READ.read_addr_inst/GEN_CMD_QUEUE.cmd_queue/s_axi_rlast_INST_0_i_2/O
                         net (fo=4, routed)           0.588     6.501    system_i/axi_mem_intercon/s00_couplers/auto_us/inst/gen_upsizer.gen_full_upsizer.axi_upsizer_inst/USE_READ.gen_non_fifo_r_upsizer.read_data_inst/use_wrap_buffer_reg_0
    SLICE_X1Y45          LUT4 (Prop_lut4_I2_O)        0.150     6.651 r  system_i/axi_mem_intercon/s00_couplers/auto_us/inst/gen_upsizer.gen_full_upsizer.axi_upsizer_inst/USE_READ.gen_non_fifo_r_upsizer.read_data_inst/s_axi_rlast_INST_0/O
                         net (fo=4, routed)           0.780     7.431    system_i/axi_mem_intercon/s00_couplers/auto_pc/inst/gen_axi4_axi3.axi3_conv_inst/USE_READ.USE_SPLIT_R.read_addr_inst/USE_R_CHANNEL.cmd_queue/inst/m_axi_rlast
    SLICE_X1Y41          LUT2 (Prop_lut2_I0_O)        0.326     7.757 r  system_i/axi_mem_intercon/s00_couplers/auto_pc/inst/gen_axi4_axi3.axi3_conv_inst/USE_READ.USE_SPLIT_R.read_addr_inst/USE_R_CHANNEL.cmd_queue/inst/s_axi_rlast_INST_0/O
                         net (fo=5, routed)           0.621     8.377    system_i/axi_dma_0/U0/I_PRMRY_DATAMOVER/GEN_MM2S_FULL.I_MM2S_FULL_WRAPPER/I_RD_DATA_CNTL/GEN_DATA_CNTL_FIFO.I_DATA_CNTL_FIFO/USE_SRL_FIFO.I_SYNC_FIFO/m_axi_mm2s_rlast
    SLICE_X1Y42          LUT4 (Prop_lut4_I1_O)        0.150     8.527 r  system_i/axi_dma_0/U0/I_PRMRY_DATAMOVER/GEN_MM2S_FULL.I_MM2S_FULL_WRAPPER/I_RD_DATA_CNTL/GEN_DATA_CNTL_FIFO.I_DATA_CNTL_FIFO/USE_SRL_FIFO.I_SYNC_FIFO/sig_next_cmd_cmplt_reg_i_1/O
                         net (fo=14, routed)          0.661     9.189    system_i/axi_dma_0/U0/I_PRMRY_DATAMOVER/GEN_MM2S_FULL.I_MM2S_FULL_WRAPPER/I_RD_DATA_CNTL/GEN_DATA_CNTL_FIFO.I_DATA_CNTL_FIFO_n_31
    SLICE_X6Y43          FDRE                                         r  system_i/axi_dma_0/U0/I_PRMRY_DATAMOVER/GEN_MM2S_FULL.I_MM2S_FULL_WRAPPER/I_RD_DATA_CNTL/sig_next_last_strb_reg_reg[3]/R
  -------------------------------------------------------------------    -------------------

                         (clock clk_fpga_0 rise edge)
                                                      8.000     8.000 r  <hidden>
    PS7_X0Y0             PS7                          0.000     8.000 r  system_i/ps7/inst/PS7_i/FCLKCLK[0]
                         net (fo=1, routed)           1.088     9.088    system_i/ps7/inst/FCLK_CLK_unbuffered[0]
    BUFGCTRL_X0Y16       BUFG (Prop_bufg_I_O)         0.091     9.179 r  system_i/ps7/inst/buffer_fclk_clk_0.FCLK_CLK_0_BUFG/O
                         net (fo=16057, routed)       1.658    10.837    system_i/axi_dma_0/U0/I_PRMRY_DATAMOVER/GEN_MM2S_FULL.I_MM2S_FULL_WRAPPER/I_RD_DATA_CNTL/m_axi_mm2s_aclk
    SLICE_X6Y43          FDRE                                         r  system_i/axi_dma_0/U0/I_PRMRY_DATAMOVER/GEN_MM2S_FULL.I_MM2S_FULL_WRAPPER/I_RD_DATA_CNTL/sig_next_last_strb_reg_reg[3]/C
                         clock pessimism              0.230    11.067    <hidden>
                         clock uncertainty           -0.125    10.942    <hidden>
    SLICE_X6Y43          FDRE (Setup_fdre_C_R)       -0.732    10.210    system_i/axi_dma_0/U0/I_PRMRY_DATAMOVER/GEN_MM2S_FULL.I_MM2S_FULL_WRAPPER/I_RD_DATA_CNTL/sig_next_last_strb_reg_reg[3]
  -------------------------------------------------------------------
                         required time                         10.210    <hidden>
                         arrival time                          -9.189    <hidden>
  -------------------------------------------------------------------
                         slack                                  1.021    <hidden>

Slack (MET) :             1.021ns  (required time - arrival time)
  Source:                 system_i/axi_mem_intercon/s00_couplers/auto_us/inst/gen_upsizer.gen_full_upsizer.axi_upsizer_inst/USE_READ.read_addr_inst/GEN_CMD_QUEUE.cmd_queue/USE_FF_OUT.USE_RTL_OUTPUT_PIPELINE.M_MESG_Q_reg[29]/C
                            (rising edge-triggered cell FDRE clocked by clk_fpga_0  {rise@0.000ns fall@4.000ns period=8.000ns})
  Destination:            system_i/axi_dma_0/U0/I_PRMRY_DATAMOVER/GEN_MM2S_FULL.I_MM2S_FULL_WRAPPER/I_RD_DATA_CNTL/sig_next_sequential_reg_reg/R
                            (rising edge-triggered cell FDRE clocked by clk_fpga_0  {rise@0.000ns fall@4.000ns period=8.000ns})
  Path Group:             clk_fpga_0
  Path Type:              Setup (Max at Slow Process Corner)
  Requirement:            8.000ns  (clk_fpga_0 rise@8.000ns - clk_fpga_0 rise@0.000ns)
  Data Path Delay:        6.056ns  (logic 1.625ns (26.835%)  route 4.431ns (73.165%))
  Logic Levels:           5  (LUT2=1 LUT4=2 LUT5=1 LUT6=1)
  Clock Path Skew:        -0.066ns (DCD - SCD + CPR)
    Destination Clock Delay (DCD):    2.837ns = ( 10.837 - 8.000 ) 
    Source Clock Delay      (SCD):    3.133ns
    Clock Pessimism Removal (CPR):    0.230ns
  Clock Uncertainty:      0.125ns  ((TSJ^2 + TIJ^2)^1/2 + DJ) / 2 + PE
    Total System Jitter     (TSJ):    0.071ns
    Total Input Jitter      (TIJ):    0.240ns
    Discrete Jitter          (DJ):    0.000ns
    Phase Error              (PE):    0.000ns

    Location             Delay type                Incr(ns)  Path(ns)    Netlist Resource(s)
  -------------------------------------------------------------------    -------------------
                         (clock clk_fpga_0 rise edge)
                                                      0.000     0.000 r  <hidden>
    PS7_X0Y0             PS7                          0.000     0.000 r  system_i/ps7/inst/PS7_i/FCLKCLK[0]
                         net (fo=1, routed)           1.193     1.193    system_i/ps7/inst/FCLK_CLK_unbuffered[0]
    BUFGCTRL_X0Y16       BUFG (Prop_bufg_I_O)         0.101     1.294 r  system_i/ps7/inst/buffer_fclk_clk_0.FCLK_CLK_0_BUFG/O
                         net (fo=16057, routed)       1.839     3.133    system_i/axi_mem_intercon/s00_couplers/auto_us/inst/gen_upsizer.gen_full_upsizer.axi_upsizer_inst/USE_READ.read_addr_inst/GEN_CMD_QUEUE.cmd_queue/out
    SLICE_X0Y48          FDRE                                         r  system_i/axi_mem_intercon/s00_couplers/auto_us/inst/gen_upsizer.gen_full_upsizer.axi_upsizer_inst/USE_READ.read_addr_inst/GEN_CMD_QUEUE.cmd_queue/USE_FF_OUT.USE_RTL_OUTPUT_PIPELINE.M_MESG_Q_reg[29]/C
  -------------------------------------------------------------------    -------------------
    SLICE_X0Y48          FDRE (Prop_fdre_C_Q)         0.518     3.651 r  system_i/axi_mem_intercon/s00_couplers/auto_us/inst/gen_upsizer.gen_full_upsizer.axi_upsizer_inst/USE_READ.read_addr_inst/GEN_CMD_QUEUE.cmd_queue/USE_FF_OUT.USE_RTL_OUTPUT_PIPELINE.M_MESG_Q_reg[29]/Q
                         net (fo=14, routed)          1.213     4.864    system_i/axi_mem_intercon/s00_couplers/auto_us/inst/gen_upsizer.gen_full_upsizer.axi_upsizer_inst/USE_READ.read_addr_inst/GEN_CMD_QUEUE.cmd_queue/Q[7]
    SLICE_X1Y45          LUT5 (Prop_lut5_I3_O)        0.154     5.018 r  system_i/axi_mem_intercon/s00_couplers/auto_us/inst/gen_upsizer.gen_full_upsizer.axi_upsizer_inst/USE_READ.read_addr_inst/GEN_CMD_QUEUE.cmd_queue/s_axi_rlast_INST_0_i_7/O
                         net (fo=1, routed)           0.567     5.586    system_i/axi_mem_intercon/s00_couplers/auto_us/inst/gen_upsizer.gen_full_upsizer.axi_upsizer_inst/USE_READ.read_addr_inst/GEN_CMD_QUEUE.cmd_queue/s_axi_rlast_INST_0_i_7_n_0
    SLICE_X3Y45          LUT6 (Prop_lut6_I4_O)        0.327     5.913 f  system_i/axi_mem_intercon/s00_couplers/auto_us/inst/gen_upsizer.gen_full_upsizer.axi_upsizer_inst/USE_READ.read_addr_inst/GEN_CMD_QUEUE.cmd_queue/s_axi_rlast_INST_0_i_2/O
                         net (fo=4, routed)           0.588     6.501    system_i/axi_mem_intercon/s00_couplers/auto_us/inst/gen_upsizer.gen_full_upsizer.axi_upsizer_inst/USE_READ.gen_non_fifo_r_upsizer.read_data_inst/use_wrap_buffer_reg_0
    SLICE_X1Y45          LUT4 (Prop_lut4_I2_O)        0.150     6.651 r  system_i/axi_mem_intercon/s00_couplers/auto_us/inst/gen_upsizer.gen_full_upsizer.axi_upsizer_inst/USE_READ.gen_non_fifo_r_upsizer.read_data_inst/s_axi_rlast_INST_0/O
                         net (fo=4, routed)           0.780     7.431    system_i/axi_mem_intercon/s00_couplers/auto_pc/inst/gen_axi4_axi3.axi3_conv_inst/USE_READ.USE_SPLIT_R.read_addr_inst/USE_R_CHANNEL.cmd_queue/inst/m_axi_rlast
    SLICE_X1Y41          LUT2 (Prop_lut2_I0_O)        0.326     7.757 r  system_i/axi_mem_intercon/s00_couplers/auto_pc/inst/gen_axi4_axi3.axi3_conv_inst/USE_READ.USE_SPLIT_R.read_addr_inst/USE_R_CHANNEL.cmd_queue/inst/s_axi_rlast_INST_0/O
                         net (fo=5, routed)           0.621     8.377    system_i/axi_dma_0/U0/I_PRMRY_DATAMOVER/GEN_MM2S_FULL.I_MM2S_FULL_WRAPPER/I_RD_DATA_CNTL/GEN_DATA_CNTL_FIFO.I_DATA_CNTL_FIFO/USE_SRL_FIFO.I_SYNC_FIFO/m_axi_mm2s_rlast
    SLICE_X1Y42          LUT4 (Prop_lut4_I1_O)        0.150     8.527 r  system_i/axi_dma_0/U0/I_PRMRY_DATAMOVER/GEN_MM2S_FULL.I_MM2S_FULL_WRAPPER/I_RD_DATA_CNTL/GEN_DATA_CNTL_FIFO.I_DATA_CNTL_FIFO/USE_SRL_FIFO.I_SYNC_FIFO/sig_next_cmd_cmplt_reg_i_1/O
                         net (fo=14, routed)          0.661     9.189    system_i/axi_dma_0/U0/I_PRMRY_DATAMOVER/GEN_MM2S_FULL.I_MM2S_FULL_WRAPPER/I_RD_DATA_CNTL/GEN_DATA_CNTL_FIFO.I_DATA_CNTL_FIFO_n_31
    SLICE_X6Y43          FDRE                                         r  system_i/axi_dma_0/U0/I_PRMRY_DATAMOVER/GEN_MM2S_FULL.I_MM2S_FULL_WRAPPER/I_RD_DATA_CNTL/sig_next_sequential_reg_reg/R
  -------------------------------------------------------------------    -------------------

                         (clock clk_fpga_0 rise edge)
                                                      8.000     8.000 r  <hidden>
    PS7_X0Y0             PS7                          0.000     8.000 r  system_i/ps7/inst/PS7_i/FCLKCLK[0]
                         net (fo=1, routed)           1.088     9.088    system_i/ps7/inst/FCLK_CLK_unbuffered[0]
    BUFGCTRL_X0Y16       BUFG (Prop_bufg_I_O)         0.091     9.179 r  system_i/ps7/inst/buffer_fclk_clk_0.FCLK_CLK_0_BUFG/O
                         net (fo=16057, routed)       1.658    10.837    system_i/axi_dma_0/U0/I_PRMRY_DATAMOVER/GEN_MM2S_FULL.I_MM2S_FULL_WRAPPER/I_RD_DATA_CNTL/m_axi_mm2s_aclk
    SLICE_X6Y43          FDRE                                         r  system_i/axi_dma_0/U0/I_PRMRY_DATAMOVER/GEN_MM2S_FULL.I_MM2S_FULL_WRAPPER/I_RD_DATA_CNTL/sig_next_sequential_reg_reg/C
                         clock pessimism              0.230    11.067    <hidden>
                         clock uncertainty           -0.125    10.942    <hidden>
    SLICE_X6Y43          FDRE (Setup_fdre_C_R)       -0.732    10.210    system_i/axi_dma_0/U0/I_PRMRY_DATAMOVER/GEN_MM2S_FULL.I_MM2S_FULL_WRAPPER/I_RD_DATA_CNTL/sig_next_sequential_reg_reg
  -------------------------------------------------------------------
                         required time                         10.210    <hidden>
                         arrival time                          -9.189    <hidden>
  -------------------------------------------------------------------
                         slack                                  1.021    <hidden>

Slack (MET) :             1.027ns  (required time - arrival time)
  Source:                 system_i/axi_mem_intercon/s00_couplers/auto_us/inst/gen_upsizer.gen_full_upsizer.axi_upsizer_inst/USE_READ.read_addr_inst/GEN_CMD_QUEUE.cmd_queue/USE_FF_OUT.USE_RTL_OUTPUT_PIPELINE.M_MESG_Q_reg[29]/C
                            (rising edge-triggered cell FDRE clocked by clk_fpga_0  {rise@0.000ns fall@4.000ns period=8.000ns})
  Destination:            system_i/axi_dma_0/U0/I_PRMRY_DATAMOVER/GEN_MM2S_FULL.I_MM2S_FULL_WRAPPER/I_RD_DATA_CNTL/sig_next_strt_strb_reg_reg[0]/R
                            (rising edge-triggered cell FDRE clocked by clk_fpga_0  {rise@0.000ns fall@4.000ns period=8.000ns})
  Path Group:             clk_fpga_0
  Path Type:              Setup (Max at Slow Process Corner)
  Requirement:            8.000ns  (clk_fpga_0 rise@8.000ns - clk_fpga_0 rise@0.000ns)
  Data Path Delay:        6.050ns  (logic 1.625ns (26.859%)  route 4.425ns (73.141%))
  Logic Levels:           5  (LUT2=1 LUT4=2 LUT5=1 LUT6=1)
  Clock Path Skew:        -0.066ns (DCD - SCD + CPR)
    Destination Clock Delay (DCD):    2.837ns = ( 10.837 - 8.000 ) 
    Source Clock Delay      (SCD):    3.133ns
    Clock Pessimism Removal (CPR):    0.230ns
  Clock Uncertainty:      0.125ns  ((TSJ^2 + TIJ^2)^1/2 + DJ) / 2 + PE
    Total System Jitter     (TSJ):    0.071ns
    Total Input Jitter      (TIJ):    0.240ns
    Discrete Jitter          (DJ):    0.000ns
    Phase Error              (PE):    0.000ns

    Location             Delay type                Incr(ns)  Path(ns)    Netlist Resource(s)
  -------------------------------------------------------------------    -------------------
                         (clock clk_fpga_0 rise edge)
                                                      0.000     0.000 r  <hidden>
    PS7_X0Y0             PS7                          0.000     0.000 r  system_i/ps7/inst/PS7_i/FCLKCLK[0]
                         net (fo=1, routed)           1.193     1.193    system_i/ps7/inst/FCLK_CLK_unbuffered[0]
    BUFGCTRL_X0Y16       BUFG (Prop_bufg_I_O)         0.101     1.294 r  system_i/ps7/inst/buffer_fclk_clk_0.FCLK_CLK_0_BUFG/O
                         net (fo=16057, routed)       1.839     3.133    system_i/axi_mem_intercon/s00_couplers/auto_us/inst/gen_upsizer.gen_full_upsizer.axi_upsizer_inst/USE_READ.read_addr_inst/GEN_CMD_QUEUE.cmd_queue/out
    SLICE_X0Y48          FDRE                                         r  system_i/axi_mem_intercon/s00_couplers/auto_us/inst/gen_upsizer.gen_full_upsizer.axi_upsizer_inst/USE_READ.read_addr_inst/GEN_CMD_QUEUE.cmd_queue/USE_FF_OUT.USE_RTL_OUTPUT_PIPELINE.M_MESG_Q_reg[29]/C
  -------------------------------------------------------------------    -------------------
    SLICE_X0Y48          FDRE (Prop_fdre_C_Q)         0.518     3.651 r  system_i/axi_mem_intercon/s00_couplers/auto_us/inst/gen_upsizer.gen_full_upsizer.axi_upsizer_inst/USE_READ.read_addr_inst/GEN_CMD_QUEUE.cmd_queue/USE_FF_OUT.USE_RTL_OUTPUT_PIPELINE.M_MESG_Q_reg[29]/Q
                         net (fo=14, routed)          1.213     4.864    system_i/axi_mem_intercon/s00_couplers/auto_us/inst/gen_upsizer.gen_full_upsizer.axi_upsizer_inst/USE_READ.read_addr_inst/GEN_CMD_QUEUE.cmd_queue/Q[7]
    SLICE_X1Y45          LUT5 (Prop_lut5_I3_O)        0.154     5.018 r  system_i/axi_mem_intercon/s00_couplers/auto_us/inst/gen_upsizer.gen_full_upsizer.axi_upsizer_inst/USE_READ.read_addr_inst/GEN_CMD_QUEUE.cmd_queue/s_axi_rlast_INST_0_i_7/O
                         net (fo=1, routed)           0.567     5.586    system_i/axi_mem_intercon/s00_couplers/auto_us/inst/gen_upsizer.gen_full_upsizer.axi_upsizer_inst/USE_READ.read_addr_inst/GEN_CMD_QUEUE.cmd_queue/s_axi_rlast_INST_0_i_7_n_0
    SLICE_X3Y45          LUT6 (Prop_lut6_I4_O)        0.327     5.913 f  system_i/axi_mem_intercon/s00_couplers/auto_us/inst/gen_upsizer.gen_full_upsizer.axi_upsizer_inst/USE_READ.read_addr_inst/GEN_CMD_QUEUE.cmd_queue/s_axi_rlast_INST_0_i_2/O
                         net (fo=4, routed)           0.588     6.501    system_i/axi_mem_intercon/s00_couplers/auto_us/inst/gen_upsizer.gen_full_upsizer.axi_upsizer_inst/USE_READ.gen_non_fifo_r_upsizer.read_data_inst/use_wrap_buffer_reg_0
    SLICE_X1Y45          LUT4 (Prop_lut4_I2_O)        0.150     6.651 r  system_i/axi_mem_intercon/s00_couplers/auto_us/inst/gen_upsizer.gen_full_upsizer.axi_upsizer_inst/USE_READ.gen_non_fifo_r_upsizer.read_data_inst/s_axi_rlast_INST_0/O
                         net (fo=4, routed)           0.780     7.431    system_i/axi_mem_intercon/s00_couplers/auto_pc/inst/gen_axi4_axi3.axi3_conv_inst/USE_READ.USE_SPLIT_R.read_addr_inst/USE_R_CHANNEL.cmd_queue/inst/m_axi_rlast
    SLICE_X1Y41          LUT2 (Prop_lut2_I0_O)        0.326     7.757 r  system_i/axi_mem_intercon/s00_couplers/auto_pc/inst/gen_axi4_axi3.axi3_conv_inst/USE_READ.USE_SPLIT_R.read_addr_inst/USE_R_CHANNEL.cmd_queue/inst/s_axi_rlast_INST_0/O
                         net (fo=5, routed)           0.621     8.377    system_i/axi_dma_0/U0/I_PRMRY_DATAMOVER/GEN_MM2S_FULL.I_MM2S_FULL_WRAPPER/I_RD_DATA_CNTL/GEN_DATA_CNTL_FIFO.I_DATA_CNTL_FIFO/USE_SRL_FIFO.I_SYNC_FIFO/m_axi_mm2s_rlast
    SLICE_X1Y42          LUT4 (Prop_lut4_I1_O)        0.150     8.527 r  system_i/axi_dma_0/U0/I_PRMRY_DATAMOVER/GEN_MM2S_FULL.I_MM2S_FULL_WRAPPER/I_RD_DATA_CNTL/GEN_DATA_CNTL_FIFO.I_DATA_CNTL_FIFO/USE_SRL_FIFO.I_SYNC_FIFO/sig_next_cmd_cmplt_reg_i_1/O
                         net (fo=14, routed)          0.656     9.183    system_i/axi_dma_0/U0/I_PRMRY_DATAMOVER/GEN_MM2S_FULL.I_MM2S_FULL_WRAPPER/I_RD_DATA_CNTL/GEN_DATA_CNTL_FIFO.I_DATA_CNTL_FIFO_n_31
    SLICE_X4Y43          FDRE                                         r  system_i/axi_dma_0/U0/I_PRMRY_DATAMOVER/GEN_MM2S_FULL.I_MM2S_FULL_WRAPPER/I_RD_DATA_CNTL/sig_next_strt_strb_reg_reg[0]/R
  -------------------------------------------------------------------    -------------------

                         (clock clk_fpga_0 rise edge)
                                                      8.000     8.000 r  <hidden>
    PS7_X0Y0             PS7                          0.000     8.000 r  system_i/ps7/inst/PS7_i/FCLKCLK[0]
                         net (fo=1, routed)           1.088     9.088    system_i/ps7/inst/FCLK_CLK_unbuffered[0]
    BUFGCTRL_X0Y16       BUFG (Prop_bufg_I_O)         0.091     9.179 r  system_i/ps7/inst/buffer_fclk_clk_0.FCLK_CLK_0_BUFG/O
                         net (fo=16057, routed)       1.658    10.837    system_i/axi_dma_0/U0/I_PRMRY_DATAMOVER/GEN_MM2S_FULL.I_MM2S_FULL_WRAPPER/I_RD_DATA_CNTL/m_axi_mm2s_aclk
    SLICE_X4Y43          FDRE                                         r  system_i/axi_dma_0/U0/I_PRMRY_DATAMOVER/GEN_MM2S_FULL.I_MM2S_FULL_WRAPPER/I_RD_DATA_CNTL/sig_next_strt_strb_reg_reg[0]/C
                         clock pessimism              0.230    11.067    <hidden>
                         clock uncertainty           -0.125    10.942    <hidden>
    SLICE_X4Y43          FDRE (Setup_fdre_C_R)       -0.732    10.210    system_i/axi_dma_0/U0/I_PRMRY_DATAMOVER/GEN_MM2S_FULL.I_MM2S_FULL_WRAPPER/I_RD_DATA_CNTL/sig_next_strt_strb_reg_reg[0]
  -------------------------------------------------------------------
                         required time                         10.210    <hidden>
                         arrival time                          -9.183    <hidden>
  -------------------------------------------------------------------
                         slack                                  1.027    <hidden>

Slack (MET) :             1.027ns  (required time - arrival time)
  Source:                 system_i/axi_mem_intercon/s00_couplers/auto_us/inst/gen_upsizer.gen_full_upsizer.axi_upsizer_inst/USE_READ.read_addr_inst/GEN_CMD_QUEUE.cmd_queue/USE_FF_OUT.USE_RTL_OUTPUT_PIPELINE.M_MESG_Q_reg[29]/C
                            (rising edge-triggered cell FDRE clocked by clk_fpga_0  {rise@0.000ns fall@4.000ns period=8.000ns})
  Destination:            system_i/axi_dma_0/U0/I_PRMRY_DATAMOVER/GEN_MM2S_FULL.I_MM2S_FULL_WRAPPER/I_RD_DATA_CNTL/sig_next_strt_strb_reg_reg[1]/R
                            (rising edge-triggered cell FDRE clocked by clk_fpga_0  {rise@0.000ns fall@4.000ns period=8.000ns})
  Path Group:             clk_fpga_0
  Path Type:              Setup (Max at Slow Process Corner)
  Requirement:            8.000ns  (clk_fpga_0 rise@8.000ns - clk_fpga_0 rise@0.000ns)
  Data Path Delay:        6.050ns  (logic 1.625ns (26.859%)  route 4.425ns (73.141%))
  Logic Levels:           5  (LUT2=1 LUT4=2 LUT5=1 LUT6=1)
  Clock Path Skew:        -0.066ns (DCD - SCD + CPR)
    Destination Clock Delay (DCD):    2.837ns = ( 10.837 - 8.000 ) 
    Source Clock Delay      (SCD):    3.133ns
    Clock Pessimism Removal (CPR):    0.230ns
  Clock Uncertainty:      0.125ns  ((TSJ^2 + TIJ^2)^1/2 + DJ) / 2 + PE
    Total System Jitter     (TSJ):    0.071ns
    Total Input Jitter      (TIJ):    0.240ns
    Discrete Jitter          (DJ):    0.000ns
    Phase Error              (PE):    0.000ns

    Location             Delay type                Incr(ns)  Path(ns)    Netlist Resource(s)
  -------------------------------------------------------------------    -------------------
                         (clock clk_fpga_0 rise edge)
                                                      0.000     0.000 r  <hidden>
    PS7_X0Y0             PS7                          0.000     0.000 r  system_i/ps7/inst/PS7_i/FCLKCLK[0]
                         net (fo=1, routed)           1.193     1.193    system_i/ps7/inst/FCLK_CLK_unbuffered[0]
    BUFGCTRL_X0Y16       BUFG (Prop_bufg_I_O)         0.101     1.294 r  system_i/ps7/inst/buffer_fclk_clk_0.FCLK_CLK_0_BUFG/O
                         net (fo=16057, routed)       1.839     3.133    system_i/axi_mem_intercon/s00_couplers/auto_us/inst/gen_upsizer.gen_full_upsizer.axi_upsizer_inst/USE_READ.read_addr_inst/GEN_CMD_QUEUE.cmd_queue/out
    SLICE_X0Y48          FDRE                                         r  system_i/axi_mem_intercon/s00_couplers/auto_us/inst/gen_upsizer.gen_full_upsizer.axi_upsizer_inst/USE_READ.read_addr_inst/GEN_CMD_QUEUE.cmd_queue/USE_FF_OUT.USE_RTL_OUTPUT_PIPELINE.M_MESG_Q_reg[29]/C
  -------------------------------------------------------------------    -------------------
    SLICE_X0Y48          FDRE (Prop_fdre_C_Q)         0.518     3.651 r  system_i/axi_mem_intercon/s00_couplers/auto_us/inst/gen_upsizer.gen_full_upsizer.axi_upsizer_inst/USE_READ.read_addr_inst/GEN_CMD_QUEUE.cmd_queue/USE_FF_OUT.USE_RTL_OUTPUT_PIPELINE.M_MESG_Q_reg[29]/Q
                         net (fo=14, routed)          1.213     4.864    system_i/axi_mem_intercon/s00_couplers/auto_us/inst/gen_upsizer.gen_full_upsizer.axi_upsizer_inst/USE_READ.read_addr_inst/GEN_CMD_QUEUE.cmd_queue/Q[7]
    SLICE_X1Y45          LUT5 (Prop_lut5_I3_O)        0.154     5.018 r  system_i/axi_mem_intercon/s00_couplers/auto_us/inst/gen_upsizer.gen_full_upsizer.axi_upsizer_inst/USE_READ.read_addr_inst/GEN_CMD_QUEUE.cmd_queue/s_axi_rlast_INST_0_i_7/O
                         net (fo=1, routed)           0.567     5.586    system_i/axi_mem_intercon/s00_couplers/auto_us/inst/gen_upsizer.gen_full_upsizer.axi_upsizer_inst/USE_READ.read_addr_inst/GEN_CMD_QUEUE.cmd_queue/s_axi_rlast_INST_0_i_7_n_0
    SLICE_X3Y45          LUT6 (Prop_lut6_I4_O)        0.327     5.913 f  system_i/axi_mem_intercon/s00_couplers/auto_us/inst/gen_upsizer.gen_full_upsizer.axi_upsizer_inst/USE_READ.read_addr_inst/GEN_CMD_QUEUE.cmd_queue/s_axi_rlast_INST_0_i_2/O
                         net (fo=4, routed)           0.588     6.501    system_i/axi_mem_intercon/s00_couplers/auto_us/inst/gen_upsizer.gen_full_upsizer.axi_upsizer_inst/USE_READ.gen_non_fifo_r_upsizer.read_data_inst/use_wrap_buffer_reg_0
    SLICE_X1Y45          LUT4 (Prop_lut4_I2_O)        0.150     6.651 r  system_i/axi_mem_intercon/s00_couplers/auto_us/inst/gen_upsizer.gen_full_upsizer.axi_upsizer_inst/USE_READ.gen_non_fifo_r_upsizer.read_data_inst/s_axi_rlast_INST_0/O
                         net (fo=4, routed)           0.780     7.431    system_i/axi_mem_intercon/s00_couplers/auto_pc/inst/gen_axi4_axi3.axi3_conv_inst/USE_READ.USE_SPLIT_R.read_addr_inst/USE_R_CHANNEL.cmd_queue/inst/m_axi_rlast
    SLICE_X1Y41          LUT2 (Prop_lut2_I0_O)        0.326     7.757 r  system_i/axi_mem_intercon/s00_couplers/auto_pc/inst/gen_axi4_axi3.axi3_conv_inst/USE_READ.USE_SPLIT_R.read_addr_inst/USE_R_CHANNEL.cmd_queue/inst/s_axi_rlast_INST_0/O
                         net (fo=5, routed)           0.621     8.377    system_i/axi_dma_0/U0/I_PRMRY_DATAMOVER/GEN_MM2S_FULL.I_MM2S_FULL_WRAPPER/I_RD_DATA_CNTL/GEN_DATA_CNTL_FIFO.I_DATA_CNTL_FIFO/USE_SRL_FIFO.I_SYNC_FIFO/m_axi_mm2s_rlast
    SLICE_X1Y42          LUT4 (Prop_lut4_I1_O)        0.150     8.527 r  system_i/axi_dma_0/U0/I_PRMRY_DATAMOVER/GEN_MM2S_FULL.I_MM2S_FULL_WRAPPER/I_RD_DATA_CNTL/GEN_DATA_CNTL_FIFO.I_DATA_CNTL_FIFO/USE_SRL_FIFO.I_SYNC_FIFO/sig_next_cmd_cmplt_reg_i_1/O
                         net (fo=14, routed)          0.656     9.183    system_i/axi_dma_0/U0/I_PRMRY_DATAMOVER/GEN_MM2S_FULL.I_MM2S_FULL_WRAPPER/I_RD_DATA_CNTL/GEN_DATA_CNTL_FIFO.I_DATA_CNTL_FIFO_n_31
    SLICE_X4Y43          FDRE                                         r  system_i/axi_dma_0/U0/I_PRMRY_DATAMOVER/GEN_MM2S_FULL.I_MM2S_FULL_WRAPPER/I_RD_DATA_CNTL/sig_next_strt_strb_reg_reg[1]/R
  -------------------------------------------------------------------    -------------------

                         (clock clk_fpga_0 rise edge)
                                                      8.000     8.000 r  <hidden>
    PS7_X0Y0             PS7                          0.000     8.000 r  system_i/ps7/inst/PS7_i/FCLKCLK[0]
                         net (fo=1, routed)           1.088     9.088    system_i/ps7/inst/FCLK_CLK_unbuffered[0]
    BUFGCTRL_X0Y16       BUFG (Prop_bufg_I_O)         0.091     9.179 r  system_i/ps7/inst/buffer_fclk_clk_0.FCLK_CLK_0_BUFG/O
                         net (fo=16057, routed)       1.658    10.837    system_i/axi_dma_0/U0/I_PRMRY_DATAMOVER/GEN_MM2S_FULL.I_MM2S_FULL_WRAPPER/I_RD_DATA_CNTL/m_axi_mm2s_aclk
    SLICE_X4Y43          FDRE                                         r  system_i/axi_dma_0/U0/I_PRMRY_DATAMOVER/GEN_MM2S_FULL.I_MM2S_FULL_WRAPPER/I_RD_DATA_CNTL/sig_next_strt_strb_reg_reg[1]/C
                         clock pessimism              0.230    11.067    <hidden>
                         clock uncertainty           -0.125    10.942    <hidden>
    SLICE_X4Y43          FDRE (Setup_fdre_C_R)       -0.732    10.210    system_i/axi_dma_0/U0/I_PRMRY_DATAMOVER/GEN_MM2S_FULL.I_MM2S_FULL_WRAPPER/I_RD_DATA_CNTL/sig_next_strt_strb_reg_reg[1]
  -------------------------------------------------------------------
                         required time                         10.210    <hidden>
                         arrival time                          -9.183    <hidden>
  -------------------------------------------------------------------
                         slack                                  1.027    <hidden>

Slack (MET) :             1.027ns  (required time - arrival time)
  Source:                 system_i/axi_mem_intercon/s00_couplers/auto_us/inst/gen_upsizer.gen_full_upsizer.axi_upsizer_inst/USE_READ.read_addr_inst/GEN_CMD_QUEUE.cmd_queue/USE_FF_OUT.USE_RTL_OUTPUT_PIPELINE.M_MESG_Q_reg[29]/C
                            (rising edge-triggered cell FDRE clocked by clk_fpga_0  {rise@0.000ns fall@4.000ns period=8.000ns})
  Destination:            system_i/axi_dma_0/U0/I_PRMRY_DATAMOVER/GEN_MM2S_FULL.I_MM2S_FULL_WRAPPER/I_RD_DATA_CNTL/sig_next_strt_strb_reg_reg[2]/R
                            (rising edge-triggered cell FDRE clocked by clk_fpga_0  {rise@0.000ns fall@4.000ns period=8.000ns})
  Path Group:             clk_fpga_0
  Path Type:              Setup (Max at Slow Process Corner)
  Requirement:            8.000ns  (clk_fpga_0 rise@8.000ns - clk_fpga_0 rise@0.000ns)
  Data Path Delay:        6.050ns  (logic 1.625ns (26.859%)  route 4.425ns (73.141%))
  Logic Levels:           5  (LUT2=1 LUT4=2 LUT5=1 LUT6=1)
  Clock Path Skew:        -0.066ns (DCD - SCD + CPR)
    Destination Clock Delay (DCD):    2.837ns = ( 10.837 - 8.000 ) 
    Source Clock Delay      (SCD):    3.133ns
    Clock Pessimism Removal (CPR):    0.230ns
  Clock Uncertainty:      0.125ns  ((TSJ^2 + TIJ^2)^1/2 + DJ) / 2 + PE
    Total System Jitter     (TSJ):    0.071ns
    Total Input Jitter      (TIJ):    0.240ns
    Discrete Jitter          (DJ):    0.000ns
    Phase Error              (PE):    0.000ns

    Location             Delay type                Incr(ns)  Path(ns)    Netlist Resource(s)
  -------------------------------------------------------------------    -------------------
                         (clock clk_fpga_0 rise edge)
                                                      0.000     0.000 r  <hidden>
    PS7_X0Y0             PS7                          0.000     0.000 r  system_i/ps7/inst/PS7_i/FCLKCLK[0]
                         net (fo=1, routed)           1.193     1.193    system_i/ps7/inst/FCLK_CLK_unbuffered[0]
    BUFGCTRL_X0Y16       BUFG (Prop_bufg_I_O)         0.101     1.294 r  system_i/ps7/inst/buffer_fclk_clk_0.FCLK_CLK_0_BUFG/O
                         net (fo=16057, routed)       1.839     3.133    system_i/axi_mem_intercon/s00_couplers/auto_us/inst/gen_upsizer.gen_full_upsizer.axi_upsizer_inst/USE_READ.read_addr_inst/GEN_CMD_QUEUE.cmd_queue/out
    SLICE_X0Y48          FDRE                                         r  system_i/axi_mem_intercon/s00_couplers/auto_us/inst/gen_upsizer.gen_full_upsizer.axi_upsizer_inst/USE_READ.read_addr_inst/GEN_CMD_QUEUE.cmd_queue/USE_FF_OUT.USE_RTL_OUTPUT_PIPELINE.M_MESG_Q_reg[29]/C
  -------------------------------------------------------------------    -------------------
    SLICE_X0Y48          FDRE (Prop_fdre_C_Q)         0.518     3.651 r  system_i/axi_mem_intercon/s00_couplers/auto_us/inst/gen_upsizer.gen_full_upsizer.axi_upsizer_inst/USE_READ.read_addr_inst/GEN_CMD_QUEUE.cmd_queue/USE_FF_OUT.USE_RTL_OUTPUT_PIPELINE.M_MESG_Q_reg[29]/Q
                         net (fo=14, routed)          1.213     4.864    system_i/axi_mem_intercon/s00_couplers/auto_us/inst/gen_upsizer.gen_full_upsizer.axi_upsizer_inst/USE_READ.read_addr_inst/GEN_CMD_QUEUE.cmd_queue/Q[7]
    SLICE_X1Y45          LUT5 (Prop_lut5_I3_O)        0.154     5.018 r  system_i/axi_mem_intercon/s00_couplers/auto_us/inst/gen_upsizer.gen_full_upsizer.axi_upsizer_inst/USE_READ.read_addr_inst/GEN_CMD_QUEUE.cmd_queue/s_axi_rlast_INST_0_i_7/O
                         net (fo=1, routed)           0.567     5.586    system_i/axi_mem_intercon/s00_couplers/auto_us/inst/gen_upsizer.gen_full_upsizer.axi_upsizer_inst/USE_READ.read_addr_inst/GEN_CMD_QUEUE.cmd_queue/s_axi_rlast_INST_0_i_7_n_0
    SLICE_X3Y45          LUT6 (Prop_lut6_I4_O)        0.327     5.913 f  system_i/axi_mem_intercon/s00_couplers/auto_us/inst/gen_upsizer.gen_full_upsizer.axi_upsizer_inst/USE_READ.read_addr_inst/GEN_CMD_QUEUE.cmd_queue/s_axi_rlast_INST_0_i_2/O
                         net (fo=4, routed)           0.588     6.501    system_i/axi_mem_intercon/s00_couplers/auto_us/inst/gen_upsizer.gen_full_upsizer.axi_upsizer_inst/USE_READ.gen_non_fifo_r_upsizer.read_data_inst/use_wrap_buffer_reg_0
    SLICE_X1Y45          LUT4 (Prop_lut4_I2_O)        0.150     6.651 r  system_i/axi_mem_intercon/s00_couplers/auto_us/inst/gen_upsizer.gen_full_upsizer.axi_upsizer_inst/USE_READ.gen_non_fifo_r_upsizer.read_data_inst/s_axi_rlast_INST_0/O
                         net (fo=4, routed)           0.780     7.431    system_i/axi_mem_intercon/s00_couplers/auto_pc/inst/gen_axi4_axi3.axi3_conv_inst/USE_READ.USE_SPLIT_R.read_addr_inst/USE_R_CHANNEL.cmd_queue/inst/m_axi_rlast
    SLICE_X1Y41          LUT2 (Prop_lut2_I0_O)        0.326     7.757 r  system_i/axi_mem_intercon/s00_couplers/auto_pc/inst/gen_axi4_axi3.axi3_conv_inst/USE_READ.USE_SPLIT_R.read_addr_inst/USE_R_CHANNEL.cmd_queue/inst/s_axi_rlast_INST_0/O
                         net (fo=5, routed)           0.621     8.377    system_i/axi_dma_0/U0/I_PRMRY_DATAMOVER/GEN_MM2S_FULL.I_MM2S_FULL_WRAPPER/I_RD_DATA_CNTL/GEN_DATA_CNTL_FIFO.I_DATA_CNTL_FIFO/USE_SRL_FIFO.I_SYNC_FIFO/m_axi_mm2s_rlast
    SLICE_X1Y42          LUT4 (Prop_lut4_I1_O)        0.150     8.527 r  system_i/axi_dma_0/U0/I_PRMRY_DATAMOVER/GEN_MM2S_FULL.I_MM2S_FULL_WRAPPER/I_RD_DATA_CNTL/GEN_DATA_CNTL_FIFO.I_DATA_CNTL_FIFO/USE_SRL_FIFO.I_SYNC_FIFO/sig_next_cmd_cmplt_reg_i_1/O
                         net (fo=14, routed)          0.656     9.183    system_i/axi_dma_0/U0/I_PRMRY_DATAMOVER/GEN_MM2S_FULL.I_MM2S_FULL_WRAPPER/I_RD_DATA_CNTL/GEN_DATA_CNTL_FIFO.I_DATA_CNTL_FIFO_n_31
    SLICE_X4Y43          FDRE                                         r  system_i/axi_dma_0/U0/I_PRMRY_DATAMOVER/GEN_MM2S_FULL.I_MM2S_FULL_WRAPPER/I_RD_DATA_CNTL/sig_next_strt_strb_reg_reg[2]/R
  -------------------------------------------------------------------    -------------------

                         (clock clk_fpga_0 rise edge)
                                                      8.000     8.000 r  <hidden>
    PS7_X0Y0             PS7                          0.000     8.000 r  system_i/ps7/inst/PS7_i/FCLKCLK[0]
                         net (fo=1, routed)           1.088     9.088    system_i/ps7/inst/FCLK_CLK_unbuffered[0]
    BUFGCTRL_X0Y16       BUFG (Prop_bufg_I_O)         0.091     9.179 r  system_i/ps7/inst/buffer_fclk_clk_0.FCLK_CLK_0_BUFG/O
                         net (fo=16057, routed)       1.658    10.837    system_i/axi_dma_0/U0/I_PRMRY_DATAMOVER/GEN_MM2S_FULL.I_MM2S_FULL_WRAPPER/I_RD_DATA_CNTL/m_axi_mm2s_aclk
    SLICE_X4Y43          FDRE                                         r  system_i/axi_dma_0/U0/I_PRMRY_DATAMOVER/GEN_MM2S_FULL.I_MM2S_FULL_WRAPPER/I_RD_DATA_CNTL/sig_next_strt_strb_reg_reg[2]/C
                         clock pessimism              0.230    11.067    <hidden>
                         clock uncertainty           -0.125    10.942    <hidden>
    SLICE_X4Y43          FDRE (Setup_fdre_C_R)       -0.732    10.210    system_i/axi_dma_0/U0/I_PRMRY_DATAMOVER/GEN_MM2S_FULL.I_MM2S_FULL_WRAPPER/I_RD_DATA_CNTL/sig_next_strt_strb_reg_reg[2]
  -------------------------------------------------------------------
                         required time                         10.210    <hidden>
                         arrival time                          -9.183    <hidden>
  -------------------------------------------------------------------
                         slack                                  1.027    <hidden>

Slack (MET) :             1.027ns  (required time - arrival time)
  Source:                 system_i/axi_mem_intercon/s00_couplers/auto_us/inst/gen_upsizer.gen_full_upsizer.axi_upsizer_inst/USE_READ.read_addr_inst/GEN_CMD_QUEUE.cmd_queue/USE_FF_OUT.USE_RTL_OUTPUT_PIPELINE.M_MESG_Q_reg[29]/C
                            (rising edge-triggered cell FDRE clocked by clk_fpga_0  {rise@0.000ns fall@4.000ns period=8.000ns})
  Destination:            system_i/axi_dma_0/U0/I_PRMRY_DATAMOVER/GEN_MM2S_FULL.I_MM2S_FULL_WRAPPER/I_RD_DATA_CNTL/sig_next_strt_strb_reg_reg[3]/R
                            (rising edge-triggered cell FDRE clocked by clk_fpga_0  {rise@0.000ns fall@4.000ns period=8.000ns})
  Path Group:             clk_fpga_0
  Path Type:              Setup (Max at Slow Process Corner)
  Requirement:            8.000ns  (clk_fpga_0 rise@8.000ns - clk_fpga_0 rise@0.000ns)
  Data Path Delay:        6.050ns  (logic 1.625ns (26.859%)  route 4.425ns (73.141%))
  Logic Levels:           5  (LUT2=1 LUT4=2 LUT5=1 LUT6=1)
  Clock Path Skew:        -0.066ns (DCD - SCD + CPR)
    Destination Clock Delay (DCD):    2.837ns = ( 10.837 - 8.000 ) 
    Source Clock Delay      (SCD):    3.133ns
    Clock Pessimism Removal (CPR):    0.230ns
  Clock Uncertainty:      0.125ns  ((TSJ^2 + TIJ^2)^1/2 + DJ) / 2 + PE
    Total System Jitter     (TSJ):    0.071ns
    Total Input Jitter      (TIJ):    0.240ns
    Discrete Jitter          (DJ):    0.000ns
    Phase Error              (PE):    0.000ns

    Location             Delay type                Incr(ns)  Path(ns)    Netlist Resource(s)
  -------------------------------------------------------------------    -------------------
                         (clock clk_fpga_0 rise edge)
                                                      0.000     0.000 r  <hidden>
    PS7_X0Y0             PS7                          0.000     0.000 r  system_i/ps7/inst/PS7_i/FCLKCLK[0]
                         net (fo=1, routed)           1.193     1.193    system_i/ps7/inst/FCLK_CLK_unbuffered[0]
    BUFGCTRL_X0Y16       BUFG (Prop_bufg_I_O)         0.101     1.294 r  system_i/ps7/inst/buffer_fclk_clk_0.FCLK_CLK_0_BUFG/O
                         net (fo=16057, routed)       1.839     3.133    system_i/axi_mem_intercon/s00_couplers/auto_us/inst/gen_upsizer.gen_full_upsizer.axi_upsizer_inst/USE_READ.read_addr_inst/GEN_CMD_QUEUE.cmd_queue/out
    SLICE_X0Y48          FDRE                                         r  system_i/axi_mem_intercon/s00_couplers/auto_us/inst/gen_upsizer.gen_full_upsizer.axi_upsizer_inst/USE_READ.read_addr_inst/GEN_CMD_QUEUE.cmd_queue/USE_FF_OUT.USE_RTL_OUTPUT_PIPELINE.M_MESG_Q_reg[29]/C
  -------------------------------------------------------------------    -------------------
    SLICE_X0Y48          FDRE (Prop_fdre_C_Q)         0.518     3.651 r  system_i/axi_mem_intercon/s00_couplers/auto_us/inst/gen_upsizer.gen_full_upsizer.axi_upsizer_inst/USE_READ.read_addr_inst/GEN_CMD_QUEUE.cmd_queue/USE_FF_OUT.USE_RTL_OUTPUT_PIPELINE.M_MESG_Q_reg[29]/Q
                         net (fo=14, routed)          1.213     4.864    system_i/axi_mem_intercon/s00_couplers/auto_us/inst/gen_upsizer.gen_full_upsizer.axi_upsizer_inst/USE_READ.read_addr_inst/GEN_CMD_QUEUE.cmd_queue/Q[7]
    SLICE_X1Y45          LUT5 (Prop_lut5_I3_O)        0.154     5.018 r  system_i/axi_mem_intercon/s00_couplers/auto_us/inst/gen_upsizer.gen_full_upsizer.axi_upsizer_inst/USE_READ.read_addr_inst/GEN_CMD_QUEUE.cmd_queue/s_axi_rlast_INST_0_i_7/O
                         net (fo=1, routed)           0.567     5.586    system_i/axi_mem_intercon/s00_couplers/auto_us/inst/gen_upsizer.gen_full_upsizer.axi_upsizer_inst/USE_READ.read_addr_inst/GEN_CMD_QUEUE.cmd_queue/s_axi_rlast_INST_0_i_7_n_0
    SLICE_X3Y45          LUT6 (Prop_lut6_I4_O)        0.327     5.913 f  system_i/axi_mem_intercon/s00_couplers/auto_us/inst/gen_upsizer.gen_full_upsizer.axi_upsizer_inst/USE_READ.read_addr_inst/GEN_CMD_QUEUE.cmd_queue/s_axi_rlast_INST_0_i_2/O
                         net (fo=4, routed)           0.588     6.501    system_i/axi_mem_intercon/s00_couplers/auto_us/inst/gen_upsizer.gen_full_upsizer.axi_upsizer_inst/USE_READ.gen_non_fifo_r_upsizer.read_data_inst/use_wrap_buffer_reg_0
    SLICE_X1Y45          LUT4 (Prop_lut4_I2_O)        0.150     6.651 r  system_i/axi_mem_intercon/s00_couplers/auto_us/inst/gen_upsizer.gen_full_upsizer.axi_upsizer_inst/USE_READ.gen_non_fifo_r_upsizer.read_data_inst/s_axi_rlast_INST_0/O
                         net (fo=4, routed)           0.780     7.431    system_i/axi_mem_intercon/s00_couplers/auto_pc/inst/gen_axi4_axi3.axi3_conv_inst/USE_READ.USE_SPLIT_R.read_addr_inst/USE_R_CHANNEL.cmd_queue/inst/m_axi_rlast
    SLICE_X1Y41          LUT2 (Prop_lut2_I0_O)        0.326     7.757 r  system_i/axi_mem_intercon/s00_couplers/auto_pc/inst/gen_axi4_axi3.axi3_conv_inst/USE_READ.USE_SPLIT_R.read_addr_inst/USE_R_CHANNEL.cmd_queue/inst/s_axi_rlast_INST_0/O
                         net (fo=5, routed)           0.621     8.377    system_i/axi_dma_0/U0/I_PRMRY_DATAMOVER/GEN_MM2S_FULL.I_MM2S_FULL_WRAPPER/I_RD_DATA_CNTL/GEN_DATA_CNTL_FIFO.I_DATA_CNTL_FIFO/USE_SRL_FIFO.I_SYNC_FIFO/m_axi_mm2s_rlast
    SLICE_X1Y42          LUT4 (Prop_lut4_I1_O)        0.150     8.527 r  system_i/axi_dma_0/U0/I_PRMRY_DATAMOVER/GEN_MM2S_FULL.I_MM2S_FULL_WRAPPER/I_RD_DATA_CNTL/GEN_DATA_CNTL_FIFO.I_DATA_CNTL_FIFO/USE_SRL_FIFO.I_SYNC_FIFO/sig_next_cmd_cmplt_reg_i_1/O
                         net (fo=14, routed)          0.656     9.183    system_i/axi_dma_0/U0/I_PRMRY_DATAMOVER/GEN_MM2S_FULL.I_MM2S_FULL_WRAPPER/I_RD_DATA_CNTL/GEN_DATA_CNTL_FIFO.I_DATA_CNTL_FIFO_n_31
    SLICE_X4Y43          FDRE                                         r  system_i/axi_dma_0/U0/I_PRMRY_DATAMOVER/GEN_MM2S_FULL.I_MM2S_FULL_WRAPPER/I_RD_DATA_CNTL/sig_next_strt_strb_reg_reg[3]/R
  -------------------------------------------------------------------    -------------------

                         (clock clk_fpga_0 rise edge)
                                                      8.000     8.000 r  <hidden>
    PS7_X0Y0             PS7                          0.000     8.000 r  system_i/ps7/inst/PS7_i/FCLKCLK[0]
                         net (fo=1, routed)           1.088     9.088    system_i/ps7/inst/FCLK_CLK_unbuffered[0]
    BUFGCTRL_X0Y16       BUFG (Prop_bufg_I_O)         0.091     9.179 r  system_i/ps7/inst/buffer_fclk_clk_0.FCLK_CLK_0_BUFG/O
                         net (fo=16057, routed)       1.658    10.837    system_i/axi_dma_0/U0/I_PRMRY_DATAMOVER/GEN_MM2S_FULL.I_MM2S_FULL_WRAPPER/I_RD_DATA_CNTL/m_axi_mm2s_aclk
    SLICE_X4Y43          FDRE                                         r  system_i/axi_dma_0/U0/I_PRMRY_DATAMOVER/GEN_MM2S_FULL.I_MM2S_FULL_WRAPPER/I_RD_DATA_CNTL/sig_next_strt_strb_reg_reg[3]/C
                         clock pessimism              0.230    11.067    <hidden>
                         clock uncertainty           -0.125    10.942    <hidden>
    SLICE_X4Y43          FDRE (Setup_fdre_C_R)       -0.732    10.210    system_i/axi_dma_0/U0/I_PRMRY_DATAMOVER/GEN_MM2S_FULL.I_MM2S_FULL_WRAPPER/I_RD_DATA_CNTL/sig_next_strt_strb_reg_reg[3]
  -------------------------------------------------------------------
                         required time                         10.210    <hidden>
                         arrival time                          -9.183    <hidden>
  -------------------------------------------------------------------
                         slack                                  1.027    <hidden>

Slack (MET) :             1.089ns  (required time - arrival time)
  Source:                 system_i/axi_dma_0/U0/I_PRMRY_DATAMOVER/GEN_MM2S_FULL.I_MM2S_FULL_WRAPPER/GEN_INCLUDE_MM2S_SF.I_RD_SF/I_DATA_FIFO/BLK_MEM.I_SYNC_FIFOGEN_FIFO/xpm_fifo_base_inst/gen_fwft.empty_fwft_i_reg/C
                            (rising edge-triggered cell FDSE clocked by clk_fpga_0  {rise@0.000ns fall@4.000ns period=8.000ns})
  Destination:            system_i/axi_dma_0/U0/I_PRMRY_DATAMOVER/GEN_MM2S_FULL.I_MM2S_FULL_WRAPPER/GEN_INCLUDE_MM2S_SF.I_RD_SF/I_DATA_FIFO/BLK_MEM.I_SYNC_FIFOGEN_FIFO/xpm_fifo_base_inst/gen_sdpram.xpm_memory_base_inst/gen_wr_a.gen_word_narrow.mem_reg/REGCEAREGCE
                            (rising edge-triggered cell RAMB36E1 clocked by clk_fpga_0  {rise@0.000ns fall@4.000ns period=8.000ns})
  Path Group:             clk_fpga_0
  Path Type:              Setup (Max at Slow Process Corner)
  Requirement:            8.000ns  (clk_fpga_0 rise@8.000ns - clk_fpga_0 rise@0.000ns)
  Data Path Delay:        6.319ns  (logic 0.766ns (12.122%)  route 5.553ns (87.878%))
  Logic Levels:           2  (LUT3=2)
  Clock Path Skew:        -0.107ns (DCD - SCD + CPR)
    Destination Clock Delay (DCD):    2.796ns = ( 10.796 - 8.000 ) 
    Source Clock Delay      (SCD):    3.132ns
    Clock Pessimism Removal (CPR):    0.230ns
  Clock Uncertainty:      0.125ns  ((TSJ^2 + TIJ^2)^1/2 + DJ) / 2 + PE
    Total System Jitter     (TSJ):    0.071ns
    Total Input Jitter      (TIJ):    0.240ns
    Discrete Jitter          (DJ):    0.000ns
    Phase Error              (PE):    0.000ns

    Location             Delay type                Incr(ns)  Path(ns)    Netlist Resource(s)
  -------------------------------------------------------------------    -------------------
                         (clock clk_fpga_0 rise edge)
                                                      0.000     0.000 r  <hidden>
    PS7_X0Y0             PS7                          0.000     0.000 r  system_i/ps7/inst/PS7_i/FCLKCLK[0]
                         net (fo=1, routed)           1.193     1.193    system_i/ps7/inst/FCLK_CLK_unbuffered[0]
    BUFGCTRL_X0Y16       BUFG (Prop_bufg_I_O)         0.101     1.294 r  system_i/ps7/inst/buffer_fclk_clk_0.FCLK_CLK_0_BUFG/O
                         net (fo=16057, routed)       1.838     3.132    system_i/axi_dma_0/U0/I_PRMRY_DATAMOVER/GEN_MM2S_FULL.I_MM2S_FULL_WRAPPER/GEN_INCLUDE_MM2S_SF.I_RD_SF/I_DATA_FIFO/BLK_MEM.I_SYNC_FIFOGEN_FIFO/xpm_fifo_base_inst/wr_clk
    SLICE_X0Y3           FDSE                                         r  system_i/axi_dma_0/U0/I_PRMRY_DATAMOVER/GEN_MM2S_FULL.I_MM2S_FULL_WRAPPER/GEN_INCLUDE_MM2S_SF.I_RD_SF/I_DATA_FIFO/BLK_MEM.I_SYNC_FIFOGEN_FIFO/xpm_fifo_base_inst/gen_fwft.empty_fwft_i_reg/C
  -------------------------------------------------------------------    -------------------
    SLICE_X0Y3           FDSE (Prop_fdse_C_Q)         0.518     3.650 f  system_i/axi_dma_0/U0/I_PRMRY_DATAMOVER/GEN_MM2S_FULL.I_MM2S_FULL_WRAPPER/GEN_INCLUDE_MM2S_SF.I_RD_SF/I_DATA_FIFO/BLK_MEM.I_SYNC_FIFOGEN_FIFO/xpm_fifo_base_inst/gen_fwft.empty_fwft_i_reg/Q
                         net (fo=8, routed)           2.021     5.671    system_i/axi_dma_0/U0/I_PRMRY_DATAMOVER/GEN_MM2S_FULL.I_MM2S_FULL_WRAPPER/GEN_INCLUDE_MM2S_SF.I_RD_SF/I_DATA_FIFO/empty
    SLICE_X23Y38         LUT3 (Prop_lut3_I1_O)        0.124     5.795 r  system_i/axi_dma_0/U0/I_PRMRY_DATAMOVER/GEN_MM2S_FULL.I_MM2S_FULL_WRAPPER/GEN_INCLUDE_MM2S_SF.I_RD_SF/I_DATA_FIFO/BLK_MEM.I_SYNC_FIFOGEN_FIFO_i_9/O
                         net (fo=13, routed)          1.801     7.596    system_i/axi_dma_0/U0/I_PRMRY_DATAMOVER/GEN_MM2S_FULL.I_MM2S_FULL_WRAPPER/GEN_INCLUDE_MM2S_SF.I_RD_SF/I_DATA_FIFO/BLK_MEM.I_SYNC_FIFOGEN_FIFO/xpm_fifo_base_inst/rd_en
    SLICE_X1Y4           LUT3 (Prop_lut3_I2_O)        0.124     7.720 r  system_i/axi_dma_0/U0/I_PRMRY_DATAMOVER/GEN_MM2S_FULL.I_MM2S_FULL_WRAPPER/GEN_INCLUDE_MM2S_SF.I_RD_SF/I_DATA_FIFO/BLK_MEM.I_SYNC_FIFOGEN_FIFO/xpm_fifo_base_inst/gen_sdpram.xpm_memory_base_inst_i_3/O
                         net (fo=1, routed)           1.731     9.451    system_i/axi_dma_0/U0/I_PRMRY_DATAMOVER/GEN_MM2S_FULL.I_MM2S_FULL_WRAPPER/GEN_INCLUDE_MM2S_SF.I_RD_SF/I_DATA_FIFO/BLK_MEM.I_SYNC_FIFOGEN_FIFO/xpm_fifo_base_inst/gen_sdpram.xpm_memory_base_inst/regceb
    RAMB36_X0Y8          RAMB36E1                                     r  system_i/axi_dma_0/U0/I_PRMRY_DATAMOVER/GEN_MM2S_FULL.I_MM2S_FULL_WRAPPER/GEN_INCLUDE_MM2S_SF.I_RD_SF/I_DATA_FIFO/BLK_MEM.I_SYNC_FIFOGEN_FIFO/xpm_fifo_base_inst/gen_sdpram.xpm_memory_base_inst/gen_wr_a.gen_word_narrow.mem_reg/REGCEAREGCE
  -------------------------------------------------------------------    -------------------

                         (clock clk_fpga_0 rise edge)
                                                      8.000     8.000 r  <hidden>
    PS7_X0Y0             PS7                          0.000     8.000 r  system_i/ps7/inst/PS7_i/FCLKCLK[0]
                         net (fo=1, routed)           1.088     9.088    system_i/ps7/inst/FCLK_CLK_unbuffered[0]
    BUFGCTRL_X0Y16       BUFG (Prop_bufg_I_O)         0.091     9.179 r  system_i/ps7/inst/buffer_fclk_clk_0.FCLK_CLK_0_BUFG/O
                         net (fo=16057, routed)       1.617    10.796    system_i/axi_dma_0/U0/I_PRMRY_DATAMOVER/GEN_MM2S_FULL.I_MM2S_FULL_WRAPPER/GEN_INCLUDE_MM2S_SF.I_RD_SF/I_DATA_FIFO/BLK_MEM.I_SYNC_FIFOGEN_FIFO/xpm_fifo_base_inst/gen_sdpram.xpm_memory_base_inst/clka
    RAMB36_X0Y8          RAMB36E1                                     r  system_i/axi_dma_0/U0/I_PRMRY_DATAMOVER/GEN_MM2S_FULL.I_MM2S_FULL_WRAPPER/GEN_INCLUDE_MM2S_SF.I_RD_SF/I_DATA_FIFO/BLK_MEM.I_SYNC_FIFOGEN_FIFO/xpm_fifo_base_inst/gen_sdpram.xpm_memory_base_inst/gen_wr_a.gen_word_narrow.mem_reg/CLKARDCLK
                         clock pessimism              0.230    11.025    <hidden>
                         clock uncertainty           -0.125    10.900    <hidden>
    RAMB36_X0Y8          RAMB36E1 (Setup_ramb36e1_CLKARDCLK_REGCEAREGCE)
                                                     -0.360    10.540    system_i/axi_dma_0/U0/I_PRMRY_DATAMOVER/GEN_MM2S_FULL.I_MM2S_FULL_WRAPPER/GEN_INCLUDE_MM2S_SF.I_RD_SF/I_DATA_FIFO/BLK_MEM.I_SYNC_FIFOGEN_FIFO/xpm_fifo_base_inst/gen_sdpram.xpm_memory_base_inst/gen_wr_a.gen_word_narrow.mem_reg
  -------------------------------------------------------------------
                         required time                         10.540    <hidden>
                         arrival time                          -9.451    <hidden>
  -------------------------------------------------------------------
                         slack                                  1.089    <hidden>

Slack (MET) :             1.125ns  (required time - arrival time)
  Source:                 system_i/axi_dma_0/U0/I_PRMRY_DATAMOVER/GEN_MM2S_FULL.I_MM2S_FULL_WRAPPER/ENABLE_AXIS_SKID.I_MM2S_SKID_BUF/sig_m_valid_out_reg/C
                            (rising edge-triggered cell FDRE clocked by clk_fpga_0  {rise@0.000ns fall@4.000ns period=8.000ns})
  Destination:            system_i/iq_0/inst/bank1/mem_reg_0_0_0/WEA[0]
                            (rising edge-triggered cell RAMB36E1 clocked by clk_fpga_0  {rise@0.000ns fall@4.000ns period=8.000ns})
  Path Group:             clk_fpga_0
  Path Type:              Setup (Max at Slow Process Corner)
  Requirement:            8.000ns  (clk_fpga_0 rise@8.000ns - clk_fpga_0 rise@0.000ns)
  Data Path Delay:        6.123ns  (logic 0.828ns (13.523%)  route 5.295ns (86.477%))
  Logic Levels:           3  (LUT4=1 LUT5=1 LUT6=1)
  Clock Path Skew:        -0.095ns (DCD - SCD + CPR)
    Destination Clock Delay (DCD):    2.800ns = ( 10.800 - 8.000 ) 
    Source Clock Delay      (SCD):    3.010ns
    Clock Pessimism Removal (CPR):    0.115ns
  Clock Uncertainty:      0.125ns  ((TSJ^2 + TIJ^2)^1/2 + DJ) / 2 + PE
    Total System Jitter     (TSJ):    0.071ns
    Total Input Jitter      (TIJ):    0.240ns
    Discrete Jitter          (DJ):    0.000ns
    Phase Error              (PE):    0.000ns

    Location             Delay type                Incr(ns)  Path(ns)    Netlist Resource(s)
  -------------------------------------------------------------------    -------------------
                         (clock clk_fpga_0 rise edge)
                                                      0.000     0.000 r  <hidden>
    PS7_X0Y0             PS7                          0.000     0.000 r  system_i/ps7/inst/PS7_i/FCLKCLK[0]
                         net (fo=1, routed)           1.193     1.193    system_i/ps7/inst/FCLK_CLK_unbuffered[0]
    BUFGCTRL_X0Y16       BUFG (Prop_bufg_I_O)         0.101     1.294 r  system_i/ps7/inst/buffer_fclk_clk_0.FCLK_CLK_0_BUFG/O
                         net (fo=16057, routed)       1.716     3.010    system_i/axi_dma_0/U0/I_PRMRY_DATAMOVER/GEN_MM2S_FULL.I_MM2S_FULL_WRAPPER/ENABLE_AXIS_SKID.I_MM2S_SKID_BUF/m_axi_mm2s_aclk
    SLICE_X84Y86         FDRE                                         r  system_i/axi_dma_0/U0/I_PRMRY_DATAMOVER/GEN_MM2S_FULL.I_MM2S_FULL_WRAPPER/ENABLE_AXIS_SKID.I_MM2S_SKID_BUF/sig_m_valid_out_reg/C
  -------------------------------------------------------------------    -------------------
    SLICE_X84Y86         FDRE (Prop_fdre_C_Q)         0.456     3.466 r  system_i/axi_dma_0/U0/I_PRMRY_DATAMOVER/GEN_MM2S_FULL.I_MM2S_FULL_WRAPPER/ENABLE_AXIS_SKID.I_MM2S_SKID_BUF/sig_m_valid_out_reg/Q
                         net (fo=2, routed)           0.935     4.401    system_i/iq_0/inst/bank1/s_axis_iq_tvalid
    SLICE_X83Y88         LUT5 (Prop_lut5_I0_O)        0.124     4.525 r  system_i/iq_0/inst/bank1/loader_word[31]_i_1/O
                         net (fo=39, routed)          0.888     5.413    system_i/iq_0/inst/bank1/p_88_in
    SLICE_X57Y88         LUT6 (Prop_lut6_I0_O)        0.124     5.537 r  system_i/iq_0/inst/bank1/mem_reg_0_0_0_i_20/O
                         net (fo=56, routed)          1.576     7.113    system_i/iq_0/inst/bank1/s_axis_iq_tkeep_3_sn_1
    SLICE_X47Y74         LUT4 (Prop_lut4_I0_O)        0.124     7.237 r  system_i/iq_0/inst/bank1/mem_reg_0_0_0_i_1__0/O
                         net (fo=3, routed)           1.896     9.133    system_i/iq_0/inst/bank1/mem_reg_0_0_0_i_1__0_n_0
    RAMB36_X1Y8          RAMB36E1                                     r  system_i/iq_0/inst/bank1/mem_reg_0_0_0/WEA[0]
  -------------------------------------------------------------------    -------------------

                         (clock clk_fpga_0 rise edge)
                                                      8.000     8.000 r  <hidden>
    PS7_X0Y0             PS7                          0.000     8.000 r  system_i/ps7/inst/PS7_i/FCLKCLK[0]
                         net (fo=1, routed)           1.088     9.088    system_i/ps7/inst/FCLK_CLK_unbuffered[0]
    BUFGCTRL_X0Y16       BUFG (Prop_bufg_I_O)         0.091     9.179 r  system_i/ps7/inst/buffer_fclk_clk_0.FCLK_CLK_0_BUFG/O
                         net (fo=16057, routed)       1.621    10.800    system_i/iq_0/inst/bank1/s_axi_aclk
    RAMB36_X1Y8          RAMB36E1                                     r  system_i/iq_0/inst/bank1/mem_reg_0_0_0/CLKARDCLK
                         clock pessimism              0.115    10.915    <hidden>
                         clock uncertainty           -0.125    10.790    <hidden>
    RAMB36_X1Y8          RAMB36E1 (Setup_ramb36e1_CLKARDCLK_WEA[0])
                                                     -0.532    10.258    system_i/iq_0/inst/bank1/mem_reg_0_0_0
  -------------------------------------------------------------------
                         required time                         10.258    <hidden>
                         arrival time                          -9.133    <hidden>
  -------------------------------------------------------------------
                         slack                                  1.125    <hidden>

Slack (MET) :             1.138ns  (required time - arrival time)
  Source:                 system_i/ps7/inst/PS7_i/MAXIGP0ACLK
                            (rising edge-triggered cell PS7 clocked by clk_fpga_0  {rise@0.000ns fall@4.000ns period=8.000ns})
  Destination:            system_i/axi_dma_0/U0/I_AXI_DMA_REG_MODULE/GEN_MM2S_REGISTERS.I_MM2S_DMA_REGISTER/dmacr_i_reg[16]/S
                            (rising edge-triggered cell FDSE clocked by clk_fpga_0  {rise@0.000ns fall@4.000ns period=8.000ns})
  Path Group:             clk_fpga_0
  Path Type:              Setup (Max at Slow Process Corner)
  Requirement:            8.000ns  (clk_fpga_0 rise@8.000ns - clk_fpga_0 rise@0.000ns)
  Data Path Delay:        6.002ns  (logic 1.848ns (30.791%)  route 4.154ns (69.209%))
  Logic Levels:           3  (LUT4=3)
  Clock Path Skew:        -0.102ns (DCD - SCD + CPR)
    Destination Clock Delay (DCD):    2.700ns = ( 10.700 - 8.000 ) 
    Source Clock Delay      (SCD):    3.031ns
    Clock Pessimism Removal (CPR):    0.229ns
  Clock Uncertainty:      0.125ns  ((TSJ^2 + TIJ^2)^1/2 + DJ) / 2 + PE
    Total System Jitter     (TSJ):    0.071ns
    Total Input Jitter      (TIJ):    0.240ns
    Discrete Jitter          (DJ):    0.000ns
    Phase Error              (PE):    0.000ns

    Location             Delay type                Incr(ns)  Path(ns)    Netlist Resource(s)
  -------------------------------------------------------------------    -------------------
                         (clock clk_fpga_0 rise edge)
                                                      0.000     0.000 r  <hidden>
    PS7_X0Y0             PS7                          0.000     0.000 r  system_i/ps7/inst/PS7_i/FCLKCLK[0]
                         net (fo=1, routed)           1.193     1.193    system_i/ps7/inst/FCLK_CLK_unbuffered[0]
    BUFGCTRL_X0Y16       BUFG (Prop_bufg_I_O)         0.101     1.294 r  system_i/ps7/inst/buffer_fclk_clk_0.FCLK_CLK_0_BUFG/O
                         net (fo=16057, routed)       1.737     3.031    system_i/ps7/inst/M_AXI_GP0_ACLK
    PS7_X0Y0             PS7                                          r  system_i/ps7/inst/PS7_i/MAXIGP0ACLK
  -------------------------------------------------------------------    -------------------
    PS7_X0Y0             PS7 (Prop_ps7_MAXIGP0ACLK_MAXIGP0WDATA[17])
                                                      1.450     4.481 f  system_i/ps7/inst/PS7_i/MAXIGP0WDATA[17]
                         net (fo=5, routed)           2.412     6.893    system_i/axi_dma_0/U0/I_AXI_DMA_REG_MODULE/GEN_MM2S_REGISTERS.I_MM2S_DMA_REGISTER/s_axi_lite_wdata[17]
    SLICE_X27Y51         LUT4 (Prop_lut4_I0_O)        0.124     7.017 r  system_i/axi_dma_0/U0/I_AXI_DMA_REG_MODULE/GEN_MM2S_REGISTERS.I_MM2S_DMA_REGISTER/dmacr_i[23]_i_3/O
                         net (fo=1, routed)           0.648     7.665    system_i/axi_dma_0/U0/I_AXI_DMA_REG_MODULE/GEN_MM2S_REGISTERS.I_MM2S_DMA_REGISTER/dmacr_i[23]_i_3_n_0
    SLICE_X27Y51         LUT4 (Prop_lut4_I0_O)        0.124     7.789 r  system_i/axi_dma_0/U0/I_AXI_DMA_REG_MODULE/GEN_MM2S_REGISTERS.I_MM2S_DMA_REGISTER/dmacr_i[23]_i_2/O
                         net (fo=2, routed)           0.607     8.396    system_i/axi_dma_0/U0/I_AXI_DMA_REG_MODULE/GEN_AXI_LITE_IF.AXI_LITE_IF_I/GEN_REG_FOR_SMPL.buffer_length_wren_reg_1
    SLICE_X26Y50         LUT4 (Prop_lut4_I2_O)        0.150     8.546 r  system_i/axi_dma_0/U0/I_AXI_DMA_REG_MODULE/GEN_AXI_LITE_IF.AXI_LITE_IF_I/dmacr_i[23]_i_1/O
                         net (fo=8, routed)           0.486     9.032    system_i/axi_dma_0/U0/I_AXI_DMA_REG_MODULE/GEN_MM2S_REGISTERS.I_MM2S_DMA_REGISTER/SS[0]
    SLICE_X27Y53         FDSE                                         r  system_i/axi_dma_0/U0/I_AXI_DMA_REG_MODULE/GEN_MM2S_REGISTERS.I_MM2S_DMA_REGISTER/dmacr_i_reg[16]/S
  -------------------------------------------------------------------    -------------------

                         (clock clk_fpga_0 rise edge)
                                                      8.000     8.000 r  <hidden>
    PS7_X0Y0             PS7                          0.000     8.000 r  system_i/ps7/inst/PS7_i/FCLKCLK[0]
                         net (fo=1, routed)           1.088     9.088    system_i/ps7/inst/FCLK_CLK_unbuffered[0]
    BUFGCTRL_X0Y16       BUFG (Prop_bufg_I_O)         0.091     9.179 r  system_i/ps7/inst/buffer_fclk_clk_0.FCLK_CLK_0_BUFG/O
                         net (fo=16057, routed)       1.521    10.700    system_i/axi_dma_0/U0/I_AXI_DMA_REG_MODULE/GEN_MM2S_REGISTERS.I_MM2S_DMA_REGISTER/s_axi_lite_aclk
    SLICE_X27Y53         FDSE                                         r  system_i/axi_dma_0/U0/I_AXI_DMA_REG_MODULE/GEN_MM2S_REGISTERS.I_MM2S_DMA_REGISTER/dmacr_i_reg[16]/C
                         clock pessimism              0.229    10.929    <hidden>
                         clock uncertainty           -0.125    10.804    <hidden>
    SLICE_X27Y53         FDSE (Setup_fdse_C_S)       -0.633    10.171    system_i/axi_dma_0/U0/I_AXI_DMA_REG_MODULE/GEN_MM2S_REGISTERS.I_MM2S_DMA_REGISTER/dmacr_i_reg[16]
  -------------------------------------------------------------------
                         required time                         10.171    <hidden>
                         arrival time                          -9.032    <hidden>
  -------------------------------------------------------------------
                         slack                                  1.138    <hidden>

Slack (MET) :             1.138ns  (required time - arrival time)
  Source:                 system_i/ps7/inst/PS7_i/MAXIGP0ACLK
                            (rising edge-triggered cell PS7 clocked by clk_fpga_0  {rise@0.000ns fall@4.000ns period=8.000ns})
  Destination:            system_i/axi_dma_0/U0/I_AXI_DMA_REG_MODULE/GEN_MM2S_REGISTERS.I_MM2S_DMA_REGISTER/dmacr_i_reg[17]/R
                            (rising edge-triggered cell FDRE clocked by clk_fpga_0  {rise@0.000ns fall@4.000ns period=8.000ns})
  Path Group:             clk_fpga_0
  Path Type:              Setup (Max at Slow Process Corner)
  Requirement:            8.000ns  (clk_fpga_0 rise@8.000ns - clk_fpga_0 rise@0.000ns)
  Data Path Delay:        6.002ns  (logic 1.848ns (30.791%)  route 4.154ns (69.209%))
  Logic Levels:           3  (LUT4=3)
  Clock Path Skew:        -0.102ns (DCD - SCD + CPR)
    Destination Clock Delay (DCD):    2.700ns = ( 10.700 - 8.000 ) 
    Source Clock Delay      (SCD):    3.031ns
    Clock Pessimism Removal (CPR):    0.229ns
  Clock Uncertainty:      0.125ns  ((TSJ^2 + TIJ^2)^1/2 + DJ) / 2 + PE
    Total System Jitter     (TSJ):    0.071ns
    Total Input Jitter      (TIJ):    0.240ns
    Discrete Jitter          (DJ):    0.000ns
    Phase Error              (PE):    0.000ns

    Location             Delay type                Incr(ns)  Path(ns)    Netlist Resource(s)
  -------------------------------------------------------------------    -------------------
                         (clock clk_fpga_0 rise edge)
                                                      0.000     0.000 r  <hidden>
    PS7_X0Y0             PS7                          0.000     0.000 r  system_i/ps7/inst/PS7_i/FCLKCLK[0]
                         net (fo=1, routed)           1.193     1.193    system_i/ps7/inst/FCLK_CLK_unbuffered[0]
    BUFGCTRL_X0Y16       BUFG (Prop_bufg_I_O)         0.101     1.294 r  system_i/ps7/inst/buffer_fclk_clk_0.FCLK_CLK_0_BUFG/O
                         net (fo=16057, routed)       1.737     3.031    system_i/ps7/inst/M_AXI_GP0_ACLK
    PS7_X0Y0             PS7                                          r  system_i/ps7/inst/PS7_i/MAXIGP0ACLK
  -------------------------------------------------------------------    -------------------
    PS7_X0Y0             PS7 (Prop_ps7_MAXIGP0ACLK_MAXIGP0WDATA[17])
                                                      1.450     4.481 f  system_i/ps7/inst/PS7_i/MAXIGP0WDATA[17]
                         net (fo=5, routed)           2.412     6.893    system_i/axi_dma_0/U0/I_AXI_DMA_REG_MODULE/GEN_MM2S_REGISTERS.I_MM2S_DMA_REGISTER/s_axi_lite_wdata[17]
    SLICE_X27Y51         LUT4 (Prop_lut4_I0_O)        0.124     7.017 r  system_i/axi_dma_0/U0/I_AXI_DMA_REG_MODULE/GEN_MM2S_REGISTERS.I_MM2S_DMA_REGISTER/dmacr_i[23]_i_3/O
                         net (fo=1, routed)           0.648     7.665    system_i/axi_dma_0/U0/I_AXI_DMA_REG_MODULE/GEN_MM2S_REGISTERS.I_MM2S_DMA_REGISTER/dmacr_i[23]_i_3_n_0
    SLICE_X27Y51         LUT4 (Prop_lut4_I0_O)        0.124     7.789 r  system_i/axi_dma_0/U0/I_AXI_DMA_REG_MODULE/GEN_MM2S_REGISTERS.I_MM2S_DMA_REGISTER/dmacr_i[23]_i_2/O
                         net (fo=2, routed)           0.607     8.396    system_i/axi_dma_0/U0/I_AXI_DMA_REG_MODULE/GEN_AXI_LITE_IF.AXI_LITE_IF_I/GEN_REG_FOR_SMPL.buffer_length_wren_reg_1
    SLICE_X26Y50         LUT4 (Prop_lut4_I2_O)        0.150     8.546 r  system_i/axi_dma_0/U0/I_AXI_DMA_REG_MODULE/GEN_AXI_LITE_IF.AXI_LITE_IF_I/dmacr_i[23]_i_1/O
                         net (fo=8, routed)           0.486     9.032    system_i/axi_dma_0/U0/I_AXI_DMA_REG_MODULE/GEN_MM2S_REGISTERS.I_MM2S_DMA_REGISTER/SS[0]
    SLICE_X27Y53         FDRE                                         r  system_i/axi_dma_0/U0/I_AXI_DMA_REG_MODULE/GEN_MM2S_REGISTERS.I_MM2S_DMA_REGISTER/dmacr_i_reg[17]/R
  -------------------------------------------------------------------    -------------------

                         (clock clk_fpga_0 rise edge)
                                                      8.000     8.000 r  <hidden>
    PS7_X0Y0             PS7                          0.000     8.000 r  system_i/ps7/inst/PS7_i/FCLKCLK[0]
                         net (fo=1, routed)           1.088     9.088    system_i/ps7/inst/FCLK_CLK_unbuffered[0]
    BUFGCTRL_X0Y16       BUFG (Prop_bufg_I_O)         0.091     9.179 r  system_i/ps7/inst/buffer_fclk_clk_0.FCLK_CLK_0_BUFG/O
                         net (fo=16057, routed)       1.521    10.700    system_i/axi_dma_0/U0/I_AXI_DMA_REG_MODULE/GEN_MM2S_REGISTERS.I_MM2S_DMA_REGISTER/s_axi_lite_aclk
    SLICE_X27Y53         FDRE                                         r  system_i/axi_dma_0/U0/I_AXI_DMA_REG_MODULE/GEN_MM2S_REGISTERS.I_MM2S_DMA_REGISTER/dmacr_i_reg[17]/C
                         clock pessimism              0.229    10.929    <hidden>
                         clock uncertainty           -0.125    10.804    <hidden>
    SLICE_X27Y53         FDRE (Setup_fdre_C_R)       -0.633    10.171    system_i/axi_dma_0/U0/I_AXI_DMA_REG_MODULE/GEN_MM2S_REGISTERS.I_MM2S_DMA_REGISTER/dmacr_i_reg[17]
  -------------------------------------------------------------------
                         required time                         10.171    <hidden>
                         arrival time                          -9.032    <hidden>
  -------------------------------------------------------------------
                         slack                                  1.138    <hidden>

Slack (MET) :             1.138ns  (required time - arrival time)
  Source:                 system_i/ps7/inst/PS7_i/MAXIGP0ACLK
                            (rising edge-triggered cell PS7 clocked by clk_fpga_0  {rise@0.000ns fall@4.000ns period=8.000ns})
  Destination:            system_i/axi_dma_0/U0/I_AXI_DMA_REG_MODULE/GEN_MM2S_REGISTERS.I_MM2S_DMA_REGISTER/dmacr_i_reg[18]/R
                            (rising edge-triggered cell FDRE clocked by clk_fpga_0  {rise@0.000ns fall@4.000ns period=8.000ns})
  Path Group:             clk_fpga_0
  Path Type:              Setup (Max at Slow Process Corner)
  Requirement:            8.000ns  (clk_fpga_0 rise@8.000ns - clk_fpga_0 rise@0.000ns)
  Data Path Delay:        6.002ns  (logic 1.848ns (30.791%)  route 4.154ns (69.209%))
  Logic Levels:           3  (LUT4=3)
  Clock Path Skew:        -0.102ns (DCD - SCD + CPR)
    Destination Clock Delay (DCD):    2.700ns = ( 10.700 - 8.000 ) 
    Source Clock Delay      (SCD):    3.031ns
    Clock Pessimism Removal (CPR):    0.229ns
  Clock Uncertainty:      0.125ns  ((TSJ^2 + TIJ^2)^1/2 + DJ) / 2 + PE
    Total System Jitter     (TSJ):    0.071ns
    Total Input Jitter      (TIJ):    0.240ns
    Discrete Jitter          (DJ):    0.000ns
    Phase Error              (PE):    0.000ns

    Location             Delay type                Incr(ns)  Path(ns)    Netlist Resource(s)
  -------------------------------------------------------------------    -------------------
                         (clock clk_fpga_0 rise edge)
                                                      0.000     0.000 r  <hidden>
    PS7_X0Y0             PS7                          0.000     0.000 r  system_i/ps7/inst/PS7_i/FCLKCLK[0]
                         net (fo=1, routed)           1.193     1.193    system_i/ps7/inst/FCLK_CLK_unbuffered[0]
    BUFGCTRL_X0Y16       BUFG (Prop_bufg_I_O)         0.101     1.294 r  system_i/ps7/inst/buffer_fclk_clk_0.FCLK_CLK_0_BUFG/O
                         net (fo=16057, routed)       1.737     3.031    system_i/ps7/inst/M_AXI_GP0_ACLK
    PS7_X0Y0             PS7                                          r  system_i/ps7/inst/PS7_i/MAXIGP0ACLK
  -------------------------------------------------------------------    -------------------
    PS7_X0Y0             PS7 (Prop_ps7_MAXIGP0ACLK_MAXIGP0WDATA[17])
                                                      1.450     4.481 f  system_i/ps7/inst/PS7_i/MAXIGP0WDATA[17]
                         net (fo=5, routed)           2.412     6.893    system_i/axi_dma_0/U0/I_AXI_DMA_REG_MODULE/GEN_MM2S_REGISTERS.I_MM2S_DMA_REGISTER/s_axi_lite_wdata[17]
    SLICE_X27Y51         LUT4 (Prop_lut4_I0_O)        0.124     7.017 r  system_i/axi_dma_0/U0/I_AXI_DMA_REG_MODULE/GEN_MM2S_REGISTERS.I_MM2S_DMA_REGISTER/dmacr_i[23]_i_3/O
                         net (fo=1, routed)           0.648     7.665    system_i/axi_dma_0/U0/I_AXI_DMA_REG_MODULE/GEN_MM2S_REGISTERS.I_MM2S_DMA_REGISTER/dmacr_i[23]_i_3_n_0
    SLICE_X27Y51         LUT4 (Prop_lut4_I0_O)        0.124     7.789 r  system_i/axi_dma_0/U0/I_AXI_DMA_REG_MODULE/GEN_MM2S_REGISTERS.I_MM2S_DMA_REGISTER/dmacr_i[23]_i_2/O
                         net (fo=2, routed)           0.607     8.396    system_i/axi_dma_0/U0/I_AXI_DMA_REG_MODULE/GEN_AXI_LITE_IF.AXI_LITE_IF_I/GEN_REG_FOR_SMPL.buffer_length_wren_reg_1
    SLICE_X26Y50         LUT4 (Prop_lut4_I2_O)        0.150     8.546 r  system_i/axi_dma_0/U0/I_AXI_DMA_REG_MODULE/GEN_AXI_LITE_IF.AXI_LITE_IF_I/dmacr_i[23]_i_1/O
                         net (fo=8, routed)           0.486     9.032    system_i/axi_dma_0/U0/I_AXI_DMA_REG_MODULE/GEN_MM2S_REGISTERS.I_MM2S_DMA_REGISTER/SS[0]
    SLICE_X27Y53         FDRE                                         r  system_i/axi_dma_0/U0/I_AXI_DMA_REG_MODULE/GEN_MM2S_REGISTERS.I_MM2S_DMA_REGISTER/dmacr_i_reg[18]/R
  -------------------------------------------------------------------    -------------------

                         (clock clk_fpga_0 rise edge)
                                                      8.000     8.000 r  <hidden>
    PS7_X0Y0             PS7                          0.000     8.000 r  system_i/ps7/inst/PS7_i/FCLKCLK[0]
                         net (fo=1, routed)           1.088     9.088    system_i/ps7/inst/FCLK_CLK_unbuffered[0]
    BUFGCTRL_X0Y16       BUFG (Prop_bufg_I_O)         0.091     9.179 r  system_i/ps7/inst/buffer_fclk_clk_0.FCLK_CLK_0_BUFG/O
                         net (fo=16057, routed)       1.521    10.700    system_i/axi_dma_0/U0/I_AXI_DMA_REG_MODULE/GEN_MM2S_REGISTERS.I_MM2S_DMA_REGISTER/s_axi_lite_aclk
    SLICE_X27Y53         FDRE                                         r  system_i/axi_dma_0/U0/I_AXI_DMA_REG_MODULE/GEN_MM2S_REGISTERS.I_MM2S_DMA_REGISTER/dmacr_i_reg[18]/C
                         clock pessimism              0.229    10.929    <hidden>
                         clock uncertainty           -0.125    10.804    <hidden>
    SLICE_X27Y53         FDRE (Setup_fdre_C_R)       -0.633    10.171    system_i/axi_dma_0/U0/I_AXI_DMA_REG_MODULE/GEN_MM2S_REGISTERS.I_MM2S_DMA_REGISTER/dmacr_i_reg[18]
  -------------------------------------------------------------------
                         required time                         10.171    <hidden>
                         arrival time                          -9.032    <hidden>
  -------------------------------------------------------------------
                         slack                                  1.138    <hidden>

Slack (MET) :             1.138ns  (required time - arrival time)
  Source:                 system_i/ps7/inst/PS7_i/MAXIGP0ACLK
                            (rising edge-triggered cell PS7 clocked by clk_fpga_0  {rise@0.000ns fall@4.000ns period=8.000ns})
  Destination:            system_i/axi_dma_0/U0/I_AXI_DMA_REG_MODULE/GEN_MM2S_REGISTERS.I_MM2S_DMA_REGISTER/dmacr_i_reg[19]/R
                            (rising edge-triggered cell FDRE clocked by clk_fpga_0  {rise@0.000ns fall@4.000ns period=8.000ns})
  Path Group:             clk_fpga_0
  Path Type:              Setup (Max at Slow Process Corner)
  Requirement:            8.000ns  (clk_fpga_0 rise@8.000ns - clk_fpga_0 rise@0.000ns)
  Data Path Delay:        6.002ns  (logic 1.848ns (30.791%)  route 4.154ns (69.209%))
  Logic Levels:           3  (LUT4=3)
  Clock Path Skew:        -0.102ns (DCD - SCD + CPR)
    Destination Clock Delay (DCD):    2.700ns = ( 10.700 - 8.000 ) 
    Source Clock Delay      (SCD):    3.031ns
    Clock Pessimism Removal (CPR):    0.229ns
  Clock Uncertainty:      0.125ns  ((TSJ^2 + TIJ^2)^1/2 + DJ) / 2 + PE
    Total System Jitter     (TSJ):    0.071ns
    Total Input Jitter      (TIJ):    0.240ns
    Discrete Jitter          (DJ):    0.000ns
    Phase Error              (PE):    0.000ns

    Location             Delay type                Incr(ns)  Path(ns)    Netlist Resource(s)
  -------------------------------------------------------------------    -------------------
                         (clock clk_fpga_0 rise edge)
                                                      0.000     0.000 r  <hidden>
    PS7_X0Y0             PS7                          0.000     0.000 r  system_i/ps7/inst/PS7_i/FCLKCLK[0]
                         net (fo=1, routed)           1.193     1.193    system_i/ps7/inst/FCLK_CLK_unbuffered[0]
    BUFGCTRL_X0Y16       BUFG (Prop_bufg_I_O)         0.101     1.294 r  system_i/ps7/inst/buffer_fclk_clk_0.FCLK_CLK_0_BUFG/O
                         net (fo=16057, routed)       1.737     3.031    system_i/ps7/inst/M_AXI_GP0_ACLK
    PS7_X0Y0             PS7                                          r  system_i/ps7/inst/PS7_i/MAXIGP0ACLK
  -------------------------------------------------------------------    -------------------
    PS7_X0Y0             PS7 (Prop_ps7_MAXIGP0ACLK_MAXIGP0WDATA[17])
                                                      1.450     4.481 f  system_i/ps7/inst/PS7_i/MAXIGP0WDATA[17]
                         net (fo=5, routed)           2.412     6.893    system_i/axi_dma_0/U0/I_AXI_DMA_REG_MODULE/GEN_MM2S_REGISTERS.I_MM2S_DMA_REGISTER/s_axi_lite_wdata[17]
    SLICE_X27Y51         LUT4 (Prop_lut4_I0_O)        0.124     7.017 r  system_i/axi_dma_0/U0/I_AXI_DMA_REG_MODULE/GEN_MM2S_REGISTERS.I_MM2S_DMA_REGISTER/dmacr_i[23]_i_3/O
                         net (fo=1, routed)           0.648     7.665    system_i/axi_dma_0/U0/I_AXI_DMA_REG_MODULE/GEN_MM2S_REGISTERS.I_MM2S_DMA_REGISTER/dmacr_i[23]_i_3_n_0
    SLICE_X27Y51         LUT4 (Prop_lut4_I0_O)        0.124     7.789 r  system_i/axi_dma_0/U0/I_AXI_DMA_REG_MODULE/GEN_MM2S_REGISTERS.I_MM2S_DMA_REGISTER/dmacr_i[23]_i_2/O
                         net (fo=2, routed)           0.607     8.396    system_i/axi_dma_0/U0/I_AXI_DMA_REG_MODULE/GEN_AXI_LITE_IF.AXI_LITE_IF_I/GEN_REG_FOR_SMPL.buffer_length_wren_reg_1
    SLICE_X26Y50         LUT4 (Prop_lut4_I2_O)        0.150     8.546 r  system_i/axi_dma_0/U0/I_AXI_DMA_REG_MODULE/GEN_AXI_LITE_IF.AXI_LITE_IF_I/dmacr_i[23]_i_1/O
                         net (fo=8, routed)           0.486     9.032    system_i/axi_dma_0/U0/I_AXI_DMA_REG_MODULE/GEN_MM2S_REGISTERS.I_MM2S_DMA_REGISTER/SS[0]
    SLICE_X27Y53         FDRE                                         r  system_i/axi_dma_0/U0/I_AXI_DMA_REG_MODULE/GEN_MM2S_REGISTERS.I_MM2S_DMA_REGISTER/dmacr_i_reg[19]/R
  -------------------------------------------------------------------    -------------------

                         (clock clk_fpga_0 rise edge)
                                                      8.000     8.000 r  <hidden>
    PS7_X0Y0             PS7                          0.000     8.000 r  system_i/ps7/inst/PS7_i/FCLKCLK[0]
                         net (fo=1, routed)           1.088     9.088    system_i/ps7/inst/FCLK_CLK_unbuffered[0]
    BUFGCTRL_X0Y16       BUFG (Prop_bufg_I_O)         0.091     9.179 r  system_i/ps7/inst/buffer_fclk_clk_0.FCLK_CLK_0_BUFG/O
                         net (fo=16057, routed)       1.521    10.700    system_i/axi_dma_0/U0/I_AXI_DMA_REG_MODULE/GEN_MM2S_REGISTERS.I_MM2S_DMA_REGISTER/s_axi_lite_aclk
    SLICE_X27Y53         FDRE                                         r  system_i/axi_dma_0/U0/I_AXI_DMA_REG_MODULE/GEN_MM2S_REGISTERS.I_MM2S_DMA_REGISTER/dmacr_i_reg[19]/C
                         clock pessimism              0.229    10.929    <hidden>
                         clock uncertainty           -0.125    10.804    <hidden>
    SLICE_X27Y53         FDRE (Setup_fdre_C_R)       -0.633    10.171    system_i/axi_dma_0/U0/I_AXI_DMA_REG_MODULE/GEN_MM2S_REGISTERS.I_MM2S_DMA_REGISTER/dmacr_i_reg[19]
  -------------------------------------------------------------------
                         required time                         10.171    <hidden>
                         arrival time                          -9.032    <hidden>
  -------------------------------------------------------------------
                         slack                                  1.138    <hidden>

Slack (MET) :             1.138ns  (required time - arrival time)
  Source:                 system_i/ps7/inst/PS7_i/MAXIGP0ACLK
                            (rising edge-triggered cell PS7 clocked by clk_fpga_0  {rise@0.000ns fall@4.000ns period=8.000ns})
  Destination:            system_i/axi_dma_0/U0/I_AXI_DMA_REG_MODULE/GEN_MM2S_REGISTERS.I_MM2S_DMA_REGISTER/dmacr_i_reg[20]/R
                            (rising edge-triggered cell FDRE clocked by clk_fpga_0  {rise@0.000ns fall@4.000ns period=8.000ns})
  Path Group:             clk_fpga_0
  Path Type:              Setup (Max at Slow Process Corner)
  Requirement:            8.000ns  (clk_fpga_0 rise@8.000ns - clk_fpga_0 rise@0.000ns)
  Data Path Delay:        6.002ns  (logic 1.848ns (30.791%)  route 4.154ns (69.209%))
  Logic Levels:           3  (LUT4=3)
  Clock Path Skew:        -0.102ns (DCD - SCD + CPR)
    Destination Clock Delay (DCD):    2.700ns = ( 10.700 - 8.000 ) 
    Source Clock Delay      (SCD):    3.031ns
    Clock Pessimism Removal (CPR):    0.229ns
  Clock Uncertainty:      0.125ns  ((TSJ^2 + TIJ^2)^1/2 + DJ) / 2 + PE
    Total System Jitter     (TSJ):    0.071ns
    Total Input Jitter      (TIJ):    0.240ns
    Discrete Jitter          (DJ):    0.000ns
    Phase Error              (PE):    0.000ns

    Location             Delay type                Incr(ns)  Path(ns)    Netlist Resource(s)
  -------------------------------------------------------------------    -------------------
                         (clock clk_fpga_0 rise edge)
                                                      0.000     0.000 r  <hidden>
    PS7_X0Y0             PS7                          0.000     0.000 r  system_i/ps7/inst/PS7_i/FCLKCLK[0]
                         net (fo=1, routed)           1.193     1.193    system_i/ps7/inst/FCLK_CLK_unbuffered[0]
    BUFGCTRL_X0Y16       BUFG (Prop_bufg_I_O)         0.101     1.294 r  system_i/ps7/inst/buffer_fclk_clk_0.FCLK_CLK_0_BUFG/O
                         net (fo=16057, routed)       1.737     3.031    system_i/ps7/inst/M_AXI_GP0_ACLK
    PS7_X0Y0             PS7                                          r  system_i/ps7/inst/PS7_i/MAXIGP0ACLK
  -------------------------------------------------------------------    -------------------
    PS7_X0Y0             PS7 (Prop_ps7_MAXIGP0ACLK_MAXIGP0WDATA[17])
                                                      1.450     4.481 f  system_i/ps7/inst/PS7_i/MAXIGP0WDATA[17]
                         net (fo=5, routed)           2.412     6.893    system_i/axi_dma_0/U0/I_AXI_DMA_REG_MODULE/GEN_MM2S_REGISTERS.I_MM2S_DMA_REGISTER/s_axi_lite_wdata[17]
    SLICE_X27Y51         LUT4 (Prop_lut4_I0_O)        0.124     7.017 r  system_i/axi_dma_0/U0/I_AXI_DMA_REG_MODULE/GEN_MM2S_REGISTERS.I_MM2S_DMA_REGISTER/dmacr_i[23]_i_3/O
                         net (fo=1, routed)           0.648     7.665    system_i/axi_dma_0/U0/I_AXI_DMA_REG_MODULE/GEN_MM2S_REGISTERS.I_MM2S_DMA_REGISTER/dmacr_i[23]_i_3_n_0
    SLICE_X27Y51         LUT4 (Prop_lut4_I0_O)        0.124     7.789 r  system_i/axi_dma_0/U0/I_AXI_DMA_REG_MODULE/GEN_MM2S_REGISTERS.I_MM2S_DMA_REGISTER/dmacr_i[23]_i_2/O
                         net (fo=2, routed)           0.607     8.396    system_i/axi_dma_0/U0/I_AXI_DMA_REG_MODULE/GEN_AXI_LITE_IF.AXI_LITE_IF_I/GEN_REG_FOR_SMPL.buffer_length_wren_reg_1
    SLICE_X26Y50         LUT4 (Prop_lut4_I2_O)        0.150     8.546 r  system_i/axi_dma_0/U0/I_AXI_DMA_REG_MODULE/GEN_AXI_LITE_IF.AXI_LITE_IF_I/dmacr_i[23]_i_1/O
                         net (fo=8, routed)           0.486     9.032    system_i/axi_dma_0/U0/I_AXI_DMA_REG_MODULE/GEN_MM2S_REGISTERS.I_MM2S_DMA_REGISTER/SS[0]
    SLICE_X27Y53         FDRE                                         r  system_i/axi_dma_0/U0/I_AXI_DMA_REG_MODULE/GEN_MM2S_REGISTERS.I_MM2S_DMA_REGISTER/dmacr_i_reg[20]/R
  -------------------------------------------------------------------    -------------------

                         (clock clk_fpga_0 rise edge)
                                                      8.000     8.000 r  <hidden>
    PS7_X0Y0             PS7                          0.000     8.000 r  system_i/ps7/inst/PS7_i/FCLKCLK[0]
                         net (fo=1, routed)           1.088     9.088    system_i/ps7/inst/FCLK_CLK_unbuffered[0]
    BUFGCTRL_X0Y16       BUFG (Prop_bufg_I_O)         0.091     9.179 r  system_i/ps7/inst/buffer_fclk_clk_0.FCLK_CLK_0_BUFG/O
                         net (fo=16057, routed)       1.521    10.700    system_i/axi_dma_0/U0/I_AXI_DMA_REG_MODULE/GEN_MM2S_REGISTERS.I_MM2S_DMA_REGISTER/s_axi_lite_aclk
    SLICE_X27Y53         FDRE                                         r  system_i/axi_dma_0/U0/I_AXI_DMA_REG_MODULE/GEN_MM2S_REGISTERS.I_MM2S_DMA_REGISTER/dmacr_i_reg[20]/C
                         clock pessimism              0.229    10.929    <hidden>
                         clock uncertainty           -0.125    10.804    <hidden>
    SLICE_X27Y53         FDRE (Setup_fdre_C_R)       -0.633    10.171    system_i/axi_dma_0/U0/I_AXI_DMA_REG_MODULE/GEN_MM2S_REGISTERS.I_MM2S_DMA_REGISTER/dmacr_i_reg[20]
  -------------------------------------------------------------------
                         required time                         10.171    <hidden>
                         arrival time                          -9.032    <hidden>
  -------------------------------------------------------------------
                         slack                                  1.138    <hidden>

Slack (MET) :             1.138ns  (required time - arrival time)
  Source:                 system_i/ps7/inst/PS7_i/MAXIGP0ACLK
                            (rising edge-triggered cell PS7 clocked by clk_fpga_0  {rise@0.000ns fall@4.000ns period=8.000ns})
  Destination:            system_i/axi_dma_0/U0/I_AXI_DMA_REG_MODULE/GEN_MM2S_REGISTERS.I_MM2S_DMA_REGISTER/dmacr_i_reg[21]/R
                            (rising edge-triggered cell FDRE clocked by clk_fpga_0  {rise@0.000ns fall@4.000ns period=8.000ns})
  Path Group:             clk_fpga_0
  Path Type:              Setup (Max at Slow Process Corner)
  Requirement:            8.000ns  (clk_fpga_0 rise@8.000ns - clk_fpga_0 rise@0.000ns)
  Data Path Delay:        6.002ns  (logic 1.848ns (30.791%)  route 4.154ns (69.209%))
  Logic Levels:           3  (LUT4=3)
  Clock Path Skew:        -0.102ns (DCD - SCD + CPR)
    Destination Clock Delay (DCD):    2.700ns = ( 10.700 - 8.000 ) 
    Source Clock Delay      (SCD):    3.031ns
    Clock Pessimism Removal (CPR):    0.229ns
  Clock Uncertainty:      0.125ns  ((TSJ^2 + TIJ^2)^1/2 + DJ) / 2 + PE
    Total System Jitter     (TSJ):    0.071ns
    Total Input Jitter      (TIJ):    0.240ns
    Discrete Jitter          (DJ):    0.000ns
    Phase Error              (PE):    0.000ns

    Location             Delay type                Incr(ns)  Path(ns)    Netlist Resource(s)
  -------------------------------------------------------------------    -------------------
                         (clock clk_fpga_0 rise edge)
                                                      0.000     0.000 r  <hidden>
    PS7_X0Y0             PS7                          0.000     0.000 r  system_i/ps7/inst/PS7_i/FCLKCLK[0]
                         net (fo=1, routed)           1.193     1.193    system_i/ps7/inst/FCLK_CLK_unbuffered[0]
    BUFGCTRL_X0Y16       BUFG (Prop_bufg_I_O)         0.101     1.294 r  system_i/ps7/inst/buffer_fclk_clk_0.FCLK_CLK_0_BUFG/O
                         net (fo=16057, routed)       1.737     3.031    system_i/ps7/inst/M_AXI_GP0_ACLK
    PS7_X0Y0             PS7                                          r  system_i/ps7/inst/PS7_i/MAXIGP0ACLK
  -------------------------------------------------------------------    -------------------
    PS7_X0Y0             PS7 (Prop_ps7_MAXIGP0ACLK_MAXIGP0WDATA[17])
                                                      1.450     4.481 f  system_i/ps7/inst/PS7_i/MAXIGP0WDATA[17]
                         net (fo=5, routed)           2.412     6.893    system_i/axi_dma_0/U0/I_AXI_DMA_REG_MODULE/GEN_MM2S_REGISTERS.I_MM2S_DMA_REGISTER/s_axi_lite_wdata[17]
    SLICE_X27Y51         LUT4 (Prop_lut4_I0_O)        0.124     7.017 r  system_i/axi_dma_0/U0/I_AXI_DMA_REG_MODULE/GEN_MM2S_REGISTERS.I_MM2S_DMA_REGISTER/dmacr_i[23]_i_3/O
                         net (fo=1, routed)           0.648     7.665    system_i/axi_dma_0/U0/I_AXI_DMA_REG_MODULE/GEN_MM2S_REGISTERS.I_MM2S_DMA_REGISTER/dmacr_i[23]_i_3_n_0
    SLICE_X27Y51         LUT4 (Prop_lut4_I0_O)        0.124     7.789 r  system_i/axi_dma_0/U0/I_AXI_DMA_REG_MODULE/GEN_MM2S_REGISTERS.I_MM2S_DMA_REGISTER/dmacr_i[23]_i_2/O
                         net (fo=2, routed)           0.607     8.396    system_i/axi_dma_0/U0/I_AXI_DMA_REG_MODULE/GEN_AXI_LITE_IF.AXI_LITE_IF_I/GEN_REG_FOR_SMPL.buffer_length_wren_reg_1
    SLICE_X26Y50         LUT4 (Prop_lut4_I2_O)        0.150     8.546 r  system_i/axi_dma_0/U0/I_AXI_DMA_REG_MODULE/GEN_AXI_LITE_IF.AXI_LITE_IF_I/dmacr_i[23]_i_1/O
                         net (fo=8, routed)           0.486     9.032    system_i/axi_dma_0/U0/I_AXI_DMA_REG_MODULE/GEN_MM2S_REGISTERS.I_MM2S_DMA_REGISTER/SS[0]
    SLICE_X27Y53         FDRE                                         r  system_i/axi_dma_0/U0/I_AXI_DMA_REG_MODULE/GEN_MM2S_REGISTERS.I_MM2S_DMA_REGISTER/dmacr_i_reg[21]/R
  -------------------------------------------------------------------    -------------------

                         (clock clk_fpga_0 rise edge)
                                                      8.000     8.000 r  <hidden>
    PS7_X0Y0             PS7                          0.000     8.000 r  system_i/ps7/inst/PS7_i/FCLKCLK[0]
                         net (fo=1, routed)           1.088     9.088    system_i/ps7/inst/FCLK_CLK_unbuffered[0]
    BUFGCTRL_X0Y16       BUFG (Prop_bufg_I_O)         0.091     9.179 r  system_i/ps7/inst/buffer_fclk_clk_0.FCLK_CLK_0_BUFG/O
                         net (fo=16057, routed)       1.521    10.700    system_i/axi_dma_0/U0/I_AXI_DMA_REG_MODULE/GEN_MM2S_REGISTERS.I_MM2S_DMA_REGISTER/s_axi_lite_aclk
    SLICE_X27Y53         FDRE                                         r  system_i/axi_dma_0/U0/I_AXI_DMA_REG_MODULE/GEN_MM2S_REGISTERS.I_MM2S_DMA_REGISTER/dmacr_i_reg[21]/C
                         clock pessimism              0.229    10.929    <hidden>
                         clock uncertainty           -0.125    10.804    <hidden>
    SLICE_X27Y53         FDRE (Setup_fdre_C_R)       -0.633    10.171    system_i/axi_dma_0/U0/I_AXI_DMA_REG_MODULE/GEN_MM2S_REGISTERS.I_MM2S_DMA_REGISTER/dmacr_i_reg[21]
  -------------------------------------------------------------------
                         required time                         10.171    <hidden>
                         arrival time                          -9.032    <hidden>
  -------------------------------------------------------------------
                         slack                                  1.138    <hidden>

Slack (MET) :             1.138ns  (required time - arrival time)
  Source:                 system_i/ps7/inst/PS7_i/MAXIGP0ACLK
                            (rising edge-triggered cell PS7 clocked by clk_fpga_0  {rise@0.000ns fall@4.000ns period=8.000ns})
  Destination:            system_i/axi_dma_0/U0/I_AXI_DMA_REG_MODULE/GEN_MM2S_REGISTERS.I_MM2S_DMA_REGISTER/dmacr_i_reg[22]/R
                            (rising edge-triggered cell FDRE clocked by clk_fpga_0  {rise@0.000ns fall@4.000ns period=8.000ns})
  Path Group:             clk_fpga_0
  Path Type:              Setup (Max at Slow Process Corner)
  Requirement:            8.000ns  (clk_fpga_0 rise@8.000ns - clk_fpga_0 rise@0.000ns)
  Data Path Delay:        6.002ns  (logic 1.848ns (30.791%)  route 4.154ns (69.209%))
  Logic Levels:           3  (LUT4=3)
  Clock Path Skew:        -0.102ns (DCD - SCD + CPR)
    Destination Clock Delay (DCD):    2.700ns = ( 10.700 - 8.000 ) 
    Source Clock Delay      (SCD):    3.031ns
    Clock Pessimism Removal (CPR):    0.229ns
  Clock Uncertainty:      0.125ns  ((TSJ^2 + TIJ^2)^1/2 + DJ) / 2 + PE
    Total System Jitter     (TSJ):    0.071ns
    Total Input Jitter      (TIJ):    0.240ns
    Discrete Jitter          (DJ):    0.000ns
    Phase Error              (PE):    0.000ns

    Location             Delay type                Incr(ns)  Path(ns)    Netlist Resource(s)
  -------------------------------------------------------------------    -------------------
                         (clock clk_fpga_0 rise edge)
                                                      0.000     0.000 r  <hidden>
    PS7_X0Y0             PS7                          0.000     0.000 r  system_i/ps7/inst/PS7_i/FCLKCLK[0]
                         net (fo=1, routed)           1.193     1.193    system_i/ps7/inst/FCLK_CLK_unbuffered[0]
    BUFGCTRL_X0Y16       BUFG (Prop_bufg_I_O)         0.101     1.294 r  system_i/ps7/inst/buffer_fclk_clk_0.FCLK_CLK_0_BUFG/O
                         net (fo=16057, routed)       1.737     3.031    system_i/ps7/inst/M_AXI_GP0_ACLK
    PS7_X0Y0             PS7                                          r  system_i/ps7/inst/PS7_i/MAXIGP0ACLK
  -------------------------------------------------------------------    -------------------
    PS7_X0Y0             PS7 (Prop_ps7_MAXIGP0ACLK_MAXIGP0WDATA[17])
                                                      1.450     4.481 f  system_i/ps7/inst/PS7_i/MAXIGP0WDATA[17]
                         net (fo=5, routed)           2.412     6.893    system_i/axi_dma_0/U0/I_AXI_DMA_REG_MODULE/GEN_MM2S_REGISTERS.I_MM2S_DMA_REGISTER/s_axi_lite_wdata[17]
    SLICE_X27Y51         LUT4 (Prop_lut4_I0_O)        0.124     7.017 r  system_i/axi_dma_0/U0/I_AXI_DMA_REG_MODULE/GEN_MM2S_REGISTERS.I_MM2S_DMA_REGISTER/dmacr_i[23]_i_3/O
                         net (fo=1, routed)           0.648     7.665    system_i/axi_dma_0/U0/I_AXI_DMA_REG_MODULE/GEN_MM2S_REGISTERS.I_MM2S_DMA_REGISTER/dmacr_i[23]_i_3_n_0
    SLICE_X27Y51         LUT4 (Prop_lut4_I0_O)        0.124     7.789 r  system_i/axi_dma_0/U0/I_AXI_DMA_REG_MODULE/GEN_MM2S_REGISTERS.I_MM2S_DMA_REGISTER/dmacr_i[23]_i_2/O
                         net (fo=2, routed)           0.607     8.396    system_i/axi_dma_0/U0/I_AXI_DMA_REG_MODULE/GEN_AXI_LITE_IF.AXI_LITE_IF_I/GEN_REG_FOR_SMPL.buffer_length_wren_reg_1
    SLICE_X26Y50         LUT4 (Prop_lut4_I2_O)        0.150     8.546 r  system_i/axi_dma_0/U0/I_AXI_DMA_REG_MODULE/GEN_AXI_LITE_IF.AXI_LITE_IF_I/dmacr_i[23]_i_1/O
                         net (fo=8, routed)           0.486     9.032    system_i/axi_dma_0/U0/I_AXI_DMA_REG_MODULE/GEN_MM2S_REGISTERS.I_MM2S_DMA_REGISTER/SS[0]
    SLICE_X27Y53         FDRE                                         r  system_i/axi_dma_0/U0/I_AXI_DMA_REG_MODULE/GEN_MM2S_REGISTERS.I_MM2S_DMA_REGISTER/dmacr_i_reg[22]/R
  -------------------------------------------------------------------    -------------------

                         (clock clk_fpga_0 rise edge)
                                                      8.000     8.000 r  <hidden>
    PS7_X0Y0             PS7                          0.000     8.000 r  system_i/ps7/inst/PS7_i/FCLKCLK[0]
                         net (fo=1, routed)           1.088     9.088    system_i/ps7/inst/FCLK_CLK_unbuffered[0]
    BUFGCTRL_X0Y16       BUFG (Prop_bufg_I_O)         0.091     9.179 r  system_i/ps7/inst/buffer_fclk_clk_0.FCLK_CLK_0_BUFG/O
                         net (fo=16057, routed)       1.521    10.700    system_i/axi_dma_0/U0/I_AXI_DMA_REG_MODULE/GEN_MM2S_REGISTERS.I_MM2S_DMA_REGISTER/s_axi_lite_aclk
    SLICE_X27Y53         FDRE                                         r  system_i/axi_dma_0/U0/I_AXI_DMA_REG_MODULE/GEN_MM2S_REGISTERS.I_MM2S_DMA_REGISTER/dmacr_i_reg[22]/C
                         clock pessimism              0.229    10.929    <hidden>
                         clock uncertainty           -0.125    10.804    <hidden>
    SLICE_X27Y53         FDRE (Setup_fdre_C_R)       -0.633    10.171    system_i/axi_dma_0/U0/I_AXI_DMA_REG_MODULE/GEN_MM2S_REGISTERS.I_MM2S_DMA_REGISTER/dmacr_i_reg[22]
  -------------------------------------------------------------------
                         required time                         10.171    <hidden>
                         arrival time                          -9.032    <hidden>
  -------------------------------------------------------------------
                         slack                                  1.138    <hidden>

Slack (MET) :             1.138ns  (required time - arrival time)
  Source:                 system_i/ps7/inst/PS7_i/MAXIGP0ACLK
                            (rising edge-triggered cell PS7 clocked by clk_fpga_0  {rise@0.000ns fall@4.000ns period=8.000ns})
  Destination:            system_i/axi_dma_0/U0/I_AXI_DMA_REG_MODULE/GEN_MM2S_REGISTERS.I_MM2S_DMA_REGISTER/dmacr_i_reg[23]/R
                            (rising edge-triggered cell FDRE clocked by clk_fpga_0  {rise@0.000ns fall@4.000ns period=8.000ns})
  Path Group:             clk_fpga_0
  Path Type:              Setup (Max at Slow Process Corner)
  Requirement:            8.000ns  (clk_fpga_0 rise@8.000ns - clk_fpga_0 rise@0.000ns)
  Data Path Delay:        6.002ns  (logic 1.848ns (30.791%)  route 4.154ns (69.209%))
  Logic Levels:           3  (LUT4=3)
  Clock Path Skew:        -0.102ns (DCD - SCD + CPR)
    Destination Clock Delay (DCD):    2.700ns = ( 10.700 - 8.000 ) 
    Source Clock Delay      (SCD):    3.031ns
    Clock Pessimism Removal (CPR):    0.229ns
  Clock Uncertainty:      0.125ns  ((TSJ^2 + TIJ^2)^1/2 + DJ) / 2 + PE
    Total System Jitter     (TSJ):    0.071ns
    Total Input Jitter      (TIJ):    0.240ns
    Discrete Jitter          (DJ):    0.000ns
    Phase Error              (PE):    0.000ns

    Location             Delay type                Incr(ns)  Path(ns)    Netlist Resource(s)
  -------------------------------------------------------------------    -------------------
                         (clock clk_fpga_0 rise edge)
                                                      0.000     0.000 r  <hidden>
    PS7_X0Y0             PS7                          0.000     0.000 r  system_i/ps7/inst/PS7_i/FCLKCLK[0]
                         net (fo=1, routed)           1.193     1.193    system_i/ps7/inst/FCLK_CLK_unbuffered[0]
    BUFGCTRL_X0Y16       BUFG (Prop_bufg_I_O)         0.101     1.294 r  system_i/ps7/inst/buffer_fclk_clk_0.FCLK_CLK_0_BUFG/O
                         net (fo=16057, routed)       1.737     3.031    system_i/ps7/inst/M_AXI_GP0_ACLK
    PS7_X0Y0             PS7                                          r  system_i/ps7/inst/PS7_i/MAXIGP0ACLK
  -------------------------------------------------------------------    -------------------
    PS7_X0Y0             PS7 (Prop_ps7_MAXIGP0ACLK_MAXIGP0WDATA[17])
                                                      1.450     4.481 f  system_i/ps7/inst/PS7_i/MAXIGP0WDATA[17]
                         net (fo=5, routed)           2.412     6.893    system_i/axi_dma_0/U0/I_AXI_DMA_REG_MODULE/GEN_MM2S_REGISTERS.I_MM2S_DMA_REGISTER/s_axi_lite_wdata[17]
    SLICE_X27Y51         LUT4 (Prop_lut4_I0_O)        0.124     7.017 r  system_i/axi_dma_0/U0/I_AXI_DMA_REG_MODULE/GEN_MM2S_REGISTERS.I_MM2S_DMA_REGISTER/dmacr_i[23]_i_3/O
                         net (fo=1, routed)           0.648     7.665    system_i/axi_dma_0/U0/I_AXI_DMA_REG_MODULE/GEN_MM2S_REGISTERS.I_MM2S_DMA_REGISTER/dmacr_i[23]_i_3_n_0
    SLICE_X27Y51         LUT4 (Prop_lut4_I0_O)        0.124     7.789 r  system_i/axi_dma_0/U0/I_AXI_DMA_REG_MODULE/GEN_MM2S_REGISTERS.I_MM2S_DMA_REGISTER/dmacr_i[23]_i_2/O
                         net (fo=2, routed)           0.607     8.396    system_i/axi_dma_0/U0/I_AXI_DMA_REG_MODULE/GEN_AXI_LITE_IF.AXI_LITE_IF_I/GEN_REG_FOR_SMPL.buffer_length_wren_reg_1
    SLICE_X26Y50         LUT4 (Prop_lut4_I2_O)        0.150     8.546 r  system_i/axi_dma_0/U0/I_AXI_DMA_REG_MODULE/GEN_AXI_LITE_IF.AXI_LITE_IF_I/dmacr_i[23]_i_1/O
                         net (fo=8, routed)           0.486     9.032    system_i/axi_dma_0/U0/I_AXI_DMA_REG_MODULE/GEN_MM2S_REGISTERS.I_MM2S_DMA_REGISTER/SS[0]
    SLICE_X27Y53         FDRE                                         r  system_i/axi_dma_0/U0/I_AXI_DMA_REG_MODULE/GEN_MM2S_REGISTERS.I_MM2S_DMA_REGISTER/dmacr_i_reg[23]/R
  -------------------------------------------------------------------    -------------------

                         (clock clk_fpga_0 rise edge)
                                                      8.000     8.000 r  <hidden>
    PS7_X0Y0             PS7                          0.000     8.000 r  system_i/ps7/inst/PS7_i/FCLKCLK[0]
                         net (fo=1, routed)           1.088     9.088    system_i/ps7/inst/FCLK_CLK_unbuffered[0]
    BUFGCTRL_X0Y16       BUFG (Prop_bufg_I_O)         0.091     9.179 r  system_i/ps7/inst/buffer_fclk_clk_0.FCLK_CLK_0_BUFG/O
                         net (fo=16057, routed)       1.521    10.700    system_i/axi_dma_0/U0/I_AXI_DMA_REG_MODULE/GEN_MM2S_REGISTERS.I_MM2S_DMA_REGISTER/s_axi_lite_aclk
    SLICE_X27Y53         FDRE                                         r  system_i/axi_dma_0/U0/I_AXI_DMA_REG_MODULE/GEN_MM2S_REGISTERS.I_MM2S_DMA_REGISTER/dmacr_i_reg[23]/C
                         clock pessimism              0.229    10.929    <hidden>
                         clock uncertainty           -0.125    10.804    <hidden>
    SLICE_X27Y53         FDRE (Setup_fdre_C_R)       -0.633    10.171    system_i/axi_dma_0/U0/I_AXI_DMA_REG_MODULE/GEN_MM2S_REGISTERS.I_MM2S_DMA_REGISTER/dmacr_i_reg[23]
  -------------------------------------------------------------------
                         required time                         10.171    <hidden>
                         arrival time                          -9.032    <hidden>
  -------------------------------------------------------------------
                         slack                                  1.138    <hidden>

Slack (MET) :             1.151ns  (required time - arrival time)
  Source:                 system_i/axi_dma_0/U0/I_PRMRY_DATAMOVER/GEN_MM2S_FULL.I_MM2S_FULL_WRAPPER/ENABLE_AXIS_SKID.I_MM2S_SKID_BUF/sig_m_valid_out_reg/C
                            (rising edge-triggered cell FDRE clocked by clk_fpga_0  {rise@0.000ns fall@4.000ns period=8.000ns})
  Destination:            system_i/iq_0/inst/bank0/mem_reg_2_0_4/ADDRARDADDR[12]
                            (rising edge-triggered cell RAMB36E1 clocked by clk_fpga_0  {rise@0.000ns fall@4.000ns period=8.000ns})
  Path Group:             clk_fpga_0
  Path Type:              Setup (Max at Slow Process Corner)
  Requirement:            8.000ns  (clk_fpga_0 rise@8.000ns - clk_fpga_0 rise@0.000ns)
  Data Path Delay:        5.736ns  (logic 0.823ns (14.347%)  route 4.913ns (85.653%))
  Logic Levels:           3  (LUT5=2 LUT6=1)
  Clock Path Skew:        -0.191ns (DCD - SCD + CPR)
    Destination Clock Delay (DCD):    2.690ns = ( 10.690 - 8.000 ) 
    Source Clock Delay      (SCD):    3.010ns
    Clock Pessimism Removal (CPR):    0.129ns
  Clock Uncertainty:      0.125ns  ((TSJ^2 + TIJ^2)^1/2 + DJ) / 2 + PE
    Total System Jitter     (TSJ):    0.071ns
    Total Input Jitter      (TIJ):    0.240ns
    Discrete Jitter          (DJ):    0.000ns
    Phase Error              (PE):    0.000ns

    Location             Delay type                Incr(ns)  Path(ns)    Netlist Resource(s)
  -------------------------------------------------------------------    -------------------
                         (clock clk_fpga_0 rise edge)
                                                      0.000     0.000 r  <hidden>
    PS7_X0Y0             PS7                          0.000     0.000 r  system_i/ps7/inst/PS7_i/FCLKCLK[0]
                         net (fo=1, routed)           1.193     1.193    system_i/ps7/inst/FCLK_CLK_unbuffered[0]
    BUFGCTRL_X0Y16       BUFG (Prop_bufg_I_O)         0.101     1.294 r  system_i/ps7/inst/buffer_fclk_clk_0.FCLK_CLK_0_BUFG/O
                         net (fo=16057, routed)       1.716     3.010    system_i/axi_dma_0/U0/I_PRMRY_DATAMOVER/GEN_MM2S_FULL.I_MM2S_FULL_WRAPPER/ENABLE_AXIS_SKID.I_MM2S_SKID_BUF/m_axi_mm2s_aclk
    SLICE_X84Y86         FDRE                                         r  system_i/axi_dma_0/U0/I_PRMRY_DATAMOVER/GEN_MM2S_FULL.I_MM2S_FULL_WRAPPER/ENABLE_AXIS_SKID.I_MM2S_SKID_BUF/sig_m_valid_out_reg/C
  -------------------------------------------------------------------    -------------------
    SLICE_X84Y86         FDRE (Prop_fdre_C_Q)         0.456     3.466 r  system_i/axi_dma_0/U0/I_PRMRY_DATAMOVER/GEN_MM2S_FULL.I_MM2S_FULL_WRAPPER/ENABLE_AXIS_SKID.I_MM2S_SKID_BUF/sig_m_valid_out_reg/Q
                         net (fo=2, routed)           0.935     4.401    system_i/iq_0/inst/bank1/s_axis_iq_tvalid
    SLICE_X83Y88         LUT5 (Prop_lut5_I0_O)        0.124     4.525 r  system_i/iq_0/inst/bank1/loader_word[31]_i_1/O
                         net (fo=39, routed)          0.815     5.340    system_i/iq_0/inst/bank1/p_88_in
    SLICE_X60Y85         LUT6 (Prop_lut6_I3_O)        0.124     5.464 r  system_i/iq_0/inst/bank1/mem_reg_0_0_0_i_18/O
                         net (fo=60, routed)          1.083     6.547    system_i/iq_0/inst/bank1/mem_reg_0_0_0_i_18_n_0
    SLICE_X58Y80         LUT5 (Prop_lut5_I1_O)        0.119     6.666 r  system_i/iq_0/inst/bank1/mem_reg_2_0_0_i_3/O
                         net (fo=16, routed)          2.081     8.746    system_i/iq_0/inst/bank0/mem_reg_2_0_7_0[12]
    RAMB36_X2Y13         RAMB36E1                                     r  system_i/iq_0/inst/bank0/mem_reg_2_0_4/ADDRARDADDR[12]
  -------------------------------------------------------------------    -------------------

                         (clock clk_fpga_0 rise edge)
                                                      8.000     8.000 r  <hidden>
    PS7_X0Y0             PS7                          0.000     8.000 r  system_i/ps7/inst/PS7_i/FCLKCLK[0]
                         net (fo=1, routed)           1.088     9.088    system_i/ps7/inst/FCLK_CLK_unbuffered[0]
    BUFGCTRL_X0Y16       BUFG (Prop_bufg_I_O)         0.091     9.179 r  system_i/ps7/inst/buffer_fclk_clk_0.FCLK_CLK_0_BUFG/O
                         net (fo=16057, routed)       1.511    10.690    system_i/iq_0/inst/bank0/s_axi_aclk
    RAMB36_X2Y13         RAMB36E1                                     r  system_i/iq_0/inst/bank0/mem_reg_2_0_4/CLKARDCLK
                         clock pessimism              0.129    10.819    <hidden>
                         clock uncertainty           -0.125    10.694    <hidden>
    RAMB36_X2Y13         RAMB36E1 (Setup_ramb36e1_CLKARDCLK_ADDRARDADDR[12])
                                                     -0.797     9.897    system_i/iq_0/inst/bank0/mem_reg_2_0_4
  -------------------------------------------------------------------
                         required time                          9.897    <hidden>
                         arrival time                          -8.746    <hidden>
  -------------------------------------------------------------------
                         slack                                  1.151    <hidden>

Slack (MET) :             1.191ns  (required time - arrival time)
  Source:                 system_i/axi_mem_intercon/s00_couplers/auto_us/inst/gen_upsizer.gen_full_upsizer.axi_upsizer_inst/USE_READ.gen_non_fifo_r_upsizer.mi_register_slice_inst/r.r_pipe/m_valid_i_reg/C
                            (rising edge-triggered cell FDRE clocked by clk_fpga_0  {rise@0.000ns fall@4.000ns period=8.000ns})
  Destination:            system_i/axi_dma_0/U0/I_PRMRY_DATAMOVER/GEN_MM2S_FULL.I_MM2S_FULL_WRAPPER/GEN_INCLUDE_MM2S_SF.I_RD_SF/I_DATA_FIFO/BLK_MEM.I_SYNC_FIFOGEN_FIFO/xpm_fifo_base_inst/gen_sdpram.xpm_memory_base_inst/gen_wr_a.gen_word_narrow.mem_reg/WEBWE[0]
                            (rising edge-triggered cell RAMB36E1 clocked by clk_fpga_0  {rise@0.000ns fall@4.000ns period=8.000ns})
  Path Group:             clk_fpga_0
  Path Type:              Setup (Max at Slow Process Corner)
  Requirement:            8.000ns  (clk_fpga_0 rise@8.000ns - clk_fpga_0 rise@0.000ns)
  Data Path Delay:        5.848ns  (logic 1.176ns (20.110%)  route 4.672ns (79.890%))
  Logic Levels:           4  (LUT2=1 LUT3=1 LUT4=1 LUT6=1)
  Clock Path Skew:        -0.102ns (DCD - SCD + CPR)
    Destination Clock Delay (DCD):    2.801ns = ( 10.801 - 8.000 ) 
    Source Clock Delay      (SCD):    3.132ns
    Clock Pessimism Removal (CPR):    0.230ns
  Clock Uncertainty:      0.125ns  ((TSJ^2 + TIJ^2)^1/2 + DJ) / 2 + PE
    Total System Jitter     (TSJ):    0.071ns
    Total Input Jitter      (TIJ):    0.240ns
    Discrete Jitter          (DJ):    0.000ns
    Phase Error              (PE):    0.000ns

    Location             Delay type                Incr(ns)  Path(ns)    Netlist Resource(s)
  -------------------------------------------------------------------    -------------------
                         (clock clk_fpga_0 rise edge)
                                                      0.000     0.000 r  <hidden>
    PS7_X0Y0             PS7                          0.000     0.000 r  system_i/ps7/inst/PS7_i/FCLKCLK[0]
                         net (fo=1, routed)           1.193     1.193    system_i/ps7/inst/FCLK_CLK_unbuffered[0]
    BUFGCTRL_X0Y16       BUFG (Prop_bufg_I_O)         0.101     1.294 r  system_i/ps7/inst/buffer_fclk_clk_0.FCLK_CLK_0_BUFG/O
                         net (fo=16057, routed)       1.838     3.132    system_i/axi_mem_intercon/s00_couplers/auto_us/inst/gen_upsizer.gen_full_upsizer.axi_upsizer_inst/USE_READ.gen_non_fifo_r_upsizer.mi_register_slice_inst/r.r_pipe/out
    SLICE_X1Y44          FDRE                                         r  system_i/axi_mem_intercon/s00_couplers/auto_us/inst/gen_upsizer.gen_full_upsizer.axi_upsizer_inst/USE_READ.gen_non_fifo_r_upsizer.mi_register_slice_inst/r.r_pipe/m_valid_i_reg/C
  -------------------------------------------------------------------    -------------------
    SLICE_X1Y44          FDRE (Prop_fdre_C_Q)         0.456     3.588 r  system_i/axi_mem_intercon/s00_couplers/auto_us/inst/gen_upsizer.gen_full_upsizer.axi_upsizer_inst/USE_READ.gen_non_fifo_r_upsizer.mi_register_slice_inst/r.r_pipe/m_valid_i_reg/Q
                         net (fo=5, routed)           0.728     4.316    system_i/axi_mem_intercon/s00_couplers/auto_us/inst/gen_upsizer.gen_full_upsizer.axi_upsizer_inst/USE_READ.read_addr_inst/GEN_CMD_QUEUE.cmd_queue/mr_rvalid
    SLICE_X1Y45          LUT3 (Prop_lut3_I1_O)        0.124     4.440 r  system_i/axi_mem_intercon/s00_couplers/auto_us/inst/gen_upsizer.gen_full_upsizer.axi_upsizer_inst/USE_READ.read_addr_inst/GEN_CMD_QUEUE.cmd_queue/s_axi_rvalid_INST_0/O
                         net (fo=4, routed)           0.882     5.322    system_i/axi_mem_intercon/s00_couplers/auto_pc/inst/gen_axi4_axi3.axi3_conv_inst/USE_READ.USE_SPLIT_R.read_addr_inst/USE_R_CHANNEL.cmd_queue/inst/m_axi_rvalid
    SLICE_X1Y41          LUT2 (Prop_lut2_I0_O)        0.150     5.472 r  system_i/axi_mem_intercon/s00_couplers/auto_pc/inst/gen_axi4_axi3.axi3_conv_inst/USE_READ.USE_SPLIT_R.read_addr_inst/USE_R_CHANNEL.cmd_queue/inst/s_axi_rvalid_INST_0/O
                         net (fo=5, routed)           0.734     6.206    system_i/axi_dma_0/U0/I_PRMRY_DATAMOVER/GEN_MM2S_FULL.I_MM2S_FULL_WRAPPER/I_RD_DATA_CNTL/m_axi_mm2s_rvalid
    SLICE_X1Y35          LUT6 (Prop_lut6_I3_O)        0.326     6.532 r  system_i/axi_dma_0/U0/I_PRMRY_DATAMOVER/GEN_MM2S_FULL.I_MM2S_FULL_WRAPPER/I_RD_DATA_CNTL/BLK_MEM.I_SYNC_FIFOGEN_FIFO_i_2/O
                         net (fo=3, routed)           0.869     7.401    system_i/axi_dma_0/U0/I_PRMRY_DATAMOVER/GEN_MM2S_FULL.I_MM2S_FULL_WRAPPER/GEN_INCLUDE_MM2S_SF.I_RD_SF/I_DATA_FIFO/BLK_MEM.I_SYNC_FIFOGEN_FIFO/xpm_fifo_base_inst/xpm_fifo_rst_inst/wr_en
    SLICE_X1Y21          LUT4 (Prop_lut4_I0_O)        0.120     7.521 r  system_i/axi_dma_0/U0/I_PRMRY_DATAMOVER/GEN_MM2S_FULL.I_MM2S_FULL_WRAPPER/GEN_INCLUDE_MM2S_SF.I_RD_SF/I_DATA_FIFO/BLK_MEM.I_SYNC_FIFOGEN_FIFO/xpm_fifo_base_inst/xpm_fifo_rst_inst/gen_sdpram.xpm_memory_base_inst_i_1/O
                         net (fo=26, routed)          1.459     8.980    system_i/axi_dma_0/U0/I_PRMRY_DATAMOVER/GEN_MM2S_FULL.I_MM2S_FULL_WRAPPER/GEN_INCLUDE_MM2S_SF.I_RD_SF/I_DATA_FIFO/BLK_MEM.I_SYNC_FIFOGEN_FIFO/xpm_fifo_base_inst/gen_sdpram.xpm_memory_base_inst/wea[0]
    RAMB36_X0Y8          RAMB36E1                                     r  system_i/axi_dma_0/U0/I_PRMRY_DATAMOVER/GEN_MM2S_FULL.I_MM2S_FULL_WRAPPER/GEN_INCLUDE_MM2S_SF.I_RD_SF/I_DATA_FIFO/BLK_MEM.I_SYNC_FIFOGEN_FIFO/xpm_fifo_base_inst/gen_sdpram.xpm_memory_base_inst/gen_wr_a.gen_word_narrow.mem_reg/WEBWE[0]
  -------------------------------------------------------------------    -------------------

                         (clock clk_fpga_0 rise edge)
                                                      8.000     8.000 r  <hidden>
    PS7_X0Y0             PS7                          0.000     8.000 r  system_i/ps7/inst/PS7_i/FCLKCLK[0]
                         net (fo=1, routed)           1.088     9.088    system_i/ps7/inst/FCLK_CLK_unbuffered[0]
    BUFGCTRL_X0Y16       BUFG (Prop_bufg_I_O)         0.091     9.179 r  system_i/ps7/inst/buffer_fclk_clk_0.FCLK_CLK_0_BUFG/O
                         net (fo=16057, routed)       1.622    10.801    system_i/axi_dma_0/U0/I_PRMRY_DATAMOVER/GEN_MM2S_FULL.I_MM2S_FULL_WRAPPER/GEN_INCLUDE_MM2S_SF.I_RD_SF/I_DATA_FIFO/BLK_MEM.I_SYNC_FIFOGEN_FIFO/xpm_fifo_base_inst/gen_sdpram.xpm_memory_base_inst/clka
    RAMB36_X0Y8          RAMB36E1                                     r  system_i/axi_dma_0/U0/I_PRMRY_DATAMOVER/GEN_MM2S_FULL.I_MM2S_FULL_WRAPPER/GEN_INCLUDE_MM2S_SF.I_RD_SF/I_DATA_FIFO/BLK_MEM.I_SYNC_FIFOGEN_FIFO/xpm_fifo_base_inst/gen_sdpram.xpm_memory_base_inst/gen_wr_a.gen_word_narrow.mem_reg/CLKBWRCLK
                         clock pessimism              0.230    11.030    <hidden>
                         clock uncertainty           -0.125    10.905    <hidden>
    RAMB36_X0Y8          RAMB36E1 (Setup_ramb36e1_CLKBWRCLK_WEBWE[0])
                                                     -0.735    10.170    system_i/axi_dma_0/U0/I_PRMRY_DATAMOVER/GEN_MM2S_FULL.I_MM2S_FULL_WRAPPER/GEN_INCLUDE_MM2S_SF.I_RD_SF/I_DATA_FIFO/BLK_MEM.I_SYNC_FIFOGEN_FIFO/xpm_fifo_base_inst/gen_sdpram.xpm_memory_base_inst/gen_wr_a.gen_word_narrow.mem_reg
  -------------------------------------------------------------------
                         required time                         10.170    <hidden>
                         arrival time                          -8.980    <hidden>
  -------------------------------------------------------------------
                         slack                                  1.191    <hidden>

Slack (MET) :             1.199ns  (required time - arrival time)
  Source:                 system_i/axi_mem_intercon/s00_couplers/auto_us/inst/gen_upsizer.gen_full_upsizer.axi_upsizer_inst/USE_READ.read_addr_inst/GEN_CMD_QUEUE.cmd_queue/USE_FF_OUT.USE_RTL_OUTPUT_PIPELINE.M_MESG_Q_reg[29]/C
                            (rising edge-triggered cell FDRE clocked by clk_fpga_0  {rise@0.000ns fall@4.000ns period=8.000ns})
  Destination:            system_i/axi_dma_0/U0/I_PRMRY_DATAMOVER/GEN_MM2S_FULL.I_MM2S_FULL_WRAPPER/I_RD_DATA_CNTL/sig_dqual_reg_full_reg/R
                            (rising edge-triggered cell FDRE clocked by clk_fpga_0  {rise@0.000ns fall@4.000ns period=8.000ns})
  Path Group:             clk_fpga_0
  Path Type:              Setup (Max at Slow Process Corner)
  Requirement:            8.000ns  (clk_fpga_0 rise@8.000ns - clk_fpga_0 rise@0.000ns)
  Data Path Delay:        5.972ns  (logic 1.625ns (27.212%)  route 4.347ns (72.788%))
  Logic Levels:           5  (LUT2=1 LUT4=2 LUT5=1 LUT6=1)
  Clock Path Skew:        -0.067ns (DCD - SCD + CPR)
    Destination Clock Delay (DCD):    2.836ns = ( 10.837 - 8.000 ) 
    Source Clock Delay      (SCD):    3.133ns
    Clock Pessimism Removal (CPR):    0.230ns
  Clock Uncertainty:      0.125ns  ((TSJ^2 + TIJ^2)^1/2 + DJ) / 2 + PE
    Total System Jitter     (TSJ):    0.071ns
    Total Input Jitter      (TIJ):    0.240ns
    Discrete Jitter          (DJ):    0.000ns
    Phase Error              (PE):    0.000ns

    Location             Delay type                Incr(ns)  Path(ns)    Netlist Resource(s)
  -------------------------------------------------------------------    -------------------
                         (clock clk_fpga_0 rise edge)
                                                      0.000     0.000 r  <hidden>
    PS7_X0Y0             PS7                          0.000     0.000 r  system_i/ps7/inst/PS7_i/FCLKCLK[0]
                         net (fo=1, routed)           1.193     1.193    system_i/ps7/inst/FCLK_CLK_unbuffered[0]
    BUFGCTRL_X0Y16       BUFG (Prop_bufg_I_O)         0.101     1.294 r  system_i/ps7/inst/buffer_fclk_clk_0.FCLK_CLK_0_BUFG/O
                         net (fo=16057, routed)       1.839     3.133    system_i/axi_mem_intercon/s00_couplers/auto_us/inst/gen_upsizer.gen_full_upsizer.axi_upsizer_inst/USE_READ.read_addr_inst/GEN_CMD_QUEUE.cmd_queue/out
    SLICE_X0Y48          FDRE                                         r  system_i/axi_mem_intercon/s00_couplers/auto_us/inst/gen_upsizer.gen_full_upsizer.axi_upsizer_inst/USE_READ.read_addr_inst/GEN_CMD_QUEUE.cmd_queue/USE_FF_OUT.USE_RTL_OUTPUT_PIPELINE.M_MESG_Q_reg[29]/C
  -------------------------------------------------------------------    -------------------
    SLICE_X0Y48          FDRE (Prop_fdre_C_Q)         0.518     3.651 r  system_i/axi_mem_intercon/s00_couplers/auto_us/inst/gen_upsizer.gen_full_upsizer.axi_upsizer_inst/USE_READ.read_addr_inst/GEN_CMD_QUEUE.cmd_queue/USE_FF_OUT.USE_RTL_OUTPUT_PIPELINE.M_MESG_Q_reg[29]/Q
                         net (fo=14, routed)          1.213     4.864    system_i/axi_mem_intercon/s00_couplers/auto_us/inst/gen_upsizer.gen_full_upsizer.axi_upsizer_inst/USE_READ.read_addr_inst/GEN_CMD_QUEUE.cmd_queue/Q[7]
    SLICE_X1Y45          LUT5 (Prop_lut5_I3_O)        0.154     5.018 r  system_i/axi_mem_intercon/s00_couplers/auto_us/inst/gen_upsizer.gen_full_upsizer.axi_upsizer_inst/USE_READ.read_addr_inst/GEN_CMD_QUEUE.cmd_queue/s_axi_rlast_INST_0_i_7/O
                         net (fo=1, routed)           0.567     5.586    system_i/axi_mem_intercon/s00_couplers/auto_us/inst/gen_upsizer.gen_full_upsizer.axi_upsizer_inst/USE_READ.read_addr_inst/GEN_CMD_QUEUE.cmd_queue/s_axi_rlast_INST_0_i_7_n_0
    SLICE_X3Y45          LUT6 (Prop_lut6_I4_O)        0.327     5.913 f  system_i/axi_mem_intercon/s00_couplers/auto_us/inst/gen_upsizer.gen_full_upsizer.axi_upsizer_inst/USE_READ.read_addr_inst/GEN_CMD_QUEUE.cmd_queue/s_axi_rlast_INST_0_i_2/O
                         net (fo=4, routed)           0.588     6.501    system_i/axi_mem_intercon/s00_couplers/auto_us/inst/gen_upsizer.gen_full_upsizer.axi_upsizer_inst/USE_READ.gen_non_fifo_r_upsizer.read_data_inst/use_wrap_buffer_reg_0
    SLICE_X1Y45          LUT4 (Prop_lut4_I2_O)        0.150     6.651 r  system_i/axi_mem_intercon/s00_couplers/auto_us/inst/gen_upsizer.gen_full_upsizer.axi_upsizer_inst/USE_READ.gen_non_fifo_r_upsizer.read_data_inst/s_axi_rlast_INST_0/O
                         net (fo=4, routed)           0.780     7.431    system_i/axi_mem_intercon/s00_couplers/auto_pc/inst/gen_axi4_axi3.axi3_conv_inst/USE_READ.USE_SPLIT_R.read_addr_inst/USE_R_CHANNEL.cmd_queue/inst/m_axi_rlast
    SLICE_X1Y41          LUT2 (Prop_lut2_I0_O)        0.326     7.757 r  system_i/axi_mem_intercon/s00_couplers/auto_pc/inst/gen_axi4_axi3.axi3_conv_inst/USE_READ.USE_SPLIT_R.read_addr_inst/USE_R_CHANNEL.cmd_queue/inst/s_axi_rlast_INST_0/O
                         net (fo=5, routed)           0.621     8.377    system_i/axi_dma_0/U0/I_PRMRY_DATAMOVER/GEN_MM2S_FULL.I_MM2S_FULL_WRAPPER/I_RD_DATA_CNTL/GEN_DATA_CNTL_FIFO.I_DATA_CNTL_FIFO/USE_SRL_FIFO.I_SYNC_FIFO/m_axi_mm2s_rlast
    SLICE_X1Y42          LUT4 (Prop_lut4_I1_O)        0.150     8.527 r  system_i/axi_dma_0/U0/I_PRMRY_DATAMOVER/GEN_MM2S_FULL.I_MM2S_FULL_WRAPPER/I_RD_DATA_CNTL/GEN_DATA_CNTL_FIFO.I_DATA_CNTL_FIFO/USE_SRL_FIFO.I_SYNC_FIFO/sig_next_cmd_cmplt_reg_i_1/O
                         net (fo=14, routed)          0.577     9.105    system_i/axi_dma_0/U0/I_PRMRY_DATAMOVER/GEN_MM2S_FULL.I_MM2S_FULL_WRAPPER/I_RD_DATA_CNTL/GEN_DATA_CNTL_FIFO.I_DATA_CNTL_FIFO_n_31
    SLICE_X5Y42          FDRE                                         r  system_i/axi_dma_0/U0/I_PRMRY_DATAMOVER/GEN_MM2S_FULL.I_MM2S_FULL_WRAPPER/I_RD_DATA_CNTL/sig_dqual_reg_full_reg/R
  -------------------------------------------------------------------    -------------------

                         (clock clk_fpga_0 rise edge)
                                                      8.000     8.000 r  <hidden>
    PS7_X0Y0             PS7                          0.000     8.000 r  system_i/ps7/inst/PS7_i/FCLKCLK[0]
                         net (fo=1, routed)           1.088     9.088    system_i/ps7/inst/FCLK_CLK_unbuffered[0]
    BUFGCTRL_X0Y16       BUFG (Prop_bufg_I_O)         0.091     9.179 r  system_i/ps7/inst/buffer_fclk_clk_0.FCLK_CLK_0_BUFG/O
                         net (fo=16057, routed)       1.657    10.837    system_i/axi_dma_0/U0/I_PRMRY_DATAMOVER/GEN_MM2S_FULL.I_MM2S_FULL_WRAPPER/I_RD_DATA_CNTL/m_axi_mm2s_aclk
    SLICE_X5Y42          FDRE                                         r  system_i/axi_dma_0/U0/I_PRMRY_DATAMOVER/GEN_MM2S_FULL.I_MM2S_FULL_WRAPPER/I_RD_DATA_CNTL/sig_dqual_reg_full_reg/C
                         clock pessimism              0.230    11.066    <hidden>
                         clock uncertainty           -0.125    10.941    <hidden>
    SLICE_X5Y42          FDRE (Setup_fdre_C_R)       -0.637    10.304    system_i/axi_dma_0/U0/I_PRMRY_DATAMOVER/GEN_MM2S_FULL.I_MM2S_FULL_WRAPPER/I_RD_DATA_CNTL/sig_dqual_reg_full_reg
  -------------------------------------------------------------------
                         required time                         10.304    <hidden>
                         arrival time                          -9.105    <hidden>
  -------------------------------------------------------------------
                         slack                                  1.199    <hidden>

Slack (MET) :             1.199ns  (required time - arrival time)
  Source:                 system_i/axi_dma_0/U0/I_PRMRY_DATAMOVER/GEN_MM2S_FULL.I_MM2S_FULL_WRAPPER/ENABLE_AXIS_SKID.I_MM2S_SKID_BUF/sig_m_valid_out_reg/C
                            (rising edge-triggered cell FDRE clocked by clk_fpga_0  {rise@0.000ns fall@4.000ns period=8.000ns})
  Destination:            system_i/iq_0/inst/bank1/mem_reg_0_0_7/WEA[0]
                            (rising edge-triggered cell RAMB36E1 clocked by clk_fpga_0  {rise@0.000ns fall@4.000ns period=8.000ns})
  Path Group:             clk_fpga_0
  Path Type:              Setup (Max at Slow Process Corner)
  Requirement:            8.000ns  (clk_fpga_0 rise@8.000ns - clk_fpga_0 rise@0.000ns)
  Data Path Delay:        5.927ns  (logic 0.857ns (14.459%)  route 5.070ns (85.541%))
  Logic Levels:           3  (LUT4=1 LUT5=1 LUT6=1)
  Clock Path Skew:        -0.013ns (DCD - SCD + CPR)
    Destination Clock Delay (DCD):    2.868ns = ( 10.868 - 8.000 ) 
    Source Clock Delay      (SCD):    3.010ns
    Clock Pessimism Removal (CPR):    0.129ns
  Clock Uncertainty:      0.125ns  ((TSJ^2 + TIJ^2)^1/2 + DJ) / 2 + PE
    Total System Jitter     (TSJ):    0.071ns
    Total Input Jitter      (TIJ):    0.240ns
    Discrete Jitter          (DJ):    0.000ns
    Phase Error              (PE):    0.000ns

    Location             Delay type                Incr(ns)  Path(ns)    Netlist Resource(s)
  -------------------------------------------------------------------    -------------------
                         (clock clk_fpga_0 rise edge)
                                                      0.000     0.000 r  <hidden>
    PS7_X0Y0             PS7                          0.000     0.000 r  system_i/ps7/inst/PS7_i/FCLKCLK[0]
                         net (fo=1, routed)           1.193     1.193    system_i/ps7/inst/FCLK_CLK_unbuffered[0]
    BUFGCTRL_X0Y16       BUFG (Prop_bufg_I_O)         0.101     1.294 r  system_i/ps7/inst/buffer_fclk_clk_0.FCLK_CLK_0_BUFG/O
                         net (fo=16057, routed)       1.716     3.010    system_i/axi_dma_0/U0/I_PRMRY_DATAMOVER/GEN_MM2S_FULL.I_MM2S_FULL_WRAPPER/ENABLE_AXIS_SKID.I_MM2S_SKID_BUF/m_axi_mm2s_aclk
    SLICE_X84Y86         FDRE                                         r  system_i/axi_dma_0/U0/I_PRMRY_DATAMOVER/GEN_MM2S_FULL.I_MM2S_FULL_WRAPPER/ENABLE_AXIS_SKID.I_MM2S_SKID_BUF/sig_m_valid_out_reg/C
  -------------------------------------------------------------------    -------------------
    SLICE_X84Y86         FDRE (Prop_fdre_C_Q)         0.456     3.466 r  system_i/axi_dma_0/U0/I_PRMRY_DATAMOVER/GEN_MM2S_FULL.I_MM2S_FULL_WRAPPER/ENABLE_AXIS_SKID.I_MM2S_SKID_BUF/sig_m_valid_out_reg/Q
                         net (fo=2, routed)           0.935     4.401    system_i/iq_0/inst/bank1/s_axis_iq_tvalid
    SLICE_X83Y88         LUT5 (Prop_lut5_I0_O)        0.124     4.525 r  system_i/iq_0/inst/bank1/loader_word[31]_i_1/O
                         net (fo=39, routed)          0.888     5.413    system_i/iq_0/inst/bank1/p_88_in
    SLICE_X57Y88         LUT6 (Prop_lut6_I0_O)        0.124     5.537 r  system_i/iq_0/inst/bank1/mem_reg_0_0_0_i_20/O
                         net (fo=56, routed)          1.208     6.745    system_i/iq_0/inst/bank1/s_axis_iq_tkeep_3_sn_1
    SLICE_X48Y86         LUT4 (Prop_lut4_I0_O)        0.153     6.898 r  system_i/iq_0/inst/bank1/mem_reg_0_0_5_i_1__0/O
                         net (fo=3, routed)           2.039     8.937    system_i/iq_0/inst/bank1/mem_reg_0_0_5_i_1__0_n_0
    RAMB36_X2Y26         RAMB36E1                                     r  system_i/iq_0/inst/bank1/mem_reg_0_0_7/WEA[0]
  -------------------------------------------------------------------    -------------------

                         (clock clk_fpga_0 rise edge)
                                                      8.000     8.000 r  <hidden>
    PS7_X0Y0             PS7                          0.000     8.000 r  system_i/ps7/inst/PS7_i/FCLKCLK[0]
                         net (fo=1, routed)           1.088     9.088    system_i/ps7/inst/FCLK_CLK_unbuffered[0]
    BUFGCTRL_X0Y16       BUFG (Prop_bufg_I_O)         0.091     9.179 r  system_i/ps7/inst/buffer_fclk_clk_0.FCLK_CLK_0_BUFG/O
                         net (fo=16057, routed)       1.689    10.868    system_i/iq_0/inst/bank1/s_axi_aclk
    RAMB36_X2Y26         RAMB36E1                                     r  system_i/iq_0/inst/bank1/mem_reg_0_0_7/CLKARDCLK
                         clock pessimism              0.129    10.997    <hidden>
                         clock uncertainty           -0.125    10.871    <hidden>
    RAMB36_X2Y26         RAMB36E1 (Setup_ramb36e1_CLKARDCLK_WEA[0])
                                                     -0.735    10.136    system_i/iq_0/inst/bank1/mem_reg_0_0_7
  -------------------------------------------------------------------
                         required time                         10.136    <hidden>
                         arrival time                          -8.937    <hidden>
  -------------------------------------------------------------------
                         slack                                  1.199    <hidden>

Slack (MET) :             1.215ns  (required time - arrival time)
  Source:                 system_i/axi_dma_0/U0/I_PRMRY_DATAMOVER/GEN_MM2S_FULL.I_MM2S_FULL_WRAPPER/ENABLE_AXIS_SKID.I_MM2S_SKID_BUF/sig_m_valid_out_reg/C
                            (rising edge-triggered cell FDRE clocked by clk_fpga_0  {rise@0.000ns fall@4.000ns period=8.000ns})
  Destination:            system_i/iq_0/inst/bank0/mem_reg_0_0_1/WEA[0]
                            (rising edge-triggered cell RAMB36E1 clocked by clk_fpga_0  {rise@0.000ns fall@4.000ns period=8.000ns})
  Path Group:             clk_fpga_0
  Path Type:              Setup (Max at Slow Process Corner)
  Requirement:            8.000ns  (clk_fpga_0 rise@8.000ns - clk_fpga_0 rise@0.000ns)
  Data Path Delay:        6.033ns  (logic 0.828ns (13.723%)  route 5.205ns (86.277%))
  Logic Levels:           3  (LUT4=1 LUT5=1 LUT6=1)
  Clock Path Skew:        -0.094ns (DCD - SCD + CPR)
    Destination Clock Delay (DCD):    2.801ns = ( 10.801 - 8.000 ) 
    Source Clock Delay      (SCD):    3.010ns
    Clock Pessimism Removal (CPR):    0.115ns
  Clock Uncertainty:      0.125ns  ((TSJ^2 + TIJ^2)^1/2 + DJ) / 2 + PE
    Total System Jitter     (TSJ):    0.071ns
    Total Input Jitter      (TIJ):    0.240ns
    Discrete Jitter          (DJ):    0.000ns
    Phase Error              (PE):    0.000ns

    Location             Delay type                Incr(ns)  Path(ns)    Netlist Resource(s)
  -------------------------------------------------------------------    -------------------
                         (clock clk_fpga_0 rise edge)
                                                      0.000     0.000 r  <hidden>
    PS7_X0Y0             PS7                          0.000     0.000 r  system_i/ps7/inst/PS7_i/FCLKCLK[0]
                         net (fo=1, routed)           1.193     1.193    system_i/ps7/inst/FCLK_CLK_unbuffered[0]
    BUFGCTRL_X0Y16       BUFG (Prop_bufg_I_O)         0.101     1.294 r  system_i/ps7/inst/buffer_fclk_clk_0.FCLK_CLK_0_BUFG/O
                         net (fo=16057, routed)       1.716     3.010    system_i/axi_dma_0/U0/I_PRMRY_DATAMOVER/GEN_MM2S_FULL.I_MM2S_FULL_WRAPPER/ENABLE_AXIS_SKID.I_MM2S_SKID_BUF/m_axi_mm2s_aclk
    SLICE_X84Y86         FDRE                                         r  system_i/axi_dma_0/U0/I_PRMRY_DATAMOVER/GEN_MM2S_FULL.I_MM2S_FULL_WRAPPER/ENABLE_AXIS_SKID.I_MM2S_SKID_BUF/sig_m_valid_out_reg/C
  -------------------------------------------------------------------    -------------------
    SLICE_X84Y86         FDRE (Prop_fdre_C_Q)         0.456     3.466 r  system_i/axi_dma_0/U0/I_PRMRY_DATAMOVER/GEN_MM2S_FULL.I_MM2S_FULL_WRAPPER/ENABLE_AXIS_SKID.I_MM2S_SKID_BUF/sig_m_valid_out_reg/Q
                         net (fo=2, routed)           0.935     4.401    system_i/iq_0/inst/bank1/s_axis_iq_tvalid
    SLICE_X83Y88         LUT5 (Prop_lut5_I0_O)        0.124     4.525 r  system_i/iq_0/inst/bank1/loader_word[31]_i_1/O
                         net (fo=39, routed)          0.888     5.413    system_i/iq_0/inst/bank1/p_88_in
    SLICE_X57Y88         LUT6 (Prop_lut6_I0_O)        0.124     5.537 r  system_i/iq_0/inst/bank1/mem_reg_0_0_0_i_20/O
                         net (fo=56, routed)          1.294     6.832    system_i/iq_0/inst/bank0/mem_reg_3_0_2_0
    SLICE_X50Y75         LUT4 (Prop_lut4_I2_O)        0.124     6.956 r  system_i/iq_0/inst/bank0/mem_reg_0_0_0_i_17/O
                         net (fo=3, routed)           2.088     9.043    system_i/iq_0/inst/bank0/mem_reg_0_0_0_i_17_n_0
    RAMB36_X1Y9          RAMB36E1                                     r  system_i/iq_0/inst/bank0/mem_reg_0_0_1/WEA[0]
  -------------------------------------------------------------------    -------------------

                         (clock clk_fpga_0 rise edge)
                                                      8.000     8.000 r  <hidden>
    PS7_X0Y0             PS7                          0.000     8.000 r  system_i/ps7/inst/PS7_i/FCLKCLK[0]
                         net (fo=1, routed)           1.088     9.088    system_i/ps7/inst/FCLK_CLK_unbuffered[0]
    BUFGCTRL_X0Y16       BUFG (Prop_bufg_I_O)         0.091     9.179 r  system_i/ps7/inst/buffer_fclk_clk_0.FCLK_CLK_0_BUFG/O
                         net (fo=16057, routed)       1.622    10.801    system_i/iq_0/inst/bank0/s_axi_aclk
    RAMB36_X1Y9          RAMB36E1                                     r  system_i/iq_0/inst/bank0/mem_reg_0_0_1/CLKARDCLK
                         clock pessimism              0.115    10.916    <hidden>
                         clock uncertainty           -0.125    10.791    <hidden>
    RAMB36_X1Y9          RAMB36E1 (Setup_ramb36e1_CLKARDCLK_WEA[0])
                                                     -0.532    10.259    system_i/iq_0/inst/bank0/mem_reg_0_0_1
  -------------------------------------------------------------------
                         required time                         10.259    <hidden>
                         arrival time                          -9.043    <hidden>
  -------------------------------------------------------------------
                         slack                                  1.215    <hidden>




