BUILD_IDENTITY_PASS fee5b8547053d9807159a1aa1bd5482c
FFT_CONFIGURATION_PASS 15
INFO: [Common 17-3922] A valid Vivado Design Suite BASIC license has been detected. Your current license is active and will expire on 22-jul-2027.

****** Vivado v2026.1 (64-bit)
  **** SW Build 6511674 on Tue Jun 16 11:02:23 MDT 2026
  **** IP Build 6504888 on Tue Jun 09 09:05:25 MDT 2026
  **** SharedData Build 6501428 on Mon Jun 08 17:34:18 MDT 2026
  **** Start of session at: Fri Oct  9 13:24:04 2026
    ** Copyright 1986-2022 Xilinx, Inc. All Rights Reserved.
    ** Copyright 2022-2026 Advanced Micro Devices, Inc. All Rights Reserved.

Sourcing tcl script 'C:/Users/LENOVO/AppData/Roaming/Xilinx/Vivado/Vivado_init.tcl'
source scripts/build_board.tcl -notrace
create_project: Time (s): cpu = 00:00:10 ; elapsed = 00:00:10 . Memory (MB): peak = 619.297 ; gain = 276.438
INFO: [IP_Flow 19-234] Refreshing IP repositories
INFO: [IP_Flow 19-1704] No user IP repositories specified
INFO: [IP_Flow 19-2313] Loaded Vivado IP repository 'D:/VivadoMM/2026.1/Vivado/data/ip'.
WARNING: [Vivado 12-13650] The IP file 'D:/fft/fft_phase10_resource_opt/build/vivado16k/iq_analyzer.srcs/sources_1/ip/fft8192/fft8192.xci' has been moved from its original location, as a result the outputs for this IP will now be generated in 'd:/fft/fft_phase10_resource_opt/build/vivado16k/iq_analyzer.gen/sources_1/ip/fft8192'. Alternatively a copy of the IP can be imported into the project using one of the 'import_ip' or 'import_files' commands.
Wrote  : <D:\fft\fft_phase10_resource_opt\build\board\iq_board.srcs\sources_1\bd\system\system.bd> 
CRITICAL WARNING: [PSU-1]  Parameter : PCW_UIPARAM_DDR_DQS_TO_CLK_DELAY_0 has negative value -0.050 . PS DDR interfaces might fail when entering negative DQS skew values. 
CRITICAL WARNING: [PSU-2]  Parameter : PCW_UIPARAM_DDR_DQS_TO_CLK_DELAY_1 has negative value -0.044 . PS DDR interfaces might fail when entering negative DQS skew values. 
CRITICAL WARNING: [PSU-3]  Parameter : PCW_UIPARAM_DDR_DQS_TO_CLK_DELAY_2 has negative value -0.035 . PS DDR interfaces might fail when entering negative DQS skew values. 
CRITICAL WARNING: [PSU-4]  Parameter : PCW_UIPARAM_DDR_DQS_TO_CLK_DELAY_3 has negative value -0.100 . PS DDR interfaces might fail when entering negative DQS skew values. 
WARNING: [IP_Flow 19-5101] Packaging a component with a SystemVerilog top file is not fully supported. Please refer to UG1118 'Creating and Packaging Custom IP'.
INFO: [IP_Flow 19-1976] HDL Parser: Replacing 'STOPPED' by 0 for port or parameter 'active'
INFO: [IP_Flow 19-1976] HDL Parser: Replacing 'RESET_CORE' by 01 for port or parameter 'acquisition_reset'
WARNING: [IP_Flow 19-587] [HDL Parser] HDL port or parameter 'config_ok' has a dependency on the module local parameter or undefined parameter 'N'.
WARNING: [IP_Flow 19-587] [HDL Parser] HDL port or parameter 'config_ok' has a dependency on the module local parameter or undefined parameter 'LOGN'.
WARNING: [IP_Flow 19-587] [HDL Parser] HDL port or parameter 'config_ok' has a dependency on the module local parameter or undefined parameter 'N'.
WARNING: [IP_Flow 19-587] [HDL Parser] HDL port or parameter 'host_bank_metadata_valid' has a dependency on the module local parameter or undefined parameter 'N'.
WARNING: [IP_Flow 19-587] [HDL Parser] HDL port or parameter 'host_bank_metadata_valid' has a dependency on the module local parameter or undefined parameter 'LOGN'.
INFO: [IP_Flow 19-1976] HDL Parser: Replacing 'RUNNING' by 0123 for port or parameter 'issue'
WARNING: [IP_Flow 19-587] [HDL Parser] HDL port or parameter 'final_issue' has a dependency on the module local parameter or undefined parameter 'LOGN'.
WARNING: [IP_Flow 19-587] [HDL Parser] HDL port or parameter 'final_issue' has a dependency on the module local parameter or undefined parameter 'N'.
INFO: [IP_Flow 19-5107] Inferred bus interface 's_axi_aclk' of definition 'xilinx.com:signal:clock:1.0' (from X_INTERFACE_INFO parameter from HDL file).
INFO: [IP_Flow 19-5107] Inferred bus interface 's_axi_aclk' of definition 'xilinx.com:signal:clock:1.0' (from 'X_INTERFACE_INFO' attribute).
INFO: [IP_Flow 19-5107] Inferred bus interface 's_axi_aresetn' of definition 'xilinx.com:signal:reset:1.0' (from X_INTERFACE_INFO parameter from HDL file).
INFO: [IP_Flow 19-5107] Inferred bus interface 's_axi_aresetn' of definition 'xilinx.com:signal:reset:1.0' (from 'X_INTERFACE_INFO' attribute).
INFO: [IP_Flow 19-5107] Inferred bus interface 'fft_clk' of definition 'xilinx.com:signal:clock:1.0' (from X_INTERFACE_INFO parameter from HDL file).
INFO: [IP_Flow 19-5107] Inferred bus interface 'fft_clk' of definition 'xilinx.com:signal:clock:1.0' (from 'X_INTERFACE_INFO' attribute).
INFO: [IP_Flow 19-5107] Inferred bus interface 'S_AXI' of definition 'xilinx.com:interface:aximm:1.0' (from X_INTERFACE_INFO parameter from HDL file).
INFO: [IP_Flow 19-5107] Inferred bus interface 'S_AXI' of definition 'xilinx.com:interface:aximm:1.0' (from 'X_INTERFACE_INFO' attribute).
INFO: [IP_Flow 19-5107] Inferred bus interface 'S_AXIS_IQ' of definition 'xilinx.com:interface:axis:1.0' (from X_INTERFACE_INFO parameter from HDL file).
INFO: [IP_Flow 19-5107] Inferred bus interface 'S_AXIS_IQ' of definition 'xilinx.com:interface:axis:1.0' (from 'X_INTERFACE_INFO' attribute).
INFO: [IP_Flow 19-4728] Bus Interface 's_axi_aclk': Added interface parameter 'ASSOCIATED_BUSIF' with value 'S_AXI'.
INFO: [IP_Flow 19-4728] Bus Interface 's_axi_aclk': Added interface parameter 'ASSOCIATED_RESET' with value 's_axi_aresetn'.
INFO: [IP_Flow 19-4728] Bus Interface 's_axi_aclk': Added interface parameter 'FREQ_HZ' with value '125000000'.
INFO: [IP_Flow 19-4728] Bus Interface 's_axi_aresetn': Added interface parameter 'POLARITY' with value 'ACTIVE_LOW'.
INFO: [IP_Flow 19-4728] Bus Interface 'fft_clk': Added interface parameter 'FREQ_HZ' with value '125000000'.
INFO: [IP_Flow 19-4728] Bus Interface 'S_AXI': Added interface parameter 'PROTOCOL' with value 'AXI4LITE'.
INFO: [IP_Flow 19-4728] Bus Interface 'S_AXI': Added interface parameter 'DATA_WIDTH' with value '32'.
INFO: [IP_Flow 19-4728] Bus Interface 'S_AXI': Added interface parameter 'ADDR_WIDTH' with value '18'.
INFO: [IP_Flow 19-4728] Bus Interface 'S_AXI': Added interface parameter 'READ_WRITE_MODE' with value 'READ_WRITE'.
INFO: [IP_Flow 19-4728] Bus Interface 'S_AXIS_IQ': Added interface parameter 'TDATA_NUM_BYTES' with value '4'.
INFO: [IP_Flow 19-4728] Bus Interface 'S_AXIS_IQ': Added interface parameter 'HAS_TKEEP' with value '1'.
INFO: [IP_Flow 19-4728] Bus Interface 'S_AXIS_IQ': Added interface parameter 'HAS_TLAST' with value '1'.
INFO: [IP_Flow 19-7067] Note that bus interface 's_axi_aclk' has a fixed FREQ_HZ of '125000000'. This value will be respected whenever this IP is instantiated in IP Integrator.
INFO: [IP_Flow 19-7067] Note that bus interface 'fft_clk' has a fixed FREQ_HZ of '125000000'. This value will be respected whenever this IP is instantiated in IP Integrator.
WARNING: [IP_Flow 19-5661] Bus Interface 'fft_clk' does not have any bus interfaces associated with it.
INFO: [Ipptcl 7-1463] No Compatible Board Interface found. Board Tab not created in customize GUI
Slave segment '/iq_0/S_AXI/reg0' is being assigned into address space '/ps7/Data' at <0x4000_0000 [ 256K ]>.
Slave segment '/axi_dma_0/S_AXI_LITE/Reg' is being assigned into address space '/ps7/Data' at <0x4040_0000 [ 64K ]>.
Slave segment '/ps7/S_AXI_HP0/HP0_DDR_LOWOCM' is being assigned into address space '/axi_dma_0/Data_MM2S' at <0x0000_0000 [ 1G ]>.
INFO: [BD 41-3093] Triggering Legacy Auto Assign Algorithm
CRITICAL WARNING: [PSU-1]  Parameter : PCW_UIPARAM_DDR_DQS_TO_CLK_DELAY_0 has negative value -0.050 . PS DDR interfaces might fail when entering negative DQS skew values. 
CRITICAL WARNING: [PSU-2]  Parameter : PCW_UIPARAM_DDR_DQS_TO_CLK_DELAY_1 has negative value -0.044 . PS DDR interfaces might fail when entering negative DQS skew values. 
CRITICAL WARNING: [PSU-3]  Parameter : PCW_UIPARAM_DDR_DQS_TO_CLK_DELAY_2 has negative value -0.035 . PS DDR interfaces might fail when entering negative DQS skew values. 
CRITICAL WARNING: [PSU-4]  Parameter : PCW_UIPARAM_DDR_DQS_TO_CLK_DELAY_3 has negative value -0.100 . PS DDR interfaces might fail when entering negative DQS skew values. 
PHASE8_DDR_DMA_CONFIGURATION_PASS sample_hz=125000000 fft_hz=125000000
Wrote  : <D:\fft\fft_phase10_resource_opt\build\board\iq_board.srcs\sources_1\bd\system\system.bd> 
INFO: [BD 41-1662] The design 'system.bd' is already validated. Therefore parameter propagation will not be re-run.
Verilog Output written to : D:/fft/fft_phase10_resource_opt/build/board/iq_board.gen/sources_1/bd/system/synth/system.v
Verilog Output written to : D:/fft/fft_phase10_resource_opt/build/board/iq_board.gen/sources_1/bd/system/sim/system.v
Verilog Output written to : D:/fft/fft_phase10_resource_opt/build/board/iq_board.gen/sources_1/bd/system/hdl/system_wrapper.v
INFO: [IP_Flow 19-5611] Unable to find an associated reset port for the interface 'M_AXI_GP0'. A default connection has been created.
INFO: [IP_Flow 19-5611] Unable to find an associated reset port for the interface 'S_AXI_HP0'. A default connection has been created.
INFO: [BD 41-1029] Generation completed for the IP Integrator block ps7 .
INFO: [BD 41-1029] Generation completed for the IP Integrator block iq_0 .
INFO: [BD 41-1029] Generation completed for the IP Integrator block axi_dma_0 .
INFO: [BD 41-1029] Generation completed for the IP Integrator block ps7_axi_periph/xbar .
WARNING: [IP_Flow 19-4994] Overwriting existing constraint file 'd:/fft/fft_phase10_resource_opt/build/board/iq_board.gen/sources_1/bd/system/ip/system_ps7_axi_periph_imp_auto_pc_0/system_ps7_axi_periph_imp_auto_pc_0_ooc.xdc'
INFO: [BD 41-1029] Generation completed for the IP Integrator block ps7_axi_periph/s00_couplers/auto_pc .
INFO: [BD 41-1029] Generation completed for the IP Integrator block rst_ps7_125M .
WARNING: [IP_Flow 19-4994] Overwriting existing constraint file 'd:/fft/fft_phase10_resource_opt/build/board/iq_board.gen/sources_1/bd/system/ip/system_axi_mem_intercon_imp_auto_pc_0/system_axi_mem_intercon_imp_auto_pc_0_ooc.xdc'
INFO: [BD 41-1029] Generation completed for the IP Integrator block axi_mem_intercon/s00_couplers/auto_pc .
WARNING: [IP_Flow 19-4994] Overwriting existing constraint file 'd:/fft/fft_phase10_resource_opt/build/board/iq_board.gen/sources_1/bd/system/ip/system_axi_mem_intercon_imp_auto_us_0/system_axi_mem_intercon_imp_auto_us_0_ooc.xdc'
INFO: [BD 41-1029] Generation completed for the IP Integrator block axi_mem_intercon/s00_couplers/auto_us .
Exporting to file D:/fft/fft_phase10_resource_opt/build/board/iq_board.gen/sources_1/bd/system/hw_handoff/system.hwh
Generated Hardware Definition File D:/fft/fft_phase10_resource_opt/build/board/iq_board.gen/sources_1/bd/system/synth/system.hwdef
INFO: [BD 41-3262] Generated VHDL Instantiation Template file d:/fft/fft_phase10_resource_opt/build/board/iq_board.gen/sources_1/bd/system/system.vho
INFO: [BD 41-3262] Generated Verilog Instantiation Template file d:/fft/fft_phase10_resource_opt/build/board/iq_board.gen/sources_1/bd/system/system.veo
INFO: [BD 41-3262] Generated System Verilog Instantiation Template file d:/fft/fft_phase10_resource_opt/build/board/iq_board.gen/sources_1/bd/system/system_sv.sveo
generate_target: Time (s): cpu = 00:00:16 ; elapsed = 00:00:21 . Memory (MB): peak = 817.812 ; gain = 42.246
WARNING: [Runs 36-537] File D:/fft/fft_phase10_resource_opt/scripts/phase3_replication_hook.tcl is not part of fileset utils_1, but has specified as a Tcl hook script for run(s) impl_1. This file will not be handled as part of the project for archive and other project based functionality.
[Fri Oct  9 13:25:08 2026] Launched system_ps7_axi_periph_imp_auto_pc_0_synth_1, system_ps7_0_synth_1, system_axi_mem_intercon_imp_auto_us_0_synth_1, system_rst_ps7_125M_0_synth_1, system_axi_mem_intercon_imp_auto_pc_0_synth_1, system_ps7_axi_periph_imp_xbar_0_synth_1, system_axi_dma_0_0_synth_1, system_iq_0_0_synth_1, fft8192_synth_1...
Run output will be captured here:
system_ps7_axi_periph_imp_auto_pc_0_synth_1: D:/fft/fft_phase10_resource_opt/build/board/iq_board.runs/system_ps7_axi_periph_imp_auto_pc_0_synth_1/runme.log
system_ps7_0_synth_1: D:/fft/fft_phase10_resource_opt/build/board/iq_board.runs/system_ps7_0_synth_1/runme.log
system_axi_mem_intercon_imp_auto_us_0_synth_1: D:/fft/fft_phase10_resource_opt/build/board/iq_board.runs/system_axi_mem_intercon_imp_auto_us_0_synth_1/runme.log
system_rst_ps7_125M_0_synth_1: D:/fft/fft_phase10_resource_opt/build/board/iq_board.runs/system_rst_ps7_125M_0_synth_1/runme.log
system_axi_mem_intercon_imp_auto_pc_0_synth_1: D:/fft/fft_phase10_resource_opt/build/board/iq_board.runs/system_axi_mem_intercon_imp_auto_pc_0_synth_1/runme.log
system_ps7_axi_periph_imp_xbar_0_synth_1: D:/fft/fft_phase10_resource_opt/build/board/iq_board.runs/system_ps7_axi_periph_imp_xbar_0_synth_1/runme.log
system_axi_dma_0_0_synth_1: D:/fft/fft_phase10_resource_opt/build/board/iq_board.runs/system_axi_dma_0_0_synth_1/runme.log
system_iq_0_0_synth_1: D:/fft/fft_phase10_resource_opt/build/board/iq_board.runs/system_iq_0_0_synth_1/runme.log
fft8192_synth_1: D:/fft/fft_phase10_resource_opt/build/board/iq_board.runs/fft8192_synth_1/runme.log
[Fri Oct  9 13:25:08 2026] Launched synth_1...
Run output will be captured here: D:/fft/fft_phase10_resource_opt/build/board/iq_board.runs/synth_1/runme.log
[Fri Oct  9 13:25:08 2026] Waiting for synth_1 to finish...


*** Running vivado
    with args -log system_wrapper.vds -m64 -product Vivado -mode batch -messageDb vivado.pb -notrace -source system_wrapper.tcl


INFO: [Common 17-3922] A valid Vivado Design Suite BASIC license has been detected. Your current license is active and will expire on 22-jul-2027.
#-----------------------------------------------------------
# Vivado v2026.1 (64-bit)
# SW Build 6511674 on Tue Jun 16 11:02:23 MDT 2026
# IP Build 6504888 on Tue Jun 09 09:05:25 MDT 2026
# SharedData Build 6501428 on Mon Jun 08 17:34:18 MDT 2026
# Start of session at: Fri Oct  9 13:39:06 2026
# Process ID         : 24952
# Current directory  : D:/fft/fft_phase10_resource_opt/build/board/iq_board.runs/synth_1
# Command line       : vivado.exe -log system_wrapper.vds -product Vivado -mode batch -messageDb vivado.pb -notrace -source system_wrapper.tcl
# Log file           : D:/fft/fft_phase10_resource_opt/build/board/iq_board.runs/synth_1/system_wrapper.vds
# Journal file       : D:/fft/fft_phase10_resource_opt/build/board/iq_board.runs/synth_1\vivado.jou
# Running On         : LAPTOP-ATE8I1GS
# Platform           : Windows 11
# Operating System   : 26100
# Processor Detail   : AMD Ryzen 9 7945HX with Radeon Graphics        
# CPU Frequency      : 2495 MHz
# CPU Physical cores : 16
# CPU Logical cores  : 32
# Host memory        : 16844 MB
# Swap memory        : 24082 MB
# Total Virtual      : 40927 MB
# Available Virtual  : 8953 MB
#-----------------------------------------------------------

****** Vivado v2026.1 (64-bit)
  **** SW Build 6511674 on Tue Jun 16 11:02:23 MDT 2026
  **** IP Build 6504888 on Tue Jun 09 09:05:25 MDT 2026
  **** SharedData Build 6501428 on Mon Jun 08 17:34:18 MDT 2026
  **** Start of session at: Fri Oct  9 13:39:06 2026
    ** Copyright 1986-2022 Xilinx, Inc. All Rights Reserved.
    ** Copyright 2022-2026 Advanced Micro Devices, Inc. All Rights Reserved.

Sourcing tcl script 'C:/Users/LENOVO/AppData/Roaming/Xilinx/Vivado/Vivado_init.tcl'
source system_wrapper.tcl -notrace
create_project: Time (s): cpu = 00:00:12 ; elapsed = 00:00:12 . Memory (MB): peak = 621.867 ; gain = 277.422
INFO: [IP_Flow 19-234] Refreshing IP repositories
INFO: [IP_Flow 19-1704] No user IP repositories specified
INFO: [IP_Flow 19-2313] Loaded Vivado IP repository 'D:/VivadoMM/2026.1/Vivado/data/ip'.
Command: synth_design -top system_wrapper -part xc7z020clg400-1
Starting synth_design
Attempting to get a license for feature 'Vivado_Synthesis' and/or device 'xc7z020'
INFO: [Common 17-349] Got license for feature 'Vivado_Synthesis' and/or device 'xc7z020'
INFO: [Device 21-403] Loading part xc7z020clg400-1
INFO: [Designutils 20-5008] Incremental synthesis strategy default
INFO: [Synth 8-7079] Multithreading enabled for synth_design using a maximum of 4 processes.
INFO: [Synth 8-7078] Launching helper process for spawning children vivado processes
INFO: [Synth 8-7075] Helper process launched with PID 46452
---------------------------------------------------------------------------------
Starting RTL Elaboration : Time (s): cpu = 00:00:09 ; elapsed = 00:00:09 . Memory (MB): peak = 1452.883 ; gain = 574.535
---------------------------------------------------------------------------------
INFO: [Synth 8-6157] synthesizing module 'system_wrapper' [D:/fft/fft_phase10_resource_opt/build/board/iq_board.gen/sources_1/bd/system/hdl/system_wrapper.v:13]
INFO: [Synth 8-6157] synthesizing module 'system' [d:/fft/fft_phase10_resource_opt/build/board/iq_board.gen/sources_1/bd/system/synth/system.v:676]
INFO: [Synth 8-6157] synthesizing module 'system_axi_dma_0_0' [D:/fft/fft_phase10_resource_opt/build/board/iq_board.runs/synth_1/.Xil/Vivado-24952-LAPTOP-ATE8I1GS/realtime/system_axi_dma_0_0_stub.v:6]
INFO: [Synth 8-6155] done synthesizing module 'system_axi_dma_0_0' (0#1) [D:/fft/fft_phase10_resource_opt/build/board/iq_board.runs/synth_1/.Xil/Vivado-24952-LAPTOP-ATE8I1GS/realtime/system_axi_dma_0_0_stub.v:6]
WARNING: [Synth 8-7071] port 'mm2s_prmry_reset_out_n' of module 'system_axi_dma_0_0' is unconnected for instance 'axi_dma_0' [d:/fft/fft_phase10_resource_opt/build/board/iq_board.gen/sources_1/bd/system/synth/system.v:853]
WARNING: [Synth 8-7071] port 'mm2s_introut' of module 'system_axi_dma_0_0' is unconnected for instance 'axi_dma_0' [d:/fft/fft_phase10_resource_opt/build/board/iq_board.gen/sources_1/bd/system/synth/system.v:853]
WARNING: [Synth 8-7071] port 'axi_dma_tstvec' of module 'system_axi_dma_0_0' is unconnected for instance 'axi_dma_0' [d:/fft/fft_phase10_resource_opt/build/board/iq_board.gen/sources_1/bd/system/synth/system.v:853]
WARNING: [Synth 8-7023] instance 'axi_dma_0' of module 'system_axi_dma_0_0' has 40 connections declared, but only 37 given [d:/fft/fft_phase10_resource_opt/build/board/iq_board.gen/sources_1/bd/system/synth/system.v:853]
INFO: [Synth 8-6157] synthesizing module 'system_axi_mem_intercon_0' [d:/fft/fft_phase10_resource_opt/build/board/iq_board.gen/sources_1/bd/system/synth/system.v:1145]
INFO: [Synth 8-6157] synthesizing module 's00_couplers_imp_1P403ZT' [d:/fft/fft_phase10_resource_opt/build/board/iq_board.gen/sources_1/bd/system/synth/system.v:495]
INFO: [Synth 8-6157] synthesizing module 'system_axi_mem_intercon_imp_auto_pc_0' [D:/fft/fft_phase10_resource_opt/build/board/iq_board.runs/synth_1/.Xil/Vivado-24952-LAPTOP-ATE8I1GS/realtime/system_axi_mem_intercon_imp_auto_pc_0_stub.v:6]
INFO: [Synth 8-6155] done synthesizing module 'system_axi_mem_intercon_imp_auto_pc_0' (0#1) [D:/fft/fft_phase10_resource_opt/build/board/iq_board.runs/synth_1/.Xil/Vivado-24952-LAPTOP-ATE8I1GS/realtime/system_axi_mem_intercon_imp_auto_pc_0_stub.v:6]
INFO: [Synth 8-6157] synthesizing module 'system_axi_mem_intercon_imp_auto_us_0' [D:/fft/fft_phase10_resource_opt/build/board/iq_board.runs/synth_1/.Xil/Vivado-24952-LAPTOP-ATE8I1GS/realtime/system_axi_mem_intercon_imp_auto_us_0_stub.v:6]
INFO: [Synth 8-6155] done synthesizing module 'system_axi_mem_intercon_imp_auto_us_0' (0#1) [D:/fft/fft_phase10_resource_opt/build/board/iq_board.runs/synth_1/.Xil/Vivado-24952-LAPTOP-ATE8I1GS/realtime/system_axi_mem_intercon_imp_auto_us_0_stub.v:6]
INFO: [Synth 8-6155] done synthesizing module 's00_couplers_imp_1P403ZT' (0#1) [d:/fft/fft_phase10_resource_opt/build/board/iq_board.gen/sources_1/bd/system/synth/system.v:495]
INFO: [Synth 8-6155] done synthesizing module 'system_axi_mem_intercon_0' (0#1) [d:/fft/fft_phase10_resource_opt/build/board/iq_board.gen/sources_1/bd/system/synth/system.v:1145]
INFO: [Synth 8-6157] synthesizing module 'system_iq_0_0' [D:/fft/fft_phase10_resource_opt/build/board/iq_board.runs/synth_1/.Xil/Vivado-24952-LAPTOP-ATE8I1GS/realtime/system_iq_0_0_stub.v:6]
INFO: [Synth 8-6155] done synthesizing module 'system_iq_0_0' (0#1) [D:/fft/fft_phase10_resource_opt/build/board/iq_board.runs/synth_1/.Xil/Vivado-24952-LAPTOP-ATE8I1GS/realtime/system_iq_0_0_stub.v:6]
INFO: [Synth 8-6157] synthesizing module 'system_ps7_0' [D:/fft/fft_phase10_resource_opt/build/board/iq_board.runs/synth_1/.Xil/Vivado-24952-LAPTOP-ATE8I1GS/realtime/system_ps7_0_stub.v:6]
INFO: [Synth 8-6155] done synthesizing module 'system_ps7_0' (0#1) [D:/fft/fft_phase10_resource_opt/build/board/iq_board.runs/synth_1/.Xil/Vivado-24952-LAPTOP-ATE8I1GS/realtime/system_ps7_0_stub.v:6]
WARNING: [Synth 8-7071] port 'USB0_PORT_INDCTL' of module 'system_ps7_0' is unconnected for instance 'ps7' [d:/fft/fft_phase10_resource_opt/build/board/iq_board.gen/sources_1/bd/system/synth/system.v:954]
WARNING: [Synth 8-7071] port 'USB0_VBUS_PWRSELECT' of module 'system_ps7_0' is unconnected for instance 'ps7' [d:/fft/fft_phase10_resource_opt/build/board/iq_board.gen/sources_1/bd/system/synth/system.v:954]
WARNING: [Synth 8-7071] port 'S_AXI_HP0_AWREADY' of module 'system_ps7_0' is unconnected for instance 'ps7' [d:/fft/fft_phase10_resource_opt/build/board/iq_board.gen/sources_1/bd/system/synth/system.v:954]
WARNING: [Synth 8-7071] port 'S_AXI_HP0_BVALID' of module 'system_ps7_0' is unconnected for instance 'ps7' [d:/fft/fft_phase10_resource_opt/build/board/iq_board.gen/sources_1/bd/system/synth/system.v:954]
WARNING: [Synth 8-7071] port 'S_AXI_HP0_WREADY' of module 'system_ps7_0' is unconnected for instance 'ps7' [d:/fft/fft_phase10_resource_opt/build/board/iq_board.gen/sources_1/bd/system/synth/system.v:954]
WARNING: [Synth 8-7071] port 'S_AXI_HP0_BRESP' of module 'system_ps7_0' is unconnected for instance 'ps7' [d:/fft/fft_phase10_resource_opt/build/board/iq_board.gen/sources_1/bd/system/synth/system.v:954]
WARNING: [Synth 8-7071] port 'S_AXI_HP0_BID' of module 'system_ps7_0' is unconnected for instance 'ps7' [d:/fft/fft_phase10_resource_opt/build/board/iq_board.gen/sources_1/bd/system/synth/system.v:954]
WARNING: [Synth 8-7071] port 'S_AXI_HP0_RID' of module 'system_ps7_0' is unconnected for instance 'ps7' [d:/fft/fft_phase10_resource_opt/build/board/iq_board.gen/sources_1/bd/system/synth/system.v:954]
WARNING: [Synth 8-7071] port 'S_AXI_HP0_RCOUNT' of module 'system_ps7_0' is unconnected for instance 'ps7' [d:/fft/fft_phase10_resource_opt/build/board/iq_board.gen/sources_1/bd/system/synth/system.v:954]
WARNING: [Synth 8-7071] port 'S_AXI_HP0_WCOUNT' of module 'system_ps7_0' is unconnected for instance 'ps7' [d:/fft/fft_phase10_resource_opt/build/board/iq_board.gen/sources_1/bd/system/synth/system.v:954]
WARNING: [Synth 8-7071] port 'S_AXI_HP0_RACOUNT' of module 'system_ps7_0' is unconnected for instance 'ps7' [d:/fft/fft_phase10_resource_opt/build/board/iq_board.gen/sources_1/bd/system/synth/system.v:954]
WARNING: [Synth 8-7071] port 'S_AXI_HP0_WACOUNT' of module 'system_ps7_0' is unconnected for instance 'ps7' [d:/fft/fft_phase10_resource_opt/build/board/iq_board.gen/sources_1/bd/system/synth/system.v:954]
WARNING: [Synth 8-7023] instance 'ps7' of module 'system_ps7_0' has 111 connections declared, but only 99 given [d:/fft/fft_phase10_resource_opt/build/board/iq_board.gen/sources_1/bd/system/synth/system.v:954]
INFO: [Synth 8-6157] synthesizing module 'system_ps7_axi_periph_0' [d:/fft/fft_phase10_resource_opt/build/board/iq_board.gen/sources_1/bd/system/synth/system.v:1283]
INFO: [Synth 8-6157] synthesizing module 'm00_couplers_imp_16VB9JY' [d:/fft/fft_phase10_resource_opt/build/board/iq_board.gen/sources_1/bd/system/synth/system.v:13]
INFO: [Synth 8-6155] done synthesizing module 'm00_couplers_imp_16VB9JY' (0#1) [d:/fft/fft_phase10_resource_opt/build/board/iq_board.gen/sources_1/bd/system/synth/system.v:13]
INFO: [Synth 8-6157] synthesizing module 'm01_couplers_imp_EOJKB3' [d:/fft/fft_phase10_resource_opt/build/board/iq_board.gen/sources_1/bd/system/synth/system.v:140]
INFO: [Synth 8-6155] done synthesizing module 'm01_couplers_imp_EOJKB3' (0#1) [d:/fft/fft_phase10_resource_opt/build/board/iq_board.gen/sources_1/bd/system/synth/system.v:140]
INFO: [Synth 8-6157] synthesizing module 's00_couplers_imp_1C0N0JZ' [d:/fft/fft_phase10_resource_opt/build/board/iq_board.gen/sources_1/bd/system/synth/system.v:249]
INFO: [Synth 8-6157] synthesizing module 'system_ps7_axi_periph_imp_auto_pc_0' [D:/fft/fft_phase10_resource_opt/build/board/iq_board.runs/synth_1/.Xil/Vivado-24952-LAPTOP-ATE8I1GS/realtime/system_ps7_axi_periph_imp_auto_pc_0_stub.v:6]
INFO: [Synth 8-6155] done synthesizing module 'system_ps7_axi_periph_imp_auto_pc_0' (0#1) [D:/fft/fft_phase10_resource_opt/build/board/iq_board.runs/synth_1/.Xil/Vivado-24952-LAPTOP-ATE8I1GS/realtime/system_ps7_axi_periph_imp_auto_pc_0_stub.v:6]
INFO: [Synth 8-6155] done synthesizing module 's00_couplers_imp_1C0N0JZ' (0#1) [d:/fft/fft_phase10_resource_opt/build/board/iq_board.gen/sources_1/bd/system/synth/system.v:249]
INFO: [Synth 8-6157] synthesizing module 'system_ps7_axi_periph_imp_xbar_0' [D:/fft/fft_phase10_resource_opt/build/board/iq_board.runs/synth_1/.Xil/Vivado-24952-LAPTOP-ATE8I1GS/realtime/system_ps7_axi_periph_imp_xbar_0_stub.v:6]
INFO: [Synth 8-6155] done synthesizing module 'system_ps7_axi_periph_imp_xbar_0' (0#1) [D:/fft/fft_phase10_resource_opt/build/board/iq_board.runs/synth_1/.Xil/Vivado-24952-LAPTOP-ATE8I1GS/realtime/system_ps7_axi_periph_imp_xbar_0_stub.v:6]
WARNING: [Synth 8-689] width (3) of port connection 'm_axi_arprot' does not match port width (6) of module 'system_ps7_axi_periph_imp_xbar_0' [d:/fft/fft_phase10_resource_opt/build/board/iq_board.gen/sources_1/bd/system/synth/system.v:1723]
WARNING: [Synth 8-689] width (3) of port connection 'm_axi_awprot' does not match port width (6) of module 'system_ps7_axi_periph_imp_xbar_0' [d:/fft/fft_phase10_resource_opt/build/board/iq_board.gen/sources_1/bd/system/synth/system.v:1727]
WARNING: [Synth 8-689] width (4) of port connection 'm_axi_wstrb' does not match port width (8) of module 'system_ps7_axi_periph_imp_xbar_0' [d:/fft/fft_phase10_resource_opt/build/board/iq_board.gen/sources_1/bd/system/synth/system.v:1739]
INFO: [Synth 8-6155] done synthesizing module 'system_ps7_axi_periph_0' (0#1) [d:/fft/fft_phase10_resource_opt/build/board/iq_board.gen/sources_1/bd/system/synth/system.v:1283]
INFO: [Synth 8-6157] synthesizing module 'system_rst_ps7_125M_0' [D:/fft/fft_phase10_resource_opt/build/board/iq_board.runs/synth_1/.Xil/Vivado-24952-LAPTOP-ATE8I1GS/realtime/system_rst_ps7_125M_0_stub.v:6]
INFO: [Synth 8-6155] done synthesizing module 'system_rst_ps7_125M_0' (0#1) [D:/fft/fft_phase10_resource_opt/build/board/iq_board.runs/synth_1/.Xil/Vivado-24952-LAPTOP-ATE8I1GS/realtime/system_rst_ps7_125M_0_stub.v:6]
WARNING: [Synth 8-7071] port 'mb_reset' of module 'system_rst_ps7_125M_0' is unconnected for instance 'rst_ps7_125M' [d:/fft/fft_phase10_resource_opt/build/board/iq_board.gen/sources_1/bd/system/synth/system.v:1136]
WARNING: [Synth 8-7071] port 'bus_struct_reset' of module 'system_rst_ps7_125M_0' is unconnected for instance 'rst_ps7_125M' [d:/fft/fft_phase10_resource_opt/build/board/iq_board.gen/sources_1/bd/system/synth/system.v:1136]
WARNING: [Synth 8-7071] port 'peripheral_reset' of module 'system_rst_ps7_125M_0' is unconnected for instance 'rst_ps7_125M' [d:/fft/fft_phase10_resource_opt/build/board/iq_board.gen/sources_1/bd/system/synth/system.v:1136]
WARNING: [Synth 8-7071] port 'interconnect_aresetn' of module 'system_rst_ps7_125M_0' is unconnected for instance 'rst_ps7_125M' [d:/fft/fft_phase10_resource_opt/build/board/iq_board.gen/sources_1/bd/system/synth/system.v:1136]
WARNING: [Synth 8-7023] instance 'rst_ps7_125M' of module 'system_rst_ps7_125M_0' has 10 connections declared, but only 6 given [d:/fft/fft_phase10_resource_opt/build/board/iq_board.gen/sources_1/bd/system/synth/system.v:1136]
INFO: [Synth 8-6155] done synthesizing module 'system' (0#1) [d:/fft/fft_phase10_resource_opt/build/board/iq_board.gen/sources_1/bd/system/synth/system.v:676]
INFO: [Synth 8-6155] done synthesizing module 'system_wrapper' (0#1) [D:/fft/fft_phase10_resource_opt/build/board/iq_board.gen/sources_1/bd/system/hdl/system_wrapper.v:13]
WARNING: [Synth 8-7129] Port M_ACLK in module s00_couplers_imp_1C0N0JZ is either unconnected or has no load
WARNING: [Synth 8-7129] Port M_ARESETN in module s00_couplers_imp_1C0N0JZ is either unconnected or has no load
WARNING: [Synth 8-7129] Port M_ACLK in module m01_couplers_imp_EOJKB3 is either unconnected or has no load
WARNING: [Synth 8-7129] Port M_ARESETN in module m01_couplers_imp_EOJKB3 is either unconnected or has no load
WARNING: [Synth 8-7129] Port S_ACLK in module m01_couplers_imp_EOJKB3 is either unconnected or has no load
WARNING: [Synth 8-7129] Port S_ARESETN in module m01_couplers_imp_EOJKB3 is either unconnected or has no load
WARNING: [Synth 8-7129] Port M_ACLK in module m00_couplers_imp_16VB9JY is either unconnected or has no load
WARNING: [Synth 8-7129] Port M_ARESETN in module m00_couplers_imp_16VB9JY is either unconnected or has no load
WARNING: [Synth 8-7129] Port S_ACLK in module m00_couplers_imp_16VB9JY is either unconnected or has no load
WARNING: [Synth 8-7129] Port S_ARESETN in module m00_couplers_imp_16VB9JY is either unconnected or has no load
WARNING: [Synth 8-7129] Port M00_ACLK in module system_ps7_axi_periph_0 is either unconnected or has no load
WARNING: [Synth 8-7129] Port M00_ARESETN in module system_ps7_axi_periph_0 is either unconnected or has no load
WARNING: [Synth 8-7129] Port M01_ACLK in module system_ps7_axi_periph_0 is either unconnected or has no load
WARNING: [Synth 8-7129] Port M01_ARESETN in module system_ps7_axi_periph_0 is either unconnected or has no load
WARNING: [Synth 8-7129] Port S00_ACLK in module system_ps7_axi_periph_0 is either unconnected or has no load
WARNING: [Synth 8-7129] Port S00_ARESETN in module system_ps7_axi_periph_0 is either unconnected or has no load
WARNING: [Synth 8-7129] Port M_ACLK in module s00_couplers_imp_1P403ZT is either unconnected or has no load
WARNING: [Synth 8-7129] Port M_ARESETN in module s00_couplers_imp_1P403ZT is either unconnected or has no load
WARNING: [Synth 8-7129] Port ACLK in module system_axi_mem_intercon_0 is either unconnected or has no load
WARNING: [Synth 8-7129] Port ARESETN in module system_axi_mem_intercon_0 is either unconnected or has no load
---------------------------------------------------------------------------------
Finished RTL Elaboration : Time (s): cpu = 00:00:11 ; elapsed = 00:00:13 . Memory (MB): peak = 1584.191 ; gain = 705.844
---------------------------------------------------------------------------------
---------------------------------------------------------------------------------
Start Handling Custom Attributes
---------------------------------------------------------------------------------
---------------------------------------------------------------------------------
Finished Handling Custom Attributes : Time (s): cpu = 00:00:11 ; elapsed = 00:00:13 . Memory (MB): peak = 1584.191 ; gain = 705.844
---------------------------------------------------------------------------------
---------------------------------------------------------------------------------
Finished RTL Optimization Phase 1 : Time (s): cpu = 00:00:11 ; elapsed = 00:00:13 . Memory (MB): peak = 1584.191 ; gain = 705.844
---------------------------------------------------------------------------------
Netlist sorting complete. Time (s): cpu = 00:00:00 ; elapsed = 00:00:00.011 . Memory (MB): peak = 1584.191 ; gain = 0.000
INFO: [Project 1-570] Preparing netlist for logic optimization

Processing XDC Constraints
Initializing timing engine
Parsing XDC File [d:/fft/fft_phase10_resource_opt/build/board/iq_board.gen/sources_1/bd/system/ip/system_ps7_0/system_ps7_0/system_ps7_0_in_context.xdc] for cell 'system_i/ps7'
Finished Parsing XDC File [d:/fft/fft_phase10_resource_opt/build/board/iq_board.gen/sources_1/bd/system/ip/system_ps7_0/system_ps7_0/system_ps7_0_in_context.xdc] for cell 'system_i/ps7'
Parsing XDC File [d:/fft/fft_phase10_resource_opt/build/board/iq_board.gen/sources_1/bd/system/ip/system_iq_0_0/system_iq_0_0/system_iq_0_0_in_context.xdc] for cell 'system_i/iq_0'
Finished Parsing XDC File [d:/fft/fft_phase10_resource_opt/build/board/iq_board.gen/sources_1/bd/system/ip/system_iq_0_0/system_iq_0_0/system_iq_0_0_in_context.xdc] for cell 'system_i/iq_0'
Parsing XDC File [d:/fft/fft_phase10_resource_opt/build/board/iq_board.gen/sources_1/bd/system/ip/system_axi_dma_0_0/system_axi_dma_0_0/system_axi_dma_0_0_in_context.xdc] for cell 'system_i/axi_dma_0'
Finished Parsing XDC File [d:/fft/fft_phase10_resource_opt/build/board/iq_board.gen/sources_1/bd/system/ip/system_axi_dma_0_0/system_axi_dma_0_0/system_axi_dma_0_0_in_context.xdc] for cell 'system_i/axi_dma_0'
Parsing XDC File [d:/fft/fft_phase10_resource_opt/build/board/iq_board.gen/sources_1/bd/system/ip/system_ps7_axi_periph_imp_xbar_0/system_ps7_axi_periph_imp_xbar_0/system_ps7_axi_periph_imp_xbar_0_in_context.xdc] for cell 'system_i/ps7_axi_periph/xbar'
Finished Parsing XDC File [d:/fft/fft_phase10_resource_opt/build/board/iq_board.gen/sources_1/bd/system/ip/system_ps7_axi_periph_imp_xbar_0/system_ps7_axi_periph_imp_xbar_0/system_ps7_axi_periph_imp_xbar_0_in_context.xdc] for cell 'system_i/ps7_axi_periph/xbar'
Parsing XDC File [d:/fft/fft_phase10_resource_opt/build/board/iq_board.gen/sources_1/bd/system/ip/system_ps7_axi_periph_imp_auto_pc_0/system_ps7_axi_periph_imp_auto_pc_0/system_ps7_axi_periph_imp_auto_pc_0_in_context.xdc] for cell 'system_i/ps7_axi_periph/s00_couplers/auto_pc'
Finished Parsing XDC File [d:/fft/fft_phase10_resource_opt/build/board/iq_board.gen/sources_1/bd/system/ip/system_ps7_axi_periph_imp_auto_pc_0/system_ps7_axi_periph_imp_auto_pc_0/system_ps7_axi_periph_imp_auto_pc_0_in_context.xdc] for cell 'system_i/ps7_axi_periph/s00_couplers/auto_pc'
Parsing XDC File [d:/fft/fft_phase10_resource_opt/build/board/iq_board.gen/sources_1/bd/system/ip/system_rst_ps7_125M_0/system_rst_ps7_125M_0/system_rst_ps7_125M_0_in_context.xdc] for cell 'system_i/rst_ps7_125M'
Finished Parsing XDC File [d:/fft/fft_phase10_resource_opt/build/board/iq_board.gen/sources_1/bd/system/ip/system_rst_ps7_125M_0/system_rst_ps7_125M_0/system_rst_ps7_125M_0_in_context.xdc] for cell 'system_i/rst_ps7_125M'
Parsing XDC File [d:/fft/fft_phase10_resource_opt/build/board/iq_board.gen/sources_1/bd/system/ip/system_axi_mem_intercon_imp_auto_pc_0/system_axi_mem_intercon_imp_auto_pc_0/system_axi_mem_intercon_imp_auto_pc_0_in_context.xdc] for cell 'system_i/axi_mem_intercon/s00_couplers/auto_pc'
Finished Parsing XDC File [d:/fft/fft_phase10_resource_opt/build/board/iq_board.gen/sources_1/bd/system/ip/system_axi_mem_intercon_imp_auto_pc_0/system_axi_mem_intercon_imp_auto_pc_0/system_axi_mem_intercon_imp_auto_pc_0_in_context.xdc] for cell 'system_i/axi_mem_intercon/s00_couplers/auto_pc'
Parsing XDC File [d:/fft/fft_phase10_resource_opt/build/board/iq_board.gen/sources_1/bd/system/ip/system_axi_mem_intercon_imp_auto_us_0/system_axi_mem_intercon_imp_auto_us_0/system_axi_mem_intercon_imp_auto_us_0_in_context.xdc] for cell 'system_i/axi_mem_intercon/s00_couplers/auto_us'
Finished Parsing XDC File [d:/fft/fft_phase10_resource_opt/build/board/iq_board.gen/sources_1/bd/system/ip/system_axi_mem_intercon_imp_auto_us_0/system_axi_mem_intercon_imp_auto_us_0/system_axi_mem_intercon_imp_auto_us_0_in_context.xdc] for cell 'system_i/axi_mem_intercon/s00_couplers/auto_us'
Parsing XDC File [D:/fft/fft_phase10_resource_opt/build/board/iq_board.runs/synth_1/dont_touch.xdc]
Finished Parsing XDC File [D:/fft/fft_phase10_resource_opt/build/board/iq_board.runs/synth_1/dont_touch.xdc]
Completed Processing XDC Constraints

Netlist sorting complete. Time (s): cpu = 00:00:00 ; elapsed = 00:00:00 . Memory (MB): peak = 1584.191 ; gain = 0.000
INFO: [Project 1-111] Unisim Transformation Summary:
No Unisim elements were transformed.

Constraint Validation Runtime : Time (s): cpu = 00:00:00 ; elapsed = 00:00:00.034 . Memory (MB): peak = 1584.191 ; gain = 0.000
---------------------------------------------------------------------------------
Finished Constraint Validation : Time (s): cpu = 00:00:22 ; elapsed = 00:00:26 . Memory (MB): peak = 1584.191 ; gain = 705.844
---------------------------------------------------------------------------------
---------------------------------------------------------------------------------
Start Loading Part and Timing Information
---------------------------------------------------------------------------------
Loading part: xc7z020clg400-1
---------------------------------------------------------------------------------
Finished Loading Part and Timing Information : Time (s): cpu = 00:00:22 ; elapsed = 00:00:26 . Memory (MB): peak = 1584.191 ; gain = 705.844
---------------------------------------------------------------------------------
---------------------------------------------------------------------------------
Start Applying 'set_property' XDC Constraints
---------------------------------------------------------------------------------
---------------------------------------------------------------------------------
Finished applying 'set_property' XDC Constraints : Time (s): cpu = 00:00:22 ; elapsed = 00:00:26 . Memory (MB): peak = 1584.191 ; gain = 705.844
---------------------------------------------------------------------------------
---------------------------------------------------------------------------------
Finished RTL Optimization Phase 2 : Time (s): cpu = 00:00:23 ; elapsed = 00:00:26 . Memory (MB): peak = 1584.191 ; gain = 705.844
---------------------------------------------------------------------------------
---------------------------------------------------------------------------------
Start RTL Component Statistics 
---------------------------------------------------------------------------------
Detailed RTL Component Info : 
---------------------------------------------------------------------------------
Finished RTL Component Statistics 
---------------------------------------------------------------------------------
---------------------------------------------------------------------------------
Start Part Resource Summary
---------------------------------------------------------------------------------
Part Resources:
DSPs: 220 (col length:60)
BRAMs: 280 (col length: RAMB18 60 RAMB36 30)
---------------------------------------------------------------------------------
Finished Part Resource Summary
---------------------------------------------------------------------------------
---------------------------------------------------------------------------------
Start Cross Boundary and Area Optimization
---------------------------------------------------------------------------------
WARNING: [Synth 8-7129] Port M00_ACLK in module system_ps7_axi_periph_0 is either unconnected or has no load
WARNING: [Synth 8-7129] Port M00_ARESETN in module system_ps7_axi_periph_0 is either unconnected or has no load
WARNING: [Synth 8-7129] Port M01_ACLK in module system_ps7_axi_periph_0 is either unconnected or has no load
WARNING: [Synth 8-7129] Port M01_ARESETN in module system_ps7_axi_periph_0 is either unconnected or has no load
WARNING: [Synth 8-7129] Port S00_ACLK in module system_ps7_axi_periph_0 is either unconnected or has no load
WARNING: [Synth 8-7129] Port S00_ARESETN in module system_ps7_axi_periph_0 is either unconnected or has no load
WARNING: [Synth 8-7129] Port ACLK in module system_axi_mem_intercon_0 is either unconnected or has no load
WARNING: [Synth 8-7129] Port ARESETN in module system_axi_mem_intercon_0 is either unconnected or has no load
WARNING: [Synth 8-7129] Port M00_ACLK in module system_axi_mem_intercon_0 is either unconnected or has no load
WARNING: [Synth 8-7129] Port M00_ARESETN in module system_axi_mem_intercon_0 is either unconnected or has no load
---------------------------------------------------------------------------------
Finished Cross Boundary and Area Optimization : Time (s): cpu = 00:00:25 ; elapsed = 00:00:29 . Memory (MB): peak = 1607.875 ; gain = 729.527
---------------------------------------------------------------------------------
---------------------------------------------------------------------------------
Start Applying XDC Timing Constraints
---------------------------------------------------------------------------------
---------------------------------------------------------------------------------
Finished Applying XDC Timing Constraints : Time (s): cpu = 00:00:31 ; elapsed = 00:00:35 . Memory (MB): peak = 1779.812 ; gain = 901.465
---------------------------------------------------------------------------------
---------------------------------------------------------------------------------
Start Timing Optimization
---------------------------------------------------------------------------------
---------------------------------------------------------------------------------
Finished Timing Optimization : Time (s): cpu = 00:00:31 ; elapsed = 00:00:35 . Memory (MB): peak = 1780.594 ; gain = 902.246
---------------------------------------------------------------------------------
---------------------------------------------------------------------------------
Start Technology Mapping
---------------------------------------------------------------------------------
---------------------------------------------------------------------------------
Finished Technology Mapping : Time (s): cpu = 00:00:31 ; elapsed = 00:00:35 . Memory (MB): peak = 1790.562 ; gain = 912.215
---------------------------------------------------------------------------------
---------------------------------------------------------------------------------
Start IO Insertion
---------------------------------------------------------------------------------
---------------------------------------------------------------------------------
Start Flattening Before IO Insertion
---------------------------------------------------------------------------------
---------------------------------------------------------------------------------
Finished Flattening Before IO Insertion
---------------------------------------------------------------------------------
---------------------------------------------------------------------------------
Start Final Netlist Cleanup
---------------------------------------------------------------------------------
---------------------------------------------------------------------------------
Finished Final Netlist Cleanup
---------------------------------------------------------------------------------
---------------------------------------------------------------------------------
Finished IO Insertion : Time (s): cpu = 00:00:37 ; elapsed = 00:00:41 . Memory (MB): peak = 2065.090 ; gain = 1186.742
---------------------------------------------------------------------------------
---------------------------------------------------------------------------------
Start Renaming Generated Instances
---------------------------------------------------------------------------------
---------------------------------------------------------------------------------
Finished Renaming Generated Instances : Time (s): cpu = 00:00:37 ; elapsed = 00:00:41 . Memory (MB): peak = 2065.090 ; gain = 1186.742
---------------------------------------------------------------------------------
---------------------------------------------------------------------------------
Start Rebuilding User Hierarchy
---------------------------------------------------------------------------------
---------------------------------------------------------------------------------
Finished Rebuilding User Hierarchy : Time (s): cpu = 00:00:37 ; elapsed = 00:00:41 . Memory (MB): peak = 2065.090 ; gain = 1186.742
---------------------------------------------------------------------------------
---------------------------------------------------------------------------------
Start Renaming Generated Ports
---------------------------------------------------------------------------------
---------------------------------------------------------------------------------
Finished Renaming Generated Ports : Time (s): cpu = 00:00:37 ; elapsed = 00:00:41 . Memory (MB): peak = 2065.090 ; gain = 1186.742
---------------------------------------------------------------------------------
---------------------------------------------------------------------------------
Start Handling Custom Attributes
---------------------------------------------------------------------------------
---------------------------------------------------------------------------------
Finished Handling Custom Attributes : Time (s): cpu = 00:00:37 ; elapsed = 00:00:41 . Memory (MB): peak = 2065.090 ; gain = 1186.742
---------------------------------------------------------------------------------
---------------------------------------------------------------------------------
Start Renaming Generated Nets
---------------------------------------------------------------------------------
---------------------------------------------------------------------------------
Finished Renaming Generated Nets : Time (s): cpu = 00:00:37 ; elapsed = 00:00:41 . Memory (MB): peak = 2065.090 ; gain = 1186.742
---------------------------------------------------------------------------------
---------------------------------------------------------------------------------
Start Writing Synthesis Report
---------------------------------------------------------------------------------

Report BlackBoxes: 
+------+--------------------------------------+----------+
|      |BlackBox name                         |Instances |
+------+--------------------------------------+----------+
|1     |system_axi_dma_0_0                    |         1|
|2     |system_axi_mem_intercon_imp_auto_pc_0 |         1|
|3     |system_axi_mem_intercon_imp_auto_us_0 |         1|
|4     |system_iq_0_0                         |         1|
|5     |system_ps7_0                          |         1|
|6     |system_ps7_axi_periph_imp_xbar_0      |         1|
|7     |system_ps7_axi_periph_imp_auto_pc_0   |         1|
|8     |system_rst_ps7_125M_0                 |         1|
+------+--------------------------------------+----------+

Report Cell Usage: 
+------+------------------------------------+------+
|      |Cell                                |Count |
+------+------------------------------------+------+
|1     |system_axi_dma_0                    |     1|
|2     |system_axi_mem_intercon_imp_auto_pc |     1|
|3     |system_axi_mem_intercon_imp_auto_us |     1|
|4     |system_iq_0                         |     1|
|5     |system_ps7                          |     1|
|6     |system_ps7_axi_periph_imp_auto_pc   |     1|
|7     |system_ps7_axi_periph_imp_xbar      |     1|
|8     |system_rst_ps7_125M                 |     1|
+------+------------------------------------+------+
---------------------------------------------------------------------------------
Finished Writing Synthesis Report : Time (s): cpu = 00:00:37 ; elapsed = 00:00:41 . Memory (MB): peak = 2065.090 ; gain = 1186.742
---------------------------------------------------------------------------------
Synthesis finished with 0 errors, 0 critical warnings and 10 warnings.
Synthesis Optimization Runtime : Time (s): cpu = 00:00:23 ; elapsed = 00:00:37 . Memory (MB): peak = 2065.090 ; gain = 1186.742
Synthesis Optimization Complete : Time (s): cpu = 00:00:37 ; elapsed = 00:00:41 . Memory (MB): peak = 2065.090 ; gain = 1186.742
INFO: [Project 1-571] Translating synthesized netlist
Netlist sorting complete. Time (s): cpu = 00:00:00 ; elapsed = 00:00:00.007 . Memory (MB): peak = 2065.090 ; gain = 0.000
INFO: [Project 1-570] Preparing netlist for logic optimization
INFO: [Opt 31-138] Pushed 0 inverter(s) to 0 load pin(s).
Netlist sorting complete. Time (s): cpu = 00:00:00 ; elapsed = 00:00:00 . Memory (MB): peak = 2077.867 ; gain = 0.000
INFO: [Project 1-111] Unisim Transformation Summary:
No Unisim elements were transformed.

Synth Design complete | Checksum: aece01d4
INFO: [Common 17-83] Releasing license: Vivado_Synthesis
48 Infos, 55 Warnings, 0 Critical Warnings and 0 Errors encountered.
synth_design completed successfully
synth_design: Time (s): cpu = 00:00:42 ; elapsed = 00:00:52 . Memory (MB): peak = 2081.855 ; gain = 1426.938
INFO: [Common 17-1381] The checkpoint 'D:/fft/fft_phase10_resource_opt/build/board/iq_board.runs/synth_1/system_wrapper.dcp' has been generated.
INFO: [Vivado 12-24828] Executing command : report_utilization -file system_wrapper_utilization_synth.rpt -pb system_wrapper_utilization_synth.pb
INFO: [Common 17-206] Exiting Vivado at Fri Oct  9 13:40:23 2026...
[Fri Oct  9 13:40:27 2026] synth_1 finished
wait_on_runs: Time (s): cpu = 00:00:02 ; elapsed = 00:15:19 . Memory (MB): peak = 817.812 ; gain = 0.000
INFO: [Vivado 12-4149] The synthesis checkpoint for IP 'D:/fft/fft_phase10_resource_opt/build/vivado16k/iq_analyzer.srcs/sources_1/ip/fft8192/fft8192.xci' is already up-to-date
INFO: [Vivado 12-4149] The synthesis checkpoint for IP 'D:/fft/fft_phase10_resource_opt/build/vivado16k/iq_analyzer.srcs/sources_1/ip/fft8192/fft8192.xci' is already up-to-date
[Fri Oct  9 13:40:30 2026] Launched impl_1...
Run output will be captured here: D:/fft/fft_phase10_resource_opt/build/board/iq_board.runs/impl_1/runme.log
[Fri Oct  9 13:40:30 2026] Waiting for impl_1 to finish...


*** Running vivado
    with args -log system_wrapper.vdi -applog -m64 -product Vivado -messageDb vivado.pb -mode batch -source system_wrapper.tcl -notrace


INFO: [Common 17-3922] A valid Vivado Design Suite BASIC license has been detected. Your current license is active and will expire on 22-jul-2027.
#-----------------------------------------------------------
# Vivado v2026.1 (64-bit)
# SW Build 6511674 on Tue Jun 16 11:02:23 MDT 2026
# IP Build 6504888 on Tue Jun 09 09:05:25 MDT 2026
# SharedData Build 6501428 on Mon Jun 08 17:34:18 MDT 2026
# Start of session at: Fri Oct  9 13:40:38 2026
# Process ID         : 56240
# Current directory  : D:/fft/fft_phase10_resource_opt/build/board/iq_board.runs/impl_1
# Command line       : vivado.exe -log system_wrapper.vdi -applog -product Vivado -messageDb vivado.pb -mode batch -source system_wrapper.tcl -notrace
# Log file           : D:/fft/fft_phase10_resource_opt/build/board/iq_board.runs/impl_1/system_wrapper.vdi
# Journal file       : D:/fft/fft_phase10_resource_opt/build/board/iq_board.runs/impl_1\vivado.jou
# Running On         : LAPTOP-ATE8I1GS
# Platform           : Windows 11
# Operating System   : 26100
# Processor Detail   : AMD Ryzen 9 7945HX with Radeon Graphics        
# CPU Frequency      : 2495 MHz
# CPU Physical cores : 16
# CPU Logical cores  : 32
# Host memory        : 16844 MB
# Swap memory        : 24082 MB
# Total Virtual      : 40927 MB
# Available Virtual  : 8978 MB
#-----------------------------------------------------------

****** Vivado v2026.1 (64-bit)
  **** SW Build 6511674 on Tue Jun 16 11:02:23 MDT 2026
  **** IP Build 6504888 on Tue Jun 09 09:05:25 MDT 2026
  **** SharedData Build 6501428 on Mon Jun 08 17:34:18 MDT 2026
  **** Start of session at: Fri Oct  9 13:40:38 2026
    ** Copyright 1986-2022 Xilinx, Inc. All Rights Reserved.
    ** Copyright 2022-2026 Advanced Micro Devices, Inc. All Rights Reserved.

Sourcing tcl script 'C:/Users/LENOVO/AppData/Roaming/Xilinx/Vivado/Vivado_init.tcl'
source system_wrapper.tcl -notrace
create_project: Time (s): cpu = 00:00:11 ; elapsed = 00:00:11 . Memory (MB): peak = 620.246 ; gain = 277.629
INFO: [IP_Flow 19-234] Refreshing IP repositories
INFO: [IP_Flow 19-1704] No user IP repositories specified
INFO: [IP_Flow 19-2313] Loaded Vivado IP repository 'D:/VivadoMM/2026.1/Vivado/data/ip'.
Command: link_design -top system_wrapper -part xc7z020clg400-1
Design is defaulting to srcset: sources_1
Design is defaulting to constrset: constrs_1
INFO: [Device 21-403] Loading part xc7z020clg400-1
INFO: [Project 1-5699] Read binary netlist with skipMacroContent - 1
INFO: [Project 1-454] Reading design checkpoint 'd:/fft/fft_phase10_resource_opt/build/board/iq_board.gen/sources_1/bd/system/ip/system_axi_dma_0_0/system_axi_dma_0_0.dcp' for cell 'system_i/axi_dma_0'
INFO: [Project 1-454] Reading design checkpoint 'd:/fft/fft_phase10_resource_opt/build/board/iq_board.gen/sources_1/bd/system/ip/system_iq_0_0/system_iq_0_0.dcp' for cell 'system_i/iq_0'
INFO: [Project 1-454] Reading design checkpoint 'd:/fft/fft_phase10_resource_opt/build/board/iq_board.gen/sources_1/bd/system/ip/system_ps7_0/system_ps7_0.dcp' for cell 'system_i/ps7'
INFO: [Project 1-454] Reading design checkpoint 'd:/fft/fft_phase10_resource_opt/build/board/iq_board.gen/sources_1/bd/system/ip/system_rst_ps7_125M_0/system_rst_ps7_125M_0.dcp' for cell 'system_i/rst_ps7_125M'
INFO: [Project 1-454] Reading design checkpoint 'd:/fft/fft_phase10_resource_opt/build/board/iq_board.gen/sources_1/bd/system/ip/system_axi_mem_intercon_imp_auto_pc_0/system_axi_mem_intercon_imp_auto_pc_0.dcp' for cell 'system_i/axi_mem_intercon/s00_couplers/auto_pc'
INFO: [Project 1-454] Reading design checkpoint 'd:/fft/fft_phase10_resource_opt/build/board/iq_board.gen/sources_1/bd/system/ip/system_axi_mem_intercon_imp_auto_us_0/system_axi_mem_intercon_imp_auto_us_0.dcp' for cell 'system_i/axi_mem_intercon/s00_couplers/auto_us'
INFO: [Project 1-454] Reading design checkpoint 'd:/fft/fft_phase10_resource_opt/build/board/iq_board.gen/sources_1/bd/system/ip/system_ps7_axi_periph_imp_xbar_0/system_ps7_axi_periph_imp_xbar_0.dcp' for cell 'system_i/ps7_axi_periph/xbar'
INFO: [Project 1-454] Reading design checkpoint 'd:/fft/fft_phase10_resource_opt/build/board/iq_board.gen/sources_1/bd/system/ip/system_ps7_axi_periph_imp_auto_pc_0/system_ps7_axi_periph_imp_auto_pc_0.dcp' for cell 'system_i/ps7_axi_periph/s00_couplers/auto_pc'
INFO: [Project 1-454] Reading design checkpoint 'd:/fft/fft_phase10_resource_opt/build/vivado16k/iq_analyzer.gen/sources_1/ip/fft8192/fft8192.dcp' for cell 'system_i/iq_0/inst/core/transform/fft'
Netlist sorting complete. Time (s): cpu = 00:00:00 ; elapsed = 00:00:00.483 . Memory (MB): peak = 1026.352 ; gain = 0.000
INFO: [Netlist 29-17] Analyzing 5505 Unisim elements for replacement
INFO: [Netlist 29-28] Unisim Transformation completed in 2 CPU seconds
INFO: [Project 1-479] Netlist was created with Vivado 2026.1
INFO: [Project 1-570] Preparing netlist for logic optimization
Parsing XDC File [d:/fft/fft_phase10_resource_opt/build/board/iq_board.gen/sources_1/bd/system/ip/system_ps7_0/system_ps7_0.xdc] for cell 'system_i/ps7/inst'
Finished Parsing XDC File [d:/fft/fft_phase10_resource_opt/build/board/iq_board.gen/sources_1/bd/system/ip/system_ps7_0/system_ps7_0.xdc] for cell 'system_i/ps7/inst'
Parsing XDC File [d:/fft/fft_phase10_resource_opt/build/board/iq_board.gen/sources_1/bd/system/ip/system_axi_dma_0_0/system_axi_dma_0_0.xdc] for cell 'system_i/axi_dma_0/U0'
Finished Parsing XDC File [d:/fft/fft_phase10_resource_opt/build/board/iq_board.gen/sources_1/bd/system/ip/system_axi_dma_0_0/system_axi_dma_0_0.xdc] for cell 'system_i/axi_dma_0/U0'
Parsing XDC File [d:/fft/fft_phase10_resource_opt/build/board/iq_board.gen/sources_1/bd/system/ip/system_rst_ps7_125M_0/system_rst_ps7_125M_0_board.xdc] for cell 'system_i/rst_ps7_125M/U0'
Finished Parsing XDC File [d:/fft/fft_phase10_resource_opt/build/board/iq_board.gen/sources_1/bd/system/ip/system_rst_ps7_125M_0/system_rst_ps7_125M_0_board.xdc] for cell 'system_i/rst_ps7_125M/U0'
Parsing XDC File [D:/fft/fft_phase10_resource_opt/constraints/cdc.xdc]
Finished Parsing XDC File [D:/fft/fft_phase10_resource_opt/constraints/cdc.xdc]
Parsing XDC File [d:/fft/fft_phase10_resource_opt/build/board/iq_board.gen/sources_1/bd/system/ip/system_axi_dma_0_0/system_axi_dma_0_0_clocks.xdc] for cell 'system_i/axi_dma_0/U0'
Finished Parsing XDC File [d:/fft/fft_phase10_resource_opt/build/board/iq_board.gen/sources_1/bd/system/ip/system_axi_dma_0_0/system_axi_dma_0_0_clocks.xdc] for cell 'system_i/axi_dma_0/U0'
Parsing XDC File [d:/fft/fft_phase10_resource_opt/build/board/iq_board.gen/sources_1/bd/system/ip/system_axi_mem_intercon_imp_auto_us_0/system_axi_mem_intercon_imp_auto_us_0_clocks.xdc] for cell 'system_i/axi_mem_intercon/s00_couplers/auto_us/inst'
Finished Parsing XDC File [d:/fft/fft_phase10_resource_opt/build/board/iq_board.gen/sources_1/bd/system/ip/system_axi_mem_intercon_imp_auto_us_0/system_axi_mem_intercon_imp_auto_us_0_clocks.xdc] for cell 'system_i/axi_mem_intercon/s00_couplers/auto_us/inst'
INFO: [Project 1-1714] 27 XPM XDC files have been applied to the design.
INFO: [Opt 31-138] Pushed 0 inverter(s) to 0 load pin(s).
Netlist sorting complete. Time (s): cpu = 00:00:00 ; elapsed = 00:00:00.051 . Memory (MB): peak = 1810.785 ; gain = 0.000
INFO: [Project 1-111] Unisim Transformation Summary:
  A total of 1750 instances were transformed.
  RAM16X1D => RAM32X1D (RAMD32(x2)): 1 instance 
  RAM16X1S => RAM32X1S (RAMS32): 32 instances
  RAM32M => RAM32M (RAMD32(x6), RAMS32(x2)): 135 instances
  RAM32X1D => RAM32X1D (RAMD32(x2)): 3 instances
  RAM64M => RAM64M (RAMD64E(x4)): 1544 instances
  RAM64X1S => RAM64X1S (RAMS64E): 35 instances

21 Infos, 0 Warnings, 0 Critical Warnings and 0 Errors encountered.
link_design completed successfully
link_design: Time (s): cpu = 00:00:43 ; elapsed = 00:00:45 . Memory (MB): peak = 1810.785 ; gain = 1154.781
Command: opt_design
Attempting to get a license for feature 'Vivado_Implementation' and/or device 'xc7z020'
INFO: [Common 17-349] Got license for feature 'Vivado_Implementation' and/or device 'xc7z020'
Running DRC as a precondition to command opt_design

Starting DRC Task
INFO: [DRC 23-27] Running DRC with 4 threads
INFO: [Project 1-461] DRC finished with 0 Errors
INFO: [Project 1-462] Please refer to the DRC report (report_drc) for more information.

Time (s): cpu = 00:00:02 ; elapsed = 00:00:00.898 . Memory (MB): peak = 1810.785 ; gain = 0.000

Starting Cache Timing Information Task
INFO: [Timing 38-35] Done setting XDC timing constraints.
Ending Cache Timing Information Task | Checksum: 1de3bb062

Time (s): cpu = 00:00:04 ; elapsed = 00:00:02 . Memory (MB): peak = 1810.785 ; gain = 0.000

Starting Logic Optimization Task

Phase 1 Initialization

Phase 1.1 Core Generation And Design Setup
Phase 1.1 Core Generation And Design Setup | Checksum: 1de3bb062

Time (s): cpu = 00:00:00 ; elapsed = 00:00:00.099 . Memory (MB): peak = 2290.238 ; gain = 0.000

Phase 1.2 Setup Constraints And Sort Netlist
Phase 1.2 Setup Constraints And Sort Netlist | Checksum: 1de3bb062

Time (s): cpu = 00:00:00 ; elapsed = 00:00:00.204 . Memory (MB): peak = 2290.238 ; gain = 0.000
Phase 1 Initialization | Checksum: 1de3bb062

Time (s): cpu = 00:00:00 ; elapsed = 00:00:00.219 . Memory (MB): peak = 2290.238 ; gain = 0.000

Phase 2 Timer Update And Timing Data Collection

Phase 2.1 Detect if minReqCache needed
Phase 2.1 Detect if minReqCache needed | Checksum: 1de3bb062

Time (s): cpu = 00:00:00 ; elapsed = 00:00:00.345 . Memory (MB): peak = 2292.406 ; gain = 2.168

Phase 2.2 Timer Update
Phase 2.2 Timer Update | Checksum: 1de3bb062

Time (s): cpu = 00:00:03 ; elapsed = 00:00:02 . Memory (MB): peak = 2292.406 ; gain = 2.168

Phase 2.3 Timing Data Collection
Phase 2.3 Timing Data Collection | Checksum: 1de3bb062

Time (s): cpu = 00:00:03 ; elapsed = 00:00:02 . Memory (MB): peak = 2292.406 ; gain = 2.168
Phase 2 Timer Update And Timing Data Collection | Checksum: 1de3bb062

Time (s): cpu = 00:00:03 ; elapsed = 00:00:02 . Memory (MB): peak = 2292.406 ; gain = 2.168

Phase 3 Retarget
INFO: [Opt 31-1851] Number of loadless carry chains removed were: 0
INFO: [Opt 31-1834] Total Chains To Be Transformed Were: 0 AND Number of Transformed insts Created are: 0
INFO: [Opt 31-1566] Pulled 16 inverters resulting in an inversion of 261 pins
INFO: [Opt 31-138] Pushed 47 inverter(s) to 49 load pin(s).
INFO: [Opt 31-49] Retargeted 0 cell(s).
Phase 3 Retarget | Checksum: 18812599f

Time (s): cpu = 00:00:05 ; elapsed = 00:00:04 . Memory (MB): peak = 2292.406 ; gain = 2.168
Retarget | Checksum: 18812599f
INFO: [Opt 31-389] Phase Retarget created 368 cells and removed 496 cells
INFO: [Opt 31-1021] In phase Retarget, 9 netlist objects are constrained preventing optimization. Please run opt_design with -debug_log to get more detail. 

Phase 4 Constant propagation
INFO: [Opt 31-138] Pushed 3 inverter(s) to 7 load pin(s).
Phase 4 Constant propagation | Checksum: 1ca50a996

Time (s): cpu = 00:00:06 ; elapsed = 00:00:04 . Memory (MB): peak = 2292.406 ; gain = 2.168
Constant propagation | Checksum: 1ca50a996
INFO: [Opt 31-389] Phase Constant propagation created 472 cells and removed 833 cells
INFO: [Opt 31-1021] In phase Constant propagation, 41 netlist objects are constrained preventing optimization. Please run opt_design with -debug_log to get more detail. 

Phase 5 Sweep
INFO: [Constraints 18-11670] Building netlist checker database with flags, 0x8
Done building netlist checker database: Time (s): cpu = 00:00:00 ; elapsed = 00:00:00.094 . Memory (MB): peak = 2292.406 ; gain = 0.000
INFO: [Constraints 18-11670] Building netlist checker database with flags, 0x8
Done building netlist checker database: Time (s): cpu = 00:00:00 ; elapsed = 00:00:00.070 . Memory (MB): peak = 2292.406 ; gain = 0.000
Phase 5 Sweep | Checksum: 1a93df112

Time (s): cpu = 00:00:08 ; elapsed = 00:00:07 . Memory (MB): peak = 2292.406 ; gain = 2.168
Sweep | Checksum: 1a93df112
INFO: [Opt 31-389] Phase Sweep created 0 cells and removed 330 cells
INFO: [Opt 31-1021] In phase Sweep, 33 netlist objects are constrained preventing optimization. Please run opt_design with -debug_log to get more detail. 

Phase 6 BUFG optimization
Phase 6 BUFG optimization | Checksum: 1a93df112

Time (s): cpu = 00:00:10 ; elapsed = 00:00:08 . Memory (MB): peak = 2292.406 ; gain = 2.168
BUFG optimization | Checksum: 1a93df112
INFO: [Opt 31-662] Phase BUFG optimization created 0 cells of which 0 are BUFGs and removed 0 cells.

Phase 7 Shift Register Optimization
INFO: [Opt 31-1064] SRL Remap converted 0 SRLs to 0 registers and converted 0 registers of register chains to 0 SRLs
Phase 7 Shift Register Optimization | Checksum: 1a93df112

Time (s): cpu = 00:00:10 ; elapsed = 00:00:08 . Memory (MB): peak = 2292.406 ; gain = 2.168
Shift Register Optimization | Checksum: 1a93df112
INFO: [Opt 31-389] Phase Shift Register Optimization created 0 cells and removed 0 cells

Phase 8 Post Processing Netlist
Phase 8 Post Processing Netlist | Checksum: 1c1af1c08

Time (s): cpu = 00:00:11 ; elapsed = 00:00:08 . Memory (MB): peak = 2292.406 ; gain = 2.168
Post Processing Netlist | Checksum: 1c1af1c08
INFO: [Opt 31-389] Phase Post Processing Netlist created 0 cells and removed 0 cells
INFO: [Opt 31-1021] In phase Post Processing Netlist, 11 netlist objects are constrained preventing optimization. Please run opt_design with -debug_log to get more detail. 

Phase 9 Finalization

Phase 9.1 Finalizing Design Cores and Updating Shapes
Phase 9.1 Finalizing Design Cores and Updating Shapes | Checksum: 1af017229

Time (s): cpu = 00:00:13 ; elapsed = 00:00:10 . Memory (MB): peak = 2292.406 ; gain = 2.168

Phase 9.2 Verifying Netlist Connectivity

Starting Connectivity Check Task

Time (s): cpu = 00:00:00 ; elapsed = 00:00:00.175 . Memory (MB): peak = 2292.406 ; gain = 0.000
Phase 9.2 Verifying Netlist Connectivity | Checksum: 1af017229

Time (s): cpu = 00:00:13 ; elapsed = 00:00:10 . Memory (MB): peak = 2292.406 ; gain = 2.168
Phase 9 Finalization | Checksum: 1af017229

Time (s): cpu = 00:00:13 ; elapsed = 00:00:10 . Memory (MB): peak = 2292.406 ; gain = 2.168
Opt_design Change Summary
=========================


-------------------------------------------------------------------------------------------------------------------------
|  Phase                        |  #Cells created  |  #Cells Removed  |  #Constrained objects preventing optimizations  |
-------------------------------------------------------------------------------------------------------------------------
|  Retarget                     |             368  |             496  |                                              9  |
|  Constant propagation         |             472  |             833  |                                             41  |
|  Sweep                        |               0  |             330  |                                             33  |
|  BUFG optimization            |               0  |               0  |                                              0  |
|  Shift Register Optimization  |               0  |               0  |                                              0  |
|  Post Processing Netlist      |               0  |               0  |                                             11  |
-------------------------------------------------------------------------------------------------------------------------


Ending Logic Optimization Task | Checksum: 1af017229

Time (s): cpu = 00:00:13 ; elapsed = 00:00:10 . Memory (MB): peak = 2292.406 ; gain = 2.168

Starting Power Optimization Task
INFO: [Pwropt 34-132] Skipping clock gating for clocks with a period < 2.00 ns.
INFO: [Timing 38-35] Done setting XDC timing constraints.
Running Vector-less Activity Propagation...
INFO: [Pwropt 34-9] Applying IDT optimizations ...
INFO: [Pwropt 34-10] Applying ODC optimizations ...

Finished Running Vector-less Activity Propagation


Starting PowerOpt Patch Enables Task
INFO: [Pwropt 34-162] WRITE_MODE attribute of 44 BRAM(s) out of a total of 149 has been updated to save power. Run report_power_opt to get a complete listing of the BRAMs updated.
INFO: [Pwropt 34-201] Structural ODC has moved 0 WE to EN ports
Number of BRAM Ports augmented: 49 newly gated: 56 Total Ports: 298
Number of Flops added for Enable Generation: 4

Ending PowerOpt Patch Enables Task | Checksum: ec03d529

Time (s): cpu = 00:00:01 ; elapsed = 00:00:00.917 . Memory (MB): peak = 2648.457 ; gain = 0.000
Ending Power Optimization Task | Checksum: ec03d529

Time (s): cpu = 00:00:33 ; elapsed = 00:00:19 . Memory (MB): peak = 2648.457 ; gain = 356.051

Starting Final Cleanup Task

Starting Logic Optimization Task
INFO: [Timing 38-35] Done setting XDC timing constraints.
INFO: [Opt 31-1566] Pulled 32 inverters resulting in an inversion of 32 pins
Ending Logic Optimization Task | Checksum: 1f4966812

Time (s): cpu = 00:00:11 ; elapsed = 00:00:06 . Memory (MB): peak = 2648.457 ; gain = 0.000
Ending Final Cleanup Task | Checksum: 1f4966812

Time (s): cpu = 00:00:16 ; elapsed = 00:00:12 . Memory (MB): peak = 2648.457 ; gain = 0.000
Netlist sorting complete. Time (s): cpu = 00:00:00 ; elapsed = 00:00:00.073 . Memory (MB): peak = 2648.457 ; gain = 0.000
INFO: [Common 17-83] Releasing license: Vivado_Implementation
54 Infos, 0 Warnings, 0 Critical Warnings and 0 Errors encountered.
opt_design completed successfully
opt_design: Time (s): cpu = 00:01:13 ; elapsed = 00:00:50 . Memory (MB): peak = 2648.457 ; gain = 837.672
INFO: [Vivado 12-24828] Executing command : report_drc -file system_wrapper_drc_opted.rpt -pb system_wrapper_drc_opted.pb -rpx system_wrapper_drc_opted.rpx
Command: report_drc -file system_wrapper_drc_opted.rpt -pb system_wrapper_drc_opted.pb -rpx system_wrapper_drc_opted.rpx
INFO: [IP_Flow 19-1839] IP Catalog is up to date.
INFO: [DRC 23-27] Running DRC with 4 threads
INFO: [Vivado_Tcl 2-168] The results of DRC are in file D:/fft/fft_phase10_resource_opt/build/board/iq_board.runs/impl_1/system_wrapper_drc_opted.rpt.
report_drc completed successfully
INFO: [Timing 38-480] Writing timing data to binary archive.
Wrote PlaceDB: Time (s): cpu = 00:00:00 ; elapsed = 00:00:00 . Memory (MB): peak = 2648.457 ; gain = 0.000
Wrote PulsedLatchDB: Time (s): cpu = 00:00:00 ; elapsed = 00:00:00.001 . Memory (MB): peak = 2648.457 ; gain = 0.000
Writing XDEF routing.
Writing XDEF routing logical nets.
Writing XDEF routing special nets.
Wrote RouteStorage: Time (s): cpu = 00:00:01 ; elapsed = 00:00:00.145 . Memory (MB): peak = 2648.457 ; gain = 0.000
Wrote PlaceStorage: Time (s): cpu = 00:00:00 ; elapsed = 00:00:00.012 . Memory (MB): peak = 2648.457 ; gain = 0.000
Wrote Netlist Cache: Time (s): cpu = 00:00:00 ; elapsed = 00:00:00.002 . Memory (MB): peak = 2648.457 ; gain = 0.000
Wrote Device Cache: Time (s): cpu = 00:00:00 ; elapsed = 00:00:00.014 . Memory (MB): peak = 2648.457 ; gain = 0.000
Write Physdb Complete: Time (s): cpu = 00:00:01 ; elapsed = 00:00:00.196 . Memory (MB): peak = 2648.457 ; gain = 0.000
Write ShapeDB Complete: Time (s): cpu = 00:00:01 ; elapsed = 00:00:00.211 . Memory (MB): peak = 2648.457 ; gain = 0.000
INFO: [Common 17-1381] The checkpoint 'D:/fft/fft_phase10_resource_opt/build/board/iq_board.runs/impl_1/system_wrapper_opt.dcp' has been generated.
Command: place_design
Attempting to get a license for feature 'Vivado_Implementation' and/or device 'xc7z020'
INFO: [Common 17-349] Got license for feature 'Vivado_Implementation' and/or device 'xc7z020'
INFO: [Common 17-83] Releasing license: Vivado_Implementation
INFO: [Timing 38-35] Done setting XDC timing constraints.
Running DRC as a precondition to command place_design
INFO: [DRC 23-27] Running DRC with 4 threads
INFO: [Vivado_Tcl 4-198] DRC finished with 0 Errors, 8 Warnings
INFO: [Vivado_Tcl 4-199] Please refer to the DRC report (report_drc) for more information.
INFO: [Place 30-611] Multithreading enabled for place_design using a maximum of 4 CPUs

Starting Placer Task

Phase 1 Placer Initialization

Phase 1.1 Placer Initialization Netlist Sorting
Netlist sorting complete. Time (s): cpu = 00:00:00 ; elapsed = 00:00:00.048 . Memory (MB): peak = 2648.457 ; gain = 0.000
Phase 1.1 Placer Initialization Netlist Sorting | Checksum: 180c9f16a

Time (s): cpu = 00:00:00 ; elapsed = 00:00:00.066 . Memory (MB): peak = 2648.457 ; gain = 0.000
Netlist sorting complete. Time (s): cpu = 00:00:00 ; elapsed = 00:00:00.052 . Memory (MB): peak = 2648.457 ; gain = 0.000

Phase 1.2 IO Placement/ Clock Placement/ Build Placer Device
Phase 1.2 IO Placement/ Clock Placement/ Build Placer Device | Checksum: a8d6c626

Time (s): cpu = 00:00:07 ; elapsed = 00:00:06 . Memory (MB): peak = 2648.457 ; gain = 0.000

Phase 1.3 Build Placer Netlist Model
Phase 1.3 Build Placer Netlist Model | Checksum: 1fecc1761

Time (s): cpu = 00:00:38 ; elapsed = 00:00:24 . Memory (MB): peak = 2648.457 ; gain = 0.000

Phase 1.4 Constrain Clocks/Macros
Phase 1.4 Constrain Clocks/Macros | Checksum: 1fecc1761

Time (s): cpu = 00:00:38 ; elapsed = 00:00:24 . Memory (MB): peak = 2648.457 ; gain = 0.000
Phase 1 Placer Initialization | Checksum: 1fecc1761

Time (s): cpu = 00:00:38 ; elapsed = 00:00:25 . Memory (MB): peak = 2648.457 ; gain = 0.000

Phase 2 Global Placement

Phase 2.1 Floorplanning
Phase 2.1 Floorplanning | Checksum: 174eda05b

Time (s): cpu = 00:00:56 ; elapsed = 00:00:32 . Memory (MB): peak = 2648.457 ; gain = 0.000

Phase 2.2 Update Timing before SLR Path Opt
Phase 2.2 Update Timing before SLR Path Opt | Checksum: 1aee6c00d

Time (s): cpu = 00:01:12 ; elapsed = 00:00:37 . Memory (MB): peak = 2648.457 ; gain = 0.000

Phase 2.3 Post-Processing in Floorplanning
Phase 2.3 Post-Processing in Floorplanning | Checksum: 1aee6c00d

Time (s): cpu = 00:01:13 ; elapsed = 00:00:38 . Memory (MB): peak = 2648.457 ; gain = 0.000

Phase 2.4 Global Place Phase1
Phase 2.4 Global Place Phase1 | Checksum: 136890b95

Time (s): cpu = 00:03:00 ; elapsed = 00:01:30 . Memory (MB): peak = 2648.457 ; gain = 0.000

Phase 2.5 Global Place Phase2

Phase 2.5.1 UpdateTiming Before Physical Synthesis
Phase 2.5.1 UpdateTiming Before Physical Synthesis | Checksum: 136949f9a

Time (s): cpu = 00:03:17 ; elapsed = 00:01:35 . Memory (MB): peak = 2648.457 ; gain = 0.000

Phase 2.5.2 Physical Synthesis In Placer
INFO: [Physopt 32-1035] Found 70 LUTNM shape to break, 742 LUT instances to create LUTNM shape
INFO: [Physopt 32-1044] Break lutnm for timing: one critical 24, two critical 46, total 70, new lutff created 0
INFO: [Physopt 32-1138] End 1 Pass. Optimized 402 nets or LUTs. Breaked 70 LUTs, combined 332 existing LUTs and moved 0 existing LUT
INFO: [Physopt 32-1132] Very high fanout net 'system_i/iq_0/inst/core/input_fifo/gnuram_async_fifo.xpm_fifo_base_inst/wrp_inst/Q[0]' is not considered as a candidate in VHFN optimization. The fanout considered for this optimization is changed from 3525 to 710 due to a timing constraint or macro primitives that prevent optimization on all of the loads. To force replication, set the FORCE_MAX_FANOUT property on the net to a number less than 710.
INFO: [Physopt 32-1132] Very high fanout net 'system_i/iq_0/inst/core/input_fifo/gnuram_async_fifo.xpm_fifo_base_inst/wrp_inst/Q[1]' is not considered as a candidate in VHFN optimization. The fanout considered for this optimization is changed from 3525 to 710 due to a timing constraint or macro primitives that prevent optimization on all of the loads. To force replication, set the FORCE_MAX_FANOUT property on the net to a number less than 710.
INFO: [Physopt 32-1132] Very high fanout net 'system_i/iq_0/inst/core/input_fifo/gnuram_async_fifo.xpm_fifo_base_inst/wrp_inst/Q[2]' is not considered as a candidate in VHFN optimization. The fanout considered for this optimization is changed from 3525 to 710 due to a timing constraint or macro primitives that prevent optimization on all of the loads. To force replication, set the FORCE_MAX_FANOUT property on the net to a number less than 710.
INFO: [Physopt 32-1132] Very high fanout net 'system_i/iq_0/inst/core/input_fifo/gnuram_async_fifo.xpm_fifo_base_inst/wrp_inst/Q[3]' is not considered as a candidate in VHFN optimization. The fanout considered for this optimization is changed from 3525 to 710 due to a timing constraint or macro primitives that prevent optimization on all of the loads. To force replication, set the FORCE_MAX_FANOUT property on the net to a number less than 710.
INFO: [Physopt 32-1132] Very high fanout net 'system_i/iq_0/inst/core/input_fifo/gnuram_async_fifo.xpm_fifo_base_inst/wrp_inst/Q[4]' is not considered as a candidate in VHFN optimization. The fanout considered for this optimization is changed from 3525 to 710 due to a timing constraint or macro primitives that prevent optimization on all of the loads. To force replication, set the FORCE_MAX_FANOUT property on the net to a number less than 710.
INFO: [Physopt 32-1132] Very high fanout net 'system_i/iq_0/inst/core/input_fifo/gnuram_async_fifo.xpm_fifo_base_inst/wrp_inst/Q[5]' is not considered as a candidate in VHFN optimization. The fanout considered for this optimization is changed from 3525 to 710 due to a timing constraint or macro primitives that prevent optimization on all of the loads. To force replication, set the FORCE_MAX_FANOUT property on the net to a number less than 710.
INFO: [Physopt 32-1132] Very high fanout net 'system_i/iq_0/inst/core/sm/deferred/written_reg_n_0_[0]' is not considered as a candidate in VHFN optimization. The fanout considered for this optimization is changed from 4205 to 846 due to a timing constraint or macro primitives that prevent optimization on all of the loads. To force replication, set the FORCE_MAX_FANOUT property on the net to a number less than 846.
INFO: [Physopt 32-1132] Very high fanout net 'system_i/iq_0/inst/core/sm/deferred/written_reg_n_0_[1]' is not considered as a candidate in VHFN optimization. The fanout considered for this optimization is changed from 4205 to 846 due to a timing constraint or macro primitives that prevent optimization on all of the loads. To force replication, set the FORCE_MAX_FANOUT property on the net to a number less than 846.
INFO: [Physopt 32-1132] Very high fanout net 'system_i/iq_0/inst/core/sm/deferred/written_reg_n_0_[2]' is not considered as a candidate in VHFN optimization. The fanout considered for this optimization is changed from 4205 to 846 due to a timing constraint or macro primitives that prevent optimization on all of the loads. To force replication, set the FORCE_MAX_FANOUT property on the net to a number less than 846.
INFO: [Physopt 32-65] No nets found for high-fanout optimization.
INFO: [Physopt 32-232] Optimized 0 net. Created 0 new instance.
INFO: [Physopt 32-775] End 1 Pass. Optimized 0 net or cell. Created 0 new cell, deleted 0 existing cell and moved 0 existing cell
INFO: [Physopt 32-76] Pass 1. Identified 3 candidate nets for fanout optimization.
INFO: [Physopt 32-81] Processed net system_i/iq_0/inst/ra_reg[4]_rep__2_n_0. Replicated 9 times.
INFO: [Physopt 32-81] Processed net system_i/iq_0/inst/ra_reg[3]_rep__3_n_0. Replicated 9 times.
INFO: [Physopt 32-81] Processed net system_i/iq_0/inst/ra_reg[5]_rep__0_n_0. Replicated 7 times.
INFO: [Physopt 32-232] Optimized 3 nets. Created 25 new instances.
INFO: [Physopt 32-775] End 1 Pass. Optimized 3 nets or cells. Created 25 new cells, deleted 0 existing cell and moved 0 existing cell
Netlist sorting complete. Time (s): cpu = 00:00:00 ; elapsed = 00:00:00.117 . Memory (MB): peak = 2648.457 ; gain = 0.000
INFO: [Physopt 32-46] Identified 7 candidate nets for critical-cell optimization.
INFO: [Physopt 32-81] Processed net system_i/iq_0/inst/freq_ring/producer[1]. Replicated 1 times.
INFO: [Physopt 32-81] Processed net system_i/iq_0/inst/freq_ring/producer[0]. Replicated 1 times.
INFO: [Physopt 32-81] Processed net system_i/iq_0/inst/freq_ring/producer[5]. Replicated 1 times.
INFO: [Physopt 32-81] Processed net system_i/iq_0/inst/freq_ring/producer[2]. Replicated 1 times.
INFO: [Physopt 32-81] Processed net system_i/iq_0/inst/freq_ring/producer[4]. Replicated 1 times.
INFO: [Physopt 32-81] Processed net system_i/iq_0/inst/freq_ring/producer[6]. Replicated 1 times.
INFO: [Physopt 32-81] Processed net system_i/iq_0/inst/freq_ring/producer[3]. Replicated 1 times.
INFO: [Physopt 32-232] Optimized 7 nets. Created 7 new instances.
INFO: [Physopt 32-775] End 1 Pass. Optimized 7 nets or cells. Created 7 new cells, deleted 0 existing cell and moved 0 existing cell
Netlist sorting complete. Time (s): cpu = 00:00:00 ; elapsed = 00:00:00.108 . Memory (MB): peak = 2648.457 ; gain = 0.000
INFO: [Physopt 32-457] Pass 1. Identified 7 candidate cells for DSP register optimization.
INFO: [Physopt 32-665] Processed cell system_i/iq_0/inst/core/tm/ii_reg. 16 registers were pushed out.
INFO: [Physopt 32-665] Processed cell system_i/iq_0/inst/core/tm/ii_reg. 16 registers were pushed out.
INFO: [Physopt 32-665] Processed cell system_i/iq_0/inst/core/transform/pi_reg. 18 registers were pushed out.
INFO: [Physopt 32-665] Processed cell system_i/iq_0/inst/core/tm/p_reg. 16 registers were pushed out.
INFO: [Physopt 32-665] Processed cell system_i/iq_0/inst/core/transform/pq_reg. 18 registers were pushed out.
INFO: [Physopt 32-665] Processed cell system_i/iq_0/inst/core/tm/p_reg. 32 registers were pushed out.
INFO: [Physopt 32-665] Processed cell system_i/iq_0/inst/core/tm/p_reg. 16 registers were pushed out.
INFO: [Physopt 32-775] End 2 Pass. Optimized 7 nets or cells. Created 132 new cells, deleted 0 existing cell and moved 0 existing cell
Netlist sorting complete. Time (s): cpu = 00:00:00 ; elapsed = 00:00:00.156 . Memory (MB): peak = 2648.457 ; gain = 0.000
INFO: [Physopt 32-1123] No candidate cells found for Shift Register to Pipeline optimization
INFO: [Physopt 32-775] End 2 Pass. Optimized 0 net or cell. Created 0 new cell, deleted 0 existing cell and moved 0 existing cell
INFO: [Physopt 32-1401] No candidate cells found for Shift Register optimization.
INFO: [Physopt 32-677] No candidate cells for Shift Register optimization found in the design
INFO: [Physopt 32-775] End 1 Pass. Optimized 0 net or cell. Created 0 new cell, deleted 0 existing cell and moved 0 existing cell
INFO: [Physopt 32-526] No candidate cells for BRAM register optimization found in the design
INFO: [Physopt 32-775] End 1 Pass. Optimized 0 net or cell. Created 0 new cell, deleted 0 existing cell and moved 0 existing cell
INFO: [Physopt 32-846] No candidate cells for URAM register optimization found in the design
INFO: [Physopt 32-775] End 1 Pass. Optimized 0 net or cell. Created 0 new cell, deleted 0 existing cell and moved 0 existing cell
INFO: [Physopt 32-846] No candidate cells for URAM register optimization found in the design
INFO: [Physopt 32-775] End 1 Pass. Optimized 0 net or cell. Created 0 new cell, deleted 0 existing cell and moved 0 existing cell
INFO: [Physopt 32-949] No candidate nets found for dynamic/static region interface net replication
INFO: [Physopt 32-775] End 1 Pass. Optimized 0 net or cell. Created 0 new cell, deleted 0 existing cell and moved 0 existing cell
Netlist sorting complete. Time (s): cpu = 00:00:00 ; elapsed = 00:00:00.068 . Memory (MB): peak = 2648.457 ; gain = 0.000

Summary of Physical Synthesis Optimizations
============================================


-----------------------------------------------------------------------------------------------------------------------------------------------------------
|  Optimization                                     |  Added Cells  |  Removed Cells  |  Optimized Cells/Nets  |  Dont Touch  |  Iterations  |  Elapsed   |
-----------------------------------------------------------------------------------------------------------------------------------------------------------
|  LUT Combining                                    |           70  |            332  |                   402  |           0  |           1  |  00:00:01  |
|  Retime                                           |            0  |              0  |                     0  |           0  |           1  |  00:00:00  |
|  Very High Fanout                                 |            0  |              0  |                     0  |           0  |           1  |  00:00:00  |
|  Fanout                                           |           25  |              0  |                     3  |           0  |           1  |  00:00:00  |
|  Critical Cell                                    |            7  |              0  |                     7  |           0  |           1  |  00:00:00  |
|  DSP Register                                     |          132  |              0  |                     7  |           0  |           1  |  00:00:01  |
|  Shift Register to Pipeline                       |            0  |              0  |                     0  |           0  |           1  |  00:00:00  |
|  Shift Register                                   |            0  |              0  |                     0  |           0  |           1  |  00:00:00  |
|  BRAM Register                                    |            0  |              0  |                     0  |           0  |           1  |  00:00:00  |
|  URAM Register                                    |            0  |              0  |                     0  |           0  |           1  |  00:00:00  |
|  Dynamic/Static Region Interface Net Replication  |            0  |              0  |                     0  |           0  |           1  |  00:00:00  |
|  Total                                            |          234  |            332  |                   419  |           0  |          11  |  00:00:03  |
-----------------------------------------------------------------------------------------------------------------------------------------------------------


Phase 2.5.2 Physical Synthesis In Placer | Checksum: 11a13605f

Time (s): cpu = 00:03:36 ; elapsed = 00:01:46 . Memory (MB): peak = 2648.457 ; gain = 0.000
Phase 2.5 Global Place Phase2 | Checksum: cc2e1fcc

Time (s): cpu = 00:03:40 ; elapsed = 00:01:48 . Memory (MB): peak = 2648.457 ; gain = 0.000
Phase 2 Global Placement | Checksum: cc2e1fcc

Time (s): cpu = 00:03:40 ; elapsed = 00:01:48 . Memory (MB): peak = 2648.457 ; gain = 0.000

Phase 3 Detail Placement

Phase 3.1 Commit Multi Column Macros
Phase 3.1 Commit Multi Column Macros | Checksum: a8defe01

Time (s): cpu = 00:03:55 ; elapsed = 00:01:54 . Memory (MB): peak = 2648.457 ; gain = 0.000

Phase 3.2 Commit Most Macros & LUTRAMs
Phase 3.2 Commit Most Macros & LUTRAMs | Checksum: 14f15422e

Time (s): cpu = 00:04:25 ; elapsed = 00:02:11 . Memory (MB): peak = 2648.457 ; gain = 0.000

Phase 3.3 Area Swap Optimization
Phase 3.3 Area Swap Optimization | Checksum: 133adabf3

Time (s): cpu = 00:04:27 ; elapsed = 00:02:12 . Memory (MB): peak = 2648.457 ; gain = 0.000

Phase 3.4 Pipeline Register Optimization
Phase 3.4 Pipeline Register Optimization | Checksum: 11adc8320

Time (s): cpu = 00:04:27 ; elapsed = 00:02:12 . Memory (MB): peak = 2648.457 ; gain = 0.000

Phase 3.5 Fast Optimization
Phase 3.5 Fast Optimization | Checksum: 144ea4681

Time (s): cpu = 00:04:54 ; elapsed = 00:02:24 . Memory (MB): peak = 2648.457 ; gain = 0.000

Phase 3.6 Small Shape Detail Placement
Phase 3.6 Small Shape Detail Placement | Checksum: 1d4b8e8be

Time (s): cpu = 00:05:15 ; elapsed = 00:02:42 . Memory (MB): peak = 2648.457 ; gain = 0.000

Phase 3.7 Re-assign LUT pins
Phase 3.7 Re-assign LUT pins | Checksum: 17e46147b

Time (s): cpu = 00:05:17 ; elapsed = 00:02:44 . Memory (MB): peak = 2648.457 ; gain = 0.000

Phase 3.8 Pipeline Register Optimization
Phase 3.8 Pipeline Register Optimization | Checksum: 18b6352d9

Time (s): cpu = 00:05:18 ; elapsed = 00:02:45 . Memory (MB): peak = 2648.457 ; gain = 0.000

Phase 3.9 Fast Optimization
Phase 3.9 Fast Optimization | Checksum: 1804f8059

Time (s): cpu = 00:05:49 ; elapsed = 00:02:59 . Memory (MB): peak = 2648.457 ; gain = 0.000
Phase 3 Detail Placement | Checksum: 1804f8059

Time (s): cpu = 00:05:50 ; elapsed = 00:02:59 . Memory (MB): peak = 2648.457 ; gain = 0.000

Phase 4 Post Placement Optimization and Clean-Up

Phase 4.1 Post Commit Optimization
INFO: [Timing 38-35] Done setting XDC timing constraints.

Phase 4.1.1 Post Placement Optimization
Post Placement Optimization Initialization | Checksum: 1daf65422

Phase 4.1.1.1 BUFG Insertion

Starting Physical Synthesis Task

Phase 1 Physical Synthesis Initialization
INFO: [Physopt 32-721] Multithreading enabled for phys_opt_design using a maximum of 4 CPUs
INFO: [Physopt 32-619] Estimated Timing Summary | WNS=-0.984 | TNS=-101.177 |
Phase 1 Physical Synthesis Initialization | Checksum: 17ee08ed0

Time (s): cpu = 00:00:03 ; elapsed = 00:00:01 . Memory (MB): peak = 2648.457 ; gain = 0.000
INFO: [Place 46-33] Processed net system_i/iq_0/inst/core/transform/fft/U0/i_synth/axi_wrapper/ce_w2c, BUFG insertion was skipped due to placement/routing conflicts.
INFO: [Place 46-33] Processed net system_i/iq_0/inst/core/rb/divide/run_state_reg[1], BUFG insertion was skipped due to placement/routing conflicts.
INFO: [Place 46-33] Processed net system_i/iq_0/inst/core/tm/s_axi_aresetn_0, BUFG insertion was skipped due to placement/routing conflicts.
INFO: [Place 46-33] Processed net system_i/iq_0/inst/core/input_fifo/gnuram_async_fifo.xpm_fifo_base_inst/rdp_inst/E[0], BUFG insertion was skipped due to placement/routing conflicts.
INFO: [Place 46-56] BUFG insertion identified 4 candidate nets. Inserted BUFG: 0, Replicated BUFG Driver: 0, Skipped due to Placement/Routing Conflicts: 4, Skipped due to Timing Degradation: 0, Skipped due to netlist editing failed: 0.
Ending Physical Synthesis Task | Checksum: 134116351

Time (s): cpu = 00:00:05 ; elapsed = 00:00:03 . Memory (MB): peak = 2648.457 ; gain = 0.000
Phase 4.1.1.1 BUFG Insertion | Checksum: 1daf65422

Time (s): cpu = 00:06:21 ; elapsed = 00:03:14 . Memory (MB): peak = 2648.457 ; gain = 0.000

Phase 4.1.1.2 Post Placement Timing Optimization
INFO: [Place 30-746] Post Placement Timing Summary WNS=-0.239. For the most accurate timing information please run report_timing.
Phase 4.1.1.2 Post Placement Timing Optimization | Checksum: 254e83189

Time (s): cpu = 00:07:07 ; elapsed = 00:04:00 . Memory (MB): peak = 2648.457 ; gain = 0.000

Time (s): cpu = 00:07:07 ; elapsed = 00:04:00 . Memory (MB): peak = 2648.457 ; gain = 0.000
Phase 4.1 Post Commit Optimization | Checksum: 254e83189

Time (s): cpu = 00:07:07 ; elapsed = 00:04:00 . Memory (MB): peak = 2648.457 ; gain = 0.000

Phase 4.2 Post Placement Cleanup
Phase 4.2 Post Placement Cleanup | Checksum: 254e83189

Time (s): cpu = 00:07:09 ; elapsed = 00:04:01 . Memory (MB): peak = 2648.457 ; gain = 0.000

Phase 4.3 Placer Reporting

Phase 4.3.1 Print Estimated Congestion
INFO: [Place 30-612] Post-Placement Estimated Congestion 
 ____________________________________________________
|           | Global Congestion | Short Congestion  |
| Direction | Region Size       | Region Size       |
|___________|___________________|___________________|
|      North|                1x1|                4x4|
|___________|___________________|___________________|
|      South|                2x2|                8x8|
|___________|___________________|___________________|
|       East|                2x2|                4x4|
|___________|___________________|___________________|
|       West|                8x8|                8x8|
|___________|___________________|___________________|

Phase 4.3.1 Print Estimated Congestion | Checksum: 254e83189

Time (s): cpu = 00:07:09 ; elapsed = 00:04:01 . Memory (MB): peak = 2648.457 ; gain = 0.000
Phase 4.3 Placer Reporting | Checksum: 254e83189

Time (s): cpu = 00:07:09 ; elapsed = 00:04:01 . Memory (MB): peak = 2648.457 ; gain = 0.000

Phase 4.4 Final Placement Cleanup
Netlist sorting complete. Time (s): cpu = 00:00:00 ; elapsed = 00:00:00.079 . Memory (MB): peak = 2648.457 ; gain = 0.000

Time (s): cpu = 00:07:09 ; elapsed = 00:04:01 . Memory (MB): peak = 2648.457 ; gain = 0.000
Phase 4 Post Placement Optimization and Clean-Up | Checksum: 233a3a27a

Time (s): cpu = 00:07:09 ; elapsed = 00:04:01 . Memory (MB): peak = 2648.457 ; gain = 0.000
Ending Placer Task | Checksum: 136343214

Time (s): cpu = 00:07:10 ; elapsed = 00:04:02 . Memory (MB): peak = 2648.457 ; gain = 0.000
130 Infos, 0 Warnings, 0 Critical Warnings and 0 Errors encountered.
place_design completed successfully
place_design: Time (s): cpu = 00:07:19 ; elapsed = 00:04:08 . Memory (MB): peak = 2648.457 ; gain = 0.000
INFO: [Vivado 12-24838] Running report commands "report_control_sets, report_io, report_utilization" in parallel.
Running report generation with 3 threads.
INFO: [Vivado 12-24828] Executing command : report_io -file system_wrapper_io_placed.rpt
report_io: Time (s): cpu = 00:00:00 ; elapsed = 00:00:00.119 . Memory (MB): peak = 2648.457 ; gain = 0.000
INFO: [Vivado 12-24828] Executing command : report_control_sets -verbose -file system_wrapper_control_sets_placed.rpt
report_control_sets: Time (s): cpu = 00:00:01 ; elapsed = 00:00:00.327 . Memory (MB): peak = 2648.457 ; gain = 0.000
INFO: [Vivado 12-24828] Executing command : report_utilization -file system_wrapper_utilization_placed.rpt -pb system_wrapper_utilization_placed.pb
INFO: [Timing 38-480] Writing timing data to binary archive.
Wrote PlaceDB: Time (s): cpu = 00:00:00 ; elapsed = 00:00:00 . Memory (MB): peak = 2648.457 ; gain = 0.000
Wrote PulsedLatchDB: Time (s): cpu = 00:00:00 ; elapsed = 00:00:00 . Memory (MB): peak = 2648.457 ; gain = 0.000
Writing XDEF routing.
Writing XDEF routing logical nets.
Writing XDEF routing special nets.
Wrote RouteStorage: Time (s): cpu = 00:00:01 ; elapsed = 00:00:00.126 . Memory (MB): peak = 2648.457 ; gain = 0.000
Write ShapeDB Complete: Time (s): cpu = 00:00:01 ; elapsed = 00:00:00.289 . Memory (MB): peak = 2648.457 ; gain = 0.000
Wrote PlaceStorage: Time (s): cpu = 00:00:07 ; elapsed = 00:00:02 . Memory (MB): peak = 2648.457 ; gain = 0.000
Wrote Netlist Cache: Time (s): cpu = 00:00:00 ; elapsed = 00:00:00.111 . Memory (MB): peak = 2648.457 ; gain = 0.000
Wrote Device Cache: Time (s): cpu = 00:00:00 ; elapsed = 00:00:00.017 . Memory (MB): peak = 2648.457 ; gain = 0.000
Write Physdb Complete: Time (s): cpu = 00:00:08 ; elapsed = 00:00:02 . Memory (MB): peak = 2648.457 ; gain = 0.000
INFO: [Common 17-1381] The checkpoint 'D:/fft/fft_phase10_resource_opt/build/board/iq_board.runs/impl_1/system_wrapper_placed.dcp' has been generated.
write_checkpoint: Time (s): cpu = 00:00:11 ; elapsed = 00:00:06 . Memory (MB): peak = 2648.457 ; gain = 0.000
source D:/fft/fft_phase10_resource_opt/scripts/phase3_replication_hook.tcl
PHASE3_TARGETED_REPLICATION system_i/iq_0/inst/core/transform/fft/U0/i_synth/axi_wrapper/ce_w2c
Command: phys_opt_design -force_replication_on_nets [get_nets -hier -filter {NAME =~ */axi_wrapper/ce_w2c}]
Attempting to get a license for feature 'Vivado_Implementation' and/or device 'xc7z020'
INFO: [Common 17-349] Got license for feature 'Vivado_Implementation' and/or device 'xc7z020'

Starting Initial Update Timing Task

Time (s): cpu = 00:00:21 ; elapsed = 00:00:09 . Memory (MB): peak = 2648.457 ; gain = 0.000
INFO: [Vivado_Tcl 4-1435] PhysOpt_Tcl_Interface Runtime Before Starting Physical Synthesis Task | CPU: 22.00s |  WALL: 9.24s
Netlist sorting complete. Time (s): cpu = 00:00:00 ; elapsed = 00:00:00.052 . Memory (MB): peak = 2648.457 ; gain = 0.000

Starting Physical Synthesis Task

Phase 1 Physical Synthesis Initialization
INFO: [Physopt 32-721] Multithreading enabled for phys_opt_design using a maximum of 4 CPUs
INFO: [Physopt 32-619] Estimated Timing Summary | WNS=-0.239 | TNS=-12.330 |
Phase 1 Physical Synthesis Initialization | Checksum: 1dfbd1450

Time (s): cpu = 00:00:12 ; elapsed = 00:00:10 . Memory (MB): peak = 2648.457 ; gain = 0.000
INFO: [Physopt 32-619] Estimated Timing Summary | WNS=0.000 | TNS=0.000 |

Phase 2 Very High Fanout Optimization
INFO: [Physopt 32-1408] Pass 1. Identified 1 candidate net for high-fanout optimization.
INFO: [Physopt 32-1353] Created system_i/iq_0/inst/core/transform/fft/U0/i_synth/axi_wrapper/gen_ce_non_real_time.ce_predicted_reg_replica_7 due to FORCE_MAX_FANOUT/MAX_FANOUT_MODE. 
INFO: [Physopt 32-1353] Created system_i/iq_0/inst/core/transform/fft/U0/i_synth/axi_wrapper/gen_ce_non_real_time.ce_predicted_reg_replica_15 due to FORCE_MAX_FANOUT/MAX_FANOUT_MODE. 
INFO: [Physopt 32-1353] Created system_i/iq_0/inst/core/transform/fft/U0/i_synth/axi_wrapper/gen_ce_non_real_time.ce_predicted_reg_replica_23 due to FORCE_MAX_FANOUT/MAX_FANOUT_MODE. 
INFO: [Physopt 32-1353] Created system_i/iq_0/inst/core/transform/fft/U0/i_synth/axi_wrapper/gen_ce_non_real_time.ce_predicted_reg_replica_31 due to FORCE_MAX_FANOUT/MAX_FANOUT_MODE. 
INFO: [Physopt 32-81] Processed net system_i/iq_0/inst/core/transform/fft/U0/i_synth/axi_wrapper/ce_w2c. Replicated 38 times.
INFO: [Physopt 32-232] Optimized 1 net. Created 38 new instances.
INFO: [Physopt 32-775] End 1 Pass. Optimized 1 net or cell. Created 38 new cells, deleted 0 existing cell and moved 0 existing cell
INFO: [Physopt 32-619] Estimated Timing Summary | WNS=0.000 | TNS=0.000 |
Netlist sorting complete. Time (s): cpu = 00:00:00 ; elapsed = 00:00:00.163 . Memory (MB): peak = 2648.457 ; gain = 0.000
Phase 2 Very High Fanout Optimization | Checksum: 1d54647ed

Time (s): cpu = 00:00:33 ; elapsed = 00:00:20 . Memory (MB): peak = 2648.457 ; gain = 0.000
Netlist sorting complete. Time (s): cpu = 00:00:00 ; elapsed = 00:00:00.050 . Memory (MB): peak = 2648.457 ; gain = 0.000
INFO: [Physopt 32-603] Post Physical Optimization Timing Summary | WNS=-0.239 | TNS=-12.330 |

Summary of Physical Synthesis Optimizations
============================================


-----------------------------------------------------------------------------------------------------------------------------------------------------------------
|  Optimization       |  WNS Gain (ns)  |  TNS Gain (ns)  |  Added Cells  |  Removed Cells  |  Optimized Cells/Nets  |  Dont Touch  |  Iterations  |  Elapsed   |
-----------------------------------------------------------------------------------------------------------------------------------------------------------------
|  Very High Fanout   |          0.000  |          0.000  |           38  |              0  |                     1  |           0  |           1  |  00:00:09  |
|  Total              |          0.000  |          0.000  |           38  |              0  |                     1  |           0  |           1  |  00:00:09  |
-----------------------------------------------------------------------------------------------------------------------------------------------------------------


Netlist sorting complete. Time (s): cpu = 00:00:01 ; elapsed = 00:00:00.050 . Memory (MB): peak = 2648.457 ; gain = 0.000
Ending Physical Synthesis Task | Checksum: 1b1bad11e

Time (s): cpu = 00:00:34 ; elapsed = 00:00:20 . Memory (MB): peak = 2648.457 ; gain = 0.000
INFO: [Common 17-83] Releasing license: Vivado_Implementation
152 Infos, 0 Warnings, 0 Critical Warnings and 0 Errors encountered.
phys_opt_design completed successfully
phys_opt_design: Time (s): cpu = 00:00:56 ; elapsed = 00:00:30 . Memory (MB): peak = 2648.457 ; gain = 0.000
Command: phys_opt_design -directive AggressiveExplore
Attempting to get a license for feature 'Vivado_Implementation' and/or device 'xc7z020'
INFO: [Common 17-349] Got license for feature 'Vivado_Implementation' and/or device 'xc7z020'
INFO: [Vivado_Tcl 4-137] Directive used for phys_opt_design is: AggressiveExplore

Starting Initial Update Timing Task

Time (s): cpu = 00:00:06 ; elapsed = 00:00:03 . Memory (MB): peak = 2648.457 ; gain = 0.000
INFO: [Vivado_Tcl 4-1435] PhysOpt_Tcl_Interface Runtime Before Starting Physical Synthesis Task | CPU: 7.00s |  WALL: 3.62s
INFO: [DRC 23-27] Running DRC with 4 threads
INFO: [Vivado_Tcl 4-198] DRC finished with 0 Errors
INFO: [Vivado_Tcl 4-199] Please refer to the DRC report (report_drc) for more information.
Netlist sorting complete. Time (s): cpu = 00:00:00 ; elapsed = 00:00:00.053 . Memory (MB): peak = 2648.457 ; gain = 0.000

Starting Physical Synthesis Task

Phase 1 Physical Synthesis Initialization
INFO: [Physopt 32-721] Multithreading enabled for phys_opt_design using a maximum of 4 CPUs
INFO: [Physopt 32-619] Estimated Timing Summary | WNS=-0.239 | TNS=-12.330 |
Phase 1 Physical Synthesis Initialization | Checksum: 1dadc9143

Time (s): cpu = 00:00:10 ; elapsed = 00:00:09 . Memory (MB): peak = 2648.457 ; gain = 0.000

Phase 2 SLR Crossing Optimization
Phase 2 SLR Crossing Optimization | Checksum: 1dadc9143

Time (s): cpu = 00:00:10 ; elapsed = 00:00:10 . Memory (MB): peak = 2648.457 ; gain = 0.000
INFO: [Physopt 32-619] Estimated Timing Summary | WNS=-0.239 | TNS=-12.330 |

Phase 3 Fanout Optimization
INFO: [Physopt 32-76] Pass 1. Identified 50 candidate nets for fanout optimization.
INFO: [Physopt 32-572] Net system_i/iq_0/inst/core/transform/rom_value[0][8]_i_3_n_0 was not replicated.
Resolution: phys_opt_design can be forced to replicate a net driver using the option -force_replication_on_nets <list of net objects>.
INFO: [Physopt 32-572] Net system_i/iq_0/inst/core/transform/folded1 was not replicated.
Resolution: phys_opt_design can be forced to replicate a net driver using the option -force_replication_on_nets <list of net objects>.
INFO: [Physopt 32-572] Net system_i/iq_0/inst/core/transform/g0_b0_i_8_n_0 was not replicated.
Resolution: phys_opt_design can be forced to replicate a net driver using the option -force_replication_on_nets <list of net objects>.
INFO: [Physopt 32-572] Net system_i/iq_0/inst/core/transform/index_reg[13]_4 was not replicated.
Resolution: phys_opt_design can be forced to replicate a net driver using the option -force_replication_on_nets <list of net objects>.
INFO: [Physopt 32-81] Processed net system_i/iq_0/inst/core/transform/index_reg[13]_3. Replicated 1 times.
INFO: [Physopt 32-572] Net system_i/iq_0/inst/core/transform/index_reg[13]_20 was not replicated.
Resolution: phys_opt_design can be forced to replicate a net driver using the option -force_replication_on_nets <list of net objects>.
INFO: [Physopt 32-572] Net system_i/iq_0/inst/core/transform/index_reg[13]_5 was not replicated.
Resolution: phys_opt_design can be forced to replicate a net driver using the option -force_replication_on_nets <list of net objects>.
INFO: [Physopt 32-572] Net system_i/iq_0/inst/core/transform/index_reg[13]_6 was not replicated.
Resolution: phys_opt_design can be forced to replicate a net driver using the option -force_replication_on_nets <list of net objects>.
INFO: [Physopt 32-572] Net system_i/iq_0/inst/core/transform/index_reg[13]_15 was not replicated.
Resolution: phys_opt_design can be forced to replicate a net driver using the option -force_replication_on_nets <list of net objects>.
INFO: [Physopt 32-572] Net system_i/iq_0/inst/core/transform/rom_value[0][8]_i_4_n_0 was not replicated.
Resolution: phys_opt_design can be forced to replicate a net driver using the option -force_replication_on_nets <list of net objects>.
INFO: [Physopt 32-81] Processed net system_i/iq_0/inst/core/transform/index_reg[13]_13. Replicated 1 times.
INFO: [Physopt 32-572] Net system_i/iq_0/inst/core/transform/index_reg[13]_23 was not replicated.
Resolution: phys_opt_design can be forced to replicate a net driver using the option -force_replication_on_nets <list of net objects>.
INFO: [Physopt 32-572] Net system_i/iq_0/inst/core/transform/index_reg[13]_0 was not replicated.
Resolution: phys_opt_design can be forced to replicate a net driver using the option -force_replication_on_nets <list of net objects>.
INFO: [Physopt 32-232] Optimized 2 nets. Created 2 new instances.
INFO: [Physopt 32-775] End 1 Pass. Optimized 2 nets or cells. Created 2 new cells, deleted 0 existing cell and moved 0 existing cell
INFO: [Physopt 32-619] Estimated Timing Summary | WNS=-0.239 | TNS=-12.179 |
Netlist sorting complete. Time (s): cpu = 00:00:01 ; elapsed = 00:00:00.102 . Memory (MB): peak = 2648.457 ; gain = 0.000
Phase 3 Fanout Optimization | Checksum: 19303009e

Time (s): cpu = 00:00:26 ; elapsed = 00:00:16 . Memory (MB): peak = 2648.457 ; gain = 0.000

Phase 4 Single Cell Placement Optimization
INFO: [Physopt 32-660] Identified 250 candidate nets for placement-based optimization.
INFO: [Physopt 32-662] Processed net system_i/iq_0/inst/core/rb/E[0].  Did not re-place instance system_i/iq_0/inst/core/rb/host_errors[19]_i_1
INFO: [Physopt 32-662] Processed net system_i/iq_0/inst/core/rb/host_errors[19]_i_4_n_0.  Did not re-place instance system_i/iq_0/inst/core/rb/host_errors[19]_i_4
INFO: [Physopt 32-662] Processed net system_i/iq_0/inst/freq_ring/producer[2]_repN.  Did not re-place instance system_i/iq_0/inst/freq_ring/producer_reg[2]_replica
INFO: [Physopt 32-662] Processed net system_i/iq_0/inst/core/rb/host_errors[19]_i_11_n_0.  Did not re-place instance system_i/iq_0/inst/core/rb/host_errors[19]_i_11
INFO: [Physopt 32-662] Processed net system_i/iq_0/inst/core/rb/host_errors[19]_i_13_n_0.  Did not re-place instance system_i/iq_0/inst/core/rb/host_errors[19]_i_13
INFO: [Physopt 32-662] Processed net system_i/iq_0/inst/core/rb/host_errors[19]_i_6_n_0.  Did not re-place instance system_i/iq_0/inst/core/rb/host_errors[19]_i_6
INFO: [Physopt 32-662] Processed net system_i/iq_0/inst/freq_ring/host_errors[19]_i_34_n_0.  Did not re-place instance system_i/iq_0/inst/freq_ring/host_errors[19]_i_34
INFO: [Physopt 32-662] Processed net system_i/iq_0/inst/freq_ring/host_errors[19]_i_95_n_0.  Did not re-place instance system_i/iq_0/inst/freq_ring/host_errors[19]_i_95
INFO: [Physopt 32-662] Processed net system_i/iq_0/inst/host_errors_reg_n_0_[19].  Did not re-place instance system_i/iq_0/inst/host_errors_reg[19]
INFO: [Physopt 32-662] Processed net system_i/iq_0/inst/data1[8].  Did not re-place instance system_i/iq_0/inst/host_errors_reg[8]
INFO: [Physopt 32-662] Processed net system_i/iq_0/inst/data1[9].  Did not re-place instance system_i/iq_0/inst/host_errors_reg[9]
INFO: [Physopt 32-662] Processed net system_i/iq_0/inst/data1[12].  Did not re-place instance system_i/iq_0/inst/host_errors_reg[12]
INFO: [Physopt 32-662] Processed net system_i/iq_0/inst/core/transform/rom_value[0][8]_i_3_n_0.  Did not re-place instance system_i/iq_0/inst/core/transform/rom_value[0][8]_i_3
INFO: [Physopt 32-662] Processed net system_i/iq_0/inst/core/transform/folded1.  Did not re-place instance system_i/iq_0/inst/core/transform/rom_bank[2]_i_4
INFO: [Physopt 32-662] Processed net system_i/iq_0/inst/core/transform/index_reg[12].  Did not re-place instance system_i/iq_0/inst/core/transform/index_reg[12]
INFO: [Physopt 32-662] Processed net system_i/iq_0/inst/core/transform/g0_b0_i_19_n_0.  Did not re-place instance system_i/iq_0/inst/core/transform/g0_b0_i_19
INFO: [Physopt 32-662] Processed net system_i/iq_0/inst/core/transform/p_0_out_inferred__4/rom_value[4][9]_i_1_n_0.  Did not re-place instance system_i/iq_0/inst/core/transform/p_0_out_inferred__4/rom_value[4][9]_i_1
INFO: [Physopt 32-662] Processed net system_i/iq_0/inst/core/transform/p_0_out_inferred__4/rom_value[4][9]_i_7_n_0.  Did not re-place instance system_i/iq_0/inst/core/transform/p_0_out_inferred__4/rom_value[4][9]_i_7
INFO: [Physopt 32-662] Processed net system_i/iq_0/inst/core/transform/rom_bank[2]_i_13_n_0.  Did not re-place instance system_i/iq_0/inst/core/transform/rom_bank[2]_i_13
INFO: [Physopt 32-662] Processed net system_i/iq_0/inst/core/transform/rom_value_reg[4]_58[9].  Did not re-place instance system_i/iq_0/inst/core/transform/rom_value_reg[4][9]
INFO: [Physopt 32-662] Processed net system_i/iq_0/inst/core/transform/p_0_out_inferred__4/rom_value[4][9]_i_6_n_0.  Did not re-place instance system_i/iq_0/inst/core/transform/p_0_out_inferred__4/rom_value[4][9]_i_6
INFO: [Physopt 32-662] Processed net system_i/iq_0/inst/core/transform/g0_b0_i_8_n_0.  Did not re-place instance system_i/iq_0/inst/core/transform/g0_b0_i_8
INFO: [Physopt 32-662] Processed net system_i/iq_0/inst/core/transform/index_reg[0]_rep_n_0.  Did not re-place instance system_i/iq_0/inst/core/transform/index_reg[0]_rep
INFO: [Physopt 32-662] Processed net system_i/iq_0/inst/core/transform/p_0_out_inferred__1/g0_b0_i_15_n_0.  Did not re-place instance system_i/iq_0/inst/core/transform/p_0_out_inferred__1/g0_b0_i_15
INFO: [Physopt 32-662] Processed net system_i/iq_0/inst/core/transform/g0_b0_i_22_n_0.  Did not re-place instance system_i/iq_0/inst/core/transform/g0_b0_i_22
INFO: [Physopt 32-662] Processed net system_i/iq_0/inst/core/transform/folded[5].  Did not re-place instance system_i/iq_0/inst/core/transform/g0_b0_i_14
INFO: [Physopt 32-662] Processed net system_i/iq_0/inst/core/transform/index_reg[13]_4.  Did not re-place instance system_i/iq_0/inst/core/transform/g1_b5_i_3
INFO: [Physopt 32-662] Processed net system_i/iq_0/inst/core/transform/p_0_out_inferred__6/rom_value[6][5]_i_1_n_0.  Did not re-place instance system_i/iq_0/inst/core/transform/p_0_out_inferred__6/rom_value[6][5]_i_1
INFO: [Physopt 32-662] Processed net system_i/iq_0/inst/core/transform/p_0_out_inferred__6/rom_value[6][5]_i_7_n_0.  Did not re-place instance system_i/iq_0/inst/core/transform/p_0_out_inferred__6/rom_value[6][5]_i_7
INFO: [Physopt 32-662] Processed net system_i/iq_0/inst/core/transform/rom_value_reg[6]_60[5].  Did not re-place instance system_i/iq_0/inst/core/transform/rom_value_reg[6][5]
INFO: [Physopt 32-662] Processed net system_i/iq_0/inst/core/transform/p_0_out_inferred__4/rom_value[4][6]_i_1_n_0.  Did not re-place instance system_i/iq_0/inst/core/transform/p_0_out_inferred__4/rom_value[4][6]_i_1
INFO: [Physopt 32-662] Processed net system_i/iq_0/inst/core/transform/p_0_out_inferred__4/rom_value[4][6]_i_7_n_0.  Did not re-place instance system_i/iq_0/inst/core/transform/p_0_out_inferred__4/rom_value[4][6]_i_7
INFO: [Physopt 32-662] Processed net system_i/iq_0/inst/core/transform/rom_value_reg[4]_58[6].  Did not re-place instance system_i/iq_0/inst/core/transform/rom_value_reg[4][6]
INFO: [Physopt 32-662] Processed net system_i/iq_0/inst/core/transform/p_0_out_inferred__4/rom_value[4][6]_i_6_n_0.  Did not re-place instance system_i/iq_0/inst/core/transform/p_0_out_inferred__4/rom_value[4][6]_i_6
INFO: [Physopt 32-662] Processed net system_i/iq_0/inst/core/transform/p_0_out_inferred__5/rom_value[5][4]_i_1_n_0.  Did not re-place instance system_i/iq_0/inst/core/transform/p_0_out_inferred__5/rom_value[5][4]_i_1
INFO: [Physopt 32-662] Processed net system_i/iq_0/inst/core/transform/p_0_out_inferred__5/rom_value[5][4]_i_7_n_0.  Did not re-place instance system_i/iq_0/inst/core/transform/p_0_out_inferred__5/rom_value[5][4]_i_7
INFO: [Physopt 32-662] Processed net system_i/iq_0/inst/core/transform/rom_value_reg[5]_59[4].  Did not re-place instance system_i/iq_0/inst/core/transform/rom_value_reg[5][4]
INFO: [Physopt 32-662] Processed net system_i/iq_0/inst/core/transform/p_0_out_inferred__5/rom_value[5][6]_i_1_n_0.  Did not re-place instance system_i/iq_0/inst/core/transform/p_0_out_inferred__5/rom_value[5][6]_i_1
INFO: [Physopt 32-662] Processed net system_i/iq_0/inst/core/transform/p_0_out_inferred__5/rom_value[5][6]_i_9_n_0.  Did not re-place instance system_i/iq_0/inst/core/transform/p_0_out_inferred__5/rom_value[5][6]_i_9
INFO: [Physopt 32-662] Processed net system_i/iq_0/inst/core/transform/p_0_out_inferred__7/rom_value[7][5]_i_1_n_0.  Did not re-place instance system_i/iq_0/inst/core/transform/p_0_out_inferred__7/rom_value[7][5]_i_1
INFO: [Physopt 32-662] Processed net system_i/iq_0/inst/core/transform/p_0_out_inferred__7/rom_value[7][5]_i_7_n_0.  Did not re-place instance system_i/iq_0/inst/core/transform/p_0_out_inferred__7/rom_value[7][5]_i_7
INFO: [Physopt 32-662] Processed net system_i/iq_0/inst/core/transform/rom_value_reg[5]_59[6].  Did not re-place instance system_i/iq_0/inst/core/transform/rom_value_reg[5][6]
INFO: [Physopt 32-662] Processed net system_i/iq_0/inst/core/transform/rom_value_reg[7]_61[5].  Did not re-place instance system_i/iq_0/inst/core/transform/rom_value_reg[7][5]
INFO: [Physopt 32-662] Processed net system_i/iq_0/inst/core/transform/p_0_out_inferred__5/rom_value[5][4]_i_6_n_0.  Did not re-place instance system_i/iq_0/inst/core/transform/p_0_out_inferred__5/rom_value[5][4]_i_6
INFO: [Physopt 32-662] Processed net system_i/iq_0/inst/core/transform/p_0_out_inferred__5/rom_value[5][6]_i_8_n_0.  Did not re-place instance system_i/iq_0/inst/core/transform/p_0_out_inferred__5/rom_value[5][6]_i_8
INFO: [Physopt 32-662] Processed net system_i/iq_0/inst/core/transform/p_0_out_inferred__7/rom_value[7][6]_i_1_n_0.  Did not re-place instance system_i/iq_0/inst/core/transform/p_0_out_inferred__7/rom_value[7][6]_i_1
INFO: [Physopt 32-662] Processed net system_i/iq_0/inst/core/transform/p_0_out_inferred__7/rom_value[7][6]_i_7_n_0.  Did not re-place instance system_i/iq_0/inst/core/transform/p_0_out_inferred__7/rom_value[7][6]_i_7
INFO: [Physopt 32-662] Processed net system_i/iq_0/inst/core/transform/rom_value_reg[7]_61[6].  Did not re-place instance system_i/iq_0/inst/core/transform/rom_value_reg[7][6]
INFO: [Physopt 32-662] Processed net system_i/iq_0/inst/core/transform/g0_b0_i_21_n_0.  Did not re-place instance system_i/iq_0/inst/core/transform/g0_b0_i_21
INFO: [Physopt 32-662] Processed net system_i/iq_0/inst/core/transform/p_0_out_inferred__7/rom_value[7][6]_i_6_n_0.  Did not re-place instance system_i/iq_0/inst/core/transform/p_0_out_inferred__7/rom_value[7][6]_i_6
INFO: [Physopt 32-662] Processed net system_i/iq_0/inst/core/transform/index_reg[13]_3.  Did not re-place instance system_i/iq_0/inst/core/transform/g6_b8_i_1
INFO: [Physopt 32-662] Processed net system_i/iq_0/inst/core/transform/p_0_out_inferred__3/rom_value[3][4]_i_1_n_0.  Did not re-place instance system_i/iq_0/inst/core/transform/p_0_out_inferred__3/rom_value[3][4]_i_1
INFO: [Physopt 32-662] Processed net system_i/iq_0/inst/core/transform/p_0_out_inferred__3/rom_value[3][4]_i_7_n_0.  Did not re-place instance system_i/iq_0/inst/core/transform/p_0_out_inferred__3/rom_value[3][4]_i_7
INFO: [Physopt 32-662] Processed net system_i/iq_0/inst/core/transform/rom_value_reg[3]_57[4].  Did not re-place instance system_i/iq_0/inst/core/transform/rom_value_reg[3][4]
INFO: [Physopt 32-662] Processed net system_i/iq_0/inst/core/rb/completed_reg[28]_0[0].  Did not re-place instance system_i/iq_0/inst/core/rb/host_errors[19]_i_28
INFO: [Physopt 32-662] Processed net system_i/iq_0/inst/core/rb/completed_reg[15]_0[0].  Did not re-place instance system_i/iq_0/inst/core/rb/host_errors[19]_i_36
INFO: [Physopt 32-662] Processed net system_i/iq_0/inst/core/transform/index_reg[13]_20.  Did not re-place instance system_i/iq_0/inst/core/transform/g1_b5_i_1
INFO: [Physopt 32-662] Processed net system_i/iq_0/inst/core/g5_b5_n_0.  Did not re-place instance system_i/iq_0/inst/core/g5_b5
INFO: [Physopt 32-662] Processed net system_i/iq_0/inst/core/g7_b6_n_0.  Did not re-place instance system_i/iq_0/inst/core/g7_b6
INFO: [Physopt 32-662] Processed net system_i/iq_0/inst/core/transform/p_0_out[5].  Did not re-place instance system_i/iq_0/inst/core/transform/rom_value[0][5]_i_1
INFO: [Physopt 32-662] Processed net system_i/iq_0/inst/core/transform/p_0_out[6].  Did not re-place instance system_i/iq_0/inst/core/transform/rom_value[0][6]_i_1
INFO: [Physopt 32-662] Processed net system_i/iq_0/inst/core/transform/p_0_out_inferred__7/rom_value[7][5]_i_6_n_0.  Did not re-place instance system_i/iq_0/inst/core/transform/p_0_out_inferred__7/rom_value[7][5]_i_6
INFO: [Physopt 32-662] Processed net system_i/iq_0/inst/core/transform/rom_value_reg[0]_54[5].  Did not re-place instance system_i/iq_0/inst/core/transform/rom_value_reg[0][5]
INFO: [Physopt 32-662] Processed net system_i/iq_0/inst/core/transform/rom_value_reg[0]_54[6].  Did not re-place instance system_i/iq_0/inst/core/transform/rom_value_reg[0][6]
INFO: [Physopt 32-662] Processed net system_i/iq_0/inst/core/g6_b6_n_0.  Did not re-place instance system_i/iq_0/inst/core/g6_b6
INFO: [Physopt 32-663] Processed net system_i/iq_0/inst/freq_ring/freq_dropped[1].  Re-placed instance system_i/iq_0/inst/freq_ring/dropped_reg[1]
INFO: [Physopt 32-662] Processed net system_i/iq_0/inst/freq_ring/host_errors[19]_i_96_n_0.  Did not re-place instance system_i/iq_0/inst/freq_ring/host_errors[19]_i_96
INFO: [Physopt 32-662] Processed net system_i/iq_0/inst/core/transform/p_0_out_inferred__4/rom_value[4][7]_i_1_n_0.  Did not re-place instance system_i/iq_0/inst/core/transform/p_0_out_inferred__4/rom_value[4][7]_i_1
INFO: [Physopt 32-662] Processed net system_i/iq_0/inst/core/transform/p_0_out_inferred__4/rom_value[4][7]_i_7_n_0.  Did not re-place instance system_i/iq_0/inst/core/transform/p_0_out_inferred__4/rom_value[4][7]_i_7
INFO: [Physopt 32-662] Processed net system_i/iq_0/inst/core/transform/rom_value_reg[4]_58[7].  Did not re-place instance system_i/iq_0/inst/core/transform/rom_value_reg[4][7]
INFO: [Physopt 32-662] Processed net system_i/iq_0/inst/core/transform/p_0_out_inferred__3/rom_value[3][4]_i_6_n_0.  Did not re-place instance system_i/iq_0/inst/core/transform/p_0_out_inferred__3/rom_value[3][4]_i_6
INFO: [Physopt 32-662] Processed net system_i/iq_0/inst/core/transform/index_reg[13]_5.  Did not re-place instance system_i/iq_0/inst/core/transform/g0_b0_i_5
INFO: [Physopt 32-662] Processed net system_i/iq_0/inst/core/transform/p_0_out_inferred__1/rom_value[1][5]_i_1_n_0.  Did not re-place instance system_i/iq_0/inst/core/transform/p_0_out_inferred__1/rom_value[1][5]_i_1
INFO: [Physopt 32-662] Processed net system_i/iq_0/inst/core/transform/p_0_out_inferred__1/rom_value[1][5]_i_7_n_0.  Did not re-place instance system_i/iq_0/inst/core/transform/p_0_out_inferred__1/rom_value[1][5]_i_7
INFO: [Physopt 32-662] Processed net system_i/iq_0/inst/core/transform/p_0_out_inferred__6/rom_value[6][7]_i_1_n_0.  Did not re-place instance system_i/iq_0/inst/core/transform/p_0_out_inferred__6/rom_value[6][7]_i_1
INFO: [Physopt 32-662] Processed net system_i/iq_0/inst/core/transform/p_0_out_inferred__6/rom_value[6][7]_i_2_n_0.  Did not re-place instance system_i/iq_0/inst/core/transform/p_0_out_inferred__6/rom_value[6][7]_i_2
INFO: [Physopt 32-662] Processed net system_i/iq_0/inst/core/transform/p_0_out_inferred__6/rom_value[6][7]_i_5_n_0.  Did not re-place instance system_i/iq_0/inst/core/transform/p_0_out_inferred__6/rom_value[6][7]_i_5
INFO: [Physopt 32-662] Processed net system_i/iq_0/inst/core/transform/rom_value_reg[1]_55[5].  Did not re-place instance system_i/iq_0/inst/core/transform/rom_value_reg[1][5]
INFO: [Physopt 32-662] Processed net system_i/iq_0/inst/core/transform/rom_value_reg[6]_60[7].  Did not re-place instance system_i/iq_0/inst/core/transform/rom_value_reg[6][7]
INFO: [Physopt 32-662] Processed net system_i/iq_0/inst/core/transform/index_reg[13]_6.  Did not re-place instance system_i/iq_0/inst/core/transform/g0_b0_i_4
INFO: [Physopt 32-662] Processed net system_i/iq_0/inst/core/transform/p_0_out_inferred__2/rom_value[2][2]_i_1_n_0.  Did not re-place instance system_i/iq_0/inst/core/transform/p_0_out_inferred__2/rom_value[2][2]_i_1
INFO: [Physopt 32-662] Processed net system_i/iq_0/inst/core/transform/p_0_out_inferred__2/rom_value[2][2]_i_6_n_0.  Did not re-place instance system_i/iq_0/inst/core/transform/p_0_out_inferred__2/rom_value[2][2]_i_6
INFO: [Physopt 32-662] Processed net system_i/iq_0/inst/core/transform/p_0_out_inferred__2/rom_value[2][2]_i_7_n_0.  Did not re-place instance system_i/iq_0/inst/core/transform/p_0_out_inferred__2/rom_value[2][2]_i_7
INFO: [Physopt 32-662] Processed net system_i/iq_0/inst/core/transform/p_0_out_inferred__2/rom_value[2][4]_i_1_n_0.  Did not re-place instance system_i/iq_0/inst/core/transform/p_0_out_inferred__2/rom_value[2][4]_i_1
INFO: [Physopt 32-662] Processed net system_i/iq_0/inst/core/transform/p_0_out_inferred__2/rom_value[2][4]_i_9_n_0.  Did not re-place instance system_i/iq_0/inst/core/transform/p_0_out_inferred__2/rom_value[2][4]_i_9
INFO: [Physopt 32-662] Processed net system_i/iq_0/inst/core/transform/rom_value_reg[2]_56[2].  Did not re-place instance system_i/iq_0/inst/core/transform/rom_value_reg[2][2]
INFO: [Physopt 32-662] Processed net system_i/iq_0/inst/core/transform/rom_value_reg[2]_56[4].  Did not re-place instance system_i/iq_0/inst/core/transform/rom_value_reg[2][4]
INFO: [Physopt 32-663] Processed net system_i/iq_0/inst/core/transform/index_reg[1].  Re-placed instance system_i/iq_0/inst/core/transform/index_reg[1]
INFO: [Physopt 32-662] Processed net system_i/iq_0/inst/core/transform/p_0_out_inferred__4/rom_value[4][7]_i_6_n_0.  Did not re-place instance system_i/iq_0/inst/core/transform/p_0_out_inferred__4/rom_value[4][7]_i_6
INFO: [Physopt 32-663] Processed net system_i/iq_0/inst/core/transform/rom_bank[2]_i_15_n_0.  Re-placed instance system_i/iq_0/inst/core/transform/rom_bank[2]_i_15
INFO: [Physopt 32-662] Processed net system_i/iq_0/inst/core/transform/p_0_out_inferred__2/rom_value[2][4]_i_8_n_0.  Did not re-place instance system_i/iq_0/inst/core/transform/p_0_out_inferred__2/rom_value[2][4]_i_8
INFO: [Physopt 32-663] Processed net system_i/iq_0/inst/core/transform/rom_value[0][8]_i_4_n_0.  Re-placed instance system_i/iq_0/inst/core/transform/rom_value[0][8]_i_4
INFO: [Physopt 32-662] Processed net system_i/iq_0/inst/core/transform/index_reg[13]_15.  Did not re-place instance system_i/iq_0/inst/core/transform/g0_b2_i_3
INFO: [Physopt 32-662] Processed net system_i/iq_0/inst/core/transform/p_0_out_inferred__1/rom_value[1][0]_i_1_n_0.  Did not re-place instance system_i/iq_0/inst/core/transform/p_0_out_inferred__1/rom_value[1][0]_i_1
INFO: [Physopt 32-662] Processed net system_i/iq_0/inst/core/transform/p_0_out_inferred__1/rom_value[1][0]_i_7_n_0.  Did not re-place instance system_i/iq_0/inst/core/transform/p_0_out_inferred__1/rom_value[1][0]_i_7
INFO: [Physopt 32-662] Processed net system_i/iq_0/inst/core/transform/rom_value_reg[1]_55[0].  Did not re-place instance system_i/iq_0/inst/core/transform/rom_value_reg[1][0]
INFO: [Physopt 32-662] Processed net system_i/iq_0/inst/core/transform/p_0_out_inferred__3/rom_value[3][8]_i_1_n_0.  Did not re-place instance system_i/iq_0/inst/core/transform/p_0_out_inferred__3/rom_value[3][8]_i_1
INFO: [Physopt 32-662] Processed net system_i/iq_0/inst/core/transform/p_0_out_inferred__3/rom_value[3][8]_i_2_n_0.  Did not re-place instance system_i/iq_0/inst/core/transform/p_0_out_inferred__3/rom_value[3][8]_i_2
INFO: [Physopt 32-662] Processed net system_i/iq_0/inst/core/transform/p_0_out_inferred__3/rom_value[3][8]_i_5_n_0.  Did not re-place instance system_i/iq_0/inst/core/transform/p_0_out_inferred__3/rom_value[3][8]_i_5
INFO: [Physopt 32-662] Processed net system_i/iq_0/inst/core/transform/rom_value_reg[3]_57[8].  Did not re-place instance system_i/iq_0/inst/core/transform/rom_value_reg[3][8]
INFO: [Physopt 32-662] Processed net system_i/iq_0/inst/core/g7_b5_n_0.  Did not re-place instance system_i/iq_0/inst/core/g7_b5
INFO: [Physopt 32-662] Processed net system_i/iq_0/inst/core/transform/p_0_out_inferred__6/rom_value[6][4]_i_1_n_0.  Did not re-place instance system_i/iq_0/inst/core/transform/p_0_out_inferred__6/rom_value[6][4]_i_1
INFO: [Physopt 32-662] Processed net system_i/iq_0/inst/core/transform/p_0_out_inferred__6/rom_value[6][4]_i_9_n_0.  Did not re-place instance system_i/iq_0/inst/core/transform/p_0_out_inferred__6/rom_value[6][4]_i_9
INFO: [Physopt 32-662] Processed net system_i/iq_0/inst/core/transform/rom_value_reg[6]_60[4].  Did not re-place instance system_i/iq_0/inst/core/transform/rom_value_reg[6][4]
INFO: [Physopt 32-662] Processed net system_i/iq_0/inst/core/transform/index_reg[13]_23.  Did not re-place instance system_i/iq_0/inst/core/transform/g3_b8_i_4
INFO: [Physopt 32-662] Processed net system_i/iq_0/inst/core/transform/p_0_out_inferred__6/rom_value[6][9]_i_1_n_0.  Did not re-place instance system_i/iq_0/inst/core/transform/p_0_out_inferred__6/rom_value[6][9]_i_1
INFO: [Physopt 32-662] Processed net system_i/iq_0/inst/core/transform/p_0_out_inferred__6/rom_value[6][9]_i_7_n_0.  Did not re-place instance system_i/iq_0/inst/core/transform/p_0_out_inferred__6/rom_value[6][9]_i_7
INFO: [Physopt 32-662] Processed net system_i/iq_0/inst/core/transform/rom_value_reg[6]_60[9].  Did not re-place instance system_i/iq_0/inst/core/transform/rom_value_reg[6][9]
INFO: [Physopt 32-662] Processed net system_i/iq_0/inst/core/transform/p_0_out_inferred__1/rom_value[1][1]_i_1_n_0.  Did not re-place instance system_i/iq_0/inst/core/transform/p_0_out_inferred__1/rom_value[1][1]_i_1
INFO: [Physopt 32-662] Processed net system_i/iq_0/inst/core/transform/p_0_out_inferred__1/rom_value[1][1]_i_9_n_0.  Did not re-place instance system_i/iq_0/inst/core/transform/p_0_out_inferred__1/rom_value[1][1]_i_9
INFO: [Physopt 32-662] Processed net system_i/iq_0/inst/core/transform/rom_value_reg[1]_55[1].  Did not re-place instance system_i/iq_0/inst/core/transform/rom_value_reg[1][1]
INFO: [Physopt 32-662] Processed net system_i/iq_0/inst/core/g6_b5_n_0.  Did not re-place instance system_i/iq_0/inst/core/g6_b5
INFO: [Physopt 32-662] Processed net system_i/iq_0/inst/core/transform/p_0_out_inferred__1/rom_value[1][5]_i_9_n_0.  Did not re-place instance system_i/iq_0/inst/core/transform/p_0_out_inferred__1/rom_value[1][5]_i_9
INFO: [Physopt 32-662] Processed net system_i/iq_0/inst/core/transform/p_0_out_inferred__1/rom_value[1][1]_i_8_n_0.  Did not re-place instance system_i/iq_0/inst/core/transform/p_0_out_inferred__1/rom_value[1][1]_i_8
INFO: [Physopt 32-662] Processed net system_i/iq_0/inst/core/transform/p_0_out_inferred__1/rom_value[1][8]_i_1_n_0.  Did not re-place instance system_i/iq_0/inst/core/transform/p_0_out_inferred__1/rom_value[1][8]_i_1
INFO: [Physopt 32-662] Processed net system_i/iq_0/inst/core/transform/p_0_out_inferred__1/rom_value[1][8]_i_6_n_0.  Did not re-place instance system_i/iq_0/inst/core/transform/p_0_out_inferred__1/rom_value[1][8]_i_6
INFO: [Physopt 32-662] Processed net system_i/iq_0/inst/core/transform/rom_value_reg[1]_55[8].  Did not re-place instance system_i/iq_0/inst/core/transform/rom_value_reg[1][8]
INFO: [Physopt 32-662] Processed net system_i/iq_0/inst/core/transform/p_0_out_inferred__1/rom_value[1][0]_i_6_n_0.  Did not re-place instance system_i/iq_0/inst/core/transform/p_0_out_inferred__1/rom_value[1][0]_i_6
INFO: [Physopt 32-662] Processed net system_i/iq_0/inst/core/transform/p_0_out_inferred__1/rom_value[1][5]_i_8_n_0.  Did not re-place instance system_i/iq_0/inst/core/transform/p_0_out_inferred__1/rom_value[1][5]_i_8
INFO: [Physopt 32-662] Processed net system_i/iq_0/inst/core/transform/index_reg[13]_0.  Did not re-place instance system_i/iq_0/inst/core/transform/g3_b8_i_2
INFO: [Physopt 32-662] Processed net system_i/iq_0/inst/core/transform/index_reg[13]_1.  Did not re-place instance system_i/iq_0/inst/core/transform/g3_b8_i_1
INFO: [Physopt 32-662] Processed net system_i/iq_0/inst/core/transform/p_0_out_inferred__3/rom_value[3][9]_i_1_n_0.  Did not re-place instance system_i/iq_0/inst/core/transform/p_0_out_inferred__3/rom_value[3][9]_i_1
INFO: [Physopt 32-662] Processed net system_i/iq_0/inst/core/transform/p_0_out_inferred__3/rom_value[3][9]_i_4_n_0.  Did not re-place instance system_i/iq_0/inst/core/transform/p_0_out_inferred__3/rom_value[3][9]_i_4
INFO: [Physopt 32-662] Processed net system_i/iq_0/inst/core/transform/p_0_out_inferred__3/rom_value[3][9]_i_6_n_0.  Did not re-place instance system_i/iq_0/inst/core/transform/p_0_out_inferred__3/rom_value[3][9]_i_6
INFO: [Physopt 32-662] Processed net system_i/iq_0/inst/core/transform/p_0_out_inferred__6/rom_value[6][1]_i_1_n_0.  Did not re-place instance system_i/iq_0/inst/core/transform/p_0_out_inferred__6/rom_value[6][1]_i_1
INFO: [Physopt 32-662] Processed net system_i/iq_0/inst/core/transform/p_0_out_inferred__6/rom_value[6][1]_i_6_n_0.  Did not re-place instance system_i/iq_0/inst/core/transform/p_0_out_inferred__6/rom_value[6][1]_i_6
INFO: [Physopt 32-662] Processed net system_i/iq_0/inst/core/transform/p_0_out_inferred__6/rom_value[6][9]_i_6_n_0.  Did not re-place instance system_i/iq_0/inst/core/transform/p_0_out_inferred__6/rom_value[6][9]_i_6
INFO: [Physopt 32-662] Processed net system_i/iq_0/inst/core/transform/p_0_out_inferred__7/rom_value[7][10]_i_1_n_0.  Did not re-place instance system_i/iq_0/inst/core/transform/p_0_out_inferred__7/rom_value[7][10]_i_1
INFO: [Physopt 32-662] Processed net system_i/iq_0/inst/core/transform/p_0_out_inferred__7/rom_value[7][10]_i_3_n_0.  Did not re-place instance system_i/iq_0/inst/core/transform/p_0_out_inferred__7/rom_value[7][10]_i_3
INFO: [Physopt 32-662] Processed net system_i/iq_0/inst/core/transform/p_0_out_inferred__7/rom_value[7][10]_i_6_n_0.  Did not re-place instance system_i/iq_0/inst/core/transform/p_0_out_inferred__7/rom_value[7][10]_i_6
INFO: [Physopt 32-662] Processed net system_i/iq_0/inst/core/transform/rom_value_reg[3]_57[9].  Did not re-place instance system_i/iq_0/inst/core/transform/rom_value_reg[3][9]
INFO: [Physopt 32-662] Processed net system_i/iq_0/inst/core/transform/rom_value_reg[6]_60[1].  Did not re-place instance system_i/iq_0/inst/core/transform/rom_value_reg[6][1]
INFO: [Physopt 32-662] Processed net system_i/iq_0/inst/core/transform/rom_value_reg[7]_61[10].  Did not re-place instance system_i/iq_0/inst/core/transform/rom_value_reg[7][10]
INFO: [Physopt 32-662] Processed net system_i/iq_0/inst/core/transform/p_0_out_inferred__2/rom_value[2][2]_i_8_n_0.  Did not re-place instance system_i/iq_0/inst/core/transform/p_0_out_inferred__2/rom_value[2][2]_i_8
INFO: [Physopt 32-662] Processed net system_i/iq_0/inst/core/transform/p_0_out_inferred__4/rom_value[4][8]_i_1_n_0.  Did not re-place instance system_i/iq_0/inst/core/transform/p_0_out_inferred__4/rom_value[4][8]_i_1
INFO: [Physopt 32-662] Processed net system_i/iq_0/inst/core/transform/p_0_out_inferred__4/rom_value[4][8]_i_7_n_0.  Did not re-place instance system_i/iq_0/inst/core/transform/p_0_out_inferred__4/rom_value[4][8]_i_7
INFO: [Physopt 32-662] Processed net system_i/iq_0/inst/core/transform/rom_value_reg[4]_58[8].  Did not re-place instance system_i/iq_0/inst/core/transform/rom_value_reg[4][8]
INFO: [Physopt 32-662] Processed net system_i/iq_0/inst/core/transform/p_0_out_inferred__4/rom_value[4][5]_i_1_n_0.  Did not re-place instance system_i/iq_0/inst/core/transform/p_0_out_inferred__4/rom_value[4][5]_i_1
INFO: [Physopt 32-662] Processed net system_i/iq_0/inst/core/transform/p_0_out_inferred__4/rom_value[4][5]_i_7_n_0.  Did not re-place instance system_i/iq_0/inst/core/transform/p_0_out_inferred__4/rom_value[4][5]_i_7
INFO: [Physopt 32-662] Processed net system_i/iq_0/inst/core/transform/rom_value_reg[4]_58[5].  Did not re-place instance system_i/iq_0/inst/core/transform/rom_value_reg[4][5]
INFO: [Physopt 32-663] Processed net system_i/iq_0/inst/core/transform/index_reg[13]_3_repN.  Re-placed instance system_i/iq_0/inst/core/transform/g6_b8_i_1_replica
INFO: [Physopt 32-662] Processed net system_i/iq_0/inst/core/transform/p_0_out_inferred__2/rom_value[2][0]_i_1_n_0.  Did not re-place instance system_i/iq_0/inst/core/transform/p_0_out_inferred__2/rom_value[2][0]_i_1
INFO: [Physopt 32-662] Processed net system_i/iq_0/inst/core/transform/p_0_out_inferred__2/rom_value[2][0]_i_7_n_0.  Did not re-place instance system_i/iq_0/inst/core/transform/p_0_out_inferred__2/rom_value[2][0]_i_7
INFO: [Physopt 32-662] Processed net system_i/iq_0/inst/core/transform/p_0_out_inferred__3/rom_value[3][5]_i_1_n_0.  Did not re-place instance system_i/iq_0/inst/core/transform/p_0_out_inferred__3/rom_value[3][5]_i_1
INFO: [Physopt 32-662] Processed net system_i/iq_0/inst/core/transform/p_0_out_inferred__3/rom_value[3][5]_i_7_n_0.  Did not re-place instance system_i/iq_0/inst/core/transform/p_0_out_inferred__3/rom_value[3][5]_i_7
INFO: [Physopt 32-662] Processed net system_i/iq_0/inst/core/transform/p_0_out_inferred__6/rom_value[6][8]_i_1_n_0.  Did not re-place instance system_i/iq_0/inst/core/transform/p_0_out_inferred__6/rom_value[6][8]_i_1
INFO: [Physopt 32-662] Processed net system_i/iq_0/inst/core/transform/p_0_out_inferred__6/rom_value[6][8]_i_7_n_0.  Did not re-place instance system_i/iq_0/inst/core/transform/p_0_out_inferred__6/rom_value[6][8]_i_7
INFO: [Physopt 32-662] Processed net system_i/iq_0/inst/core/transform/rom_value_reg[2]_56[0].  Did not re-place instance system_i/iq_0/inst/core/transform/rom_value_reg[2][0]
INFO: [Physopt 32-662] Processed net system_i/iq_0/inst/core/transform/rom_value_reg[3]_57[5].  Did not re-place instance system_i/iq_0/inst/core/transform/rom_value_reg[3][5]
INFO: [Physopt 32-662] Processed net system_i/iq_0/inst/core/transform/rom_value_reg[6]_60[8].  Did not re-place instance system_i/iq_0/inst/core/transform/rom_value_reg[6][8]
INFO: [Physopt 32-662] Processed net system_i/iq_0/inst/core/transform/p_0_out_inferred__1/rom_value[1][6]_i_1_n_0.  Did not re-place instance system_i/iq_0/inst/core/transform/p_0_out_inferred__1/rom_value[1][6]_i_1
INFO: [Physopt 32-662] Processed net system_i/iq_0/inst/core/transform/p_0_out_inferred__1/rom_value[1][6]_i_7_n_0.  Did not re-place instance system_i/iq_0/inst/core/transform/p_0_out_inferred__1/rom_value[1][6]_i_7
INFO: [Physopt 32-662] Processed net system_i/iq_0/inst/core/transform/p_0_out_inferred__3/rom_value[3][1]_i_1_n_0.  Did not re-place instance system_i/iq_0/inst/core/transform/p_0_out_inferred__3/rom_value[3][1]_i_1
INFO: [Physopt 32-662] Processed net system_i/iq_0/inst/core/transform/p_0_out_inferred__3/rom_value[3][1]_i_7_n_0.  Did not re-place instance system_i/iq_0/inst/core/transform/p_0_out_inferred__3/rom_value[3][1]_i_7
INFO: [Physopt 32-662] Processed net system_i/iq_0/inst/core/transform/p_0_out_inferred__4/rom_value[4][4]_i_1_n_0.  Did not re-place instance system_i/iq_0/inst/core/transform/p_0_out_inferred__4/rom_value[4][4]_i_1
INFO: [Physopt 32-662] Processed net system_i/iq_0/inst/core/transform/p_0_out_inferred__4/rom_value[4][4]_i_9_n_0.  Did not re-place instance system_i/iq_0/inst/core/transform/p_0_out_inferred__4/rom_value[4][4]_i_9
INFO: [Physopt 32-662] Processed net system_i/iq_0/inst/core/transform/rom_value_reg[1]_55[6].  Did not re-place instance system_i/iq_0/inst/core/transform/rom_value_reg[1][6]
INFO: [Physopt 32-662] Processed net system_i/iq_0/inst/core/transform/rom_value_reg[3]_57[1].  Did not re-place instance system_i/iq_0/inst/core/transform/rom_value_reg[3][1]
INFO: [Physopt 32-662] Processed net system_i/iq_0/inst/core/transform/rom_value_reg[4]_58[4].  Did not re-place instance system_i/iq_0/inst/core/transform/rom_value_reg[4][4]
INFO: [Physopt 32-662] Processed net system_i/iq_0/inst/core/transform/p_0_out_inferred__3/rom_value[3][5]_i_6_n_0.  Did not re-place instance system_i/iq_0/inst/core/transform/p_0_out_inferred__3/rom_value[3][5]_i_6
INFO: [Physopt 32-662] Processed net system_i/iq_0/inst/core/transform/p_0_out_inferred__1/rom_value[1][6]_i_6_n_0.  Did not re-place instance system_i/iq_0/inst/core/transform/p_0_out_inferred__1/rom_value[1][6]_i_6
INFO: [Physopt 32-662] Processed net system_i/iq_0/inst/core/transform/p_0_out_inferred__2/rom_value[2][1]_i_1_n_0.  Did not re-place instance system_i/iq_0/inst/core/transform/p_0_out_inferred__2/rom_value[2][1]_i_1
INFO: [Physopt 32-662] Processed net system_i/iq_0/inst/core/transform/p_0_out_inferred__2/rom_value[2][1]_i_7_n_0.  Did not re-place instance system_i/iq_0/inst/core/transform/p_0_out_inferred__2/rom_value[2][1]_i_7
INFO: [Physopt 32-662] Processed net system_i/iq_0/inst/core/transform/rom_value_reg[2]_56[1].  Did not re-place instance system_i/iq_0/inst/core/transform/rom_value_reg[2][1]
INFO: [Physopt 32-662] Processed net system_i/iq_0/inst/core/transform/p_0_out_inferred__4/rom_value[4][8]_i_6_n_0.  Did not re-place instance system_i/iq_0/inst/core/transform/p_0_out_inferred__4/rom_value[4][8]_i_6
INFO: [Physopt 32-662] Processed net system_i/iq_0/inst/core/transform/p_0_out_inferred__2/rom_value[2][1]_i_6_n_0.  Did not re-place instance system_i/iq_0/inst/core/transform/p_0_out_inferred__2/rom_value[2][1]_i_6
INFO: [Physopt 32-662] Processed net system_i/iq_0/inst/core/transform/p_0_out_inferred__4/rom_value[4][5]_i_6_n_0.  Did not re-place instance system_i/iq_0/inst/core/transform/p_0_out_inferred__4/rom_value[4][5]_i_6
INFO: [Physopt 32-662] Processed net system_i/iq_0/inst/core/transform/p_0_out_inferred__5/rom_value[5][8]_i_1_n_0.  Did not re-place instance system_i/iq_0/inst/core/transform/p_0_out_inferred__5/rom_value[5][8]_i_1
INFO: [Physopt 32-662] Processed net system_i/iq_0/inst/core/transform/p_0_out_inferred__5/rom_value[5][8]_i_7_n_0.  Did not re-place instance system_i/iq_0/inst/core/transform/p_0_out_inferred__5/rom_value[5][8]_i_7
INFO: [Physopt 32-662] Processed net system_i/iq_0/inst/core/transform/rom_value_reg[5]_59[8].  Did not re-place instance system_i/iq_0/inst/core/transform/rom_value_reg[5][8]
INFO: [Physopt 32-662] Processed net system_i/iq_0/inst/core/transform/folded[6].  Did not re-place instance system_i/iq_0/inst/core/transform/g6_b8_i_2
INFO: [Physopt 32-662] Processed net system_i/iq_0/inst/core/transform/p_0_out_inferred__5/rom_value[5][3]_i_11_n_0.  Did not re-place instance system_i/iq_0/inst/core/transform/p_0_out_inferred__5/rom_value[5][3]_i_11
INFO: [Physopt 32-662] Processed net system_i/iq_0/inst/core/transform/p_0_out_inferred__5/rom_value[5][3]_i_1_n_0.  Did not re-place instance system_i/iq_0/inst/core/transform/p_0_out_inferred__5/rom_value[5][3]_i_1
INFO: [Physopt 32-662] Processed net system_i/iq_0/inst/core/transform/rom_value_reg[5]_59[3].  Did not re-place instance system_i/iq_0/inst/core/transform/rom_value_reg[5][3]
INFO: [Physopt 32-662] Processed net system_i/iq_0/inst/core/transform/p_0_out_inferred__3/rom_value[3][1]_i_6_n_0.  Did not re-place instance system_i/iq_0/inst/core/transform/p_0_out_inferred__3/rom_value[3][1]_i_6
INFO: [Physopt 32-662] Processed net system_i/iq_0/inst/core/transform/p_0_out_inferred__4/rom_value[4][4]_i_8_n_0.  Did not re-place instance system_i/iq_0/inst/core/transform/p_0_out_inferred__4/rom_value[4][4]_i_8
INFO: [Physopt 32-662] Processed net system_i/iq_0/inst/core/transform/p_0_out_inferred__5/rom_value[5][8]_i_6_n_0.  Did not re-place instance system_i/iq_0/inst/core/transform/p_0_out_inferred__5/rom_value[5][8]_i_6
INFO: [Physopt 32-662] Processed net system_i/iq_0/inst/core/transform/rom_value[1][8]_i_11_n_0.  Did not re-place instance system_i/iq_0/inst/core/transform/rom_value[1][8]_i_11
INFO: [Physopt 32-662] Processed net system_i/iq_0/inst/core/transform/p_0_out_inferred__1/rom_value[1][8]_i_5_n_0.  Did not re-place instance system_i/iq_0/inst/core/transform/p_0_out_inferred__1/rom_value[1][8]_i_5
INFO: [Physopt 32-662] Processed net system_i/iq_0/inst/core/transform/p_0_out_inferred__2/rom_value[2][0]_i_6_n_0.  Did not re-place instance system_i/iq_0/inst/core/transform/p_0_out_inferred__2/rom_value[2][0]_i_6
INFO: [Physopt 32-662] Processed net system_i/iq_0/inst/loader_crc_byte_reg_n_0_[1].  Did not re-place instance system_i/iq_0/inst/loader_crc_byte_reg[1]
INFO: [Physopt 32-662] Processed net system_i/iq_0/inst/bank_length0[31]_i_3_n_0.  Did not re-place instance system_i/iq_0/inst/bank_length0[31]_i_3
INFO: [Physopt 32-663] Processed net system_i/iq_0/inst/loader_crc_state[13]_i_3_n_0.  Re-placed instance system_i/iq_0/inst/loader_crc_state[13]_i_3
INFO: [Physopt 32-662] Processed net system_i/iq_0/inst/bank_length03_out[31].  Did not re-place instance system_i/iq_0/inst/bank_length0[31]_i_1
INFO: [Physopt 32-662] Processed net system_i/iq_0/inst/loader_transfers[0]_i_3_n_0.  Did not re-place instance system_i/iq_0/inst/loader_transfers[0]_i_3
INFO: [Physopt 32-663] Processed net system_i/iq_0/inst/loader_crc_state[28]_i_2_n_0.  Re-placed instance system_i/iq_0/inst/loader_crc_state[28]_i_2
INFO: [Physopt 32-663] Processed net system_i/iq_0/inst/loader_crc_state[18]_i_2_n_0.  Re-placed instance system_i/iq_0/inst/loader_crc_state[18]_i_2
INFO: [Physopt 32-662] Processed net system_i/iq_0/inst/core/transform/p_0_out_inferred__2/rom_value[2][5]_i_11_n_0.  Did not re-place instance system_i/iq_0/inst/core/transform/p_0_out_inferred__2/rom_value[2][5]_i_11
INFO: [Physopt 32-662] Processed net system_i/iq_0/inst/core/transform/p_0_out_inferred__2/rom_value[2][5]_i_1_n_0.  Did not re-place instance system_i/iq_0/inst/core/transform/p_0_out_inferred__2/rom_value[2][5]_i_1
INFO: [Physopt 32-662] Processed net system_i/iq_0/inst/loader_crc_state[13]_i_5_n_0.  Did not re-place instance system_i/iq_0/inst/loader_crc_state[13]_i_5
INFO: [Physopt 32-662] Processed net system_i/iq_0/inst/loader_errors[7]_i_25_n_0.  Did not re-place instance system_i/iq_0/inst/loader_errors[7]_i_25
INFO: [Physopt 32-663] Processed net system_i/iq_0/inst/bank_length0_reg_n_0_[28].  Re-placed instance system_i/iq_0/inst/bank_length0_reg[28]
INFO: [Physopt 32-663] Processed net system_i/iq_0/inst/bank_length0_reg_n_0_[29].  Re-placed instance system_i/iq_0/inst/bank_length0_reg[29]
INFO: [Physopt 32-662] Processed net system_i/iq_0/inst/core/transform/rom_value_reg[2]_56[5].  Did not re-place instance system_i/iq_0/inst/core/transform/rom_value_reg[2][5]
INFO: [Physopt 32-662] Processed net system_i/iq_0/inst/core/transform/p_0_out_inferred__6/rom_value[6][8]_i_6_n_0.  Did not re-place instance system_i/iq_0/inst/core/transform/p_0_out_inferred__6/rom_value[6][8]_i_6
INFO: [Physopt 32-663] Processed net system_i/iq_0/inst/core/transform/rom_value[1][9]_i_5_n_0.  Re-placed instance system_i/iq_0/inst/core/transform/rom_value[1][9]_i_5
INFO: [Physopt 32-662] Processed net system_i/iq_0/inst/core/transform/p_0_out_inferred__1/rom_value[1][8]_i_2_n_0.  Did not re-place instance system_i/iq_0/inst/core/transform/p_0_out_inferred__1/rom_value[1][8]_i_2
INFO: [Physopt 32-662] Processed net system_i/iq_0/inst/core/transform/p_0_out_inferred__2/rom_value[2][5]_i_10_n_0.  Did not re-place instance system_i/iq_0/inst/core/transform/p_0_out_inferred__2/rom_value[2][5]_i_10
INFO: [Physopt 32-662] Processed net system_i/iq_0/inst/core/transform/p_0_out_inferred__5/rom_value[5][8]_i_8_n_0.  Did not re-place instance system_i/iq_0/inst/core/transform/p_0_out_inferred__5/rom_value[5][8]_i_8
INFO: [Physopt 32-662] Processed net system_i/iq_0/inst/core/transform/p_0_out_inferred__5/rom_value[5][5]_i_11_n_0.  Did not re-place instance system_i/iq_0/inst/core/transform/p_0_out_inferred__5/rom_value[5][5]_i_11
INFO: [Physopt 32-662] Processed net system_i/iq_0/inst/core/transform/p_0_out_inferred__5/rom_value[5][5]_i_1_n_0.  Did not re-place instance system_i/iq_0/inst/core/transform/p_0_out_inferred__5/rom_value[5][5]_i_1
INFO: [Physopt 32-662] Processed net system_i/iq_0/inst/core/transform/rom_value_reg[5]_59[5].  Did not re-place instance system_i/iq_0/inst/core/transform/rom_value_reg[5][5]
INFO: [Physopt 32-662] Processed net system_i/iq_0/inst/core/transform/p_0_out_inferred__4/rom_value[4][8]_i_9_n_0.  Did not re-place instance system_i/iq_0/inst/core/transform/p_0_out_inferred__4/rom_value[4][8]_i_9
INFO: [Physopt 32-662] Processed net system_i/iq_0/inst/core/transform/p_0_out_inferred__4/rom_value[4][1]_i_1_n_0.  Did not re-place instance system_i/iq_0/inst/core/transform/p_0_out_inferred__4/rom_value[4][1]_i_1
INFO: [Physopt 32-662] Processed net system_i/iq_0/inst/core/transform/p_0_out_inferred__4/rom_value[4][1]_i_7_n_0.  Did not re-place instance system_i/iq_0/inst/core/transform/p_0_out_inferred__4/rom_value[4][1]_i_7
INFO: [Physopt 32-662] Processed net system_i/iq_0/inst/core/transform/p_0_out_inferred__5/rom_value[5][5]_i_10_n_0.  Did not re-place instance system_i/iq_0/inst/core/transform/p_0_out_inferred__5/rom_value[5][5]_i_10
INFO: [Physopt 32-662] Processed net system_i/iq_0/inst/core/transform/rom_value_reg[4]_58[1].  Did not re-place instance system_i/iq_0/inst/core/transform/rom_value_reg[4][1]
INFO: [Physopt 32-663] Processed net system_i/iq_0/inst/core/transform/index_reg[13]_7.  Re-placed instance system_i/iq_0/inst/core/transform/g0_b1_i_3
INFO: [Physopt 32-662] Processed net system_i/iq_0/inst/core/transform/index_reg[2].  Did not re-place instance system_i/iq_0/inst/core/transform/index_reg[2]
INFO: [Physopt 32-662] Processed net system_i/iq_0/inst/core/transform/p_0_out_inferred__6/rom_value[6][5]_i_9_n_0.  Did not re-place instance system_i/iq_0/inst/core/transform/p_0_out_inferred__6/rom_value[6][5]_i_9
INFO: [Physopt 32-662] Processed net system_i/iq_0/inst/core/tm/state[1]_i_2_n_0.  Did not re-place instance system_i/iq_0/inst/core/tm/state[1]_i_2
INFO: [Physopt 32-663] Processed net system_i/iq_0/inst/core/tm/confirm_reg_n_0_[2].  Re-placed instance system_i/iq_0/inst/core/tm/confirm_reg[2]
INFO: [Physopt 32-662] Processed net system_i/iq_0/inst/core/tm/state[1]_i_5_n_0.  Did not re-place instance system_i/iq_0/inst/core/tm/state[1]_i_5
INFO: [Physopt 32-663] Processed net system_i/iq_0/inst/core/tm/state[1]_i_9_n_0.  Re-placed instance system_i/iq_0/inst/core/tm/state[1]_i_9
INFO: [Physopt 32-663] Processed net system_i/iq_0/inst/core/tm/state[1]_rep_i_1_n_0.  Re-placed instance system_i/iq_0/inst/core/tm/state[1]_rep_i_1
INFO: [Physopt 32-662] Processed net system_i/iq_0/inst/core/tm/tail_peak[31]_i_35_n_0.  Did not re-place instance system_i/iq_0/inst/core/tm/tail_peak[31]_i_35
INFO: [Physopt 32-662] Processed net system_i/iq_0/inst/core/transform/p_0_out_inferred__7/rom_value[7][4]_i_1_n_0.  Did not re-place instance system_i/iq_0/inst/core/transform/p_0_out_inferred__7/rom_value[7][4]_i_1
INFO: [Physopt 32-662] Processed net system_i/iq_0/inst/core/transform/p_0_out_inferred__7/rom_value[7][4]_i_7_n_0.  Did not re-place instance system_i/iq_0/inst/core/transform/p_0_out_inferred__7/rom_value[7][4]_i_7
INFO: [Physopt 32-663] Processed net system_i/iq_0/inst/core/tm/state_reg[1]_rep_n_0.  Re-placed instance system_i/iq_0/inst/core/tm/state_reg[1]_rep
INFO: [Physopt 32-662] Processed net system_i/iq_0/inst/core/transform/rom_value_reg[7]_61[4].  Did not re-place instance system_i/iq_0/inst/core/transform/rom_value_reg[7][4]
INFO: [Physopt 32-662] Processed net system_i/iq_0/inst/bank_block0[23]_i_1_n_0.  Did not re-place instance system_i/iq_0/inst/bank_block0[23]_i_1
INFO: [Physopt 32-662] Processed net system_i/iq_0/inst/core/transform/p_0_out_inferred__3/rom_value[3][4]_i_9_n_0.  Did not re-place instance system_i/iq_0/inst/core/transform/p_0_out_inferred__3/rom_value[3][4]_i_9
INFO: [Physopt 32-662] Processed net system_i/iq_0/inst/core/transform/p_0_out_inferred__3/rom_value[3][6]_i_1_n_0.  Did not re-place instance system_i/iq_0/inst/core/transform/p_0_out_inferred__3/rom_value[3][6]_i_1
INFO: [Physopt 32-662] Processed net system_i/iq_0/inst/core/transform/p_0_out_inferred__3/rom_value[3][6]_i_9_n_0.  Did not re-place instance system_i/iq_0/inst/core/transform/p_0_out_inferred__3/rom_value[3][6]_i_9
INFO: [Physopt 32-663] Processed net system_i/iq_0/inst/bank_block0[16].  Re-placed instance system_i/iq_0/inst/bank_block0_reg[16]
INFO: [Physopt 32-663] Processed net system_i/iq_0/inst/bank_block0[17].  Re-placed instance system_i/iq_0/inst/bank_block0_reg[17]
INFO: [Physopt 32-663] Processed net system_i/iq_0/inst/bank_block0[18].  Re-placed instance system_i/iq_0/inst/bank_block0_reg[18]
INFO: [Physopt 32-663] Processed net system_i/iq_0/inst/bank_block0[19].  Re-placed instance system_i/iq_0/inst/bank_block0_reg[19]
INFO: [Physopt 32-663] Processed net system_i/iq_0/inst/bank_block0[20].  Re-placed instance system_i/iq_0/inst/bank_block0_reg[20]
INFO: [Physopt 32-663] Processed net system_i/iq_0/inst/bank_block0[21].  Re-placed instance system_i/iq_0/inst/bank_block0_reg[21]
INFO: [Physopt 32-663] Processed net system_i/iq_0/inst/bank_block0[22].  Re-placed instance system_i/iq_0/inst/bank_block0_reg[22]
INFO: [Physopt 32-663] Processed net system_i/iq_0/inst/bank_block0[23].  Re-placed instance system_i/iq_0/inst/bank_block0_reg[23]
INFO: [Physopt 32-662] Processed net system_i/iq_0/inst/core/transform/rom_value_reg[3]_57[6].  Did not re-place instance system_i/iq_0/inst/core/transform/rom_value_reg[3][6]
INFO: [Physopt 32-662] Processed net system_i/iq_0/inst/core/transform/p_0_out_inferred__6/rom_value[6][9]_i_11_n_0.  Did not re-place instance system_i/iq_0/inst/core/transform/p_0_out_inferred__6/rom_value[6][9]_i_11
INFO: [Physopt 32-662] Processed net system_i/iq_0/inst/loader_crc_state[31]_i_4_n_0.  Did not re-place instance system_i/iq_0/inst/loader_crc_state[31]_i_4
INFO: [Physopt 32-662] Processed net system_i/iq_0/inst/loader_crc_state[31]_i_6_n_0.  Did not re-place instance system_i/iq_0/inst/loader_crc_state[31]_i_6
INFO: [Physopt 32-663] Processed net system_i/iq_0/inst/loader_errors[7]_i_41_n_0.  Re-placed instance system_i/iq_0/inst/loader_errors[7]_i_41
INFO: [Physopt 32-662] Processed net system_i/iq_0/inst/core/transform/p_0_out_inferred__1/rom_value[1][1]_i_11_n_0.  Did not re-place instance system_i/iq_0/inst/core/transform/p_0_out_inferred__1/rom_value[1][1]_i_11
INFO: [Physopt 32-663] Processed net system_i/iq_0/inst/loader_crc_state[31]_i_7_n_0.  Re-placed instance system_i/iq_0/inst/loader_crc_state[31]_i_7
INFO: [Physopt 32-662] Processed net system_i/iq_0/inst/loader_errors[7]_i_31_n_0.  Did not re-place instance system_i/iq_0/inst/loader_errors[7]_i_31
INFO: [Physopt 32-662] Processed net system_i/iq_0/inst/freq_ring/producer[0]_repN.  Did not re-place instance system_i/iq_0/inst/freq_ring/producer_reg[0]_replica
INFO: [Physopt 32-662] Processed net system_i/iq_0/inst/core/transform/p_0_out_inferred__7/rom_value[7][4]_i_6_n_0.  Did not re-place instance system_i/iq_0/inst/core/transform/p_0_out_inferred__7/rom_value[7][4]_i_6
INFO: [Physopt 32-662] Processed net system_i/iq_0/inst/freq_ring/host_errors[19]_i_97_n_0.  Did not re-place instance system_i/iq_0/inst/freq_ring/host_errors[19]_i_97
INFO: [Physopt 32-662] Processed net system_i/iq_0/inst/core/transform/index_reg[13]_24.  Did not re-place instance system_i/iq_0/inst/core/transform/g0_b4_i_1
INFO: [Physopt 32-662] Processed net system_i/iq_0/inst/core/g7_b4_n_0.  Did not re-place instance system_i/iq_0/inst/core/g7_b4
INFO: [Physopt 32-662] Processed net system_i/iq_0/inst/core/transform/p_0_out[4].  Did not re-place instance system_i/iq_0/inst/core/transform/rom_value[0][4]_i_1
INFO: [Physopt 32-662] Processed net system_i/iq_0/inst/core/transform/p_0_out_inferred__1/rom_value[1][1]_i_10_n_0.  Did not re-place instance system_i/iq_0/inst/core/transform/p_0_out_inferred__1/rom_value[1][1]_i_10
INFO: [Physopt 32-662] Processed net system_i/iq_0/inst/core/transform/p_0_out_inferred__2/rom_value[2][2]_i_9_n_0.  Did not re-place instance system_i/iq_0/inst/core/transform/p_0_out_inferred__2/rom_value[2][2]_i_9
INFO: [Physopt 32-662] Processed net system_i/iq_0/inst/core/transform/p_0_out_inferred__3/rom_value[3][5]_i_10_n_0.  Did not re-place instance system_i/iq_0/inst/core/transform/p_0_out_inferred__3/rom_value[3][5]_i_10
INFO: [Physopt 32-662] Processed net system_i/iq_0/inst/core/transform/p_0_out_inferred__6/rom_value[6][4]_i_6_n_0.  Did not re-place instance system_i/iq_0/inst/core/transform/p_0_out_inferred__6/rom_value[6][4]_i_6
INFO: [Physopt 32-661] Optimized 26 nets.  Re-placed 26 instances.
INFO: [Physopt 32-775] End 1 Pass. Optimized 26 nets or cells. Created 0 new cell, deleted 0 existing cell and moved 26 existing cells
INFO: [Physopt 32-619] Estimated Timing Summary | WNS=-0.239 | TNS=-9.291 |
Netlist sorting complete. Time (s): cpu = 00:00:00 ; elapsed = 00:00:00.083 . Memory (MB): peak = 2648.457 ; gain = 0.000
Phase 4 Single Cell Placement Optimization | Checksum: 11330381c

Time (s): cpu = 00:00:52 ; elapsed = 00:00:28 . Memory (MB): peak = 2648.457 ; gain = 0.000

Phase 5 Multi Cell Placement Optimization
INFO: [Physopt 32-660] Identified 100 candidate nets for placement-based optimization.
INFO: [Physopt 32-662] Processed net system_i/iq_0/inst/core/rb/E[0].  Did not re-place instance system_i/iq_0/inst/core/rb/host_errors[19]_i_1/O
INFO: [Physopt 32-662] Processed net system_i/iq_0/inst/core/rb/host_errors[19]_i_4_n_0.  Did not re-place instance system_i/iq_0/inst/core/rb/host_errors[19]_i_4/O
INFO: [Physopt 32-662] Processed net system_i/iq_0/inst/freq_ring/producer[2]_repN.  Did not re-place instance system_i/iq_0/inst/freq_ring/producer_reg[2]_replica/Q
INFO: [Physopt 32-662] Processed net system_i/iq_0/inst/core/rb/host_errors[19]_i_11_n_0.  Did not re-place instance system_i/iq_0/inst/core/rb/host_errors[19]_i_11/O
INFO: [Physopt 32-662] Processed net system_i/iq_0/inst/core/rb/host_errors[19]_i_13_n_0.  Did not re-place instance system_i/iq_0/inst/core/rb/host_errors[19]_i_13/O
INFO: [Physopt 32-662] Processed net system_i/iq_0/inst/core/rb/host_errors[19]_i_6_n_0.  Did not re-place instance system_i/iq_0/inst/core/rb/host_errors[19]_i_6/O
INFO: [Physopt 32-662] Processed net system_i/iq_0/inst/core/transform/rom_value[0][8]_i_3_n_0.  Did not re-place instance system_i/iq_0/inst/core/transform/rom_value[0][8]_i_3/O
INFO: [Physopt 32-662] Processed net system_i/iq_0/inst/core/transform/folded1.  Did not re-place instance system_i/iq_0/inst/core/transform/rom_bank[2]_i_4/O
INFO: [Physopt 32-662] Processed net system_i/iq_0/inst/core/transform/index_reg[12].  Did not re-place instance system_i/iq_0/inst/core/transform/index_reg[12]/Q
INFO: [Physopt 32-662] Processed net system_i/iq_0/inst/core/transform/p_0_out_inferred__4/rom_value[4][9]_i_1_n_0.  Did not re-place instance system_i/iq_0/inst/core/transform/p_0_out_inferred__4/rom_value[4][9]_i_1/O
INFO: [Physopt 32-662] Processed net system_i/iq_0/inst/core/transform/rom_bank[2]_i_13_n_0.  Did not re-place instance system_i/iq_0/inst/core/transform/rom_bank[2]_i_13/O
INFO: [Physopt 32-662] Processed net system_i/iq_0/inst/core/transform/index_reg[0]_rep_n_0.  Did not re-place instance system_i/iq_0/inst/core/transform/index_reg[0]_rep/Q
INFO: [Physopt 32-662] Processed net system_i/iq_0/inst/core/transform/g0_b0_i_22_n_0.  Did not re-place instance system_i/iq_0/inst/core/transform/g0_b0_i_22/O
INFO: [Physopt 32-662] Processed net system_i/iq_0/inst/core/transform/folded[5].  Did not re-place instance system_i/iq_0/inst/core/transform/g0_b0_i_14/O
INFO: [Physopt 32-662] Processed net system_i/iq_0/inst/core/transform/p_0_out_inferred__6/rom_value[6][5]_i_1_n_0.  Did not re-place instance system_i/iq_0/inst/core/transform/p_0_out_inferred__6/rom_value[6][5]_i_1/O
INFO: [Physopt 32-662] Processed net system_i/iq_0/inst/core/transform/p_0_out_inferred__4/rom_value[4][6]_i_1_n_0.  Did not re-place instance system_i/iq_0/inst/core/transform/p_0_out_inferred__4/rom_value[4][6]_i_1/O
INFO: [Physopt 32-662] Processed net system_i/iq_0/inst/core/transform/p_0_out_inferred__5/rom_value[5][4]_i_1_n_0.  Did not re-place instance system_i/iq_0/inst/core/transform/p_0_out_inferred__5/rom_value[5][4]_i_1/O
INFO: [Physopt 32-662] Processed net system_i/iq_0/inst/core/transform/p_0_out_inferred__5/rom_value[5][6]_i_1_n_0.  Did not re-place instance system_i/iq_0/inst/core/transform/p_0_out_inferred__5/rom_value[5][6]_i_1/O
INFO: [Physopt 32-662] Processed net system_i/iq_0/inst/core/transform/p_0_out_inferred__7/rom_value[7][5]_i_1_n_0.  Did not re-place instance system_i/iq_0/inst/core/transform/p_0_out_inferred__7/rom_value[7][5]_i_1/O
INFO: [Physopt 32-662] Processed net system_i/iq_0/inst/core/transform/p_0_out_inferred__7/rom_value[7][6]_i_1_n_0.  Did not re-place instance system_i/iq_0/inst/core/transform/p_0_out_inferred__7/rom_value[7][6]_i_1/O
INFO: [Physopt 32-662] Processed net system_i/iq_0/inst/core/transform/g0_b0_i_21_n_0.  Did not re-place instance system_i/iq_0/inst/core/transform/g0_b0_i_21/O
INFO: [Physopt 32-662] Processed net system_i/iq_0/inst/core/transform/index_reg[13]_3.  Did not re-place instance system_i/iq_0/inst/core/transform/g6_b8_i_1/O
INFO: [Physopt 32-662] Processed net system_i/iq_0/inst/core/transform/p_0_out_inferred__3/rom_value[3][4]_i_1_n_0.  Did not re-place instance system_i/iq_0/inst/core/transform/p_0_out_inferred__3/rom_value[3][4]_i_1/O
INFO: [Physopt 32-662] Processed net system_i/iq_0/inst/core/transform/p_0_out[5].  Did not re-place instance system_i/iq_0/inst/core/transform/rom_value[0][5]_i_1/O
INFO: [Physopt 32-662] Processed net system_i/iq_0/inst/core/transform/p_0_out[6].  Did not re-place instance system_i/iq_0/inst/core/transform/rom_value[0][6]_i_1/O
INFO: [Physopt 32-662] Processed net system_i/iq_0/inst/core/transform/p_0_out_inferred__4/rom_value[4][7]_i_1_n_0.  Did not re-place instance system_i/iq_0/inst/core/transform/p_0_out_inferred__4/rom_value[4][7]_i_1/O
INFO: [Physopt 32-662] Processed net system_i/iq_0/inst/core/transform/index_reg[13]_5.  Did not re-place instance system_i/iq_0/inst/core/transform/g0_b0_i_5/O
INFO: [Physopt 32-662] Processed net system_i/iq_0/inst/core/transform/p_0_out_inferred__1/rom_value[1][5]_i_1_n_0.  Did not re-place instance system_i/iq_0/inst/core/transform/p_0_out_inferred__1/rom_value[1][5]_i_1/O
INFO: [Physopt 32-662] Processed net system_i/iq_0/inst/core/transform/p_0_out_inferred__6/rom_value[6][7]_i_1_n_0.  Did not re-place instance system_i/iq_0/inst/core/transform/p_0_out_inferred__6/rom_value[6][7]_i_1/O
INFO: [Physopt 32-662] Processed net system_i/iq_0/inst/core/transform/p_0_out_inferred__6/rom_value[6][7]_i_2_n_0.  Did not re-place instance system_i/iq_0/inst/core/transform/p_0_out_inferred__6/rom_value[6][7]_i_2/O
INFO: [Physopt 32-662] Processed net system_i/iq_0/inst/core/transform/p_0_out_inferred__6/rom_value[6][7]_i_5_n_0.  Did not re-place instance system_i/iq_0/inst/core/transform/p_0_out_inferred__6/rom_value[6][7]_i_5/O
INFO: [Physopt 32-662] Processed net system_i/iq_0/inst/core/transform/index_reg[13]_6.  Did not re-place instance system_i/iq_0/inst/core/transform/g0_b0_i_4/O
INFO: [Physopt 32-662] Processed net system_i/iq_0/inst/core/transform/p_0_out_inferred__2/rom_value[2][2]_i_1_n_0.  Did not re-place instance system_i/iq_0/inst/core/transform/p_0_out_inferred__2/rom_value[2][2]_i_1/O
INFO: [Physopt 32-662] Processed net system_i/iq_0/inst/core/transform/p_0_out_inferred__2/rom_value[2][4]_i_1_n_0.  Did not re-place instance system_i/iq_0/inst/core/transform/p_0_out_inferred__2/rom_value[2][4]_i_1/O
INFO: [Physopt 32-662] Processed net system_i/iq_0/inst/core/transform/p_0_out_inferred__1/rom_value[1][0]_i_1_n_0.  Did not re-place instance system_i/iq_0/inst/core/transform/p_0_out_inferred__1/rom_value[1][0]_i_1/O
INFO: [Physopt 32-662] Processed net system_i/iq_0/inst/core/transform/p_0_out_inferred__3/rom_value[3][8]_i_1_n_0.  Did not re-place instance system_i/iq_0/inst/core/transform/p_0_out_inferred__3/rom_value[3][8]_i_1/O
INFO: [Physopt 32-662] Processed net system_i/iq_0/inst/core/transform/p_0_out_inferred__3/rom_value[3][8]_i_2_n_0.  Did not re-place instance system_i/iq_0/inst/core/transform/p_0_out_inferred__3/rom_value[3][8]_i_2/O
INFO: [Physopt 32-662] Processed net system_i/iq_0/inst/core/transform/p_0_out_inferred__3/rom_value[3][8]_i_5_n_0.  Did not re-place instance system_i/iq_0/inst/core/transform/p_0_out_inferred__3/rom_value[3][8]_i_5/O
INFO: [Physopt 32-662] Processed net system_i/iq_0/inst/core/transform/p_0_out_inferred__6/rom_value[6][4]_i_1_n_0.  Did not re-place instance system_i/iq_0/inst/core/transform/p_0_out_inferred__6/rom_value[6][4]_i_1/O
INFO: [Physopt 32-662] Processed net system_i/iq_0/inst/core/transform/p_0_out_inferred__6/rom_value[6][9]_i_1_n_0.  Did not re-place instance system_i/iq_0/inst/core/transform/p_0_out_inferred__6/rom_value[6][9]_i_1/O
INFO: [Physopt 32-662] Processed net system_i/iq_0/inst/core/transform/p_0_out_inferred__1/rom_value[1][1]_i_1_n_0.  Did not re-place instance system_i/iq_0/inst/core/transform/p_0_out_inferred__1/rom_value[1][1]_i_1/O
INFO: [Physopt 32-662] Processed net system_i/iq_0/inst/core/transform/rom_value[0][8]_i_4_n_0.  Did not re-place instance system_i/iq_0/inst/core/transform/rom_value[0][8]_i_4/O
INFO: [Physopt 32-662] Processed net system_i/iq_0/inst/core/transform/p_0_out_inferred__1/rom_value[1][8]_i_1_n_0.  Did not re-place instance system_i/iq_0/inst/core/transform/p_0_out_inferred__1/rom_value[1][8]_i_1/O
INFO: [Physopt 32-662] Processed net system_i/iq_0/inst/core/transform/index_reg[13]_0.  Did not re-place instance system_i/iq_0/inst/core/transform/g3_b8_i_2/O
INFO: [Physopt 32-662] Processed net system_i/iq_0/inst/core/transform/index_reg[13]_1.  Did not re-place instance system_i/iq_0/inst/core/transform/g3_b8_i_1/O
INFO: [Physopt 32-662] Processed net system_i/iq_0/inst/core/transform/p_0_out_inferred__3/rom_value[3][9]_i_1_n_0.  Did not re-place instance system_i/iq_0/inst/core/transform/p_0_out_inferred__3/rom_value[3][9]_i_1/O
INFO: [Physopt 32-662] Processed net system_i/iq_0/inst/core/transform/p_0_out_inferred__3/rom_value[3][9]_i_4_n_0.  Did not re-place instance system_i/iq_0/inst/core/transform/p_0_out_inferred__3/rom_value[3][9]_i_4/O
INFO: [Physopt 32-662] Processed net system_i/iq_0/inst/core/transform/p_0_out_inferred__3/rom_value[3][9]_i_6_n_0.  Did not re-place instance system_i/iq_0/inst/core/transform/p_0_out_inferred__3/rom_value[3][9]_i_6/O
INFO: [Physopt 32-662] Processed net system_i/iq_0/inst/core/transform/p_0_out_inferred__6/rom_value[6][1]_i_1_n_0.  Did not re-place instance system_i/iq_0/inst/core/transform/p_0_out_inferred__6/rom_value[6][1]_i_1/O
INFO: [Physopt 32-662] Processed net system_i/iq_0/inst/core/transform/p_0_out_inferred__7/rom_value[7][10]_i_1_n_0.  Did not re-place instance system_i/iq_0/inst/core/transform/p_0_out_inferred__7/rom_value[7][10]_i_1/O
INFO: [Physopt 32-662] Processed net system_i/iq_0/inst/core/transform/p_0_out_inferred__7/rom_value[7][10]_i_3_n_0.  Did not re-place instance system_i/iq_0/inst/core/transform/p_0_out_inferred__7/rom_value[7][10]_i_3/O
INFO: [Physopt 32-663] Processed net system_i/iq_0/inst/core/transform/p_0_out_inferred__7/rom_value[7][10]_i_6_n_0.  Re-placed instance system_i/iq_0/inst/core/transform/p_0_out_inferred__7/rom_value[7][10]_i_6/O
INFO: [Physopt 32-662] Processed net system_i/iq_0/inst/core/transform/p_0_out_inferred__4/rom_value[4][8]_i_1_n_0.  Did not re-place instance system_i/iq_0/inst/core/transform/p_0_out_inferred__4/rom_value[4][8]_i_1/O
INFO: [Physopt 32-662] Processed net system_i/iq_0/inst/core/transform/p_0_out_inferred__4/rom_value[4][5]_i_1_n_0.  Did not re-place instance system_i/iq_0/inst/core/transform/p_0_out_inferred__4/rom_value[4][5]_i_1/O
INFO: [Physopt 32-662] Processed net system_i/iq_0/inst/core/transform/p_0_out_inferred__2/rom_value[2][0]_i_1_n_0.  Did not re-place instance system_i/iq_0/inst/core/transform/p_0_out_inferred__2/rom_value[2][0]_i_1/O
INFO: [Physopt 32-662] Processed net system_i/iq_0/inst/core/transform/p_0_out_inferred__6/rom_value[6][8]_i_1_n_0.  Did not re-place instance system_i/iq_0/inst/core/transform/p_0_out_inferred__6/rom_value[6][8]_i_1/O
INFO: [Physopt 32-662] Processed net system_i/iq_0/inst/core/transform/p_0_out_inferred__1/rom_value[1][6]_i_1_n_0.  Did not re-place instance system_i/iq_0/inst/core/transform/p_0_out_inferred__1/rom_value[1][6]_i_1/O
INFO: [Physopt 32-661] Optimized 1 net.  Re-placed 2 instances.
INFO: [Physopt 32-775] End 1 Pass. Optimized 1 net or cell. Created 0 new cell, deleted 0 existing cell and moved 2 existing cells
INFO: [Physopt 32-619] Estimated Timing Summary | WNS=-0.239 | TNS=-9.258 |
Netlist sorting complete. Time (s): cpu = 00:00:00 ; elapsed = 00:00:00.067 . Memory (MB): peak = 2648.457 ; gain = 0.000
Phase 5 Multi Cell Placement Optimization | Checksum: e541a579

Time (s): cpu = 00:01:25 ; elapsed = 00:00:41 . Memory (MB): peak = 2648.457 ; gain = 0.000

Phase 6 Rewire
INFO: [Physopt 32-246] Starting Signal Push optimization...
INFO: [Physopt 32-77] Pass 1. Identified 14 candidate nets for rewire optimization.
INFO: [Physopt 32-134] Processed net system_i/iq_0/inst/core/rb/host_errors[19]_i_11_n_0. Rewiring did not optimize the net.
INFO: [Physopt 32-242] Processed net system_i/iq_0/inst/core/transform/rom_bank[2]_i_13_n_0. Rewired (signal push) system_i/iq_0/inst/core/transform/index_reg[12] to 1 loads. Replicated 0 times.
INFO: [Physopt 32-134] Processed net system_i/axi_mem_intercon/s00_couplers/auto_us/inst/gen_upsizer.gen_full_upsizer.axi_upsizer_inst/USE_READ.gen_non_fifo_r_upsizer.read_data_inst/USE_RTL_LENGTH.length_counter_q_reg[2]_0. Rewiring did not optimize the net.
INFO: [Physopt 32-134] Processed net system_i/axi_mem_intercon/s00_couplers/auto_pc/inst/gen_axi4_axi3.axi3_conv_inst/USE_READ.USE_SPLIT_R.read_data_inst/rd_en. Rewiring did not optimize the net.
INFO: [Physopt 32-242] Processed net system_i/iq_0/inst/burst_ring/config_dirty[0]_i_5_n_0. Rewired (signal push) system_i/iq_0/inst/burst_ring/host_errors_reg[12][16] to 1 loads. Replicated 0 times.
INFO: [Physopt 32-242] Processed net system_i/iq_0/inst/burst_ring/wa_reg[10]. Rewired (signal push) system_i/iq_0/inst/burst_ring/config_dirty[0]_i_5_n_0 to 8 loads. Replicated 1 times.
INFO: [Physopt 32-134] Processed net system_i/iq_0/inst/loader_crc_state[31]_i_4_n_0. Rewiring did not optimize the net.
INFO: [Physopt 32-242] Processed net system_i/iq_0/inst/burst_ring/s_axi_rdata[30]_i_29_n_0. Rewired (signal push) system_i/iq_0/inst/burst_ring/ra_reg[5]_rep to 1 loads. Replicated 0 times.
INFO: [Physopt 32-134] Processed net system_i/iq_0/inst/loader_crc_state[23]_i_3_n_0. Rewiring did not optimize the net.
INFO: [Physopt 32-134] Processed net system_i/iq_0/inst/burst_ring/bank_length1_reg[29]. Rewiring did not optimize the net.
INFO: [Physopt 32-134] Processed net system_i/iq_0/inst/bank0/read_delay_reg[0]. Rewiring did not optimize the net.
INFO: [Physopt 32-242] Processed net system_i/iq_0/inst/bank0/wa_reg[1]. Rewired (signal push) system_i/iq_0/inst/bank0/read_delay_reg[0] to 1 loads. Replicated 1 times.
INFO: [Physopt 32-134] Processed net system_i/iq_0/inst/core/transform/rom_bank[2]_i_14_n_0. Rewiring did not optimize the net.
INFO: [Physopt 32-232] Optimized 5 nets. Created 2 new instances.
INFO: [Physopt 32-775] End 1 Pass. Optimized 5 nets or cells. Created 2 new cells, deleted 0 existing cell and moved 0 existing cell
Netlist sorting complete. Time (s): cpu = 00:00:00 ; elapsed = 00:00:00.117 . Memory (MB): peak = 2648.457 ; gain = 0.000
INFO: [Physopt 32-619] Estimated Timing Summary | WNS=-0.239 | TNS=-8.223 |
Netlist sorting complete. Time (s): cpu = 00:00:00 ; elapsed = 00:00:00.053 . Memory (MB): peak = 2648.457 ; gain = 0.000
Phase 6 Rewire | Checksum: 111f9b421

Time (s): cpu = 00:01:34 ; elapsed = 00:00:46 . Memory (MB): peak = 2648.457 ; gain = 0.000

Phase 7 Critical Cell Optimization
INFO: [Physopt 32-46] Identified 30 candidate nets for critical-cell optimization.
INFO: [Physopt 32-572] Net system_i/iq_0/inst/core/rb/E[0] was not replicated.
Resolution: phys_opt_design can be forced to replicate a net driver using the option -force_replication_on_nets <list of net objects>.
INFO: [Physopt 32-572] Net system_i/iq_0/inst/core/rb/host_errors[19]_i_4_n_0 was not replicated.
Resolution: phys_opt_design can be forced to replicate a net driver using the option -force_replication_on_nets <list of net objects>.
INFO: [Physopt 32-572] Net system_i/iq_0/inst/freq_ring/producer[2]_repN was not replicated.
Resolution: phys_opt_design can be forced to replicate a net driver using the option -force_replication_on_nets <list of net objects>.
INFO: [Physopt 32-572] Net system_i/iq_0/inst/core/rb/host_errors[19]_i_11_n_0 was not replicated.
Resolution: phys_opt_design can be forced to replicate a net driver using the option -force_replication_on_nets <list of net objects>.
INFO: [Physopt 32-571] Net system_i/iq_0/inst/core/transform/index_reg[0]_rep_n_0 was not replicated.
INFO: [Physopt 32-572] Net system_i/iq_0/inst/core/transform/p_0_out_inferred__1/g0_b0_i_15_n_0 was not replicated.
Resolution: phys_opt_design can be forced to replicate a net driver using the option -force_replication_on_nets <list of net objects>.
INFO: [Physopt 32-571] Net system_i/iq_0/inst/core/transform/folded[5] was not replicated.
INFO: [Physopt 32-572] Net system_i/iq_0/inst/core/transform/folded[6] was not replicated.
Resolution: phys_opt_design can be forced to replicate a net driver using the option -force_replication_on_nets <list of net objects>.
INFO: [Physopt 32-572] Net system_i/iq_0/inst/core/transform/rom_value[1][8]_i_11_n_0 was not replicated.
Resolution: phys_opt_design can be forced to replicate a net driver using the option -force_replication_on_nets <list of net objects>.
INFO: [Physopt 32-572] Net system_i/iq_0/inst/freq_ring/producer[1]_repN was not replicated.
Resolution: phys_opt_design can be forced to replicate a net driver using the option -force_replication_on_nets <list of net objects>.
INFO: [Physopt 32-81] Processed net system_i/iq_0/inst/freq_ring/freq_dropped[1]. Replicated 1 times.
INFO: [Physopt 32-81] Processed net system_i/iq_0/inst/core/transform/rom_value[3][13]_i_3_n_0. Replicated 1 times.
INFO: [Physopt 32-572] Net system_i/iq_0/inst/freq_ring/producer[0]_repN was not replicated.
Resolution: phys_opt_design can be forced to replicate a net driver using the option -force_replication_on_nets <list of net objects>.
INFO: [Physopt 32-81] Processed net system_i/iq_0/inst/ra_reg[4]_rep__0_n_0. Replicated 1 times.
INFO: [Physopt 32-81] Processed net system_i/iq_0/inst/freq_ring/dropped[0]. Replicated 1 times.
INFO: [Physopt 32-572] Net system_i/iq_0/inst/core/transform/rom_value[2][11]_i_4_n_0 was not replicated.
Resolution: phys_opt_design can be forced to replicate a net driver using the option -force_replication_on_nets <list of net objects>.
INFO: [Physopt 32-81] Processed net system_i/axi_mem_intercon/s00_couplers/auto_pc/inst/gen_axi4_axi3.axi3_conv_inst/USE_READ.USE_SPLIT_R.read_data_inst/rd_en. Replicated 1 times.
INFO: [Physopt 32-572] Net system_i/iq_0/inst/freq_ring/producer[8] was not replicated.
Resolution: phys_opt_design can be forced to replicate a net driver using the option -force_replication_on_nets <list of net objects>.
INFO: [Physopt 32-571] Net system_i/axi_mem_intercon/s00_couplers/auto_us/inst/gen_upsizer.gen_full_upsizer.axi_upsizer_inst/USE_READ.gen_non_fifo_r_upsizer.read_data_inst/USE_RTL_LENGTH.length_counter_q_reg[2]_0 was not replicated.
INFO: [Physopt 32-571] Net system_i/axi_mem_intercon/s00_couplers/auto_us/inst/gen_upsizer.gen_full_upsizer.axi_upsizer_inst/USE_READ.gen_non_fifo_r_upsizer.read_data_inst/s_axi_rlast was not replicated.
INFO: [Physopt 32-572] Net system_i/iq_0/inst/core/transform/rom_value[3][11]_i_4_n_0 was not replicated.
Resolution: phys_opt_design can be forced to replicate a net driver using the option -force_replication_on_nets <list of net objects>.
INFO: [Physopt 32-572] Net system_i/iq_0/inst/core/transform/p_0_out_inferred__6/rom_value[6][11]_i_8_n_0 was not replicated.
Resolution: phys_opt_design can be forced to replicate a net driver using the option -force_replication_on_nets <list of net objects>.
INFO: [Physopt 32-81] Processed net system_i/iq_0/inst/core/transform/rom_value[2][9]_i_6_n_0. Replicated 1 times.
INFO: [Physopt 32-572] Net system_i/iq_0/inst/core/transform/folded[7] was not replicated.
Resolution: phys_opt_design can be forced to replicate a net driver using the option -force_replication_on_nets <list of net objects>.
INFO: [Physopt 32-572] Net system_i/iq_0/inst/core/transform/p_0_out_inferred__2/rom_value[2][10]_i_5_n_0 was not replicated.
Resolution: phys_opt_design can be forced to replicate a net driver using the option -force_replication_on_nets <list of net objects>.
INFO: [Physopt 32-572] Net system_i/iq_0/inst/core/transform/p_0_out_inferred__4/rom_value[4][10]_i_6_n_0 was not replicated.
Resolution: phys_opt_design can be forced to replicate a net driver using the option -force_replication_on_nets <list of net objects>.
INFO: [Physopt 32-572] Net system_i/iq_0/inst/bank1/loader_received_reg[14][10] was not replicated.
Resolution: phys_opt_design can be forced to replicate a net driver using the option -force_replication_on_nets <list of net objects>.
INFO: [Physopt 32-81] Processed net system_i/iq_0/inst/loader_received_reg[2]. Replicated 1 times.
INFO: [Physopt 32-232] Optimized 7 nets. Created 7 new instances.
INFO: [Physopt 32-775] End 1 Pass. Optimized 7 nets or cells. Created 7 new cells, deleted 0 existing cell and moved 0 existing cell
INFO: [Physopt 32-619] Estimated Timing Summary | WNS=-0.239 | TNS=-7.945 |
Netlist sorting complete. Time (s): cpu = 00:00:00 ; elapsed = 00:00:00.131 . Memory (MB): peak = 2648.457 ; gain = 0.000
Phase 7 Critical Cell Optimization | Checksum: 1f2eb48ef

Time (s): cpu = 00:01:55 ; elapsed = 00:00:55 . Memory (MB): peak = 2648.457 ; gain = 0.000

Phase 8 Fanout Optimization
INFO: [Physopt 32-76] Pass 1. Identified 15 candidate nets for fanout optimization.
INFO: [Physopt 32-572] Net system_i/iq_0/inst/core/transform/rom_value[0][8]_i_3_n_0 was not replicated.
Resolution: phys_opt_design can be forced to replicate a net driver using the option -force_replication_on_nets <list of net objects>.
INFO: [Physopt 32-572] Net system_i/iq_0/inst/core/transform/g0_b0_i_8_n_0 was not replicated.
Resolution: phys_opt_design can be forced to replicate a net driver using the option -force_replication_on_nets <list of net objects>.
INFO: [Physopt 32-572] Net system_i/iq_0/inst/core/transform/index_reg[13]_4 was not replicated.
Resolution: phys_opt_design can be forced to replicate a net driver using the option -force_replication_on_nets <list of net objects>.
INFO: [Physopt 32-572] Net system_i/iq_0/inst/core/transform/index_reg[13]_20 was not replicated.
Resolution: phys_opt_design can be forced to replicate a net driver using the option -force_replication_on_nets <list of net objects>.
INFO: [Physopt 32-572] Net system_i/iq_0/inst/core/transform/index_reg[13]_6 was not replicated.
Resolution: phys_opt_design can be forced to replicate a net driver using the option -force_replication_on_nets <list of net objects>.
INFO: [Physopt 32-572] Net system_i/iq_0/inst/core/transform/index_reg[13]_23 was not replicated.
Resolution: phys_opt_design can be forced to replicate a net driver using the option -force_replication_on_nets <list of net objects>.
INFO: [Physopt 32-572] Net system_i/iq_0/inst/core/transform/rom_value[0][8]_i_4_n_0 was not replicated.
Resolution: phys_opt_design can be forced to replicate a net driver using the option -force_replication_on_nets <list of net objects>.
INFO: [Physopt 32-572] Net system_i/iq_0/inst/core/transform/index_reg[13]_0 was not replicated.
Resolution: phys_opt_design can be forced to replicate a net driver using the option -force_replication_on_nets <list of net objects>.
INFO: [Physopt 32-572] Net system_i/iq_0/inst/core/transform/index_reg[13]_3 was not replicated.
Resolution: phys_opt_design can be forced to replicate a net driver using the option -force_replication_on_nets <list of net objects>.
INFO: [Physopt 32-572] Net system_i/iq_0/inst/core/transform/index_reg[13]_1 was not replicated.
Resolution: phys_opt_design can be forced to replicate a net driver using the option -force_replication_on_nets <list of net objects>.
INFO: [Physopt 32-572] Net system_i/iq_0/inst/core/transform/index_reg[13]_24 was not replicated.
Resolution: phys_opt_design can be forced to replicate a net driver using the option -force_replication_on_nets <list of net objects>.
INFO: [Physopt 32-232] Optimized 0 net. Created 0 new instance.
INFO: [Physopt 32-775] End 1 Pass. Optimized 0 net or cell. Created 0 new cell, deleted 0 existing cell and moved 0 existing cell
Netlist sorting complete. Time (s): cpu = 00:00:00 ; elapsed = 00:00:00.074 . Memory (MB): peak = 2648.457 ; gain = 0.000
Phase 8 Fanout Optimization | Checksum: 188719867

Time (s): cpu = 00:02:08 ; elapsed = 00:01:01 . Memory (MB): peak = 2648.457 ; gain = 0.000

Phase 9 Single Cell Placement Optimization
INFO: [Physopt 32-660] Identified 250 candidate nets for placement-based optimization.
INFO: [Physopt 32-662] Processed net system_i/iq_0/inst/core/rb/E[0].  Did not re-place instance system_i/iq_0/inst/core/rb/host_errors[19]_i_1
INFO: [Physopt 32-662] Processed net system_i/iq_0/inst/core/rb/host_errors[19]_i_4_n_0.  Did not re-place instance system_i/iq_0/inst/core/rb/host_errors[19]_i_4
INFO: [Physopt 32-662] Processed net system_i/iq_0/inst/freq_ring/producer[2]_repN.  Did not re-place instance system_i/iq_0/inst/freq_ring/producer_reg[2]_replica
INFO: [Physopt 32-662] Processed net system_i/iq_0/inst/core/rb/host_errors[19]_i_11_n_0.  Did not re-place instance system_i/iq_0/inst/core/rb/host_errors[19]_i_11
INFO: [Physopt 32-662] Processed net system_i/iq_0/inst/core/rb/host_errors[19]_i_13_n_0.  Did not re-place instance system_i/iq_0/inst/core/rb/host_errors[19]_i_13
INFO: [Physopt 32-662] Processed net system_i/iq_0/inst/core/rb/host_errors[19]_i_6_n_0.  Did not re-place instance system_i/iq_0/inst/core/rb/host_errors[19]_i_6
INFO: [Physopt 32-662] Processed net system_i/iq_0/inst/freq_ring/host_errors[19]_i_34_n_0.  Did not re-place instance system_i/iq_0/inst/freq_ring/host_errors[19]_i_34
INFO: [Physopt 32-662] Processed net system_i/iq_0/inst/freq_ring/host_errors[19]_i_95_n_0.  Did not re-place instance system_i/iq_0/inst/freq_ring/host_errors[19]_i_95
INFO: [Physopt 32-662] Processed net system_i/iq_0/inst/host_errors_reg_n_0_[19].  Did not re-place instance system_i/iq_0/inst/host_errors_reg[19]
INFO: [Physopt 32-662] Processed net system_i/iq_0/inst/data1[8].  Did not re-place instance system_i/iq_0/inst/host_errors_reg[8]
INFO: [Physopt 32-662] Processed net system_i/iq_0/inst/data1[9].  Did not re-place instance system_i/iq_0/inst/host_errors_reg[9]
INFO: [Physopt 32-662] Processed net system_i/iq_0/inst/data1[12].  Did not re-place instance system_i/iq_0/inst/host_errors_reg[12]
INFO: [Physopt 32-662] Processed net system_i/iq_0/inst/core/transform/rom_value[0][8]_i_3_n_0.  Did not re-place instance system_i/iq_0/inst/core/transform/rom_value[0][8]_i_3
INFO: [Physopt 32-662] Processed net system_i/iq_0/inst/core/transform/g0_b0_i_8_n_0.  Did not re-place instance system_i/iq_0/inst/core/transform/g0_b0_i_8
INFO: [Physopt 32-662] Processed net system_i/iq_0/inst/core/transform/index_reg[0]_rep_n_0.  Did not re-place instance system_i/iq_0/inst/core/transform/index_reg[0]_rep
INFO: [Physopt 32-662] Processed net system_i/iq_0/inst/core/transform/p_0_out_inferred__1/g0_b0_i_15_n_0.  Did not re-place instance system_i/iq_0/inst/core/transform/p_0_out_inferred__1/g0_b0_i_15
INFO: [Physopt 32-663] Processed net system_i/iq_0/inst/core/transform/g0_b0_i_22_n_0.  Re-placed instance system_i/iq_0/inst/core/transform/g0_b0_i_22
INFO: [Physopt 32-662] Processed net system_i/iq_0/inst/core/transform/p_0_out_inferred__4/rom_value[4][9]_i_1_n_0.  Did not re-place instance system_i/iq_0/inst/core/transform/p_0_out_inferred__4/rom_value[4][9]_i_1
INFO: [Physopt 32-662] Processed net system_i/iq_0/inst/core/transform/p_0_out_inferred__4/rom_value[4][9]_i_7_n_0.  Did not re-place instance system_i/iq_0/inst/core/transform/p_0_out_inferred__4/rom_value[4][9]_i_7
INFO: [Physopt 32-662] Processed net system_i/iq_0/inst/core/transform/rom_value_reg[4]_58[9].  Did not re-place instance system_i/iq_0/inst/core/transform/rom_value_reg[4][9]
INFO: [Physopt 32-662] Processed net system_i/iq_0/inst/core/transform/p_0_out_inferred__4/rom_value[4][9]_i_6_n_0.  Did not re-place instance system_i/iq_0/inst/core/transform/p_0_out_inferred__4/rom_value[4][9]_i_6
INFO: [Physopt 32-663] Processed net system_i/iq_0/inst/core/transform/folded[5].  Re-placed instance system_i/iq_0/inst/core/transform/g0_b0_i_14
INFO: [Physopt 32-662] Processed net system_i/iq_0/inst/core/transform/index_reg[13]_4.  Did not re-place instance system_i/iq_0/inst/core/transform/g1_b5_i_3
INFO: [Physopt 32-662] Processed net system_i/iq_0/inst/core/transform/p_0_out_inferred__6/rom_value[6][5]_i_1_n_0.  Did not re-place instance system_i/iq_0/inst/core/transform/p_0_out_inferred__6/rom_value[6][5]_i_1
INFO: [Physopt 32-662] Processed net system_i/iq_0/inst/core/transform/p_0_out_inferred__6/rom_value[6][5]_i_7_n_0.  Did not re-place instance system_i/iq_0/inst/core/transform/p_0_out_inferred__6/rom_value[6][5]_i_7
INFO: [Physopt 32-662] Processed net system_i/iq_0/inst/core/transform/rom_value_reg[6]_60[5].  Did not re-place instance system_i/iq_0/inst/core/transform/rom_value_reg[6][5]
INFO: [Physopt 32-662] Processed net system_i/iq_0/inst/core/transform/p_0_out_inferred__4/rom_value[4][6]_i_1_n_0.  Did not re-place instance system_i/iq_0/inst/core/transform/p_0_out_inferred__4/rom_value[4][6]_i_1
INFO: [Physopt 32-662] Processed net system_i/iq_0/inst/core/transform/p_0_out_inferred__4/rom_value[4][6]_i_7_n_0.  Did not re-place instance system_i/iq_0/inst/core/transform/p_0_out_inferred__4/rom_value[4][6]_i_7
INFO: [Physopt 32-662] Processed net system_i/iq_0/inst/core/transform/rom_value_reg[4]_58[6].  Did not re-place instance system_i/iq_0/inst/core/transform/rom_value_reg[4][6]
INFO: [Physopt 32-662] Processed net system_i/iq_0/inst/core/transform/p_0_out_inferred__4/rom_value[4][6]_i_6_n_0.  Did not re-place instance system_i/iq_0/inst/core/transform/p_0_out_inferred__4/rom_value[4][6]_i_6
INFO: [Physopt 32-662] Processed net system_i/iq_0/inst/core/transform/p_0_out_inferred__5/rom_value[5][4]_i_1_n_0.  Did not re-place instance system_i/iq_0/inst/core/transform/p_0_out_inferred__5/rom_value[5][4]_i_1
INFO: [Physopt 32-662] Processed net system_i/iq_0/inst/core/transform/p_0_out_inferred__5/rom_value[5][4]_i_7_n_0.  Did not re-place instance system_i/iq_0/inst/core/transform/p_0_out_inferred__5/rom_value[5][4]_i_7
INFO: [Physopt 32-662] Processed net system_i/iq_0/inst/core/transform/rom_value_reg[5]_59[4].  Did not re-place instance system_i/iq_0/inst/core/transform/rom_value_reg[5][4]
INFO: [Physopt 32-662] Processed net system_i/iq_0/inst/core/transform/p_0_out_inferred__7/rom_value[7][5]_i_1_n_0.  Did not re-place instance system_i/iq_0/inst/core/transform/p_0_out_inferred__7/rom_value[7][5]_i_1
INFO: [Physopt 32-662] Processed net system_i/iq_0/inst/core/transform/p_0_out_inferred__7/rom_value[7][5]_i_7_n_0.  Did not re-place instance system_i/iq_0/inst/core/transform/p_0_out_inferred__7/rom_value[7][5]_i_7
INFO: [Physopt 32-662] Processed net system_i/iq_0/inst/core/transform/rom_value_reg[7]_61[5].  Did not re-place instance system_i/iq_0/inst/core/transform/rom_value_reg[7][5]
INFO: [Physopt 32-662] Processed net system_i/iq_0/inst/core/transform/p_0_out_inferred__7/rom_value[7][6]_i_1_n_0.  Did not re-place instance system_i/iq_0/inst/core/transform/p_0_out_inferred__7/rom_value[7][6]_i_1
INFO: [Physopt 32-662] Processed net system_i/iq_0/inst/core/transform/p_0_out_inferred__7/rom_value[7][6]_i_7_n_0.  Did not re-place instance system_i/iq_0/inst/core/transform/p_0_out_inferred__7/rom_value[7][6]_i_7
INFO: [Physopt 32-662] Processed net system_i/iq_0/inst/core/transform/rom_value_reg[7]_61[6].  Did not re-place instance system_i/iq_0/inst/core/transform/rom_value_reg[7][6]
INFO: [Physopt 32-662] Processed net system_i/iq_0/inst/core/transform/p_0_out_inferred__5/rom_value[5][6]_i_1_n_0.  Did not re-place instance system_i/iq_0/inst/core/transform/p_0_out_inferred__5/rom_value[5][6]_i_1
INFO: [Physopt 32-662] Processed net system_i/iq_0/inst/core/transform/p_0_out_inferred__5/rom_value[5][6]_i_9_n_0.  Did not re-place instance system_i/iq_0/inst/core/transform/p_0_out_inferred__5/rom_value[5][6]_i_9
INFO: [Physopt 32-662] Processed net system_i/iq_0/inst/core/transform/rom_value_reg[5]_59[6].  Did not re-place instance system_i/iq_0/inst/core/transform/rom_value_reg[5][6]
INFO: [Physopt 32-662] Processed net system_i/iq_0/inst/core/transform/p_0_out_inferred__5/rom_value[5][4]_i_6_n_0.  Did not re-place instance system_i/iq_0/inst/core/transform/p_0_out_inferred__5/rom_value[5][4]_i_6
INFO: [Physopt 32-662] Processed net system_i/iq_0/inst/core/transform/p_0_out_inferred__5/rom_value[5][6]_i_8_n_0.  Did not re-place instance system_i/iq_0/inst/core/transform/p_0_out_inferred__5/rom_value[5][6]_i_8
INFO: [Physopt 32-662] Processed net system_i/iq_0/inst/core/transform/p_0_out_inferred__7/rom_value[7][6]_i_6_n_0.  Did not re-place instance system_i/iq_0/inst/core/transform/p_0_out_inferred__7/rom_value[7][6]_i_6
INFO: [Physopt 32-662] Processed net system_i/iq_0/inst/core/rb/completed_reg[28]_0[0].  Did not re-place instance system_i/iq_0/inst/core/rb/host_errors[19]_i_28
INFO: [Physopt 32-662] Processed net system_i/iq_0/inst/core/rb/completed_reg[15]_0[0].  Did not re-place instance system_i/iq_0/inst/core/rb/host_errors[19]_i_36
INFO: [Physopt 32-662] Processed net system_i/iq_0/inst/core/transform/index_reg[13]_20.  Did not re-place instance system_i/iq_0/inst/core/transform/g1_b5_i_1
INFO: [Physopt 32-662] Processed net system_i/iq_0/inst/core/g5_b5_n_0.  Did not re-place instance system_i/iq_0/inst/core/g5_b5
INFO: [Physopt 32-662] Processed net system_i/iq_0/inst/core/g7_b6_n_0.  Did not re-place instance system_i/iq_0/inst/core/g7_b6
INFO: [Physopt 32-662] Processed net system_i/iq_0/inst/core/transform/p_0_out[5].  Did not re-place instance system_i/iq_0/inst/core/transform/rom_value[0][5]_i_1
INFO: [Physopt 32-662] Processed net system_i/iq_0/inst/core/transform/p_0_out[6].  Did not re-place instance system_i/iq_0/inst/core/transform/rom_value[0][6]_i_1
INFO: [Physopt 32-662] Processed net system_i/iq_0/inst/core/transform/p_0_out_inferred__7/rom_value[7][5]_i_6_n_0.  Did not re-place instance system_i/iq_0/inst/core/transform/p_0_out_inferred__7/rom_value[7][5]_i_6
INFO: [Physopt 32-662] Processed net system_i/iq_0/inst/core/transform/rom_value_reg[0]_54[5].  Did not re-place instance system_i/iq_0/inst/core/transform/rom_value_reg[0][5]
INFO: [Physopt 32-662] Processed net system_i/iq_0/inst/core/transform/rom_value_reg[0]_54[6].  Did not re-place instance system_i/iq_0/inst/core/transform/rom_value_reg[0][6]
INFO: [Physopt 32-662] Processed net system_i/iq_0/inst/core/g6_b6_n_0.  Did not re-place instance system_i/iq_0/inst/core/g6_b6
INFO: [Physopt 32-662] Processed net system_i/iq_0/inst/core/transform/index_reg[13]_6.  Did not re-place instance system_i/iq_0/inst/core/transform/g0_b0_i_4
INFO: [Physopt 32-662] Processed net system_i/iq_0/inst/core/transform/p_0_out_inferred__2/rom_value[2][2]_i_1_n_0.  Did not re-place instance system_i/iq_0/inst/core/transform/p_0_out_inferred__2/rom_value[2][2]_i_1
INFO: [Physopt 32-662] Processed net system_i/iq_0/inst/core/transform/p_0_out_inferred__2/rom_value[2][2]_i_6_n_0.  Did not re-place instance system_i/iq_0/inst/core/transform/p_0_out_inferred__2/rom_value[2][2]_i_6
INFO: [Physopt 32-662] Processed net system_i/iq_0/inst/core/transform/p_0_out_inferred__2/rom_value[2][2]_i_7_n_0.  Did not re-place instance system_i/iq_0/inst/core/transform/p_0_out_inferred__2/rom_value[2][2]_i_7
INFO: [Physopt 32-662] Processed net system_i/iq_0/inst/core/transform/p_0_out_inferred__2/rom_value[2][4]_i_1_n_0.  Did not re-place instance system_i/iq_0/inst/core/transform/p_0_out_inferred__2/rom_value[2][4]_i_1
INFO: [Physopt 32-662] Processed net system_i/iq_0/inst/core/transform/p_0_out_inferred__2/rom_value[2][4]_i_9_n_0.  Did not re-place instance system_i/iq_0/inst/core/transform/p_0_out_inferred__2/rom_value[2][4]_i_9
INFO: [Physopt 32-662] Processed net system_i/iq_0/inst/core/transform/rom_value_reg[2]_56[2].  Did not re-place instance system_i/iq_0/inst/core/transform/rom_value_reg[2][2]
INFO: [Physopt 32-662] Processed net system_i/iq_0/inst/core/transform/rom_value_reg[2]_56[4].  Did not re-place instance system_i/iq_0/inst/core/transform/rom_value_reg[2][4]
INFO: [Physopt 32-662] Processed net system_i/iq_0/inst/core/transform/p_0_out_inferred__2/rom_value[2][4]_i_8_n_0.  Did not re-place instance system_i/iq_0/inst/core/transform/p_0_out_inferred__2/rom_value[2][4]_i_8
INFO: [Physopt 32-662] Processed net system_i/iq_0/inst/core/transform/p_0_out_inferred__1/rom_value[1][5]_i_1_n_0.  Did not re-place instance system_i/iq_0/inst/core/transform/p_0_out_inferred__1/rom_value[1][5]_i_1
INFO: [Physopt 32-662] Processed net system_i/iq_0/inst/core/transform/p_0_out_inferred__1/rom_value[1][5]_i_7_n_0.  Did not re-place instance system_i/iq_0/inst/core/transform/p_0_out_inferred__1/rom_value[1][5]_i_7
INFO: [Physopt 32-662] Processed net system_i/iq_0/inst/core/transform/rom_value_reg[1]_55[5].  Did not re-place instance system_i/iq_0/inst/core/transform/rom_value_reg[1][5]
INFO: [Physopt 32-662] Processed net system_i/iq_0/inst/core/transform/p_0_out_inferred__1/rom_value[1][0]_i_1_n_0.  Did not re-place instance system_i/iq_0/inst/core/transform/p_0_out_inferred__1/rom_value[1][0]_i_1
INFO: [Physopt 32-662] Processed net system_i/iq_0/inst/core/transform/p_0_out_inferred__1/rom_value[1][0]_i_7_n_0.  Did not re-place instance system_i/iq_0/inst/core/transform/p_0_out_inferred__1/rom_value[1][0]_i_7
INFO: [Physopt 32-662] Processed net system_i/iq_0/inst/core/transform/rom_value_reg[1]_55[0].  Did not re-place instance system_i/iq_0/inst/core/transform/rom_value_reg[1][0]
INFO: [Physopt 32-662] Processed net system_i/iq_0/inst/core/g7_b5_n_0.  Did not re-place instance system_i/iq_0/inst/core/g7_b5
INFO: [Physopt 32-662] Processed net system_i/iq_0/inst/core/transform/index_reg[13]_23.  Did not re-place instance system_i/iq_0/inst/core/transform/g3_b8_i_4
INFO: [Physopt 32-662] Processed net system_i/iq_0/inst/core/transform/p_0_out_inferred__6/rom_value[6][9]_i_1_n_0.  Did not re-place instance system_i/iq_0/inst/core/transform/p_0_out_inferred__6/rom_value[6][9]_i_1
INFO: [Physopt 32-662] Processed net system_i/iq_0/inst/core/transform/p_0_out_inferred__6/rom_value[6][9]_i_7_n_0.  Did not re-place instance system_i/iq_0/inst/core/transform/p_0_out_inferred__6/rom_value[6][9]_i_7
INFO: [Physopt 32-662] Processed net system_i/iq_0/inst/core/transform/rom_value_reg[6]_60[9].  Did not re-place instance system_i/iq_0/inst/core/transform/rom_value_reg[6][9]
INFO: [Physopt 32-662] Processed net system_i/iq_0/inst/core/transform/rom_value[0][8]_i_4_n_0.  Did not re-place instance system_i/iq_0/inst/core/transform/rom_value[0][8]_i_4
INFO: [Physopt 32-662] Processed net system_i/iq_0/inst/core/g6_b5_n_0.  Did not re-place instance system_i/iq_0/inst/core/g6_b5
INFO: [Physopt 32-662] Processed net system_i/iq_0/inst/core/transform/p_0_out_inferred__1/rom_value[1][8]_i_1_n_0.  Did not re-place instance system_i/iq_0/inst/core/transform/p_0_out_inferred__1/rom_value[1][8]_i_1
INFO: [Physopt 32-662] Processed net system_i/iq_0/inst/core/transform/p_0_out_inferred__1/rom_value[1][8]_i_6_n_0.  Did not re-place instance system_i/iq_0/inst/core/transform/p_0_out_inferred__1/rom_value[1][8]_i_6
INFO: [Physopt 32-662] Processed net system_i/iq_0/inst/core/transform/rom_value_reg[1]_55[8].  Did not re-place instance system_i/iq_0/inst/core/transform/rom_value_reg[1][8]
INFO: [Physopt 32-662] Processed net system_i/iq_0/inst/core/transform/p_0_out_inferred__1/rom_value[1][0]_i_6_n_0.  Did not re-place instance system_i/iq_0/inst/core/transform/p_0_out_inferred__1/rom_value[1][0]_i_6
INFO: [Physopt 32-662] Processed net system_i/iq_0/inst/core/transform/index_reg[13]_0.  Did not re-place instance system_i/iq_0/inst/core/transform/g3_b8_i_2
INFO: [Physopt 32-662] Processed net system_i/iq_0/inst/core/transform/p_0_out_inferred__3/rom_value[3][9]_i_1_n_0.  Did not re-place instance system_i/iq_0/inst/core/transform/p_0_out_inferred__3/rom_value[3][9]_i_1
INFO: [Physopt 32-662] Processed net system_i/iq_0/inst/core/transform/p_0_out_inferred__3/rom_value[3][9]_i_4_n_0.  Did not re-place instance system_i/iq_0/inst/core/transform/p_0_out_inferred__3/rom_value[3][9]_i_4
INFO: [Physopt 32-662] Processed net system_i/iq_0/inst/core/transform/p_0_out_inferred__3/rom_value[3][9]_i_6_n_0.  Did not re-place instance system_i/iq_0/inst/core/transform/p_0_out_inferred__3/rom_value[3][9]_i_6
INFO: [Physopt 32-662] Processed net system_i/iq_0/inst/core/transform/p_0_out_inferred__6/rom_value[6][1]_i_1_n_0.  Did not re-place instance system_i/iq_0/inst/core/transform/p_0_out_inferred__6/rom_value[6][1]_i_1
INFO: [Physopt 32-662] Processed net system_i/iq_0/inst/core/transform/p_0_out_inferred__6/rom_value[6][1]_i_6_n_0.  Did not re-place instance system_i/iq_0/inst/core/transform/p_0_out_inferred__6/rom_value[6][1]_i_6
INFO: [Physopt 32-662] Processed net system_i/iq_0/inst/core/transform/p_0_out_inferred__6/rom_value[6][9]_i_6_n_0.  Did not re-place instance system_i/iq_0/inst/core/transform/p_0_out_inferred__6/rom_value[6][9]_i_6
INFO: [Physopt 32-662] Processed net system_i/iq_0/inst/core/transform/rom_value_reg[3]_57[9].  Did not re-place instance system_i/iq_0/inst/core/transform/rom_value_reg[3][9]
INFO: [Physopt 32-662] Processed net system_i/iq_0/inst/core/transform/rom_value_reg[6]_60[1].  Did not re-place instance system_i/iq_0/inst/core/transform/rom_value_reg[6][1]
INFO: [Physopt 32-662] Processed net system_i/iq_0/inst/core/transform/p_0_out_inferred__2/rom_value[2][2]_i_8_n_0.  Did not re-place instance system_i/iq_0/inst/core/transform/p_0_out_inferred__2/rom_value[2][2]_i_8
INFO: [Physopt 32-662] Processed net system_i/iq_0/inst/core/transform/p_0_out_inferred__1/rom_value[1][1]_i_1_n_0.  Did not re-place instance system_i/iq_0/inst/core/transform/p_0_out_inferred__1/rom_value[1][1]_i_1
INFO: [Physopt 32-662] Processed net system_i/iq_0/inst/core/transform/p_0_out_inferred__1/rom_value[1][1]_i_9_n_0.  Did not re-place instance system_i/iq_0/inst/core/transform/p_0_out_inferred__1/rom_value[1][1]_i_9
INFO: [Physopt 32-662] Processed net system_i/iq_0/inst/core/transform/rom_value_reg[1]_55[1].  Did not re-place instance system_i/iq_0/inst/core/transform/rom_value_reg[1][1]
INFO: [Physopt 32-662] Processed net system_i/iq_0/inst/core/transform/p_0_out_inferred__1/rom_value[1][5]_i_9_n_0.  Did not re-place instance system_i/iq_0/inst/core/transform/p_0_out_inferred__1/rom_value[1][5]_i_9
INFO: [Physopt 32-662] Processed net system_i/iq_0/inst/core/transform/p_0_out_inferred__2/rom_value[2][0]_i_1_n_0.  Did not re-place instance system_i/iq_0/inst/core/transform/p_0_out_inferred__2/rom_value[2][0]_i_1
INFO: [Physopt 32-662] Processed net system_i/iq_0/inst/core/transform/p_0_out_inferred__2/rom_value[2][0]_i_7_n_0.  Did not re-place instance system_i/iq_0/inst/core/transform/p_0_out_inferred__2/rom_value[2][0]_i_7
INFO: [Physopt 32-662] Processed net system_i/iq_0/inst/core/transform/p_0_out_inferred__6/rom_value[6][8]_i_1_n_0.  Did not re-place instance system_i/iq_0/inst/core/transform/p_0_out_inferred__6/rom_value[6][8]_i_1
INFO: [Physopt 32-662] Processed net system_i/iq_0/inst/core/transform/p_0_out_inferred__6/rom_value[6][8]_i_7_n_0.  Did not re-place instance system_i/iq_0/inst/core/transform/p_0_out_inferred__6/rom_value[6][8]_i_7
INFO: [Physopt 32-662] Processed net system_i/iq_0/inst/core/transform/rom_value_reg[2]_56[0].  Did not re-place instance system_i/iq_0/inst/core/transform/rom_value_reg[2][0]
INFO: [Physopt 32-662] Processed net system_i/iq_0/inst/core/transform/rom_value_reg[6]_60[8].  Did not re-place instance system_i/iq_0/inst/core/transform/rom_value_reg[6][8]
INFO: [Physopt 32-662] Processed net system_i/iq_0/inst/core/transform/p_0_out_inferred__1/rom_value[1][1]_i_8_n_0.  Did not re-place instance system_i/iq_0/inst/core/transform/p_0_out_inferred__1/rom_value[1][1]_i_8
INFO: [Physopt 32-662] Processed net system_i/iq_0/inst/core/transform/p_0_out_inferred__1/rom_value[1][5]_i_8_n_0.  Did not re-place instance system_i/iq_0/inst/core/transform/p_0_out_inferred__1/rom_value[1][5]_i_8
INFO: [Physopt 32-662] Processed net system_i/iq_0/inst/core/transform/p_0_out_inferred__4/rom_value[4][8]_i_1_n_0.  Did not re-place instance system_i/iq_0/inst/core/transform/p_0_out_inferred__4/rom_value[4][8]_i_1
INFO: [Physopt 32-662] Processed net system_i/iq_0/inst/core/transform/p_0_out_inferred__4/rom_value[4][8]_i_7_n_0.  Did not re-place instance system_i/iq_0/inst/core/transform/p_0_out_inferred__4/rom_value[4][8]_i_7
INFO: [Physopt 32-662] Processed net system_i/iq_0/inst/core/transform/rom_value_reg[4]_58[8].  Did not re-place instance system_i/iq_0/inst/core/transform/rom_value_reg[4][8]
INFO: [Physopt 32-662] Processed net system_i/iq_0/inst/core/transform/folded[6].  Did not re-place instance system_i/iq_0/inst/core/transform/g6_b8_i_2
INFO: [Physopt 32-662] Processed net system_i/iq_0/inst/core/transform/p_0_out_inferred__4/rom_value[4][5]_i_1_n_0.  Did not re-place instance system_i/iq_0/inst/core/transform/p_0_out_inferred__4/rom_value[4][5]_i_1
INFO: [Physopt 32-662] Processed net system_i/iq_0/inst/core/transform/p_0_out_inferred__4/rom_value[4][5]_i_7_n_0.  Did not re-place instance system_i/iq_0/inst/core/transform/p_0_out_inferred__4/rom_value[4][5]_i_7
INFO: [Physopt 32-662] Processed net system_i/iq_0/inst/core/transform/rom_value_reg[4]_58[5].  Did not re-place instance system_i/iq_0/inst/core/transform/rom_value_reg[4][5]
INFO: [Physopt 32-662] Processed net system_i/iq_0/inst/core/transform/p_0_out_inferred__1/rom_value[1][6]_i_1_n_0.  Did not re-place instance system_i/iq_0/inst/core/transform/p_0_out_inferred__1/rom_value[1][6]_i_1
INFO: [Physopt 32-662] Processed net system_i/iq_0/inst/core/transform/p_0_out_inferred__1/rom_value[1][6]_i_7_n_0.  Did not re-place instance system_i/iq_0/inst/core/transform/p_0_out_inferred__1/rom_value[1][6]_i_7
INFO: [Physopt 32-662] Processed net system_i/iq_0/inst/core/transform/p_0_out_inferred__4/rom_value[4][4]_i_1_n_0.  Did not re-place instance system_i/iq_0/inst/core/transform/p_0_out_inferred__4/rom_value[4][4]_i_1
INFO: [Physopt 32-662] Processed net system_i/iq_0/inst/core/transform/p_0_out_inferred__4/rom_value[4][4]_i_9_n_0.  Did not re-place instance system_i/iq_0/inst/core/transform/p_0_out_inferred__4/rom_value[4][4]_i_9
INFO: [Physopt 32-662] Processed net system_i/iq_0/inst/core/transform/rom_value_reg[1]_55[6].  Did not re-place instance system_i/iq_0/inst/core/transform/rom_value_reg[1][6]
INFO: [Physopt 32-662] Processed net system_i/iq_0/inst/core/transform/rom_value_reg[4]_58[4].  Did not re-place instance system_i/iq_0/inst/core/transform/rom_value_reg[4][4]
INFO: [Physopt 32-662] Processed net system_i/iq_0/inst/core/transform/rom_value[1][8]_i_11_n_0.  Did not re-place instance system_i/iq_0/inst/core/transform/rom_value[1][8]_i_11
INFO: [Physopt 32-662] Processed net system_i/iq_0/inst/core/transform/p_0_out_inferred__1/rom_value[1][8]_i_5_n_0.  Did not re-place instance system_i/iq_0/inst/core/transform/p_0_out_inferred__1/rom_value[1][8]_i_5
INFO: [Physopt 32-662] Processed net system_i/iq_0/inst/core/transform/index_reg[13]_3.  Did not re-place instance system_i/iq_0/inst/core/transform/g6_b8_i_1
INFO: [Physopt 32-662] Processed net system_i/iq_0/inst/core/transform/p_0_out_inferred__1/rom_value[1][6]_i_6_n_0.  Did not re-place instance system_i/iq_0/inst/core/transform/p_0_out_inferred__1/rom_value[1][6]_i_6
INFO: [Physopt 32-662] Processed net system_i/iq_0/inst/core/transform/p_0_out_inferred__3/rom_value[3][4]_i_1_n_0.  Did not re-place instance system_i/iq_0/inst/core/transform/p_0_out_inferred__3/rom_value[3][4]_i_1
INFO: [Physopt 32-662] Processed net system_i/iq_0/inst/core/transform/p_0_out_inferred__3/rom_value[3][4]_i_7_n_0.  Did not re-place instance system_i/iq_0/inst/core/transform/p_0_out_inferred__3/rom_value[3][4]_i_7
INFO: [Physopt 32-662] Processed net system_i/iq_0/inst/core/transform/p_0_out_inferred__3/rom_value[3][8]_i_1_n_0.  Did not re-place instance system_i/iq_0/inst/core/transform/p_0_out_inferred__3/rom_value[3][8]_i_1
INFO: [Physopt 32-662] Processed net system_i/iq_0/inst/core/transform/p_0_out_inferred__3/rom_value[3][8]_i_2_n_0.  Did not re-place instance system_i/iq_0/inst/core/transform/p_0_out_inferred__3/rom_value[3][8]_i_2
INFO: [Physopt 32-663] Processed net system_i/iq_0/inst/core/transform/p_0_out_inferred__3/rom_value[3][8]_i_6_n_0.  Re-placed instance system_i/iq_0/inst/core/transform/p_0_out_inferred__3/rom_value[3][8]_i_6
INFO: [Physopt 32-662] Processed net system_i/iq_0/inst/core/transform/rom_value_reg[3]_57[4].  Did not re-place instance system_i/iq_0/inst/core/transform/rom_value_reg[3][4]
INFO: [Physopt 32-662] Processed net system_i/iq_0/inst/core/transform/rom_value_reg[3]_57[8].  Did not re-place instance system_i/iq_0/inst/core/transform/rom_value_reg[3][8]
INFO: [Physopt 32-662] Processed net system_i/iq_0/inst/core/transform/p_0_out_inferred__4/rom_value[4][8]_i_6_n_0.  Did not re-place instance system_i/iq_0/inst/core/transform/p_0_out_inferred__4/rom_value[4][8]_i_6
INFO: [Physopt 32-662] Processed net system_i/iq_0/inst/core/transform/p_0_out_inferred__2/rom_value[2][0]_i_6_n_0.  Did not re-place instance system_i/iq_0/inst/core/transform/p_0_out_inferred__2/rom_value[2][0]_i_6
INFO: [Physopt 32-662] Processed net system_i/iq_0/inst/core/transform/p_0_out_inferred__4/rom_value[4][5]_i_6_n_0.  Did not re-place instance system_i/iq_0/inst/core/transform/p_0_out_inferred__4/rom_value[4][5]_i_6
INFO: [Physopt 32-662] Processed net system_i/iq_0/inst/core/transform/p_0_out_inferred__5/rom_value[5][8]_i_1_n_0.  Did not re-place instance system_i/iq_0/inst/core/transform/p_0_out_inferred__5/rom_value[5][8]_i_1
INFO: [Physopt 32-662] Processed net system_i/iq_0/inst/core/transform/p_0_out_inferred__5/rom_value[5][8]_i_7_n_0.  Did not re-place instance system_i/iq_0/inst/core/transform/p_0_out_inferred__5/rom_value[5][8]_i_7
INFO: [Physopt 32-662] Processed net system_i/iq_0/inst/core/transform/rom_value_reg[5]_59[8].  Did not re-place instance system_i/iq_0/inst/core/transform/rom_value_reg[5][8]
INFO: [Physopt 32-662] Processed net system_i/iq_0/inst/core/transform/p_0_out_inferred__5/rom_value[5][3]_i_11_n_0.  Did not re-place instance system_i/iq_0/inst/core/transform/p_0_out_inferred__5/rom_value[5][3]_i_11
INFO: [Physopt 32-662] Processed net system_i/iq_0/inst/core/transform/p_0_out_inferred__5/rom_value[5][3]_i_1_n_0.  Did not re-place instance system_i/iq_0/inst/core/transform/p_0_out_inferred__5/rom_value[5][3]_i_1
INFO: [Physopt 32-662] Processed net system_i/iq_0/inst/core/transform/rom_value_reg[5]_59[3].  Did not re-place instance system_i/iq_0/inst/core/transform/rom_value_reg[5][3]
INFO: [Physopt 32-662] Processed net system_i/iq_0/inst/freq_ring/producer[1]_repN.  Did not re-place instance system_i/iq_0/inst/freq_ring/producer_reg[1]_replica
INFO: [Physopt 32-662] Processed net system_i/iq_0/inst/core/transform/p_0_out_inferred__4/rom_value[4][4]_i_8_n_0.  Did not re-place instance system_i/iq_0/inst/core/transform/p_0_out_inferred__4/rom_value[4][4]_i_8
INFO: [Physopt 32-662] Processed net system_i/iq_0/inst/core/transform/p_0_out_inferred__5/rom_value[5][8]_i_6_n_0.  Did not re-place instance system_i/iq_0/inst/core/transform/p_0_out_inferred__5/rom_value[5][8]_i_6
INFO: [Physopt 32-662] Processed net system_i/iq_0/inst/freq_ring/host_errors[19]_i_96_n_0.  Did not re-place instance system_i/iq_0/inst/freq_ring/host_errors[19]_i_96
INFO: [Physopt 32-662] Processed net system_i/iq_0/inst/core/transform/p_0_out_inferred__2/rom_value[2][5]_i_11_n_0.  Did not re-place instance system_i/iq_0/inst/core/transform/p_0_out_inferred__2/rom_value[2][5]_i_11
INFO: [Physopt 32-662] Processed net system_i/iq_0/inst/core/transform/p_0_out_inferred__2/rom_value[2][5]_i_1_n_0.  Did not re-place instance system_i/iq_0/inst/core/transform/p_0_out_inferred__2/rom_value[2][5]_i_1
INFO: [Physopt 32-662] Processed net system_i/iq_0/inst/core/transform/rom_value_reg[2]_56[5].  Did not re-place instance system_i/iq_0/inst/core/transform/rom_value_reg[2][5]
INFO: [Physopt 32-662] Processed net system_i/iq_0/inst/core/transform/p_0_out_inferred__4/rom_value[4][7]_i_1_n_0.  Did not re-place instance system_i/iq_0/inst/core/transform/p_0_out_inferred__4/rom_value[4][7]_i_1
INFO: [Physopt 32-662] Processed net system_i/iq_0/inst/core/transform/p_0_out_inferred__4/rom_value[4][7]_i_7_n_0.  Did not re-place instance system_i/iq_0/inst/core/transform/p_0_out_inferred__4/rom_value[4][7]_i_7
INFO: [Physopt 32-662] Processed net system_i/iq_0/inst/core/transform/p_0_out_inferred__6/rom_value[6][8]_i_6_n_0.  Did not re-place instance system_i/iq_0/inst/core/transform/p_0_out_inferred__6/rom_value[6][8]_i_6
INFO: [Physopt 32-662] Processed net system_i/iq_0/inst/core/transform/rom_value_reg[4]_58[7].  Did not re-place instance system_i/iq_0/inst/core/transform/rom_value_reg[4][7]
INFO: [Physopt 32-662] Processed net system_i/iq_0/inst/core/transform/p_0_out_inferred__2/rom_value[2][5]_i_10_n_0.  Did not re-place instance system_i/iq_0/inst/core/transform/p_0_out_inferred__2/rom_value[2][5]_i_10
INFO: [Physopt 32-662] Processed net system_i/iq_0/inst/core/transform/p_0_out_inferred__3/rom_value[3][4]_i_6_n_0.  Did not re-place instance system_i/iq_0/inst/core/transform/p_0_out_inferred__3/rom_value[3][4]_i_6
INFO: [Physopt 32-662] Processed net system_i/iq_0/inst/core/transform/p_0_out_inferred__4/rom_value[4][7]_i_6_n_0.  Did not re-place instance system_i/iq_0/inst/core/transform/p_0_out_inferred__4/rom_value[4][7]_i_6
INFO: [Physopt 32-662] Processed net system_i/iq_0/inst/core/transform/p_0_out_inferred__6/rom_value[6][5]_i_9_n_0.  Did not re-place instance system_i/iq_0/inst/core/transform/p_0_out_inferred__6/rom_value[6][5]_i_9
INFO: [Physopt 32-663] Processed net system_i/iq_0/inst/freq_ring/freq_dropped[1]_repN.  Re-placed instance system_i/iq_0/inst/freq_ring/dropped_reg[1]_replica
INFO: [Physopt 32-662] Processed net system_i/iq_0/inst/core/transform/p_0_out_inferred__5/rom_value[5][8]_i_8_n_0.  Did not re-place instance system_i/iq_0/inst/core/transform/p_0_out_inferred__5/rom_value[5][8]_i_8
INFO: [Physopt 32-662] Processed net system_i/iq_0/inst/core/transform/p_0_out_inferred__5/rom_value[5][5]_i_11_n_0.  Did not re-place instance system_i/iq_0/inst/core/transform/p_0_out_inferred__5/rom_value[5][5]_i_11
INFO: [Physopt 32-662] Processed net system_i/iq_0/inst/core/transform/p_0_out_inferred__5/rom_value[5][5]_i_1_n_0.  Did not re-place instance system_i/iq_0/inst/core/transform/p_0_out_inferred__5/rom_value[5][5]_i_1
INFO: [Physopt 32-662] Processed net system_i/iq_0/inst/core/transform/rom_value_reg[5]_59[5].  Did not re-place instance system_i/iq_0/inst/core/transform/rom_value_reg[5][5]
INFO: [Physopt 32-662] Processed net system_i/iq_0/inst/core/transform/p_0_out_inferred__4/rom_value[4][8]_i_9_n_0.  Did not re-place instance system_i/iq_0/inst/core/transform/p_0_out_inferred__4/rom_value[4][8]_i_9
INFO: [Physopt 32-662] Processed net system_i/iq_0/inst/core/transform/p_0_out_inferred__4/rom_value[4][1]_i_1_n_0.  Did not re-place instance system_i/iq_0/inst/core/transform/p_0_out_inferred__4/rom_value[4][1]_i_1
INFO: [Physopt 32-662] Processed net system_i/iq_0/inst/core/transform/p_0_out_inferred__4/rom_value[4][1]_i_7_n_0.  Did not re-place instance system_i/iq_0/inst/core/transform/p_0_out_inferred__4/rom_value[4][1]_i_7
INFO: [Physopt 32-662] Processed net system_i/iq_0/inst/core/transform/p_0_out_inferred__5/rom_value[5][5]_i_10_n_0.  Did not re-place instance system_i/iq_0/inst/core/transform/p_0_out_inferred__5/rom_value[5][5]_i_10
INFO: [Physopt 32-662] Processed net system_i/iq_0/inst/core/transform/rom_value_reg[4]_58[1].  Did not re-place instance system_i/iq_0/inst/core/transform/rom_value_reg[4][1]
INFO: [Physopt 32-662] Processed net system_i/iq_0/inst/core/transform/p_0_out_inferred__6/rom_value[6][9]_i_11_n_0.  Did not re-place instance system_i/iq_0/inst/core/transform/p_0_out_inferred__6/rom_value[6][9]_i_11
INFO: [Physopt 32-662] Processed net system_i/iq_0/inst/core/transform/index_reg[13]_1.  Did not re-place instance system_i/iq_0/inst/core/transform/g3_b8_i_1
INFO: [Physopt 32-662] Processed net system_i/iq_0/inst/freq_ring/producer[0]_repN.  Did not re-place instance system_i/iq_0/inst/freq_ring/producer_reg[0]_replica
INFO: [Physopt 32-662] Processed net system_i/iq_0/inst/core/transform/p_0_out_inferred__7/rom_value[7][10]_i_1_n_0.  Did not re-place instance system_i/iq_0/inst/core/transform/p_0_out_inferred__7/rom_value[7][10]_i_1
INFO: [Physopt 32-662] Processed net system_i/iq_0/inst/core/transform/p_0_out_inferred__7/rom_value[7][10]_i_3_n_0.  Did not re-place instance system_i/iq_0/inst/core/transform/p_0_out_inferred__7/rom_value[7][10]_i_3
INFO: [Physopt 32-663] Processed net system_i/iq_0/inst/core/transform/p_0_out_inferred__7/rom_value[7][10]_i_6_n_0.  Re-placed instance system_i/iq_0/inst/core/transform/p_0_out_inferred__7/rom_value[7][10]_i_6
INFO: [Physopt 32-662] Processed net system_i/iq_0/inst/freq_ring/host_errors[19]_i_97_n_0.  Did not re-place instance system_i/iq_0/inst/freq_ring/host_errors[19]_i_97
INFO: [Physopt 32-662] Processed net system_i/iq_0/inst/core/transform/rom_value_reg[7]_61[10].  Did not re-place instance system_i/iq_0/inst/core/transform/rom_value_reg[7][10]
INFO: [Physopt 32-662] Processed net system_i/iq_0/inst/core/transform/index_reg[13]_24.  Did not re-place instance system_i/iq_0/inst/core/transform/g0_b4_i_1
INFO: [Physopt 32-662] Processed net system_i/iq_0/inst/core/g7_b4_n_0.  Did not re-place instance system_i/iq_0/inst/core/g7_b4
INFO: [Physopt 32-662] Processed net system_i/iq_0/inst/core/transform/p_0_out[4].  Did not re-place instance system_i/iq_0/inst/core/transform/rom_value[0][4]_i_1
INFO: [Physopt 32-662] Processed net system_i/iq_0/inst/core/transform/p_0_out_inferred__3/rom_value[3][8]_i_5_n_0.  Did not re-place instance system_i/iq_0/inst/core/transform/p_0_out_inferred__3/rom_value[3][8]_i_5
INFO: [Physopt 32-662] Processed net system_i/iq_0/inst/core/transform/p_0_out_inferred__6/rom_value[6][4]_i_1_n_0.  Did not re-place instance system_i/iq_0/inst/core/transform/p_0_out_inferred__6/rom_value[6][4]_i_1
INFO: [Physopt 32-662] Processed net system_i/iq_0/inst/core/transform/p_0_out_inferred__6/rom_value[6][4]_i_6_n_0.  Did not re-place instance system_i/iq_0/inst/core/transform/p_0_out_inferred__6/rom_value[6][4]_i_6
INFO: [Physopt 32-662] Processed net system_i/iq_0/inst/core/transform/p_0_out_inferred__6/rom_value[6][4]_i_7_n_0.  Did not re-place instance system_i/iq_0/inst/core/transform/p_0_out_inferred__6/rom_value[6][4]_i_7
INFO: [Physopt 32-662] Processed net system_i/iq_0/inst/core/transform/rom_value_reg[0]_54[4].  Did not re-place instance system_i/iq_0/inst/core/transform/rom_value_reg[0][4]
INFO: [Physopt 32-662] Processed net system_i/iq_0/inst/core/transform/rom_value_reg[6]_60[4].  Did not re-place instance system_i/iq_0/inst/core/transform/rom_value_reg[6][4]
INFO: [Physopt 32-662] Processed net system_i/iq_0/inst/core/transform/index_reg[13]_15.  Did not re-place instance system_i/iq_0/inst/core/transform/g0_b2_i_3
INFO: [Physopt 32-662] Processed net system_i/iq_0/inst/core/g3_b5_n_0.  Did not re-place instance system_i/iq_0/inst/core/g3_b5
INFO: [Physopt 32-662] Processed net system_i/iq_0/inst/core/transform/p_0_out_inferred__6/rom_value[6][9]_i_10_n_0.  Did not re-place instance system_i/iq_0/inst/core/transform/p_0_out_inferred__6/rom_value[6][9]_i_10
INFO: [Physopt 32-662] Processed net system_i/iq_0/inst/core/transform/index_reg[13]_18.  Did not re-place instance system_i/iq_0/inst/core/transform/g0_b4_i_3
INFO: [Physopt 32-662] Processed net system_i/iq_0/inst/core/transform/p_0_out_inferred__6/rom_value[6][4]_i_8_n_0.  Did not re-place instance system_i/iq_0/inst/core/transform/p_0_out_inferred__6/rom_value[6][4]_i_8
INFO: [Physopt 32-662] Processed net system_i/iq_0/inst/core/transform/rom_value[3][13]_i_3_n_0.  Did not re-place instance system_i/iq_0/inst/core/transform/rom_value[3][13]_i_3
INFO: [Physopt 32-662] Processed net system_i/iq_0/inst/core/transform/p_0_out_inferred__6/rom_value[6][5]_i_6_n_0.  Did not re-place instance system_i/iq_0/inst/core/transform/p_0_out_inferred__6/rom_value[6][5]_i_6
INFO: [Physopt 32-662] Processed net system_i/iq_0/inst/core/transform/p_0_out_inferred__1/rom_value[1][1]_i_11_n_0.  Did not re-place instance system_i/iq_0/inst/core/transform/p_0_out_inferred__1/rom_value[1][1]_i_11
INFO: [Physopt 32-663] Processed net system_i/iq_0/inst/core/transform/rom_value[2][11]_i_4_n_0.  Re-placed instance system_i/iq_0/inst/core/transform/rom_value[2][11]_i_4
INFO: [Physopt 32-662] Processed net system_i/iq_0/inst/freq_ring/producer[8].  Did not re-place instance system_i/iq_0/inst/freq_ring/producer_reg[8]
INFO: [Physopt 32-662] Processed net system_i/iq_0/inst/core/transform/p_0_out_inferred__1/rom_value[1][1]_i_10_n_0.  Did not re-place instance system_i/iq_0/inst/core/transform/p_0_out_inferred__1/rom_value[1][1]_i_10
INFO: [Physopt 32-662] Processed net system_i/iq_0/inst/core/transform/p_0_out_inferred__2/rom_value[2][9]_i_1_n_0.  Did not re-place instance system_i/iq_0/inst/core/transform/p_0_out_inferred__2/rom_value[2][9]_i_1
INFO: [Physopt 32-662] Processed net system_i/iq_0/inst/core/transform/p_0_out_inferred__2/rom_value[2][9]_i_2_n_0.  Did not re-place instance system_i/iq_0/inst/core/transform/p_0_out_inferred__2/rom_value[2][9]_i_2
INFO: [Physopt 32-662] Processed net system_i/iq_0/inst/freq_ring/host_errors[19]_i_89_n_0.  Did not re-place instance system_i/iq_0/inst/freq_ring/host_errors[19]_i_89
INFO: [Physopt 32-662] Processed net system_i/iq_0/inst/core/transform/rom_value_reg[2]_56[9].  Did not re-place instance system_i/iq_0/inst/core/transform/rom_value_reg[2][9]
INFO: [Physopt 32-662] Processed net system_i/iq_0/inst/core/transform/p_0_out_inferred__4/rom_value[4][1]_i_6_n_0.  Did not re-place instance system_i/iq_0/inst/core/transform/p_0_out_inferred__4/rom_value[4][1]_i_6
INFO: [Physopt 32-662] Processed net system_i/iq_0/inst/core/transform/p_0_out_inferred__5/rom_value[5][1]_i_1_n_0.  Did not re-place instance system_i/iq_0/inst/core/transform/p_0_out_inferred__5/rom_value[5][1]_i_1
INFO: [Physopt 32-662] Processed net system_i/iq_0/inst/core/transform/p_0_out_inferred__5/rom_value[5][1]_i_6_n_0.  Did not re-place instance system_i/iq_0/inst/core/transform/p_0_out_inferred__5/rom_value[5][1]_i_6
INFO: [Physopt 32-662] Processed net system_i/iq_0/inst/core/transform/p_0_out_inferred__6/rom_value[6][4]_i_9_n_0.  Did not re-place instance system_i/iq_0/inst/core/transform/p_0_out_inferred__6/rom_value[6][4]_i_9
INFO: [Physopt 32-662] Processed net system_i/iq_0/inst/core/transform/p_0_out_inferred__7/rom_value[7][8]_i_1_n_0.  Did not re-place instance system_i/iq_0/inst/core/transform/p_0_out_inferred__7/rom_value[7][8]_i_1
INFO: [Physopt 32-662] Processed net system_i/iq_0/inst/core/transform/p_0_out_inferred__7/rom_value[7][8]_i_7_n_0.  Did not re-place instance system_i/iq_0/inst/core/transform/p_0_out_inferred__7/rom_value[7][8]_i_7
INFO: [Physopt 32-662] Processed net system_i/iq_0/inst/core/transform/rom_value_reg[5]_59[1].  Did not re-place instance system_i/iq_0/inst/core/transform/rom_value_reg[5][1]
INFO: [Physopt 32-662] Processed net system_i/iq_0/inst/core/transform/rom_value_reg[7]_61[8].  Did not re-place instance system_i/iq_0/inst/core/transform/rom_value_reg[7][8]
INFO: [Physopt 32-662] Processed net system_i/iq_0/inst/core/transform/rom_value[3][11]_i_4_n_0.  Did not re-place instance system_i/iq_0/inst/core/transform/rom_value[3][11]_i_4
INFO: [Physopt 32-662] Processed net system_i/iq_0/inst/core/transform/p_0_out_inferred__4/rom_value[4][6]_i_11_n_0.  Did not re-place instance system_i/iq_0/inst/core/transform/p_0_out_inferred__4/rom_value[4][6]_i_11
INFO: [Physopt 32-662] Processed net system_i/iq_0/inst/core/transform/p_0_out_inferred__7/rom_value[7][10]_i_2_n_0.  Did not re-place instance system_i/iq_0/inst/core/transform/p_0_out_inferred__7/rom_value[7][10]_i_2
INFO: [Physopt 32-663] Processed net system_i/iq_0/inst/core/transform/index_reg[13]_22.  Re-placed instance system_i/iq_0/inst/core/transform/g2_b7_i_1
INFO: [Physopt 32-663] Processed net system_i/iq_0/inst/core/g7_b7_n_0.  Re-placed instance system_i/iq_0/inst/core/g7_b7
INFO: [Physopt 32-662] Processed net system_i/iq_0/inst/core/transform/p_0_out[7].  Did not re-place instance system_i/iq_0/inst/core/transform/rom_value[0][7]_i_1
INFO: [Physopt 32-662] Processed net system_i/iq_0/inst/core/transform/p_0_out_inferred__5/rom_value[5][5]_i_7_n_0.  Did not re-place instance system_i/iq_0/inst/core/transform/p_0_out_inferred__5/rom_value[5][5]_i_7
INFO: [Physopt 32-662] Processed net system_i/iq_0/inst/core/transform/p_0_out_inferred__6/rom_value[6][5]_i_13_n_0.  Did not re-place instance system_i/iq_0/inst/core/transform/p_0_out_inferred__6/rom_value[6][5]_i_13
INFO: [Physopt 32-662] Processed net system_i/iq_0/inst/core/transform/p_0_out_inferred__7/rom_value[7][8]_i_6_n_0.  Did not re-place instance system_i/iq_0/inst/core/transform/p_0_out_inferred__7/rom_value[7][8]_i_6
INFO: [Physopt 32-662] Processed net system_i/iq_0/inst/core/transform/rom_value_reg[0][7]_i_2_n_0.  Did not re-place instance system_i/iq_0/inst/core/transform/rom_value_reg[0][7]_i_2
INFO: [Physopt 32-662] Processed net system_i/iq_0/inst/core/transform/rom_value_reg[0]_54[7].  Did not re-place instance system_i/iq_0/inst/core/transform/rom_value_reg[0][7]
INFO: [Physopt 32-662] Processed net system_i/iq_0/inst/core/transform/p_0_out_inferred__6/rom_value[6][11]_i_8_n_0.  Did not re-place instance system_i/iq_0/inst/core/transform/p_0_out_inferred__6/rom_value[6][11]_i_8
INFO: [Physopt 32-662] Processed net system_i/iq_0/inst/core/transform/p_0_out_inferred__4/rom_value[4][6]_i_10_n_0.  Did not re-place instance system_i/iq_0/inst/core/transform/p_0_out_inferred__4/rom_value[4][6]_i_10
INFO: [Physopt 32-662] Processed net system_i/iq_0/inst/core/transform/p_0_out_inferred__6/rom_value[6][10]_i_1_n_0.  Did not re-place instance system_i/iq_0/inst/core/transform/p_0_out_inferred__6/rom_value[6][10]_i_1
INFO: [Physopt 32-662] Processed net system_i/iq_0/inst/core/transform/p_0_out_inferred__6/rom_value[6][10]_i_4_n_0.  Did not re-place instance system_i/iq_0/inst/core/transform/p_0_out_inferred__6/rom_value[6][10]_i_4
INFO: [Physopt 32-662] Processed net system_i/iq_0/inst/core/transform/p_0_out_inferred__7/rom_value[7][5]_i_9_n_0.  Did not re-place instance system_i/iq_0/inst/core/transform/p_0_out_inferred__7/rom_value[7][5]_i_9
INFO: [Physopt 32-662] Processed net system_i/iq_0/inst/core/transform/rom_value_reg[6]_60[10].  Did not re-place instance system_i/iq_0/inst/core/transform/rom_value_reg[6][10]
INFO: [Physopt 32-662] Processed net system_i/iq_0/inst/core/transform/p_0_out_inferred__4/rom_value[4][4]_i_7_n_0.  Did not re-place instance system_i/iq_0/inst/core/transform/p_0_out_inferred__4/rom_value[4][4]_i_7
INFO: [Physopt 32-662] Processed net system_i/iq_0/inst/core/transform/p_0_out_inferred__5/rom_value[5][5]_i_6_n_0.  Did not re-place instance system_i/iq_0/inst/core/transform/p_0_out_inferred__5/rom_value[5][5]_i_6
INFO: [Physopt 32-662] Processed net system_i/iq_0/inst/core/transform/p_0_out_inferred__6/rom_value[6][10]_i_3_n_0.  Did not re-place instance system_i/iq_0/inst/core/transform/p_0_out_inferred__6/rom_value[6][10]_i_3
INFO: [Physopt 32-663] Processed net system_i/iq_0/inst/core/transform/p_0_out_inferred__6/rom_value[6][10]_i_8_n_0.  Re-placed instance system_i/iq_0/inst/core/transform/p_0_out_inferred__6/rom_value[6][10]_i_8
INFO: [Physopt 32-662] Processed net system_i/iq_0/inst/core/g2_b5_n_0.  Did not re-place instance system_i/iq_0/inst/core/g2_b5
INFO: [Physopt 32-662] Processed net system_i/iq_0/inst/core/transform/p_0_out_inferred__7/rom_value[7][5]_i_8_n_0.  Did not re-place instance system_i/iq_0/inst/core/transform/p_0_out_inferred__7/rom_value[7][5]_i_8
INFO: [Physopt 32-662] Processed net system_i/iq_0/inst/core/transform/p_0_out_inferred__3/rom_value[3][1]_i_1_n_0.  Did not re-place instance system_i/iq_0/inst/core/transform/p_0_out_inferred__3/rom_value[3][1]_i_1
INFO: [Physopt 32-662] Processed net system_i/iq_0/inst/core/transform/p_0_out_inferred__3/rom_value[3][1]_i_7_n_0.  Did not re-place instance system_i/iq_0/inst/core/transform/p_0_out_inferred__3/rom_value[3][1]_i_7
INFO: [Physopt 32-662] Processed net system_i/iq_0/inst/core/transform/p_0_out_inferred__6/rom_value[6][5]_i_12_n_0.  Did not re-place instance system_i/iq_0/inst/core/transform/p_0_out_inferred__6/rom_value[6][5]_i_12
INFO: [Physopt 32-662] Processed net system_i/iq_0/inst/core/transform/rom_value_reg[3]_57[1].  Did not re-place instance system_i/iq_0/inst/core/transform/rom_value_reg[3][1]
INFO: [Physopt 32-662] Processed net system_i/iq_0/inst/core/transform/p_0_out_inferred__1/rom_value[1][5]_i_13_n_0.  Did not re-place instance system_i/iq_0/inst/core/transform/p_0_out_inferred__1/rom_value[1][5]_i_13
INFO: [Physopt 32-663] Processed net system_i/iq_0/inst/core/transform/folded[7].  Re-placed instance system_i/iq_0/inst/core/transform/g0_b0_i_20
INFO: [Physopt 32-662] Processed net system_i/iq_0/inst/core/transform/p_0_out_inferred__1/rom_value[1][5]_i_12_n_0.  Did not re-place instance system_i/iq_0/inst/core/transform/p_0_out_inferred__1/rom_value[1][5]_i_12
INFO: [Physopt 32-662] Processed net system_i/iq_0/inst/core/transform/p_0_out_inferred__5/rom_value[5][4]_i_9_n_0.  Did not re-place instance system_i/iq_0/inst/core/transform/p_0_out_inferred__5/rom_value[5][4]_i_9
INFO: [Physopt 32-662] Processed net system_i/iq_0/inst/core/transform/p_0_out_inferred__6/rom_value[6][5]_i_8_n_0.  Did not re-place instance system_i/iq_0/inst/core/transform/p_0_out_inferred__6/rom_value[6][5]_i_8
INFO: [Physopt 32-662] Processed net system_i/iq_0/inst/core/transform/p_0_out_inferred__3/rom_value[3][1]_i_6_n_0.  Did not re-place instance system_i/iq_0/inst/core/transform/p_0_out_inferred__3/rom_value[3][1]_i_6
INFO: [Physopt 32-662] Processed net system_i/iq_0/inst/core/transform/p_0_out_inferred__1/rom_value[1][4]_i_1_n_0.  Did not re-place instance system_i/iq_0/inst/core/transform/p_0_out_inferred__1/rom_value[1][4]_i_1
INFO: [Physopt 32-662] Processed net system_i/iq_0/inst/core/transform/p_0_out_inferred__1/rom_value[1][4]_i_9_n_0.  Did not re-place instance system_i/iq_0/inst/core/transform/p_0_out_inferred__1/rom_value[1][4]_i_9
INFO: [Physopt 32-662] Processed net system_i/iq_0/inst/core/transform/p_0_out_inferred__4/rom_value[4][4]_i_6_n_0.  Did not re-place instance system_i/iq_0/inst/core/transform/p_0_out_inferred__4/rom_value[4][4]_i_6
INFO: [Physopt 32-662] Processed net system_i/iq_0/inst/core/transform/rom_value_reg[1]_55[4].  Did not re-place instance system_i/iq_0/inst/core/transform/rom_value_reg[1][4]
INFO: [Physopt 32-662] Processed net system_i/iq_0/inst/core/transform/p_0_out_inferred__6/rom_value[6][10]_i_2_n_0.  Did not re-place instance system_i/iq_0/inst/core/transform/p_0_out_inferred__6/rom_value[6][10]_i_2
INFO: [Physopt 32-663] Processed net system_i/iq_0/inst/core/transform/p_0_out_inferred__6/rom_value[6][10]_i_5_n_0.  Re-placed instance system_i/iq_0/inst/core/transform/p_0_out_inferred__6/rom_value[6][10]_i_5
INFO: [Physopt 32-662] Processed net system_i/iq_0/inst/core/transform/p_0_out_inferred__2/rom_value[2][10]_i_1_n_0.  Did not re-place instance system_i/iq_0/inst/core/transform/p_0_out_inferred__2/rom_value[2][10]_i_1
INFO: [Physopt 32-662] Processed net system_i/iq_0/inst/core/transform/p_0_out_inferred__2/rom_value[2][10]_i_2_n_0.  Did not re-place instance system_i/iq_0/inst/core/transform/p_0_out_inferred__2/rom_value[2][10]_i_2
INFO: [Physopt 32-662] Processed net system_i/iq_0/inst/core/transform/rom_value_reg[2]_56[10].  Did not re-place instance system_i/iq_0/inst/core/transform/rom_value_reg[2][10]
INFO: [Physopt 32-662] Processed net system_i/iq_0/inst/core/transform/p_0_out_inferred__1/rom_value[1][2]_i_1_n_0.  Did not re-place instance system_i/iq_0/inst/core/transform/p_0_out_inferred__1/rom_value[1][2]_i_1
INFO: [Physopt 32-662] Processed net system_i/iq_0/inst/core/transform/p_0_out_inferred__1/rom_value[1][2]_i_7_n_0.  Did not re-place instance system_i/iq_0/inst/core/transform/p_0_out_inferred__1/rom_value[1][2]_i_7
INFO: [Physopt 32-662] Processed net system_i/iq_0/inst/core/transform/p_0_out_inferred__1/rom_value[1][4]_i_8_n_0.  Did not re-place instance system_i/iq_0/inst/core/transform/p_0_out_inferred__1/rom_value[1][4]_i_8
INFO: [Physopt 32-662] Processed net system_i/iq_0/inst/core/transform/p_0_out_inferred__1/rom_value[1][8]_i_9_n_0.  Did not re-place instance system_i/iq_0/inst/core/transform/p_0_out_inferred__1/rom_value[1][8]_i_9
INFO: [Physopt 32-662] Processed net system_i/iq_0/inst/core/transform/rom_value_reg[1]_55[2].  Did not re-place instance system_i/iq_0/inst/core/transform/rom_value_reg[1][2]
INFO: [Physopt 32-663] Processed net system_i/iq_0/inst/core/transform/index_reg[13]_8.  Re-placed instance system_i/iq_0/inst/core/transform/g0_b1_i_1
INFO: [Physopt 32-661] Optimized 12 nets.  Re-placed 12 instances.
INFO: [Physopt 32-775] End 1 Pass. Optimized 12 nets or cells. Created 0 new cell, deleted 0 existing cell and moved 12 existing cells
INFO: [Physopt 32-619] Estimated Timing Summary | WNS=-0.239 | TNS=-3.881 |
Netlist sorting complete. Time (s): cpu = 00:00:00 ; elapsed = 00:00:00.066 . Memory (MB): peak = 2648.457 ; gain = 0.000
Phase 9 Single Cell Placement Optimization | Checksum: 144429b36

Time (s): cpu = 00:02:32 ; elapsed = 00:01:12 . Memory (MB): peak = 2648.457 ; gain = 0.000

Phase 10 Multi Cell Placement Optimization
INFO: [Physopt 32-660] Identified 100 candidate nets for placement-based optimization.
INFO: [Physopt 32-662] Processed net system_i/iq_0/inst/core/rb/E[0].  Did not re-place instance system_i/iq_0/inst/core/rb/host_errors[19]_i_1/O
INFO: [Physopt 32-662] Processed net system_i/iq_0/inst/core/rb/host_errors[19]_i_4_n_0.  Did not re-place instance system_i/iq_0/inst/core/rb/host_errors[19]_i_4/O
INFO: [Physopt 32-662] Processed net system_i/iq_0/inst/freq_ring/producer[2]_repN.  Did not re-place instance system_i/iq_0/inst/freq_ring/producer_reg[2]_replica/Q
INFO: [Physopt 32-662] Processed net system_i/iq_0/inst/core/rb/host_errors[19]_i_11_n_0.  Did not re-place instance system_i/iq_0/inst/core/rb/host_errors[19]_i_11/O
INFO: [Physopt 32-662] Processed net system_i/iq_0/inst/core/rb/host_errors[19]_i_13_n_0.  Did not re-place instance system_i/iq_0/inst/core/rb/host_errors[19]_i_13/O
INFO: [Physopt 32-662] Processed net system_i/iq_0/inst/core/rb/host_errors[19]_i_6_n_0.  Did not re-place instance system_i/iq_0/inst/core/rb/host_errors[19]_i_6/O
INFO: [Physopt 32-662] Processed net system_i/iq_0/inst/core/transform/index_reg[0]_rep_n_0.  Did not re-place instance system_i/iq_0/inst/core/transform/index_reg[0]_rep/Q
INFO: [Physopt 32-662] Processed net system_i/iq_0/inst/core/transform/g0_b0_i_22_n_0.  Did not re-place instance system_i/iq_0/inst/core/transform/g0_b0_i_22/O
INFO: [Physopt 32-662] Processed net system_i/iq_0/inst/core/transform/p_0_out_inferred__4/rom_value[4][9]_i_1_n_0.  Did not re-place instance system_i/iq_0/inst/core/transform/p_0_out_inferred__4/rom_value[4][9]_i_1/O
INFO: [Physopt 32-662] Processed net system_i/iq_0/inst/core/transform/p_0_out_inferred__6/rom_value[6][5]_i_1_n_0.  Did not re-place instance system_i/iq_0/inst/core/transform/p_0_out_inferred__6/rom_value[6][5]_i_1/O
INFO: [Physopt 32-662] Processed net system_i/iq_0/inst/core/transform/folded[6].  Did not re-place instance system_i/iq_0/inst/core/transform/g6_b8_i_2/O
INFO: [Physopt 32-662] Processed net system_i/iq_0/inst/core/transform/p_0_out_inferred__4/rom_value[4][6]_i_1_n_0.  Did not re-place instance system_i/iq_0/inst/core/transform/p_0_out_inferred__4/rom_value[4][6]_i_1/O
INFO: [Physopt 32-662] Processed net system_i/iq_0/inst/freq_ring/producer[1]_repN.  Did not re-place instance system_i/iq_0/inst/freq_ring/producer_reg[1]_replica/Q
INFO: [Physopt 32-662] Processed net system_i/iq_0/inst/core/transform/p_0_out_inferred__5/rom_value[5][4]_i_1_n_0.  Did not re-place instance system_i/iq_0/inst/core/transform/p_0_out_inferred__5/rom_value[5][4]_i_1/O
INFO: [Physopt 32-662] Processed net system_i/iq_0/inst/core/transform/p_0_out_inferred__7/rom_value[7][5]_i_1_n_0.  Did not re-place instance system_i/iq_0/inst/core/transform/p_0_out_inferred__7/rom_value[7][5]_i_1/O
INFO: [Physopt 32-662] Processed net system_i/iq_0/inst/core/transform/p_0_out_inferred__7/rom_value[7][6]_i_1_n_0.  Did not re-place instance system_i/iq_0/inst/core/transform/p_0_out_inferred__7/rom_value[7][6]_i_1/O
INFO: [Physopt 32-662] Processed net system_i/iq_0/inst/core/transform/p_0_out_inferred__5/rom_value[5][6]_i_1_n_0.  Did not re-place instance system_i/iq_0/inst/core/transform/p_0_out_inferred__5/rom_value[5][6]_i_1/O
INFO: [Physopt 32-662] Processed net system_i/iq_0/inst/freq_ring/producer[0]_repN.  Did not re-place instance system_i/iq_0/inst/freq_ring/producer_reg[0]_replica/Q
INFO: [Physopt 32-662] Processed net system_i/iq_0/inst/core/transform/folded[5].  Did not re-place instance system_i/iq_0/inst/core/transform/g0_b0_i_14/O
INFO: [Physopt 32-662] Processed net system_i/iq_0/inst/freq_ring/producer[8].  Did not re-place instance system_i/iq_0/inst/freq_ring/producer_reg[8]/Q
INFO: [Physopt 32-662] Processed net system_i/iq_0/inst/freq_ring/producer[8].  Did not re-place instance system_i/iq_0/inst/freq_ring/producer_reg[8]/Q
INFO: [Physopt 32-662] Processed net system_i/iq_0/inst/core/transform/p_0_out[5].  Did not re-place instance system_i/iq_0/inst/core/transform/rom_value[0][5]_i_1/O
INFO: [Physopt 32-662] Processed net system_i/iq_0/inst/core/transform/p_0_out[6].  Did not re-place instance system_i/iq_0/inst/core/transform/rom_value[0][6]_i_1/O
INFO: [Physopt 32-662] Processed net system_i/iq_0/inst/core/transform/index_reg[13]_6.  Did not re-place instance system_i/iq_0/inst/core/transform/g0_b0_i_4/O
INFO: [Physopt 32-662] Processed net system_i/iq_0/inst/core/transform/p_0_out_inferred__2/rom_value[2][2]_i_1_n_0.  Did not re-place instance system_i/iq_0/inst/core/transform/p_0_out_inferred__2/rom_value[2][2]_i_1/O
INFO: [Physopt 32-662] Processed net system_i/iq_0/inst/core/transform/p_0_out_inferred__2/rom_value[2][4]_i_1_n_0.  Did not re-place instance system_i/iq_0/inst/core/transform/p_0_out_inferred__2/rom_value[2][4]_i_1/O
INFO: [Physopt 32-662] Processed net system_i/iq_0/inst/core/transform/p_0_out_inferred__1/rom_value[1][5]_i_1_n_0.  Did not re-place instance system_i/iq_0/inst/core/transform/p_0_out_inferred__1/rom_value[1][5]_i_1/O
INFO: [Physopt 32-662] Processed net system_i/iq_0/inst/core/transform/p_0_out_inferred__1/rom_value[1][0]_i_1_n_0.  Did not re-place instance system_i/iq_0/inst/core/transform/p_0_out_inferred__1/rom_value[1][0]_i_1/O
INFO: [Physopt 32-662] Processed net system_i/iq_0/inst/freq_ring/freq_dropped[1]_repN.  Did not re-place instance system_i/iq_0/inst/freq_ring/dropped_reg[1]_replica/Q
INFO: [Physopt 32-662] Processed net system_i/iq_0/inst/core/transform/p_0_out_inferred__6/rom_value[6][9]_i_1_n_0.  Did not re-place instance system_i/iq_0/inst/core/transform/p_0_out_inferred__6/rom_value[6][9]_i_1/O
INFO: [Physopt 32-662] Processed net system_i/iq_0/inst/core/transform/p_0_out_inferred__1/rom_value[1][8]_i_1_n_0.  Did not re-place instance system_i/iq_0/inst/core/transform/p_0_out_inferred__1/rom_value[1][8]_i_1/O
INFO: [Physopt 32-662] Processed net system_i/iq_0/inst/core/transform/index_reg[13]_0.  Did not re-place instance system_i/iq_0/inst/core/transform/g3_b8_i_2/O
INFO: [Physopt 32-662] Processed net system_i/iq_0/inst/core/transform/p_0_out_inferred__3/rom_value[3][9]_i_1_n_0.  Did not re-place instance system_i/iq_0/inst/core/transform/p_0_out_inferred__3/rom_value[3][9]_i_1/O
INFO: [Physopt 32-662] Processed net system_i/iq_0/inst/core/transform/p_0_out_inferred__3/rom_value[3][9]_i_4_n_0.  Did not re-place instance system_i/iq_0/inst/core/transform/p_0_out_inferred__3/rom_value[3][9]_i_4/O
INFO: [Physopt 32-662] Processed net system_i/iq_0/inst/core/transform/p_0_out_inferred__3/rom_value[3][9]_i_6_n_0.  Did not re-place instance system_i/iq_0/inst/core/transform/p_0_out_inferred__3/rom_value[3][9]_i_6/O
INFO: [Physopt 32-662] Processed net system_i/iq_0/inst/core/transform/p_0_out_inferred__6/rom_value[6][1]_i_1_n_0.  Did not re-place instance system_i/iq_0/inst/core/transform/p_0_out_inferred__6/rom_value[6][1]_i_1/O
INFO: [Physopt 32-662] Processed net system_i/iq_0/inst/core/transform/complement0_i_7_n_0.  Did not re-place instance system_i/iq_0/inst/core/transform/complement0_i_7/O
INFO: [Physopt 32-663] Processed net system_i/iq_0/inst/core/transform/folded[10].  Re-placed instance system_i/iq_0/inst/core/transform/complement0_i_13/O
INFO: [Physopt 32-662] Processed net system_i/iq_0/inst/core/transform/p_0_out_inferred__1/rom_value[1][1]_i_1_n_0.  Did not re-place instance system_i/iq_0/inst/core/transform/p_0_out_inferred__1/rom_value[1][1]_i_1/O
INFO: [Physopt 32-662] Processed net system_i/iq_0/inst/core/transform/p_0_out_inferred__2/rom_value[2][0]_i_1_n_0.  Did not re-place instance system_i/iq_0/inst/core/transform/p_0_out_inferred__2/rom_value[2][0]_i_1/O
INFO: [Physopt 32-662] Processed net system_i/iq_0/inst/core/transform/p_0_out_inferred__6/rom_value[6][8]_i_1_n_0.  Did not re-place instance system_i/iq_0/inst/core/transform/p_0_out_inferred__6/rom_value[6][8]_i_1/O
INFO: [Physopt 32-662] Processed net system_i/iq_0/inst/core/transform/index_reg[13]_1.  Did not re-place instance system_i/iq_0/inst/core/transform/g3_b8_i_1/O
INFO: [Physopt 32-663] Processed net system_i/iq_0/inst/loader_crc_byte_reg_n_0_[1].  Re-placed instance system_i/iq_0/inst/loader_crc_byte_reg[1]/Q
INFO: [Physopt 32-662] Processed net system_i/iq_0/inst/bank_length0[31]_i_3_n_0.  Did not re-place instance system_i/iq_0/inst/bank_length0[31]_i_3/O
INFO: [Physopt 32-662] Processed net system_i/iq_0/inst/loader_crc_state[10]_i_2_n_0.  Did not re-place instance system_i/iq_0/inst/loader_crc_state[10]_i_2/O
INFO: [Physopt 32-662] Processed net system_i/iq_0/inst/bank_crc0[31]_i_1_n_0.  Did not re-place instance system_i/iq_0/inst/bank_crc0[31]_i_1/O
INFO: [Physopt 32-662] Processed net system_i/iq_0/inst/bank_length03_out[7].  Did not re-place instance system_i/iq_0/inst/bank_length0[7]_i_1/O
INFO: [Physopt 32-662] Processed net system_i/iq_0/inst/loader_transfers[0]_i_3_n_0.  Did not re-place instance system_i/iq_0/inst/loader_transfers[0]_i_3/O
INFO: [Physopt 32-662] Processed net system_i/iq_0/inst/core/transform/rom_value[3][13]_i_3_n_0.  Did not re-place instance system_i/iq_0/inst/core/transform/rom_value[3][13]_i_3/O
INFO: [Physopt 32-662] Processed net system_i/iq_0/inst/loader_errors[7]_i_42_n_0.  Did not re-place instance system_i/iq_0/inst/loader_errors[7]_i_42/O
INFO: [Physopt 32-662] Processed net system_i/iq_0/inst/core/transform/p_0_out_inferred__7/rom_value[7][10]_i_1_n_0.  Did not re-place instance system_i/iq_0/inst/core/transform/p_0_out_inferred__7/rom_value[7][10]_i_1/O
INFO: [Physopt 32-662] Processed net system_i/iq_0/inst/core/transform/p_0_out_inferred__7/rom_value[7][10]_i_3_n_0.  Did not re-place instance system_i/iq_0/inst/core/transform/p_0_out_inferred__7/rom_value[7][10]_i_3/O
INFO: [Physopt 32-662] Processed net system_i/iq_0/inst/loader_crc_state[10]_i_3_n_0.  Did not re-place instance system_i/iq_0/inst/loader_crc_state[10]_i_3/O
INFO: [Physopt 32-663] Processed net system_i/iq_0/inst/bank_crc0_reg_n_0_[28].  Re-placed instance system_i/iq_0/inst/bank_crc0_reg[28]/Q
INFO: [Physopt 32-663] Processed net system_i/iq_0/inst/bank_crc0_reg_n_0_[29].  Re-placed instance system_i/iq_0/inst/bank_crc0_reg[29]/Q
INFO: [Physopt 32-662] Processed net system_i/iq_0/inst/core/transform/p_0_out_inferred__4/rom_value[4][8]_i_1_n_0.  Did not re-place instance system_i/iq_0/inst/core/transform/p_0_out_inferred__4/rom_value[4][8]_i_1/O
INFO: [Physopt 32-662] Processed net system_i/iq_0/inst/core/transform/p_0_out_inferred__4/rom_value[4][5]_i_1_n_0.  Did not re-place instance system_i/iq_0/inst/core/transform/p_0_out_inferred__4/rom_value[4][5]_i_1/O
INFO: [Physopt 32-661] Optimized 4 nets.  Re-placed 8 instances.
INFO: [Physopt 32-775] End 1 Pass. Optimized 4 nets or cells. Created 0 new cell, deleted 0 existing cell and moved 8 existing cells
INFO: [Physopt 32-619] Estimated Timing Summary | WNS=-0.239 | TNS=-3.536 |
Netlist sorting complete. Time (s): cpu = 00:00:00 ; elapsed = 00:00:00.070 . Memory (MB): peak = 2648.457 ; gain = 0.000
Phase 10 Multi Cell Placement Optimization | Checksum: 1aa280c40

Time (s): cpu = 00:02:58 ; elapsed = 00:01:22 . Memory (MB): peak = 2648.457 ; gain = 0.000

Phase 11 Rewire
INFO: [Physopt 32-246] Starting Signal Push optimization...
INFO: [Physopt 32-77] Pass 1. Identified 2 candidate nets for rewire optimization.
INFO: [Physopt 32-242] Processed net system_i/iq_0/inst/core/transform/rom_bank[2]_i_13_n_0. Rewired (signal push) system_i/iq_0/inst/core/transform/index_reg[2] to 1 loads. Replicated 0 times.
INFO: [Physopt 32-134] Processed net system_i/iq_0/inst/core/transform/complement0_i_7_n_0. Rewiring did not optimize the net.
INFO: [Physopt 32-232] Optimized 1 net. Created 0 new instance.
INFO: [Physopt 32-775] End 1 Pass. Optimized 1 net or cell. Created 0 new cell, deleted 0 existing cell and moved 0 existing cell
Netlist sorting complete. Time (s): cpu = 00:00:01 ; elapsed = 00:00:00.083 . Memory (MB): peak = 2648.457 ; gain = 0.000
INFO: [Physopt 32-619] Estimated Timing Summary | WNS=-0.239 | TNS=-3.536 |
Netlist sorting complete. Time (s): cpu = 00:00:00 ; elapsed = 00:00:00.069 . Memory (MB): peak = 2648.457 ; gain = 0.000
Phase 11 Rewire | Checksum: 20e4c8dea

Time (s): cpu = 00:02:59 ; elapsed = 00:01:23 . Memory (MB): peak = 2648.457 ; gain = 0.000

Phase 12 Critical Cell Optimization
INFO: [Physopt 32-46] Identified 30 candidate nets for critical-cell optimization.
INFO: [Physopt 32-571] Net system_i/iq_0/inst/core/transform/index_reg[0]_rep_n_0 was not replicated.
INFO: [Physopt 32-572] Net system_i/iq_0/inst/core/transform/p_0_out_inferred__1/g0_b0_i_15_n_0 was not replicated.
Resolution: phys_opt_design can be forced to replicate a net driver using the option -force_replication_on_nets <list of net objects>.
INFO: [Physopt 32-572] Net system_i/iq_0/inst/core/transform/folded[6] was not replicated.
Resolution: phys_opt_design can be forced to replicate a net driver using the option -force_replication_on_nets <list of net objects>.
INFO: [Physopt 32-572] Net system_i/iq_0/inst/core/transform/folded[5] was not replicated.
Resolution: phys_opt_design can be forced to replicate a net driver using the option -force_replication_on_nets <list of net objects>.
INFO: [Physopt 32-572] Net system_i/iq_0/inst/core/transform/rom_value[1][8]_i_11_n_0 was not replicated.
Resolution: phys_opt_design can be forced to replicate a net driver using the option -force_replication_on_nets <list of net objects>.
INFO: [Physopt 32-81] Processed net system_i/iq_0/inst/freq_ring/dropped[3]. Replicated 1 times.
INFO: [Physopt 32-572] Net system_i/iq_0/inst/bank_length0[31]_i_3_n_0 was not replicated.
Resolution: phys_opt_design can be forced to replicate a net driver using the option -force_replication_on_nets <list of net objects>.
INFO: [Physopt 32-572] Net system_i/iq_0/inst/loader_crc_state[10]_i_2_n_0 was not replicated.
Resolution: phys_opt_design can be forced to replicate a net driver using the option -force_replication_on_nets <list of net objects>.
INFO: [Physopt 32-572] Net system_i/iq_0/inst/bank_length03_out[7] was not replicated.
Resolution: phys_opt_design can be forced to replicate a net driver using the option -force_replication_on_nets <list of net objects>.
INFO: [Physopt 32-572] Net system_i/iq_0/inst/loader_transfers[0]_i_3_n_0 was not replicated.
Resolution: phys_opt_design can be forced to replicate a net driver using the option -force_replication_on_nets <list of net objects>.
INFO: [Physopt 32-572] Net system_i/iq_0/inst/loader_errors[7]_i_42_n_0 was not replicated.
Resolution: phys_opt_design can be forced to replicate a net driver using the option -force_replication_on_nets <list of net objects>.
INFO: [Physopt 32-572] Net system_i/iq_0/inst/loader_crc_state[31]_i_4_n_0 was not replicated.
Resolution: phys_opt_design can be forced to replicate a net driver using the option -force_replication_on_nets <list of net objects>.
INFO: [Physopt 32-572] Net system_i/iq_0/inst/loader_crc_state[31]_i_6_n_0 was not replicated.
Resolution: phys_opt_design can be forced to replicate a net driver using the option -force_replication_on_nets <list of net objects>.
INFO: [Physopt 32-572] Net system_i/iq_0/inst/loader_errors[7]_i_39_n_0 was not replicated.
Resolution: phys_opt_design can be forced to replicate a net driver using the option -force_replication_on_nets <list of net objects>.
INFO: [Physopt 32-572] Net system_i/iq_0/inst/bank1/loader_received_reg[14][10] was not replicated.
Resolution: phys_opt_design can be forced to replicate a net driver using the option -force_replication_on_nets <list of net objects>.
INFO: [Physopt 32-81] Processed net system_i/iq_0/inst/loader_received_reg[4]. Replicated 1 times.
INFO: [Physopt 32-572] Net system_i/iq_0/inst/bank_length03_out[31] was not replicated.
Resolution: phys_opt_design can be forced to replicate a net driver using the option -force_replication_on_nets <list of net objects>.
INFO: [Physopt 32-572] Net system_i/iq_0/inst/loader_errors[7]_i_41_n_0 was not replicated.
Resolution: phys_opt_design can be forced to replicate a net driver using the option -force_replication_on_nets <list of net objects>.
INFO: [Physopt 32-81] Processed net system_i/iq_0/inst/loader_crc_state[12]_i_2_n_0. Replicated 1 times.
INFO: [Physopt 32-571] Net system_i/iq_0/inst/loader_crc_state[23]_i_3_n_0 was not replicated.
INFO: [Physopt 32-572] Net system_i/iq_0/inst/loader_crc_state[20]_i_2_n_0 was not replicated.
Resolution: phys_opt_design can be forced to replicate a net driver using the option -force_replication_on_nets <list of net objects>.
INFO: [Physopt 32-572] Net system_i/iq_0/inst/core/transform/rom_value[3][13]_i_3_n_0 was not replicated.
Resolution: phys_opt_design can be forced to replicate a net driver using the option -force_replication_on_nets <list of net objects>.
INFO: [Physopt 32-572] Net system_i/iq_0/inst/core/transform/rom_value[3][11]_i_4_n_0 was not replicated.
Resolution: phys_opt_design can be forced to replicate a net driver using the option -force_replication_on_nets <list of net objects>.
INFO: [Physopt 32-572] Net system_i/iq_0/inst/burst_ring/bank_length1_reg[29] was not replicated.
Resolution: phys_opt_design can be forced to replicate a net driver using the option -force_replication_on_nets <list of net objects>.
INFO: [Physopt 32-81] Processed net system_i/iq_0/inst/bank_length0_reg_n_0_[1]. Replicated 1 times.
INFO: [Physopt 32-81] Processed net system_i/iq_0/inst/bank_length1_reg_n_0_[13]. Replicated 1 times.
INFO: [Physopt 32-572] Net system_i/iq_0/inst/core/transform/p_0_out_inferred__6/rom_value[6][11]_i_8_n_0 was not replicated.
Resolution: phys_opt_design can be forced to replicate a net driver using the option -force_replication_on_nets <list of net objects>.
INFO: [Physopt 32-572] Net system_i/iq_0/inst/core/transform/rom_value[2][11]_i_4_n_0 was not replicated.
Resolution: phys_opt_design can be forced to replicate a net driver using the option -force_replication_on_nets <list of net objects>.
INFO: [Physopt 32-572] Net system_i/iq_0/inst/loader_crc_state[11]_i_2_n_0 was not replicated.
Resolution: phys_opt_design can be forced to replicate a net driver using the option -force_replication_on_nets <list of net objects>.
INFO: [Physopt 32-572] Net system_i/iq_0/inst/bank_crc0[7]_i_1_n_0 was not replicated.
Resolution: phys_opt_design can be forced to replicate a net driver using the option -force_replication_on_nets <list of net objects>.
INFO: [Physopt 32-232] Optimized 5 nets. Created 5 new instances.
INFO: [Physopt 32-775] End 1 Pass. Optimized 5 nets or cells. Created 5 new cells, deleted 0 existing cell and moved 0 existing cell
INFO: [Physopt 32-619] Estimated Timing Summary | WNS=-0.239 | TNS=-3.499 |
Netlist sorting complete. Time (s): cpu = 00:00:00 ; elapsed = 00:00:00.117 . Memory (MB): peak = 2648.457 ; gain = 0.000
Phase 12 Critical Cell Optimization | Checksum: 11f531cf8

Time (s): cpu = 00:03:21 ; elapsed = 00:01:33 . Memory (MB): peak = 2648.457 ; gain = 0.000

Phase 13 SLR Crossing Optimization
Phase 13 SLR Crossing Optimization | Checksum: 11f531cf8

Time (s): cpu = 00:03:21 ; elapsed = 00:01:33 . Memory (MB): peak = 2648.457 ; gain = 0.000

Phase 14 Fanout Optimization
INFO: [Physopt 32-76] Pass 1. Identified 5 candidate nets for fanout optimization.
INFO: [Physopt 32-572] Net system_i/iq_0/inst/core/transform/rom_value[0][8]_i_3_n_0 was not replicated.
Resolution: phys_opt_design can be forced to replicate a net driver using the option -force_replication_on_nets <list of net objects>.
INFO: [Physopt 32-572] Net system_i/iq_0/inst/core/transform/g0_b0_i_8_n_0 was not replicated.
Resolution: phys_opt_design can be forced to replicate a net driver using the option -force_replication_on_nets <list of net objects>.
INFO: [Physopt 32-572] Net system_i/iq_0/inst/core/transform/index_reg[13]_4 was not replicated.
Resolution: phys_opt_design can be forced to replicate a net driver using the option -force_replication_on_nets <list of net objects>.
INFO: [Physopt 32-572] Net system_i/iq_0/inst/core/transform/index_reg[13]_20 was not replicated.
Resolution: phys_opt_design can be forced to replicate a net driver using the option -force_replication_on_nets <list of net objects>.
INFO: [Physopt 32-572] Net system_i/iq_0/inst/core/transform/index_reg[13]_6 was not replicated.
Resolution: phys_opt_design can be forced to replicate a net driver using the option -force_replication_on_nets <list of net objects>.
INFO: [Physopt 32-232] Optimized 0 net. Created 0 new instance.
INFO: [Physopt 32-775] End 1 Pass. Optimized 0 net or cell. Created 0 new cell, deleted 0 existing cell and moved 0 existing cell
Netlist sorting complete. Time (s): cpu = 00:00:00 ; elapsed = 00:00:00.125 . Memory (MB): peak = 2648.457 ; gain = 0.000
Phase 14 Fanout Optimization | Checksum: 171bf9962

Time (s): cpu = 00:03:28 ; elapsed = 00:01:37 . Memory (MB): peak = 2648.457 ; gain = 0.000

Phase 15 Single Cell Placement Optimization
INFO: [Physopt 32-660] Identified 250 candidate nets for placement-based optimization.
INFO: [Physopt 32-662] Processed net system_i/iq_0/inst/core/rb/E[0].  Did not re-place instance system_i/iq_0/inst/core/rb/host_errors[19]_i_1
INFO: [Physopt 32-662] Processed net system_i/iq_0/inst/core/rb/host_errors[19]_i_4_n_0.  Did not re-place instance system_i/iq_0/inst/core/rb/host_errors[19]_i_4
INFO: [Physopt 32-662] Processed net system_i/iq_0/inst/freq_ring/producer[2]_repN.  Did not re-place instance system_i/iq_0/inst/freq_ring/producer_reg[2]_replica
INFO: [Physopt 32-662] Processed net system_i/iq_0/inst/core/rb/host_errors[19]_i_11_n_0.  Did not re-place instance system_i/iq_0/inst/core/rb/host_errors[19]_i_11
INFO: [Physopt 32-662] Processed net system_i/iq_0/inst/core/rb/host_errors[19]_i_13_n_0.  Did not re-place instance system_i/iq_0/inst/core/rb/host_errors[19]_i_13
INFO: [Physopt 32-662] Processed net system_i/iq_0/inst/core/rb/host_errors[19]_i_6_n_0.  Did not re-place instance system_i/iq_0/inst/core/rb/host_errors[19]_i_6
INFO: [Physopt 32-662] Processed net system_i/iq_0/inst/freq_ring/host_errors[19]_i_34_n_0.  Did not re-place instance system_i/iq_0/inst/freq_ring/host_errors[19]_i_34
INFO: [Physopt 32-662] Processed net system_i/iq_0/inst/freq_ring/host_errors[19]_i_95_n_0.  Did not re-place instance system_i/iq_0/inst/freq_ring/host_errors[19]_i_95
INFO: [Physopt 32-662] Processed net system_i/iq_0/inst/host_errors_reg_n_0_[19].  Did not re-place instance system_i/iq_0/inst/host_errors_reg[19]
INFO: [Physopt 32-662] Processed net system_i/iq_0/inst/data1[8].  Did not re-place instance system_i/iq_0/inst/host_errors_reg[8]
INFO: [Physopt 32-662] Processed net system_i/iq_0/inst/data1[9].  Did not re-place instance system_i/iq_0/inst/host_errors_reg[9]
INFO: [Physopt 32-662] Processed net system_i/iq_0/inst/data1[12].  Did not re-place instance system_i/iq_0/inst/host_errors_reg[12]
INFO: [Physopt 32-662] Processed net system_i/iq_0/inst/core/rb/completed_reg[28]_0[0].  Did not re-place instance system_i/iq_0/inst/core/rb/host_errors[19]_i_28
INFO: [Physopt 32-662] Processed net system_i/iq_0/inst/core/rb/completed_reg[15]_0[0].  Did not re-place instance system_i/iq_0/inst/core/rb/host_errors[19]_i_36
INFO: [Physopt 32-662] Processed net system_i/iq_0/inst/core/transform/rom_value[0][8]_i_3_n_0.  Did not re-place instance system_i/iq_0/inst/core/transform/rom_value[0][8]_i_3
INFO: [Physopt 32-662] Processed net system_i/iq_0/inst/core/transform/g0_b0_i_8_n_0.  Did not re-place instance system_i/iq_0/inst/core/transform/g0_b0_i_8
INFO: [Physopt 32-662] Processed net system_i/iq_0/inst/core/transform/index_reg[0]_rep_n_0.  Did not re-place instance system_i/iq_0/inst/core/transform/index_reg[0]_rep
INFO: [Physopt 32-662] Processed net system_i/iq_0/inst/core/transform/p_0_out_inferred__1/g0_b0_i_15_n_0.  Did not re-place instance system_i/iq_0/inst/core/transform/p_0_out_inferred__1/g0_b0_i_15
INFO: [Physopt 32-662] Processed net system_i/iq_0/inst/core/transform/g0_b0_i_22_n_0.  Did not re-place instance system_i/iq_0/inst/core/transform/g0_b0_i_22
INFO: [Physopt 32-662] Processed net system_i/iq_0/inst/core/transform/p_0_out_inferred__4/rom_value[4][9]_i_1_n_0.  Did not re-place instance system_i/iq_0/inst/core/transform/p_0_out_inferred__4/rom_value[4][9]_i_1
INFO: [Physopt 32-662] Processed net system_i/iq_0/inst/core/transform/p_0_out_inferred__4/rom_value[4][9]_i_7_n_0.  Did not re-place instance system_i/iq_0/inst/core/transform/p_0_out_inferred__4/rom_value[4][9]_i_7
INFO: [Physopt 32-662] Processed net system_i/iq_0/inst/core/transform/rom_value_reg[4]_58[9].  Did not re-place instance system_i/iq_0/inst/core/transform/rom_value_reg[4][9]
INFO: [Physopt 32-662] Processed net system_i/iq_0/inst/core/transform/p_0_out_inferred__4/rom_value[4][9]_i_6_n_0.  Did not re-place instance system_i/iq_0/inst/core/transform/p_0_out_inferred__4/rom_value[4][9]_i_6
INFO: [Physopt 32-662] Processed net system_i/iq_0/inst/core/transform/index_reg[13]_4.  Did not re-place instance system_i/iq_0/inst/core/transform/g1_b5_i_3
INFO: [Physopt 32-662] Processed net system_i/iq_0/inst/core/transform/p_0_out_inferred__6/rom_value[6][5]_i_1_n_0.  Did not re-place instance system_i/iq_0/inst/core/transform/p_0_out_inferred__6/rom_value[6][5]_i_1
INFO: [Physopt 32-662] Processed net system_i/iq_0/inst/core/transform/p_0_out_inferred__6/rom_value[6][5]_i_7_n_0.  Did not re-place instance system_i/iq_0/inst/core/transform/p_0_out_inferred__6/rom_value[6][5]_i_7
INFO: [Physopt 32-662] Processed net system_i/iq_0/inst/core/transform/rom_value_reg[6]_60[5].  Did not re-place instance system_i/iq_0/inst/core/transform/rom_value_reg[6][5]
INFO: [Physopt 32-662] Processed net system_i/iq_0/inst/core/transform/folded[6].  Did not re-place instance system_i/iq_0/inst/core/transform/g6_b8_i_2
INFO: [Physopt 32-662] Processed net system_i/iq_0/inst/core/transform/p_0_out_inferred__4/rom_value[4][6]_i_1_n_0.  Did not re-place instance system_i/iq_0/inst/core/transform/p_0_out_inferred__4/rom_value[4][6]_i_1
INFO: [Physopt 32-662] Processed net system_i/iq_0/inst/core/transform/p_0_out_inferred__4/rom_value[4][6]_i_7_n_0.  Did not re-place instance system_i/iq_0/inst/core/transform/p_0_out_inferred__4/rom_value[4][6]_i_7
INFO: [Physopt 32-662] Processed net system_i/iq_0/inst/core/transform/rom_value_reg[4]_58[6].  Did not re-place instance system_i/iq_0/inst/core/transform/rom_value_reg[4][6]
INFO: [Physopt 32-662] Processed net system_i/iq_0/inst/freq_ring/producer[1]_repN.  Did not re-place instance system_i/iq_0/inst/freq_ring/producer_reg[1]_replica
INFO: [Physopt 32-662] Processed net system_i/iq_0/inst/core/transform/p_0_out_inferred__4/rom_value[4][6]_i_6_n_0.  Did not re-place instance system_i/iq_0/inst/core/transform/p_0_out_inferred__4/rom_value[4][6]_i_6
INFO: [Physopt 32-662] Processed net system_i/iq_0/inst/freq_ring/host_errors[19]_i_96_n_0.  Did not re-place instance system_i/iq_0/inst/freq_ring/host_errors[19]_i_96
INFO: [Physopt 32-662] Processed net system_i/iq_0/inst/core/transform/p_0_out_inferred__5/rom_value[5][4]_i_1_n_0.  Did not re-place instance system_i/iq_0/inst/core/transform/p_0_out_inferred__5/rom_value[5][4]_i_1
INFO: [Physopt 32-662] Processed net system_i/iq_0/inst/core/transform/p_0_out_inferred__5/rom_value[5][4]_i_7_n_0.  Did not re-place instance system_i/iq_0/inst/core/transform/p_0_out_inferred__5/rom_value[5][4]_i_7
INFO: [Physopt 32-662] Processed net system_i/iq_0/inst/core/transform/rom_value_reg[5]_59[4].  Did not re-place instance system_i/iq_0/inst/core/transform/rom_value_reg[5][4]
INFO: [Physopt 32-662] Processed net system_i/iq_0/inst/core/transform/p_0_out_inferred__7/rom_value[7][5]_i_1_n_0.  Did not re-place instance system_i/iq_0/inst/core/transform/p_0_out_inferred__7/rom_value[7][5]_i_1
INFO: [Physopt 32-662] Processed net system_i/iq_0/inst/core/transform/p_0_out_inferred__7/rom_value[7][5]_i_7_n_0.  Did not re-place instance system_i/iq_0/inst/core/transform/p_0_out_inferred__7/rom_value[7][5]_i_7
INFO: [Physopt 32-662] Processed net system_i/iq_0/inst/core/transform/rom_value_reg[7]_61[5].  Did not re-place instance system_i/iq_0/inst/core/transform/rom_value_reg[7][5]
INFO: [Physopt 32-662] Processed net system_i/iq_0/inst/core/transform/p_0_out_inferred__7/rom_value[7][6]_i_1_n_0.  Did not re-place instance system_i/iq_0/inst/core/transform/p_0_out_inferred__7/rom_value[7][6]_i_1
INFO: [Physopt 32-662] Processed net system_i/iq_0/inst/core/transform/p_0_out_inferred__7/rom_value[7][6]_i_7_n_0.  Did not re-place instance system_i/iq_0/inst/core/transform/p_0_out_inferred__7/rom_value[7][6]_i_7
INFO: [Physopt 32-662] Processed net system_i/iq_0/inst/core/transform/rom_value_reg[7]_61[6].  Did not re-place instance system_i/iq_0/inst/core/transform/rom_value_reg[7][6]
INFO: [Physopt 32-662] Processed net system_i/iq_0/inst/core/transform/p_0_out_inferred__5/rom_value[5][6]_i_1_n_0.  Did not re-place instance system_i/iq_0/inst/core/transform/p_0_out_inferred__5/rom_value[5][6]_i_1
INFO: [Physopt 32-662] Processed net system_i/iq_0/inst/core/transform/p_0_out_inferred__5/rom_value[5][6]_i_9_n_0.  Did not re-place instance system_i/iq_0/inst/core/transform/p_0_out_inferred__5/rom_value[5][6]_i_9
INFO: [Physopt 32-662] Processed net system_i/iq_0/inst/core/transform/rom_value_reg[5]_59[6].  Did not re-place instance system_i/iq_0/inst/core/transform/rom_value_reg[5][6]
INFO: [Physopt 32-662] Processed net system_i/iq_0/inst/freq_ring/producer[0]_repN.  Did not re-place instance system_i/iq_0/inst/freq_ring/producer_reg[0]_replica
INFO: [Physopt 32-662] Processed net system_i/iq_0/inst/core/transform/p_0_out_inferred__5/rom_value[5][4]_i_6_n_0.  Did not re-place instance system_i/iq_0/inst/core/transform/p_0_out_inferred__5/rom_value[5][4]_i_6
INFO: [Physopt 32-662] Processed net system_i/iq_0/inst/freq_ring/host_errors[19]_i_97_n_0.  Did not re-place instance system_i/iq_0/inst/freq_ring/host_errors[19]_i_97
INFO: [Physopt 32-662] Processed net system_i/iq_0/inst/core/transform/p_0_out_inferred__5/rom_value[5][6]_i_8_n_0.  Did not re-place instance system_i/iq_0/inst/core/transform/p_0_out_inferred__5/rom_value[5][6]_i_8
INFO: [Physopt 32-662] Processed net system_i/iq_0/inst/core/transform/p_0_out_inferred__7/rom_value[7][6]_i_6_n_0.  Did not re-place instance system_i/iq_0/inst/core/transform/p_0_out_inferred__7/rom_value[7][6]_i_6
INFO: [Physopt 32-662] Processed net system_i/iq_0/inst/core/transform/folded[5].  Did not re-place instance system_i/iq_0/inst/core/transform/g0_b0_i_14
INFO: [Physopt 32-662] Processed net system_i/iq_0/inst/freq_ring/producer[8].  Did not re-place instance system_i/iq_0/inst/freq_ring/producer_reg[8]
INFO: [Physopt 32-662] Processed net system_i/iq_0/inst/freq_ring/host_errors[19]_i_89_n_0.  Did not re-place instance system_i/iq_0/inst/freq_ring/host_errors[19]_i_89
INFO: [Physopt 32-662] Processed net system_i/iq_0/inst/core/transform/index_reg[13]_20.  Did not re-place instance system_i/iq_0/inst/core/transform/g1_b5_i_1
INFO: [Physopt 32-662] Processed net system_i/iq_0/inst/core/g5_b5_n_0.  Did not re-place instance system_i/iq_0/inst/core/g5_b5
INFO: [Physopt 32-662] Processed net system_i/iq_0/inst/core/g7_b6_n_0.  Did not re-place instance system_i/iq_0/inst/core/g7_b6
INFO: [Physopt 32-662] Processed net system_i/iq_0/inst/core/transform/p_0_out[5].  Did not re-place instance system_i/iq_0/inst/core/transform/rom_value[0][5]_i_1
INFO: [Physopt 32-662] Processed net system_i/iq_0/inst/core/transform/p_0_out[6].  Did not re-place instance system_i/iq_0/inst/core/transform/rom_value[0][6]_i_1
INFO: [Physopt 32-662] Processed net system_i/iq_0/inst/core/transform/p_0_out_inferred__7/rom_value[7][5]_i_6_n_0.  Did not re-place instance system_i/iq_0/inst/core/transform/p_0_out_inferred__7/rom_value[7][5]_i_6
INFO: [Physopt 32-662] Processed net system_i/iq_0/inst/core/transform/rom_value_reg[0]_54[5].  Did not re-place instance system_i/iq_0/inst/core/transform/rom_value_reg[0][5]
INFO: [Physopt 32-662] Processed net system_i/iq_0/inst/core/transform/rom_value_reg[0]_54[6].  Did not re-place instance system_i/iq_0/inst/core/transform/rom_value_reg[0][6]
INFO: [Physopt 32-662] Processed net system_i/iq_0/inst/core/g6_b6_n_0.  Did not re-place instance system_i/iq_0/inst/core/g6_b6
INFO: [Physopt 32-662] Processed net system_i/iq_0/inst/core/transform/index_reg[13]_6.  Did not re-place instance system_i/iq_0/inst/core/transform/g0_b0_i_4
INFO: [Physopt 32-662] Processed net system_i/iq_0/inst/core/transform/p_0_out_inferred__2/rom_value[2][2]_i_1_n_0.  Did not re-place instance system_i/iq_0/inst/core/transform/p_0_out_inferred__2/rom_value[2][2]_i_1
INFO: [Physopt 32-662] Processed net system_i/iq_0/inst/core/transform/p_0_out_inferred__2/rom_value[2][2]_i_6_n_0.  Did not re-place instance system_i/iq_0/inst/core/transform/p_0_out_inferred__2/rom_value[2][2]_i_6
INFO: [Physopt 32-662] Processed net system_i/iq_0/inst/core/transform/p_0_out_inferred__2/rom_value[2][2]_i_7_n_0.  Did not re-place instance system_i/iq_0/inst/core/transform/p_0_out_inferred__2/rom_value[2][2]_i_7
INFO: [Physopt 32-662] Processed net system_i/iq_0/inst/core/transform/p_0_out_inferred__2/rom_value[2][4]_i_1_n_0.  Did not re-place instance system_i/iq_0/inst/core/transform/p_0_out_inferred__2/rom_value[2][4]_i_1
INFO: [Physopt 32-662] Processed net system_i/iq_0/inst/core/transform/p_0_out_inferred__2/rom_value[2][4]_i_9_n_0.  Did not re-place instance system_i/iq_0/inst/core/transform/p_0_out_inferred__2/rom_value[2][4]_i_9
INFO: [Physopt 32-662] Processed net system_i/iq_0/inst/core/transform/rom_value_reg[2]_56[2].  Did not re-place instance system_i/iq_0/inst/core/transform/rom_value_reg[2][2]
INFO: [Physopt 32-662] Processed net system_i/iq_0/inst/core/transform/rom_value_reg[2]_56[4].  Did not re-place instance system_i/iq_0/inst/core/transform/rom_value_reg[2][4]
INFO: [Physopt 32-662] Processed net system_i/iq_0/inst/core/transform/p_0_out_inferred__2/rom_value[2][4]_i_8_n_0.  Did not re-place instance system_i/iq_0/inst/core/transform/p_0_out_inferred__2/rom_value[2][4]_i_8
INFO: [Physopt 32-662] Processed net system_i/iq_0/inst/core/transform/p_0_out_inferred__1/rom_value[1][5]_i_1_n_0.  Did not re-place instance system_i/iq_0/inst/core/transform/p_0_out_inferred__1/rom_value[1][5]_i_1
INFO: [Physopt 32-662] Processed net system_i/iq_0/inst/core/transform/p_0_out_inferred__1/rom_value[1][5]_i_7_n_0.  Did not re-place instance system_i/iq_0/inst/core/transform/p_0_out_inferred__1/rom_value[1][5]_i_7
INFO: [Physopt 32-662] Processed net system_i/iq_0/inst/core/transform/rom_value_reg[1]_55[5].  Did not re-place instance system_i/iq_0/inst/core/transform/rom_value_reg[1][5]
INFO: [Physopt 32-662] Processed net system_i/iq_0/inst/core/transform/p_0_out_inferred__1/rom_value[1][0]_i_1_n_0.  Did not re-place instance system_i/iq_0/inst/core/transform/p_0_out_inferred__1/rom_value[1][0]_i_1
INFO: [Physopt 32-662] Processed net system_i/iq_0/inst/core/transform/p_0_out_inferred__1/rom_value[1][0]_i_7_n_0.  Did not re-place instance system_i/iq_0/inst/core/transform/p_0_out_inferred__1/rom_value[1][0]_i_7
INFO: [Physopt 32-662] Processed net system_i/iq_0/inst/core/transform/rom_value_reg[1]_55[0].  Did not re-place instance system_i/iq_0/inst/core/transform/rom_value_reg[1][0]
INFO: [Physopt 32-662] Processed net system_i/iq_0/inst/core/g7_b5_n_0.  Did not re-place instance system_i/iq_0/inst/core/g7_b5
INFO: [Physopt 32-662] Processed net system_i/iq_0/inst/freq_ring/freq_dropped[1]_repN.  Did not re-place instance system_i/iq_0/inst/freq_ring/dropped_reg[1]_replica
INFO: [Physopt 32-662] Processed net system_i/iq_0/inst/core/transform/index_reg[13]_23.  Did not re-place instance system_i/iq_0/inst/core/transform/g3_b8_i_4
INFO: [Physopt 32-662] Processed net system_i/iq_0/inst/core/transform/p_0_out_inferred__6/rom_value[6][9]_i_1_n_0.  Did not re-place instance system_i/iq_0/inst/core/transform/p_0_out_inferred__6/rom_value[6][9]_i_1
INFO: [Physopt 32-662] Processed net system_i/iq_0/inst/core/transform/p_0_out_inferred__6/rom_value[6][9]_i_7_n_0.  Did not re-place instance system_i/iq_0/inst/core/transform/p_0_out_inferred__6/rom_value[6][9]_i_7
INFO: [Physopt 32-662] Processed net system_i/iq_0/inst/core/transform/rom_value_reg[6]_60[9].  Did not re-place instance system_i/iq_0/inst/core/transform/rom_value_reg[6][9]
INFO: [Physopt 32-662] Processed net system_i/iq_0/inst/core/transform/rom_value[0][8]_i_4_n_0.  Did not re-place instance system_i/iq_0/inst/core/transform/rom_value[0][8]_i_4
INFO: [Physopt 32-662] Processed net system_i/iq_0/inst/core/g6_b5_n_0.  Did not re-place instance system_i/iq_0/inst/core/g6_b5
INFO: [Physopt 32-662] Processed net system_i/iq_0/inst/core/transform/p_0_out_inferred__1/rom_value[1][8]_i_1_n_0.  Did not re-place instance system_i/iq_0/inst/core/transform/p_0_out_inferred__1/rom_value[1][8]_i_1
INFO: [Physopt 32-662] Processed net system_i/iq_0/inst/core/transform/p_0_out_inferred__1/rom_value[1][8]_i_6_n_0.  Did not re-place instance system_i/iq_0/inst/core/transform/p_0_out_inferred__1/rom_value[1][8]_i_6
INFO: [Physopt 32-662] Processed net system_i/iq_0/inst/core/transform/rom_value_reg[1]_55[8].  Did not re-place instance system_i/iq_0/inst/core/transform/rom_value_reg[1][8]
INFO: [Physopt 32-662] Processed net system_i/iq_0/inst/core/transform/p_0_out_inferred__1/rom_value[1][0]_i_6_n_0.  Did not re-place instance system_i/iq_0/inst/core/transform/p_0_out_inferred__1/rom_value[1][0]_i_6
INFO: [Physopt 32-662] Processed net system_i/iq_0/inst/core/transform/index_reg[13]_0.  Did not re-place instance system_i/iq_0/inst/core/transform/g3_b8_i_2
INFO: [Physopt 32-662] Processed net system_i/iq_0/inst/core/transform/p_0_out_inferred__3/rom_value[3][9]_i_1_n_0.  Did not re-place instance system_i/iq_0/inst/core/transform/p_0_out_inferred__3/rom_value[3][9]_i_1
INFO: [Physopt 32-662] Processed net system_i/iq_0/inst/core/transform/p_0_out_inferred__3/rom_value[3][9]_i_4_n_0.  Did not re-place instance system_i/iq_0/inst/core/transform/p_0_out_inferred__3/rom_value[3][9]_i_4
INFO: [Physopt 32-662] Processed net system_i/iq_0/inst/core/transform/p_0_out_inferred__3/rom_value[3][9]_i_6_n_0.  Did not re-place instance system_i/iq_0/inst/core/transform/p_0_out_inferred__3/rom_value[3][9]_i_6
INFO: [Physopt 32-662] Processed net system_i/iq_0/inst/core/transform/p_0_out_inferred__6/rom_value[6][1]_i_1_n_0.  Did not re-place instance system_i/iq_0/inst/core/transform/p_0_out_inferred__6/rom_value[6][1]_i_1
INFO: [Physopt 32-662] Processed net system_i/iq_0/inst/core/transform/p_0_out_inferred__6/rom_value[6][1]_i_6_n_0.  Did not re-place instance system_i/iq_0/inst/core/transform/p_0_out_inferred__6/rom_value[6][1]_i_6
INFO: [Physopt 32-662] Processed net system_i/iq_0/inst/core/transform/p_0_out_inferred__6/rom_value[6][9]_i_6_n_0.  Did not re-place instance system_i/iq_0/inst/core/transform/p_0_out_inferred__6/rom_value[6][9]_i_6
INFO: [Physopt 32-662] Processed net system_i/iq_0/inst/core/transform/rom_value_reg[3]_57[9].  Did not re-place instance system_i/iq_0/inst/core/transform/rom_value_reg[3][9]
INFO: [Physopt 32-662] Processed net system_i/iq_0/inst/core/transform/rom_value_reg[6]_60[1].  Did not re-place instance system_i/iq_0/inst/core/transform/rom_value_reg[6][1]
INFO: [Physopt 32-662] Processed net system_i/iq_0/inst/core/transform/p_0_out_inferred__2/rom_value[2][2]_i_8_n_0.  Did not re-place instance system_i/iq_0/inst/core/transform/p_0_out_inferred__2/rom_value[2][2]_i_8
INFO: [Physopt 32-662] Processed net system_i/iq_0/inst/core/transform/p_0_out_inferred__1/rom_value[1][1]_i_1_n_0.  Did not re-place instance system_i/iq_0/inst/core/transform/p_0_out_inferred__1/rom_value[1][1]_i_1
INFO: [Physopt 32-662] Processed net system_i/iq_0/inst/core/transform/p_0_out_inferred__1/rom_value[1][1]_i_9_n_0.  Did not re-place instance system_i/iq_0/inst/core/transform/p_0_out_inferred__1/rom_value[1][1]_i_9
INFO: [Physopt 32-662] Processed net system_i/iq_0/inst/core/transform/rom_value_reg[1]_55[1].  Did not re-place instance system_i/iq_0/inst/core/transform/rom_value_reg[1][1]
INFO: [Physopt 32-662] Processed net system_i/iq_0/inst/core/transform/p_0_out_inferred__1/rom_value[1][5]_i_9_n_0.  Did not re-place instance system_i/iq_0/inst/core/transform/p_0_out_inferred__1/rom_value[1][5]_i_9
INFO: [Physopt 32-662] Processed net system_i/iq_0/inst/core/transform/p_0_out_inferred__2/rom_value[2][0]_i_1_n_0.  Did not re-place instance system_i/iq_0/inst/core/transform/p_0_out_inferred__2/rom_value[2][0]_i_1
INFO: [Physopt 32-662] Processed net system_i/iq_0/inst/core/transform/p_0_out_inferred__2/rom_value[2][0]_i_7_n_0.  Did not re-place instance system_i/iq_0/inst/core/transform/p_0_out_inferred__2/rom_value[2][0]_i_7
INFO: [Physopt 32-662] Processed net system_i/iq_0/inst/core/transform/p_0_out_inferred__6/rom_value[6][8]_i_1_n_0.  Did not re-place instance system_i/iq_0/inst/core/transform/p_0_out_inferred__6/rom_value[6][8]_i_1
INFO: [Physopt 32-662] Processed net system_i/iq_0/inst/core/transform/p_0_out_inferred__6/rom_value[6][8]_i_7_n_0.  Did not re-place instance system_i/iq_0/inst/core/transform/p_0_out_inferred__6/rom_value[6][8]_i_7
INFO: [Physopt 32-662] Processed net system_i/iq_0/inst/core/transform/rom_value_reg[2]_56[0].  Did not re-place instance system_i/iq_0/inst/core/transform/rom_value_reg[2][0]
INFO: [Physopt 32-662] Processed net system_i/iq_0/inst/core/transform/rom_value_reg[6]_60[8].  Did not re-place instance system_i/iq_0/inst/core/transform/rom_value_reg[6][8]
INFO: [Physopt 32-662] Processed net system_i/iq_0/inst/core/transform/p_0_out_inferred__1/rom_value[1][1]_i_8_n_0.  Did not re-place instance system_i/iq_0/inst/core/transform/p_0_out_inferred__1/rom_value[1][1]_i_8
INFO: [Physopt 32-662] Processed net system_i/iq_0/inst/core/transform/p_0_out_inferred__1/rom_value[1][5]_i_8_n_0.  Did not re-place instance system_i/iq_0/inst/core/transform/p_0_out_inferred__1/rom_value[1][5]_i_8
INFO: [Physopt 32-662] Processed net system_i/iq_0/inst/freq_ring/host_errors[19]_i_29_n_0.  Did not re-place instance system_i/iq_0/inst/freq_ring/host_errors[19]_i_29
INFO: [Physopt 32-662] Processed net system_i/iq_0/inst/core/transform/p_0_out_inferred__4/rom_value[4][8]_i_1_n_0.  Did not re-place instance system_i/iq_0/inst/core/transform/p_0_out_inferred__4/rom_value[4][8]_i_1
INFO: [Physopt 32-662] Processed net system_i/iq_0/inst/core/transform/p_0_out_inferred__4/rom_value[4][8]_i_7_n_0.  Did not re-place instance system_i/iq_0/inst/core/transform/p_0_out_inferred__4/rom_value[4][8]_i_7
INFO: [Physopt 32-662] Processed net system_i/iq_0/inst/core/transform/rom_value_reg[4]_58[8].  Did not re-place instance system_i/iq_0/inst/core/transform/rom_value_reg[4][8]
INFO: [Physopt 32-662] Processed net system_i/iq_0/inst/core/transform/p_0_out_inferred__4/rom_value[4][5]_i_1_n_0.  Did not re-place instance system_i/iq_0/inst/core/transform/p_0_out_inferred__4/rom_value[4][5]_i_1
INFO: [Physopt 32-662] Processed net system_i/iq_0/inst/core/transform/p_0_out_inferred__4/rom_value[4][5]_i_7_n_0.  Did not re-place instance system_i/iq_0/inst/core/transform/p_0_out_inferred__4/rom_value[4][5]_i_7
INFO: [Physopt 32-662] Processed net system_i/iq_0/inst/core/transform/rom_value_reg[4]_58[5].  Did not re-place instance system_i/iq_0/inst/core/transform/rom_value_reg[4][5]
INFO: [Physopt 32-662] Processed net system_i/iq_0/inst/core/transform/p_0_out_inferred__1/rom_value[1][6]_i_1_n_0.  Did not re-place instance system_i/iq_0/inst/core/transform/p_0_out_inferred__1/rom_value[1][6]_i_1
INFO: [Physopt 32-662] Processed net system_i/iq_0/inst/core/transform/p_0_out_inferred__1/rom_value[1][6]_i_7_n_0.  Did not re-place instance system_i/iq_0/inst/core/transform/p_0_out_inferred__1/rom_value[1][6]_i_7
INFO: [Physopt 32-662] Processed net system_i/iq_0/inst/core/transform/p_0_out_inferred__4/rom_value[4][4]_i_1_n_0.  Did not re-place instance system_i/iq_0/inst/core/transform/p_0_out_inferred__4/rom_value[4][4]_i_1
INFO: [Physopt 32-662] Processed net system_i/iq_0/inst/core/transform/p_0_out_inferred__4/rom_value[4][4]_i_9_n_0.  Did not re-place instance system_i/iq_0/inst/core/transform/p_0_out_inferred__4/rom_value[4][4]_i_9
INFO: [Physopt 32-662] Processed net system_i/iq_0/inst/core/transform/rom_value_reg[1]_55[6].  Did not re-place instance system_i/iq_0/inst/core/transform/rom_value_reg[1][6]
INFO: [Physopt 32-662] Processed net system_i/iq_0/inst/core/transform/rom_value_reg[4]_58[4].  Did not re-place instance system_i/iq_0/inst/core/transform/rom_value_reg[4][4]
INFO: [Physopt 32-662] Processed net system_i/iq_0/inst/core/transform/rom_value[1][8]_i_11_n_0.  Did not re-place instance system_i/iq_0/inst/core/transform/rom_value[1][8]_i_11
INFO: [Physopt 32-662] Processed net system_i/iq_0/inst/core/transform/p_0_out_inferred__1/rom_value[1][8]_i_5_n_0.  Did not re-place instance system_i/iq_0/inst/core/transform/p_0_out_inferred__1/rom_value[1][8]_i_5
INFO: [Physopt 32-662] Processed net system_i/iq_0/inst/core/transform/index_reg[13]_3.  Did not re-place instance system_i/iq_0/inst/core/transform/g6_b8_i_1
INFO: [Physopt 32-662] Processed net system_i/iq_0/inst/core/transform/p_0_out_inferred__1/rom_value[1][6]_i_6_n_0.  Did not re-place instance system_i/iq_0/inst/core/transform/p_0_out_inferred__1/rom_value[1][6]_i_6
INFO: [Physopt 32-662] Processed net system_i/iq_0/inst/core/transform/p_0_out_inferred__3/rom_value[3][4]_i_1_n_0.  Did not re-place instance system_i/iq_0/inst/core/transform/p_0_out_inferred__3/rom_value[3][4]_i_1
INFO: [Physopt 32-662] Processed net system_i/iq_0/inst/core/transform/p_0_out_inferred__3/rom_value[3][4]_i_7_n_0.  Did not re-place instance system_i/iq_0/inst/core/transform/p_0_out_inferred__3/rom_value[3][4]_i_7
INFO: [Physopt 32-662] Processed net system_i/iq_0/inst/core/transform/rom_value_reg[3]_57[4].  Did not re-place instance system_i/iq_0/inst/core/transform/rom_value_reg[3][4]
INFO: [Physopt 32-662] Processed net system_i/iq_0/inst/core/transform/p_0_out_inferred__4/rom_value[4][8]_i_6_n_0.  Did not re-place instance system_i/iq_0/inst/core/transform/p_0_out_inferred__4/rom_value[4][8]_i_6
INFO: [Physopt 32-662] Processed net system_i/iq_0/inst/core/transform/p_0_out_inferred__2/rom_value[2][0]_i_6_n_0.  Did not re-place instance system_i/iq_0/inst/core/transform/p_0_out_inferred__2/rom_value[2][0]_i_6
INFO: [Physopt 32-662] Processed net system_i/iq_0/inst/core/transform/p_0_out_inferred__4/rom_value[4][5]_i_6_n_0.  Did not re-place instance system_i/iq_0/inst/core/transform/p_0_out_inferred__4/rom_value[4][5]_i_6
INFO: [Physopt 32-662] Processed net system_i/iq_0/inst/core/transform/p_0_out_inferred__5/rom_value[5][8]_i_1_n_0.  Did not re-place instance system_i/iq_0/inst/core/transform/p_0_out_inferred__5/rom_value[5][8]_i_1
INFO: [Physopt 32-662] Processed net system_i/iq_0/inst/core/transform/p_0_out_inferred__5/rom_value[5][8]_i_7_n_0.  Did not re-place instance system_i/iq_0/inst/core/transform/p_0_out_inferred__5/rom_value[5][8]_i_7
INFO: [Physopt 32-662] Processed net system_i/iq_0/inst/core/transform/rom_value_reg[5]_59[8].  Did not re-place instance system_i/iq_0/inst/core/transform/rom_value_reg[5][8]
INFO: [Physopt 32-662] Processed net system_i/iq_0/inst/core/transform/p_0_out_inferred__5/rom_value[5][3]_i_11_n_0.  Did not re-place instance system_i/iq_0/inst/core/transform/p_0_out_inferred__5/rom_value[5][3]_i_11
INFO: [Physopt 32-662] Processed net system_i/iq_0/inst/core/transform/p_0_out_inferred__5/rom_value[5][3]_i_1_n_0.  Did not re-place instance system_i/iq_0/inst/core/transform/p_0_out_inferred__5/rom_value[5][3]_i_1
INFO: [Physopt 32-662] Processed net system_i/iq_0/inst/core/transform/rom_value_reg[5]_59[3].  Did not re-place instance system_i/iq_0/inst/core/transform/rom_value_reg[5][3]
INFO: [Physopt 32-663] Processed net system_i/iq_0/inst/loader_crc_byte_reg_n_0_[1].  Re-placed instance system_i/iq_0/inst/loader_crc_byte_reg[1]
INFO: [Physopt 32-662] Processed net system_i/iq_0/inst/bank_length0[31]_i_3_n_0.  Did not re-place instance system_i/iq_0/inst/bank_length0[31]_i_3
INFO: [Physopt 32-662] Processed net system_i/iq_0/inst/loader_crc_state[10]_i_2_n_0.  Did not re-place instance system_i/iq_0/inst/loader_crc_state[10]_i_2
INFO: [Physopt 32-662] Processed net system_i/iq_0/inst/bank_length03_out[7].  Did not re-place instance system_i/iq_0/inst/bank_length0[7]_i_1
INFO: [Physopt 32-662] Processed net system_i/iq_0/inst/loader_transfers[0]_i_3_n_0.  Did not re-place instance system_i/iq_0/inst/loader_transfers[0]_i_3
INFO: [Physopt 32-663] Processed net system_i/iq_0/inst/bank_length0_reg_n_0_[5].  Re-placed instance system_i/iq_0/inst/bank_length0_reg[5]
INFO: [Physopt 32-662] Processed net system_i/iq_0/inst/loader_errors[7]_i_42_n_0.  Did not re-place instance system_i/iq_0/inst/loader_errors[7]_i_42
INFO: [Physopt 32-662] Processed net system_i/iq_0/inst/core/transform/p_0_out_inferred__4/rom_value[4][4]_i_8_n_0.  Did not re-place instance system_i/iq_0/inst/core/transform/p_0_out_inferred__4/rom_value[4][4]_i_8
INFO: [Physopt 32-662] Processed net system_i/iq_0/inst/core/transform/p_0_out_inferred__5/rom_value[5][8]_i_6_n_0.  Did not re-place instance system_i/iq_0/inst/core/transform/p_0_out_inferred__5/rom_value[5][8]_i_6
INFO: [Physopt 32-662] Processed net system_i/iq_0/inst/loader_crc_state[10]_i_3_n_0.  Did not re-place instance system_i/iq_0/inst/loader_crc_state[10]_i_3
INFO: [Physopt 32-662] Processed net system_i/iq_0/inst/loader_errors[7]_i_31_n_0.  Did not re-place instance system_i/iq_0/inst/loader_errors[7]_i_31
INFO: [Physopt 32-663] Processed net system_i/iq_0/inst/bank_length0_reg_n_0_[4].  Re-placed instance system_i/iq_0/inst/bank_length0_reg[4]
INFO: [Physopt 32-662] Processed net system_i/iq_0/inst/core/transform/p_0_out_inferred__2/rom_value[2][5]_i_11_n_0.  Did not re-place instance system_i/iq_0/inst/core/transform/p_0_out_inferred__2/rom_value[2][5]_i_11
INFO: [Physopt 32-662] Processed net system_i/iq_0/inst/core/transform/p_0_out_inferred__2/rom_value[2][5]_i_1_n_0.  Did not re-place instance system_i/iq_0/inst/core/transform/p_0_out_inferred__2/rom_value[2][5]_i_1
INFO: [Physopt 32-662] Processed net system_i/iq_0/inst/core/transform/rom_value_reg[2]_56[5].  Did not re-place instance system_i/iq_0/inst/core/transform/rom_value_reg[2][5]
INFO: [Physopt 32-662] Processed net system_i/iq_0/inst/core/transform/p_0_out_inferred__4/rom_value[4][7]_i_1_n_0.  Did not re-place instance system_i/iq_0/inst/core/transform/p_0_out_inferred__4/rom_value[4][7]_i_1
INFO: [Physopt 32-662] Processed net system_i/iq_0/inst/core/transform/p_0_out_inferred__4/rom_value[4][7]_i_7_n_0.  Did not re-place instance system_i/iq_0/inst/core/transform/p_0_out_inferred__4/rom_value[4][7]_i_7
INFO: [Physopt 32-662] Processed net system_i/iq_0/inst/core/transform/p_0_out_inferred__6/rom_value[6][8]_i_6_n_0.  Did not re-place instance system_i/iq_0/inst/core/transform/p_0_out_inferred__6/rom_value[6][8]_i_6
INFO: [Physopt 32-662] Processed net system_i/iq_0/inst/core/transform/rom_value_reg[4]_58[7].  Did not re-place instance system_i/iq_0/inst/core/transform/rom_value_reg[4][7]
INFO: [Physopt 32-662] Processed net system_i/iq_0/inst/core/transform/p_0_out_inferred__2/rom_value[2][5]_i_10_n_0.  Did not re-place instance system_i/iq_0/inst/core/transform/p_0_out_inferred__2/rom_value[2][5]_i_10
INFO: [Physopt 32-662] Processed net system_i/iq_0/inst/loader_crc_state[31]_i_4_n_0.  Did not re-place instance system_i/iq_0/inst/loader_crc_state[31]_i_4
INFO: [Physopt 32-662] Processed net system_i/iq_0/inst/loader_crc_state[31]_i_6_n_0.  Did not re-place instance system_i/iq_0/inst/loader_crc_state[31]_i_6
INFO: [Physopt 32-662] Processed net system_i/iq_0/inst/loader_errors[7]_i_39_n_0.  Did not re-place instance system_i/iq_0/inst/loader_errors[7]_i_39
INFO: [Physopt 32-662] Processed net system_i/iq_0/inst/loader_crc_state[31]_i_7_n_0.  Did not re-place instance system_i/iq_0/inst/loader_crc_state[31]_i_7
INFO: [Physopt 32-662] Processed net system_i/iq_0/inst/loader_errors[7]_i_30_n_0.  Did not re-place instance system_i/iq_0/inst/loader_errors[7]_i_30
INFO: [Physopt 32-663] Processed net system_i/iq_0/inst/loader_word_reg_n_0_[7].  Re-placed instance system_i/iq_0/inst/loader_word_reg[7]
INFO: [Physopt 32-662] Processed net system_i/iq_0/inst/core/transform/p_0_out_inferred__3/rom_value[3][4]_i_6_n_0.  Did not re-place instance system_i/iq_0/inst/core/transform/p_0_out_inferred__3/rom_value[3][4]_i_6
INFO: [Physopt 32-662] Processed net system_i/iq_0/inst/core/transform/p_0_out_inferred__4/rom_value[4][7]_i_6_n_0.  Did not re-place instance system_i/iq_0/inst/core/transform/p_0_out_inferred__4/rom_value[4][7]_i_6
INFO: [Physopt 32-662] Processed net system_i/iq_0/inst/freq_ring/host_errors[19]_i_35_n_0.  Did not re-place instance system_i/iq_0/inst/freq_ring/host_errors[19]_i_35
INFO: [Physopt 32-662] Processed net system_i/iq_0/inst/core/transform/p_0_out_inferred__6/rom_value[6][5]_i_9_n_0.  Did not re-place instance system_i/iq_0/inst/core/transform/p_0_out_inferred__6/rom_value[6][5]_i_9
INFO: [Physopt 32-662] Processed net system_i/iq_0/inst/core/transform/p_0_out_inferred__5/rom_value[5][8]_i_8_n_0.  Did not re-place instance system_i/iq_0/inst/core/transform/p_0_out_inferred__5/rom_value[5][8]_i_8
INFO: [Physopt 32-662] Processed net system_i/iq_0/inst/core/transform/index_reg[13]_2.  Did not re-place instance system_i/iq_0/inst/core/transform/g3_b8_i_3
INFO: [Physopt 32-662] Processed net system_i/iq_0/inst/core/transform/p_0_out_inferred__5/rom_value[5][5]_i_11_n_0.  Did not re-place instance system_i/iq_0/inst/core/transform/p_0_out_inferred__5/rom_value[5][5]_i_11
INFO: [Physopt 32-662] Processed net system_i/iq_0/inst/core/transform/p_0_out_inferred__5/rom_value[5][5]_i_1_n_0.  Did not re-place instance system_i/iq_0/inst/core/transform/p_0_out_inferred__5/rom_value[5][5]_i_1
INFO: [Physopt 32-662] Processed net system_i/iq_0/inst/core/transform/p_0_out_inferred__6/rom_value[6][10]_i_1_n_0.  Did not re-place instance system_i/iq_0/inst/core/transform/p_0_out_inferred__6/rom_value[6][10]_i_1
INFO: [Physopt 32-662] Processed net system_i/iq_0/inst/core/transform/p_0_out_inferred__6/rom_value[6][10]_i_2_n_0.  Did not re-place instance system_i/iq_0/inst/core/transform/p_0_out_inferred__6/rom_value[6][10]_i_2
INFO: [Physopt 32-663] Processed net system_i/iq_0/inst/core/transform/p_0_out_inferred__6/rom_value[6][10]_i_5_n_0.  Re-placed instance system_i/iq_0/inst/core/transform/p_0_out_inferred__6/rom_value[6][10]_i_5
INFO: [Physopt 32-662] Processed net system_i/iq_0/inst/core/transform/rom_value_reg[5]_59[5].  Did not re-place instance system_i/iq_0/inst/core/transform/rom_value_reg[5][5]
INFO: [Physopt 32-662] Processed net system_i/iq_0/inst/core/transform/rom_value_reg[6]_60[10].  Did not re-place instance system_i/iq_0/inst/core/transform/rom_value_reg[6][10]
INFO: [Physopt 32-662] Processed net system_i/iq_0/inst/core/transform/p_0_out_inferred__4/rom_value[4][8]_i_9_n_0.  Did not re-place instance system_i/iq_0/inst/core/transform/p_0_out_inferred__4/rom_value[4][8]_i_9
INFO: [Physopt 32-662] Processed net system_i/iq_0/inst/core/transform/p_0_out_inferred__4/rom_value[4][1]_i_1_n_0.  Did not re-place instance system_i/iq_0/inst/core/transform/p_0_out_inferred__4/rom_value[4][1]_i_1
INFO: [Physopt 32-662] Processed net system_i/iq_0/inst/core/transform/p_0_out_inferred__4/rom_value[4][1]_i_7_n_0.  Did not re-place instance system_i/iq_0/inst/core/transform/p_0_out_inferred__4/rom_value[4][1]_i_7
INFO: [Physopt 32-662] Processed net system_i/iq_0/inst/core/transform/p_0_out_inferred__5/rom_value[5][5]_i_10_n_0.  Did not re-place instance system_i/iq_0/inst/core/transform/p_0_out_inferred__5/rom_value[5][5]_i_10
INFO: [Physopt 32-662] Processed net system_i/iq_0/inst/core/transform/rom_value_reg[4]_58[1].  Did not re-place instance system_i/iq_0/inst/core/transform/rom_value_reg[4][1]
INFO: [Physopt 32-662] Processed net system_i/iq_0/inst/bank_length03_out[31].  Did not re-place instance system_i/iq_0/inst/bank_length0[31]_i_1
INFO: [Physopt 32-662] Processed net system_i/iq_0/inst/loader_errors[7]_i_41_n_0.  Did not re-place instance system_i/iq_0/inst/loader_errors[7]_i_41
INFO: [Physopt 32-662] Processed net system_i/iq_0/inst/core/transform/p_0_out_inferred__6/rom_value[6][9]_i_11_n_0.  Did not re-place instance system_i/iq_0/inst/core/transform/p_0_out_inferred__6/rom_value[6][9]_i_11
INFO: [Physopt 32-662] Processed net system_i/iq_0/inst/bank_length0_reg_n_0_[29].  Did not re-place instance system_i/iq_0/inst/bank_length0_reg[29]
INFO: [Physopt 32-662] Processed net system_i/iq_0/inst/freq_ring/host_errors[19]_i_46_n_0.  Did not re-place instance system_i/iq_0/inst/freq_ring/host_errors[19]_i_46
INFO: [Physopt 32-662] Processed net system_i/iq_0/inst/core/transform/index_reg[13]_24.  Did not re-place instance system_i/iq_0/inst/core/transform/g0_b4_i_1
INFO: [Physopt 32-662] Processed net system_i/iq_0/inst/core/g7_b4_n_0.  Did not re-place instance system_i/iq_0/inst/core/g7_b4
INFO: [Physopt 32-662] Processed net system_i/iq_0/inst/core/transform/p_0_out[4].  Did not re-place instance system_i/iq_0/inst/core/transform/rom_value[0][4]_i_1
INFO: [Physopt 32-662] Processed net system_i/iq_0/inst/core/transform/p_0_out_inferred__3/rom_value[3][8]_i_1_n_0.  Did not re-place instance system_i/iq_0/inst/core/transform/p_0_out_inferred__3/rom_value[3][8]_i_1
INFO: [Physopt 32-662] Processed net system_i/iq_0/inst/core/transform/p_0_out_inferred__3/rom_value[3][8]_i_2_n_0.  Did not re-place instance system_i/iq_0/inst/core/transform/p_0_out_inferred__3/rom_value[3][8]_i_2
INFO: [Physopt 32-662] Processed net system_i/iq_0/inst/core/transform/p_0_out_inferred__3/rom_value[3][8]_i_5_n_0.  Did not re-place instance system_i/iq_0/inst/core/transform/p_0_out_inferred__3/rom_value[3][8]_i_5
INFO: [Physopt 32-662] Processed net system_i/iq_0/inst/core/transform/p_0_out_inferred__6/rom_value[6][4]_i_1_n_0.  Did not re-place instance system_i/iq_0/inst/core/transform/p_0_out_inferred__6/rom_value[6][4]_i_1
INFO: [Physopt 32-662] Processed net system_i/iq_0/inst/core/transform/p_0_out_inferred__6/rom_value[6][4]_i_6_n_0.  Did not re-place instance system_i/iq_0/inst/core/transform/p_0_out_inferred__6/rom_value[6][4]_i_6
INFO: [Physopt 32-662] Processed net system_i/iq_0/inst/core/transform/p_0_out_inferred__6/rom_value[6][4]_i_7_n_0.  Did not re-place instance system_i/iq_0/inst/core/transform/p_0_out_inferred__6/rom_value[6][4]_i_7
INFO: [Physopt 32-662] Processed net system_i/iq_0/inst/core/transform/rom_value_reg[0]_54[4].  Did not re-place instance system_i/iq_0/inst/core/transform/rom_value_reg[0][4]
INFO: [Physopt 32-662] Processed net system_i/iq_0/inst/core/transform/rom_value_reg[3]_57[8].  Did not re-place instance system_i/iq_0/inst/core/transform/rom_value_reg[3][8]
INFO: [Physopt 32-662] Processed net system_i/iq_0/inst/core/transform/rom_value_reg[6]_60[4].  Did not re-place instance system_i/iq_0/inst/core/transform/rom_value_reg[6][4]
INFO: [Physopt 32-662] Processed net system_i/iq_0/inst/core/transform/index_reg[13]_15.  Did not re-place instance system_i/iq_0/inst/core/transform/g0_b2_i_3
INFO: [Physopt 32-662] Processed net system_i/iq_0/inst/core/g3_b5_n_0.  Did not re-place instance system_i/iq_0/inst/core/g3_b5
INFO: [Physopt 32-662] Processed net system_i/iq_0/inst/core/transform/p_0_out_inferred__6/rom_value[6][9]_i_10_n_0.  Did not re-place instance system_i/iq_0/inst/core/transform/p_0_out_inferred__6/rom_value[6][9]_i_10
INFO: [Physopt 32-662] Processed net system_i/iq_0/inst/core/transform/index_reg[13]_18.  Did not re-place instance system_i/iq_0/inst/core/transform/g0_b4_i_3
INFO: [Physopt 32-662] Processed net system_i/iq_0/inst/core/transform/p_0_out_inferred__6/rom_value[6][4]_i_8_n_0.  Did not re-place instance system_i/iq_0/inst/core/transform/p_0_out_inferred__6/rom_value[6][4]_i_8
INFO: [Physopt 32-662] Processed net system_i/iq_0/inst/core/transform/index_reg[13]_1.  Did not re-place instance system_i/iq_0/inst/core/transform/g3_b8_i_1
INFO: [Physopt 32-662] Processed net system_i/iq_0/inst/core/transform/rom_value[3][13]_i_3_n_0.  Did not re-place instance system_i/iq_0/inst/core/transform/rom_value[3][13]_i_3
INFO: [Physopt 32-662] Processed net system_i/iq_0/inst/core/transform/p_0_out_inferred__6/rom_value[6][5]_i_6_n_0.  Did not re-place instance system_i/iq_0/inst/core/transform/p_0_out_inferred__6/rom_value[6][5]_i_6
INFO: [Physopt 32-662] Processed net system_i/iq_0/inst/core/transform/p_0_out_inferred__7/rom_value[7][10]_i_1_n_0.  Did not re-place instance system_i/iq_0/inst/core/transform/p_0_out_inferred__7/rom_value[7][10]_i_1
INFO: [Physopt 32-662] Processed net system_i/iq_0/inst/core/transform/p_0_out_inferred__7/rom_value[7][10]_i_3_n_0.  Did not re-place instance system_i/iq_0/inst/core/transform/p_0_out_inferred__7/rom_value[7][10]_i_3
INFO: [Physopt 32-662] Processed net system_i/iq_0/inst/core/transform/rom_value_reg[7]_61[10].  Did not re-place instance system_i/iq_0/inst/core/transform/rom_value_reg[7][10]
INFO: [Physopt 32-662] Processed net system_i/iq_0/inst/core/transform/complement0_i_7_n_0.  Did not re-place instance system_i/iq_0/inst/core/transform/complement0_i_7
INFO: [Physopt 32-662] Processed net system_i/iq_0/inst/loader_crc_state[12]_i_2_n_0_repN.  Did not re-place instance system_i/iq_0/inst/loader_crc_state[12]_i_2_replica
INFO: [Physopt 32-662] Processed net system_i/iq_0/inst/loader_crc_state[23]_i_3_n_0.  Did not re-place instance system_i/iq_0/inst/loader_crc_state[23]_i_3
INFO: [Physopt 32-662] Processed net system_i/iq_0/inst/loader_crc_state[20]_i_2_n_0.  Did not re-place instance system_i/iq_0/inst/loader_crc_state[20]_i_2
INFO: [Physopt 32-662] Processed net system_i/iq_0/inst/loader_crc_state[12]_i_3_n_0.  Did not re-place instance system_i/iq_0/inst/loader_crc_state[12]_i_3
INFO: [Physopt 32-663] Processed net system_i/iq_0/inst/core/transform/folded[10].  Re-placed instance system_i/iq_0/inst/core/transform/complement0_i_13
INFO: [Physopt 32-662] Processed net system_i/iq_0/inst/core/transform/p_0_out_inferred__1/rom_value[1][1]_i_11_n_0.  Did not re-place instance system_i/iq_0/inst/core/transform/p_0_out_inferred__1/rom_value[1][1]_i_11
INFO: [Physopt 32-662] Processed net system_i/iq_0/inst/loader_errors[7]_i_25_n_0.  Did not re-place instance system_i/iq_0/inst/loader_errors[7]_i_25
INFO: [Physopt 32-663] Processed net system_i/iq_0/inst/loader_word_reg_n_0_[4].  Re-placed instance system_i/iq_0/inst/loader_word_reg[4]
INFO: [Physopt 32-662] Processed net system_i/iq_0/inst/core/transform/p_0_out_inferred__1/rom_value[1][1]_i_10_n_0.  Did not re-place instance system_i/iq_0/inst/core/transform/p_0_out_inferred__1/rom_value[1][1]_i_10
INFO: [Physopt 32-662] Processed net system_i/iq_0/inst/core/transform/p_0_out_inferred__4/rom_value[4][1]_i_6_n_0.  Did not re-place instance system_i/iq_0/inst/core/transform/p_0_out_inferred__4/rom_value[4][1]_i_6
INFO: [Physopt 32-662] Processed net system_i/iq_0/inst/core/transform/p_0_out_inferred__5/rom_value[5][1]_i_1_n_0.  Did not re-place instance system_i/iq_0/inst/core/transform/p_0_out_inferred__5/rom_value[5][1]_i_1
INFO: [Physopt 32-662] Processed net system_i/iq_0/inst/core/transform/p_0_out_inferred__5/rom_value[5][1]_i_6_n_0.  Did not re-place instance system_i/iq_0/inst/core/transform/p_0_out_inferred__5/rom_value[5][1]_i_6
INFO: [Physopt 32-662] Processed net system_i/iq_0/inst/core/transform/p_0_out_inferred__6/rom_value[6][4]_i_9_n_0.  Did not re-place instance system_i/iq_0/inst/core/transform/p_0_out_inferred__6/rom_value[6][4]_i_9
INFO: [Physopt 32-662] Processed net system_i/iq_0/inst/core/transform/p_0_out_inferred__7/rom_value[7][8]_i_1_n_0.  Did not re-place instance system_i/iq_0/inst/core/transform/p_0_out_inferred__7/rom_value[7][8]_i_1
INFO: [Physopt 32-662] Processed net system_i/iq_0/inst/core/transform/p_0_out_inferred__7/rom_value[7][8]_i_7_n_0.  Did not re-place instance system_i/iq_0/inst/core/transform/p_0_out_inferred__7/rom_value[7][8]_i_7
INFO: [Physopt 32-662] Processed net system_i/iq_0/inst/core/transform/rom_value_reg[5]_59[1].  Did not re-place instance system_i/iq_0/inst/core/transform/rom_value_reg[5][1]
INFO: [Physopt 32-662] Processed net system_i/iq_0/inst/core/transform/rom_value_reg[7]_61[8].  Did not re-place instance system_i/iq_0/inst/core/transform/rom_value_reg[7][8]
INFO: [Physopt 32-662] Processed net system_i/iq_0/inst/core/transform/rom_value[3][11]_i_4_n_0.  Did not re-place instance system_i/iq_0/inst/core/transform/rom_value[3][11]_i_4
INFO: [Physopt 32-662] Processed net system_i/iq_0/inst/core/transform/p_0_out_inferred__4/rom_value[4][6]_i_11_n_0.  Did not re-place instance system_i/iq_0/inst/core/transform/p_0_out_inferred__4/rom_value[4][6]_i_11
INFO: [Physopt 32-662] Processed net system_i/iq_0/inst/core/transform/p_0_out_inferred__7/rom_value[7][10]_i_2_n_0.  Did not re-place instance system_i/iq_0/inst/core/transform/p_0_out_inferred__7/rom_value[7][10]_i_2
INFO: [Physopt 32-662] Processed net system_i/iq_0/inst/freq_ring/dropped[0]_repN.  Did not re-place instance system_i/iq_0/inst/freq_ring/dropped_reg[2]_replica
INFO: [Physopt 32-662] Processed net system_i/iq_0/inst/core/transform/p_0_out_inferred__5/rom_value[5][5]_i_7_n_0.  Did not re-place instance system_i/iq_0/inst/core/transform/p_0_out_inferred__5/rom_value[5][5]_i_7
INFO: [Physopt 32-662] Processed net system_i/iq_0/inst/core/transform/p_0_out_inferred__6/rom_value[6][5]_i_13_n_0.  Did not re-place instance system_i/iq_0/inst/core/transform/p_0_out_inferred__6/rom_value[6][5]_i_13
INFO: [Physopt 32-662] Processed net system_i/iq_0/inst/core/transform/p_0_out_inferred__7/rom_value[7][8]_i_6_n_0.  Did not re-place instance system_i/iq_0/inst/core/transform/p_0_out_inferred__7/rom_value[7][8]_i_6
INFO: [Physopt 32-662] Processed net system_i/iq_0/inst/freq_ring/host_errors[19]_i_27_n_0.  Did not re-place instance system_i/iq_0/inst/freq_ring/host_errors[19]_i_27
INFO: [Physopt 32-662] Processed net system_i/iq_0/inst/loader_word_reg_n_0_[18].  Did not re-place instance system_i/iq_0/inst/loader_word_reg[18]
INFO: [Physopt 32-662] Processed net system_i/iq_0/inst/core/transform/p_0_out_inferred__6/rom_value[6][11]_i_8_n_0.  Did not re-place instance system_i/iq_0/inst/core/transform/p_0_out_inferred__6/rom_value[6][11]_i_8
INFO: [Physopt 32-662] Processed net system_i/iq_0/inst/core/transform/p_0_out_inferred__4/rom_value[4][6]_i_10_n_0.  Did not re-place instance system_i/iq_0/inst/core/transform/p_0_out_inferred__4/rom_value[4][6]_i_10
INFO: [Physopt 32-662] Processed net system_i/iq_0/inst/core/transform/p_0_out_inferred__6/rom_value[6][10]_i_4_n_0.  Did not re-place instance system_i/iq_0/inst/core/transform/p_0_out_inferred__6/rom_value[6][10]_i_4
INFO: [Physopt 32-662] Processed net system_i/iq_0/inst/core/transform/p_0_out_inferred__7/rom_value[7][5]_i_9_n_0.  Did not re-place instance system_i/iq_0/inst/core/transform/p_0_out_inferred__7/rom_value[7][5]_i_9
INFO: [Physopt 32-662] Processed net system_i/iq_0/inst/loader_crc_state[11]_i_2_n_0.  Did not re-place instance system_i/iq_0/inst/loader_crc_state[11]_i_2
INFO: [Physopt 32-662] Processed net system_i/iq_0/inst/core/transform/p_0_out_inferred__4/rom_value[4][4]_i_7_n_0.  Did not re-place instance system_i/iq_0/inst/core/transform/p_0_out_inferred__4/rom_value[4][4]_i_7
INFO: [Physopt 32-662] Processed net system_i/iq_0/inst/core/transform/p_0_out_inferred__5/rom_value[5][5]_i_6_n_0.  Did not re-place instance system_i/iq_0/inst/core/transform/p_0_out_inferred__5/rom_value[5][5]_i_6
INFO: [Physopt 32-663] Processed net system_i/iq_0/inst/data1__0[3].  Re-placed instance system_i/iq_0/inst/loader_word_reg[11]
INFO: [Physopt 32-662] Processed net system_i/iq_0/inst/loader_crc_state[11]_i_3_n_0.  Did not re-place instance system_i/iq_0/inst/loader_crc_state[11]_i_3
INFO: [Physopt 32-662] Processed net system_i/iq_0/inst/core/transform/rom_value[2][11]_i_4_n_0.  Did not re-place instance system_i/iq_0/inst/core/transform/rom_value[2][11]_i_4
INFO: [Physopt 32-661] Optimized 8 nets.  Re-placed 8 instances.
INFO: [Physopt 32-775] End 1 Pass. Optimized 8 nets or cells. Created 0 new cell, deleted 0 existing cell and moved 8 existing cells
INFO: [Physopt 32-619] Estimated Timing Summary | WNS=-0.239 | TNS=-3.348 |
Netlist sorting complete. Time (s): cpu = 00:00:00 ; elapsed = 00:00:00.081 . Memory (MB): peak = 2648.457 ; gain = 0.000
Phase 15 Single Cell Placement Optimization | Checksum: 1accaca97

Time (s): cpu = 00:03:56 ; elapsed = 00:01:49 . Memory (MB): peak = 2648.457 ; gain = 0.000

Phase 16 Multi Cell Placement Optimization
INFO: [Physopt 32-660] Identified 100 candidate nets for placement-based optimization.
INFO: [Physopt 32-662] Processed net system_i/iq_0/inst/core/rb/E[0].  Did not re-place instance system_i/iq_0/inst/core/rb/host_errors[19]_i_1/O
INFO: [Physopt 32-662] Processed net system_i/iq_0/inst/core/rb/host_errors[19]_i_4_n_0.  Did not re-place instance system_i/iq_0/inst/core/rb/host_errors[19]_i_4/O
INFO: [Physopt 32-662] Processed net system_i/iq_0/inst/freq_ring/producer[2]_repN.  Did not re-place instance system_i/iq_0/inst/freq_ring/producer_reg[2]_replica/Q
INFO: [Physopt 32-662] Processed net system_i/iq_0/inst/core/rb/host_errors[19]_i_11_n_0.  Did not re-place instance system_i/iq_0/inst/core/rb/host_errors[19]_i_11/O
INFO: [Physopt 32-662] Processed net system_i/iq_0/inst/core/rb/host_errors[19]_i_13_n_0.  Did not re-place instance system_i/iq_0/inst/core/rb/host_errors[19]_i_13/O
INFO: [Physopt 32-662] Processed net system_i/iq_0/inst/core/rb/host_errors[19]_i_6_n_0.  Did not re-place instance system_i/iq_0/inst/core/rb/host_errors[19]_i_6/O
INFO: [Physopt 32-662] Processed net system_i/iq_0/inst/core/transform/index_reg[0]_rep_n_0.  Did not re-place instance system_i/iq_0/inst/core/transform/index_reg[0]_rep/Q
INFO: [Physopt 32-662] Processed net system_i/iq_0/inst/core/transform/g0_b0_i_22_n_0.  Did not re-place instance system_i/iq_0/inst/core/transform/g0_b0_i_22/O
INFO: [Physopt 32-662] Processed net system_i/iq_0/inst/core/transform/p_0_out_inferred__4/rom_value[4][9]_i_1_n_0.  Did not re-place instance system_i/iq_0/inst/core/transform/p_0_out_inferred__4/rom_value[4][9]_i_1/O
INFO: [Physopt 32-662] Processed net system_i/iq_0/inst/core/transform/p_0_out_inferred__6/rom_value[6][5]_i_1_n_0.  Did not re-place instance system_i/iq_0/inst/core/transform/p_0_out_inferred__6/rom_value[6][5]_i_1/O
INFO: [Physopt 32-662] Processed net system_i/iq_0/inst/core/transform/folded[6].  Did not re-place instance system_i/iq_0/inst/core/transform/g6_b8_i_2/O
INFO: [Physopt 32-662] Processed net system_i/iq_0/inst/core/transform/p_0_out_inferred__4/rom_value[4][6]_i_1_n_0.  Did not re-place instance system_i/iq_0/inst/core/transform/p_0_out_inferred__4/rom_value[4][6]_i_1/O
INFO: [Physopt 32-662] Processed net system_i/iq_0/inst/freq_ring/producer[1]_repN.  Did not re-place instance system_i/iq_0/inst/freq_ring/producer_reg[1]_replica/Q
INFO: [Physopt 32-662] Processed net system_i/iq_0/inst/core/transform/p_0_out_inferred__5/rom_value[5][4]_i_1_n_0.  Did not re-place instance system_i/iq_0/inst/core/transform/p_0_out_inferred__5/rom_value[5][4]_i_1/O
INFO: [Physopt 32-662] Processed net system_i/iq_0/inst/core/transform/p_0_out_inferred__7/rom_value[7][5]_i_1_n_0.  Did not re-place instance system_i/iq_0/inst/core/transform/p_0_out_inferred__7/rom_value[7][5]_i_1/O
INFO: [Physopt 32-662] Processed net system_i/iq_0/inst/core/transform/p_0_out_inferred__7/rom_value[7][6]_i_1_n_0.  Did not re-place instance system_i/iq_0/inst/core/transform/p_0_out_inferred__7/rom_value[7][6]_i_1/O
INFO: [Physopt 32-662] Processed net system_i/iq_0/inst/core/transform/p_0_out_inferred__5/rom_value[5][6]_i_1_n_0.  Did not re-place instance system_i/iq_0/inst/core/transform/p_0_out_inferred__5/rom_value[5][6]_i_1/O
INFO: [Physopt 32-662] Processed net system_i/iq_0/inst/freq_ring/producer[0]_repN.  Did not re-place instance system_i/iq_0/inst/freq_ring/producer_reg[0]_replica/Q
INFO: [Physopt 32-662] Processed net system_i/iq_0/inst/core/transform/folded[5].  Did not re-place instance system_i/iq_0/inst/core/transform/g0_b0_i_14/O
INFO: [Physopt 32-662] Processed net system_i/iq_0/inst/freq_ring/producer[8].  Did not re-place instance system_i/iq_0/inst/freq_ring/producer_reg[8]/Q
INFO: [Physopt 32-662] Processed net system_i/iq_0/inst/freq_ring/producer[8].  Did not re-place instance system_i/iq_0/inst/freq_ring/producer_reg[8]/Q
INFO: [Physopt 32-662] Processed net system_i/iq_0/inst/core/transform/p_0_out[5].  Did not re-place instance system_i/iq_0/inst/core/transform/rom_value[0][5]_i_1/O
INFO: [Physopt 32-662] Processed net system_i/iq_0/inst/core/transform/p_0_out[6].  Did not re-place instance system_i/iq_0/inst/core/transform/rom_value[0][6]_i_1/O
INFO: [Physopt 32-662] Processed net system_i/iq_0/inst/core/transform/index_reg[13]_6.  Did not re-place instance system_i/iq_0/inst/core/transform/g0_b0_i_4/O
INFO: [Physopt 32-662] Processed net system_i/iq_0/inst/core/transform/p_0_out_inferred__2/rom_value[2][2]_i_1_n_0.  Did not re-place instance system_i/iq_0/inst/core/transform/p_0_out_inferred__2/rom_value[2][2]_i_1/O
INFO: [Physopt 32-662] Processed net system_i/iq_0/inst/core/transform/p_0_out_inferred__2/rom_value[2][4]_i_1_n_0.  Did not re-place instance system_i/iq_0/inst/core/transform/p_0_out_inferred__2/rom_value[2][4]_i_1/O
INFO: [Physopt 32-662] Processed net system_i/iq_0/inst/core/transform/p_0_out_inferred__1/rom_value[1][5]_i_1_n_0.  Did not re-place instance system_i/iq_0/inst/core/transform/p_0_out_inferred__1/rom_value[1][5]_i_1/O
INFO: [Physopt 32-662] Processed net system_i/iq_0/inst/core/transform/p_0_out_inferred__1/rom_value[1][0]_i_1_n_0.  Did not re-place instance system_i/iq_0/inst/core/transform/p_0_out_inferred__1/rom_value[1][0]_i_1/O
INFO: [Physopt 32-662] Processed net system_i/iq_0/inst/freq_ring/freq_dropped[1]_repN.  Did not re-place instance system_i/iq_0/inst/freq_ring/dropped_reg[1]_replica/Q
INFO: [Physopt 32-662] Processed net system_i/iq_0/inst/core/transform/p_0_out_inferred__6/rom_value[6][9]_i_1_n_0.  Did not re-place instance system_i/iq_0/inst/core/transform/p_0_out_inferred__6/rom_value[6][9]_i_1/O
INFO: [Physopt 32-662] Processed net system_i/iq_0/inst/core/transform/p_0_out_inferred__1/rom_value[1][8]_i_1_n_0.  Did not re-place instance system_i/iq_0/inst/core/transform/p_0_out_inferred__1/rom_value[1][8]_i_1/O
INFO: [Physopt 32-662] Processed net system_i/iq_0/inst/core/transform/index_reg[13]_0.  Did not re-place instance system_i/iq_0/inst/core/transform/g3_b8_i_2/O
INFO: [Physopt 32-662] Processed net system_i/iq_0/inst/core/transform/p_0_out_inferred__3/rom_value[3][9]_i_1_n_0.  Did not re-place instance system_i/iq_0/inst/core/transform/p_0_out_inferred__3/rom_value[3][9]_i_1/O
INFO: [Physopt 32-662] Processed net system_i/iq_0/inst/core/transform/p_0_out_inferred__3/rom_value[3][9]_i_4_n_0.  Did not re-place instance system_i/iq_0/inst/core/transform/p_0_out_inferred__3/rom_value[3][9]_i_4/O
INFO: [Physopt 32-662] Processed net system_i/iq_0/inst/core/transform/p_0_out_inferred__3/rom_value[3][9]_i_6_n_0.  Did not re-place instance system_i/iq_0/inst/core/transform/p_0_out_inferred__3/rom_value[3][9]_i_6/O
INFO: [Physopt 32-662] Processed net system_i/iq_0/inst/core/transform/p_0_out_inferred__6/rom_value[6][1]_i_1_n_0.  Did not re-place instance system_i/iq_0/inst/core/transform/p_0_out_inferred__6/rom_value[6][1]_i_1/O
INFO: [Physopt 32-662] Processed net system_i/iq_0/inst/core/transform/p_0_out_inferred__1/rom_value[1][1]_i_1_n_0.  Did not re-place instance system_i/iq_0/inst/core/transform/p_0_out_inferred__1/rom_value[1][1]_i_1/O
INFO: [Physopt 32-662] Processed net system_i/iq_0/inst/core/transform/p_0_out_inferred__2/rom_value[2][0]_i_1_n_0.  Did not re-place instance system_i/iq_0/inst/core/transform/p_0_out_inferred__2/rom_value[2][0]_i_1/O
INFO: [Physopt 32-662] Processed net system_i/iq_0/inst/core/transform/p_0_out_inferred__6/rom_value[6][8]_i_1_n_0.  Did not re-place instance system_i/iq_0/inst/core/transform/p_0_out_inferred__6/rom_value[6][8]_i_1/O
INFO: [Physopt 32-662] Processed net system_i/iq_0/inst/core/transform/p_0_out_inferred__4/rom_value[4][8]_i_1_n_0.  Did not re-place instance system_i/iq_0/inst/core/transform/p_0_out_inferred__4/rom_value[4][8]_i_1/O
INFO: [Physopt 32-662] Processed net system_i/iq_0/inst/core/transform/p_0_out_inferred__4/rom_value[4][5]_i_1_n_0.  Did not re-place instance system_i/iq_0/inst/core/transform/p_0_out_inferred__4/rom_value[4][5]_i_1/O
INFO: [Physopt 32-662] Processed net system_i/iq_0/inst/core/transform/p_0_out_inferred__1/rom_value[1][6]_i_1_n_0.  Did not re-place instance system_i/iq_0/inst/core/transform/p_0_out_inferred__1/rom_value[1][6]_i_1/O
INFO: [Physopt 32-662] Processed net system_i/iq_0/inst/core/transform/p_0_out_inferred__4/rom_value[4][4]_i_1_n_0.  Did not re-place instance system_i/iq_0/inst/core/transform/p_0_out_inferred__4/rom_value[4][4]_i_1/O
INFO: [Physopt 32-662] Processed net system_i/iq_0/inst/core/transform/rom_value[1][8]_i_11_n_0.  Did not re-place instance system_i/iq_0/inst/core/transform/rom_value[1][8]_i_11/O
INFO: [Physopt 32-662] Processed net system_i/iq_0/inst/core/transform/p_0_out_inferred__1/rom_value[1][8]_i_5_n_0.  Did not re-place instance system_i/iq_0/inst/core/transform/p_0_out_inferred__1/rom_value[1][8]_i_5/O
INFO: [Physopt 32-662] Processed net system_i/iq_0/inst/core/transform/index_reg[13]_3.  Did not re-place instance system_i/iq_0/inst/core/transform/g6_b8_i_1/O
INFO: [Physopt 32-662] Processed net system_i/iq_0/inst/core/transform/p_0_out_inferred__3/rom_value[3][4]_i_1_n_0.  Did not re-place instance system_i/iq_0/inst/core/transform/p_0_out_inferred__3/rom_value[3][4]_i_1/O
INFO: [Physopt 32-662] Processed net system_i/iq_0/inst/core/transform/p_0_out_inferred__5/rom_value[5][8]_i_1_n_0.  Did not re-place instance system_i/iq_0/inst/core/transform/p_0_out_inferred__5/rom_value[5][8]_i_1/O
INFO: [Physopt 32-662] Processed net system_i/iq_0/inst/core/transform/p_0_out_inferred__5/rom_value[5][3]_i_1_n_0.  Did not re-place instance system_i/iq_0/inst/core/transform/p_0_out_inferred__5/rom_value[5][3]_i_1/O
INFO: [Physopt 32-662] Processed net system_i/iq_0/inst/core/transform/p_0_out_inferred__2/rom_value[2][5]_i_1_n_0.  Did not re-place instance system_i/iq_0/inst/core/transform/p_0_out_inferred__2/rom_value[2][5]_i_1/O
INFO: [Physopt 32-662] Processed net system_i/iq_0/inst/core/transform/p_0_out_inferred__4/rom_value[4][7]_i_1_n_0.  Did not re-place instance system_i/iq_0/inst/core/transform/p_0_out_inferred__4/rom_value[4][7]_i_1/O
INFO: [Physopt 32-662] Processed net system_i/iq_0/inst/core/transform/p_0_out_inferred__5/rom_value[5][5]_i_1_n_0.  Did not re-place instance system_i/iq_0/inst/core/transform/p_0_out_inferred__5/rom_value[5][5]_i_1/O
INFO: [Physopt 32-661] Optimized 0 net.  Re-placed 0 instance.
INFO: [Physopt 32-775] End 1 Pass. Optimized 0 net or cell. Created 0 new cell, deleted 0 existing cell and moved 0 existing cell
Netlist sorting complete. Time (s): cpu = 00:00:00 ; elapsed = 00:00:00.068 . Memory (MB): peak = 2648.457 ; gain = 0.000
Phase 16 Multi Cell Placement Optimization | Checksum: 19953430e

Time (s): cpu = 00:04:13 ; elapsed = 00:01:56 . Memory (MB): peak = 2648.457 ; gain = 0.000

Phase 17 Rewire
INFO: [Physopt 32-246] Starting Signal Push optimization...
INFO: [Physopt 32-77] Pass 1. Identified 1 candidate net for rewire optimization.
INFO: [Physopt 32-134] Processed net system_i/iq_0/inst/burst_ring/bank_length1_reg[29]. Rewiring did not optimize the net.
INFO: [Physopt 32-232] Optimized 0 net. Created 0 new instance.
INFO: [Physopt 32-775] End 1 Pass. Optimized 0 net or cell. Created 0 new cell, deleted 0 existing cell and moved 0 existing cell
Netlist sorting complete. Time (s): cpu = 00:00:00 ; elapsed = 00:00:00.118 . Memory (MB): peak = 2648.457 ; gain = 0.000
Netlist sorting complete. Time (s): cpu = 00:00:00 ; elapsed = 00:00:00.067 . Memory (MB): peak = 2648.457 ; gain = 0.000
Phase 17 Rewire | Checksum: 1cffee404

Time (s): cpu = 00:04:14 ; elapsed = 00:01:57 . Memory (MB): peak = 2648.457 ; gain = 0.000

Phase 18 Critical Cell Optimization
INFO: [Physopt 32-46] Identified 30 candidate nets for critical-cell optimization.
INFO: [Physopt 32-572] Net system_i/iq_0/inst/bank_length0[31]_i_3_n_0 was not replicated.
Resolution: phys_opt_design can be forced to replicate a net driver using the option -force_replication_on_nets <list of net objects>.
INFO: [Physopt 32-572] Net system_i/iq_0/inst/bank_length03_out[7] was not replicated.
Resolution: phys_opt_design can be forced to replicate a net driver using the option -force_replication_on_nets <list of net objects>.
INFO: [Physopt 32-572] Net system_i/iq_0/inst/loader_crc_state[10]_i_2_n_0 was not replicated.
Resolution: phys_opt_design can be forced to replicate a net driver using the option -force_replication_on_nets <list of net objects>.
INFO: [Physopt 32-572] Net system_i/iq_0/inst/loader_transfers[0]_i_3_n_0 was not replicated.
Resolution: phys_opt_design can be forced to replicate a net driver using the option -force_replication_on_nets <list of net objects>.
INFO: [Physopt 32-572] Net system_i/iq_0/inst/loader_errors[7]_i_42_n_0 was not replicated.
Resolution: phys_opt_design can be forced to replicate a net driver using the option -force_replication_on_nets <list of net objects>.
INFO: [Physopt 32-572] Net system_i/iq_0/inst/core/transform/folded[7] was not replicated.
Resolution: phys_opt_design can be forced to replicate a net driver using the option -force_replication_on_nets <list of net objects>.
INFO: [Physopt 32-572] Net system_i/iq_0/inst/burst_ring/bank_length1_reg[29] was not replicated.
Resolution: phys_opt_design can be forced to replicate a net driver using the option -force_replication_on_nets <list of net objects>.
INFO: [Physopt 32-81] Processed net system_i/iq_0/inst/bank_length1_reg_n_0_[5]. Replicated 1 times.
INFO: [Physopt 32-571] Net system_i/iq_0/inst/bank_length03_out[31] was not replicated.
INFO: [Physopt 32-571] Net system_i/iq_0/inst/freq_ring/producer[5]_repN was not replicated.
INFO: [Physopt 32-571] Net system_i/iq_0/inst/bank1/loader_received_reg[14][10] was not replicated.
INFO: [Physopt 32-571] Net system_i/iq_0/inst/loader_expected_reg_n_0_[1] was not replicated.
INFO: [Physopt 32-571] Net system_i/iq_0/inst/core/transform/p_0_out_inferred__2/rom_value[2][10]_i_5_n_0 was not replicated.
INFO: [Physopt 32-571] Net system_i/iq_0/inst/core/tm/digital_detector/start_sample[63]_i_1_n_0 was not replicated.
INFO: [Physopt 32-571] Net system_i/iq_0/inst/core/rb/divide/run_state_reg[1] was not replicated.
INFO: [Physopt 32-571] Net system_i/rst_ps7_125M/U0/peripheral_aresetn[0] was not replicated.
INFO: [Physopt 32-571] Net system_i/iq_0/inst/core/tm/digital_detector/length[31]_i_4_n_0 was not replicated.
INFO: [Physopt 32-571] Net system_i/iq_0/inst/loader_crc_state[30]_i_2_n_0 was not replicated.
INFO: [Physopt 32-571] Net system_i/iq_0/inst/loader_crc_state[29]_i_2_n_0 was not replicated.
INFO: [Physopt 32-571] Net system_i/iq_0/inst/loader_crc_state[19]_i_2_n_0 was not replicated.
INFO: [Physopt 32-571] Net system_i/iq_0/inst/core/transform/p_0_out_inferred__4/rom_value[4][10]_i_6_n_0 was not replicated.
INFO: [Physopt 32-571] Net system_i/iq_0/inst/core/transform/index_reg[13]_3_repN was not replicated.
INFO: [Physopt 32-571] Net system_i/iq_0/inst/bank_length1_reg_n_0_[25] was not replicated.
INFO: [Physopt 32-571] Net system_i/iq_0/inst/replay_length[2] was not replicated.
INFO: [Physopt 32-571] Net system_i/iq_0/inst/core/final_issue was not replicated.
INFO: [Physopt 32-571] Net system_i/iq_0/inst/core/run_state_reg[2]_0 was not replicated.
INFO: [Physopt 32-571] Net system_i/iq_0/inst/freq_ring/producer[4]_repN was not replicated.
INFO: [Physopt 32-571] Net system_i/iq_0/inst/bank_crc0[7]_i_1_n_0 was not replicated.
INFO: [Physopt 32-571] Net system_i/iq_0/inst/freq_ring/producer[3]_repN was not replicated.
INFO: [Physopt 32-571] Net system_i/iq_0/inst/freq_ring/producer[12] was not replicated.
INFO: [Physopt 32-232] Optimized 1 net. Created 1 new instance.
INFO: [Physopt 32-775] End 1 Pass. Optimized 1 net or cell. Created 1 new cell, deleted 0 existing cell and moved 0 existing cell
INFO: [Physopt 32-619] Estimated Timing Summary | WNS=-0.239 | TNS=-3.345 |
Netlist sorting complete. Time (s): cpu = 00:00:00 ; elapsed = 00:00:00.110 . Memory (MB): peak = 2648.457 ; gain = 0.000
Phase 18 Critical Cell Optimization | Checksum: 1bda58ff0

Time (s): cpu = 00:04:21 ; elapsed = 00:02:00 . Memory (MB): peak = 2648.457 ; gain = 0.000

Phase 19 DSP Register Optimization
INFO: [Physopt 32-456] No candidate cells for DSP register optimization found in the design.
INFO: [Physopt 32-775] End 1 Pass. Optimized 0 net or cell. Created 0 new cell, deleted 0 existing cell and moved 0 existing cell
Phase 19 DSP Register Optimization | Checksum: 1bda58ff0

Time (s): cpu = 00:04:21 ; elapsed = 00:02:00 . Memory (MB): peak = 2648.457 ; gain = 0.000

Phase 20 BRAM Register Optimization
INFO: [Physopt 32-614] Property 'READ_WIDTH_A' on BRAM cell 'system_i/iq_0/inst/core/transform/fft/U0/i_synth/non_native_flt_non_ssr_fft.xfft_inst/non_floating_point.arch_d.xfft_inst/pe_gen[0].natural_order_input.PE/FB_1.BF_1/MEM/blk_ram.use_bram_only.mem/depth_13_s6_depth_12.main_ram_loop[0].use_RAMB18.ram_2k_loop[0].SDP_RAMB18_9x2048' Port 'A' is 0. Skip BRAM Register Optimization on the port
INFO: [Physopt 32-614] Property 'READ_WIDTH_A' on BRAM cell 'system_i/iq_0/inst/core/transform/fft/U0/i_synth/non_native_flt_non_ssr_fft.xfft_inst/non_floating_point.arch_d.xfft_inst/pe_gen[0].natural_order_input.PE/FB_1.BF_1/MEM/blk_ram.use_bram_only.mem/depth_13_s6_depth_12.main_ram_loop[0].use_RAMB18.ram_2k_loop[1].SDP_RAMB18_9x2048' Port 'A' is 0. Skip BRAM Register Optimization on the port
INFO: [Physopt 32-614] Property 'READ_WIDTH_A' on BRAM cell 'system_i/iq_0/inst/core/transform/fft/U0/i_synth/non_native_flt_non_ssr_fft.xfft_inst/non_floating_point.arch_d.xfft_inst/pe_gen[0].natural_order_input.PE/FB_1.BF_1/MEM/blk_ram.use_bram_only.mem/depth_13_s6_depth_12.main_ram_loop[0].use_RAMB18.ram_2k_loop[2].SDP_RAMB18_9x2048' Port 'A' is 0. Skip BRAM Register Optimization on the port
INFO: [Physopt 32-614] Property 'READ_WIDTH_A' on BRAM cell 'system_i/iq_0/inst/core/transform/fft/U0/i_synth/non_native_flt_non_ssr_fft.xfft_inst/non_floating_point.arch_d.xfft_inst/pe_gen[0].natural_order_input.PE/FB_1.BF_1/MEM/blk_ram.use_bram_only.mem/depth_13_s6_depth_12.main_ram_loop[0].use_RAMB18.ram_2k_loop[3].SDP_RAMB18_9x2048' Port 'A' is 0. Skip BRAM Register Optimization on the port
INFO: [Physopt 32-614] Property 'READ_WIDTH_A' on BRAM cell 'system_i/iq_0/inst/core/transform/fft/U0/i_synth/non_native_flt_non_ssr_fft.xfft_inst/non_floating_point.arch_d.xfft_inst/pe_gen[0].natural_order_input.PE/FB_1.BF_1/MEM/blk_ram.use_bram_only.mem/depth_13_s6_depth_12.main_ram_loop[1].use_RAMB18.ram_2k_loop[0].SDP_RAMB18_9x2048' Port 'A' is 0. Skip BRAM Register Optimization on the port
INFO: [Physopt 32-614] Property 'READ_WIDTH_A' on BRAM cell 'system_i/iq_0/inst/core/transform/fft/U0/i_synth/non_native_flt_non_ssr_fft.xfft_inst/non_floating_point.arch_d.xfft_inst/pe_gen[0].natural_order_input.PE/FB_1.BF_1/MEM/blk_ram.use_bram_only.mem/depth_13_s6_depth_12.main_ram_loop[1].use_RAMB18.ram_2k_loop[1].SDP_RAMB18_9x2048' Port 'A' is 0. Skip BRAM Register Optimization on the port
INFO: [Physopt 32-614] Property 'READ_WIDTH_A' on BRAM cell 'system_i/iq_0/inst/core/transform/fft/U0/i_synth/non_native_flt_non_ssr_fft.xfft_inst/non_floating_point.arch_d.xfft_inst/pe_gen[0].natural_order_input.PE/FB_1.BF_1/MEM/blk_ram.use_bram_only.mem/depth_13_s6_depth_12.main_ram_loop[1].use_RAMB18.ram_2k_loop[2].SDP_RAMB18_9x2048' Port 'A' is 0. Skip BRAM Register Optimization on the port
INFO: [Physopt 32-614] Property 'READ_WIDTH_A' on BRAM cell 'system_i/iq_0/inst/core/transform/fft/U0/i_synth/non_native_flt_non_ssr_fft.xfft_inst/non_floating_point.arch_d.xfft_inst/pe_gen[0].natural_order_input.PE/FB_1.BF_1/MEM/blk_ram.use_bram_only.mem/depth_13_s6_depth_12.main_ram_loop[1].use_RAMB18.ram_2k_loop[3].SDP_RAMB18_9x2048' Port 'A' is 0. Skip BRAM Register Optimization on the port
INFO: [Physopt 32-614] Property 'READ_WIDTH_A' on BRAM cell 'system_i/iq_0/inst/core/transform/fft/U0/i_synth/non_native_flt_non_ssr_fft.xfft_inst/non_floating_point.arch_d.xfft_inst/pe_gen[0].natural_order_input.PE/FB_1.BF_1/MEM/blk_ram.use_bram_only.mem/depth_13_s6_depth_12.main_ram_loop[2].use_RAMB18.ram_2k_loop[0].SDP_RAMB18_9x2048' Port 'A' is 0. Skip BRAM Register Optimization on the port
INFO: [Physopt 32-614] Property 'READ_WIDTH_A' on BRAM cell 'system_i/iq_0/inst/core/transform/fft/U0/i_synth/non_native_flt_non_ssr_fft.xfft_inst/non_floating_point.arch_d.xfft_inst/pe_gen[0].natural_order_input.PE/FB_1.BF_1/MEM/blk_ram.use_bram_only.mem/depth_13_s6_depth_12.main_ram_loop[2].use_RAMB18.ram_2k_loop[1].SDP_RAMB18_9x2048' Port 'A' is 0. Skip BRAM Register Optimization on the port
INFO: [Physopt 32-614] Property 'READ_WIDTH_A' on BRAM cell 'system_i/iq_0/inst/core/transform/fft/U0/i_synth/non_native_flt_non_ssr_fft.xfft_inst/non_floating_point.arch_d.xfft_inst/pe_gen[0].natural_order_input.PE/FB_1.BF_1/MEM/blk_ram.use_bram_only.mem/depth_13_s6_depth_12.main_ram_loop[2].use_RAMB18.ram_2k_loop[2].SDP_RAMB18_9x2048' Port 'A' is 0. Skip BRAM Register Optimization on the port
INFO: [Physopt 32-614] Property 'READ_WIDTH_A' on BRAM cell 'system_i/iq_0/inst/core/transform/fft/U0/i_synth/non_native_flt_non_ssr_fft.xfft_inst/non_floating_point.arch_d.xfft_inst/pe_gen[0].natural_order_input.PE/FB_1.BF_1/MEM/blk_ram.use_bram_only.mem/depth_13_s6_depth_12.main_ram_loop[2].use_RAMB18.ram_2k_loop[3].SDP_RAMB18_9x2048' Port 'A' is 0. Skip BRAM Register Optimization on the port
INFO: [Physopt 32-614] Property 'READ_WIDTH_A' on BRAM cell 'system_i/iq_0/inst/core/transform/fft/U0/i_synth/non_native_flt_non_ssr_fft.xfft_inst/non_floating_point.arch_d.xfft_inst/pe_gen[0].natural_order_input.PE/FB_1.BF_1/MEM/blk_ram.use_bram_only.mem/depth_13_s6_depth_12.main_ram_loop[3].use_RAMB18.ram_2k_loop[0].SDP_RAMB18_9x2048' Port 'A' is 0. Skip BRAM Register Optimization on the port
INFO: [Physopt 32-614] Property 'READ_WIDTH_A' on BRAM cell 'system_i/iq_0/inst/core/transform/fft/U0/i_synth/non_native_flt_non_ssr_fft.xfft_inst/non_floating_point.arch_d.xfft_inst/pe_gen[0].natural_order_input.PE/FB_1.BF_1/MEM/blk_ram.use_bram_only.mem/depth_13_s6_depth_12.main_ram_loop[3].use_RAMB18.ram_2k_loop[1].SDP_RAMB18_9x2048' Port 'A' is 0. Skip BRAM Register Optimization on the port
INFO: [Physopt 32-614] Property 'READ_WIDTH_A' on BRAM cell 'system_i/iq_0/inst/core/transform/fft/U0/i_synth/non_native_flt_non_ssr_fft.xfft_inst/non_floating_point.arch_d.xfft_inst/pe_gen[0].natural_order_input.PE/FB_1.BF_1/MEM/blk_ram.use_bram_only.mem/depth_13_s6_depth_12.main_ram_loop[3].use_RAMB18.ram_2k_loop[2].SDP_RAMB18_9x2048' Port 'A' is 0. Skip BRAM Register Optimization on the port
INFO: [Physopt 32-614] Property 'READ_WIDTH_A' on BRAM cell 'system_i/iq_0/inst/core/transform/fft/U0/i_synth/non_native_flt_non_ssr_fft.xfft_inst/non_floating_point.arch_d.xfft_inst/pe_gen[0].natural_order_input.PE/FB_1.BF_1/MEM/blk_ram.use_bram_only.mem/depth_13_s6_depth_12.main_ram_loop[3].use_RAMB18.ram_2k_loop[3].SDP_RAMB18_9x2048' Port 'A' is 0. Skip BRAM Register Optimization on the port
INFO: [Physopt 32-614] Property 'READ_WIDTH_A' on BRAM cell 'system_i/iq_0/inst/core/transform/fft/U0/i_synth/non_native_flt_non_ssr_fft.xfft_inst/non_floating_point.arch_d.xfft_inst/pe_gen[0].natural_order_input.PE/FB_1.BF_1/MEM/blk_ram.use_bram_only.mem/depth_13_s6_depth_12.main_ram_loop[4].use_RAMB18.ram_2k_loop[0].SDP_RAMB18_9x2048' Port 'A' is 0. Skip BRAM Register Optimization on the port
INFO: [Physopt 32-614] Property 'READ_WIDTH_A' on BRAM cell 'system_i/iq_0/inst/core/transform/fft/U0/i_synth/non_native_flt_non_ssr_fft.xfft_inst/non_floating_point.arch_d.xfft_inst/pe_gen[0].natural_order_input.PE/FB_1.BF_1/MEM/blk_ram.use_bram_only.mem/depth_13_s6_depth_12.main_ram_loop[4].use_RAMB18.ram_2k_loop[1].SDP_RAMB18_9x2048' Port 'A' is 0. Skip BRAM Register Optimization on the port
INFO: [Physopt 32-614] Property 'READ_WIDTH_A' on BRAM cell 'system_i/iq_0/inst/core/transform/fft/U0/i_synth/non_native_flt_non_ssr_fft.xfft_inst/non_floating_point.arch_d.xfft_inst/pe_gen[0].natural_order_input.PE/FB_1.BF_1/MEM/blk_ram.use_bram_only.mem/depth_13_s6_depth_12.main_ram_loop[4].use_RAMB18.ram_2k_loop[2].SDP_RAMB18_9x2048' Port 'A' is 0. Skip BRAM Register Optimization on the port
INFO: [Physopt 32-614] Property 'READ_WIDTH_A' on BRAM cell 'system_i/iq_0/inst/core/transform/fft/U0/i_synth/non_native_flt_non_ssr_fft.xfft_inst/non_floating_point.arch_d.xfft_inst/pe_gen[0].natural_order_input.PE/FB_1.BF_1/MEM/blk_ram.use_bram_only.mem/depth_13_s6_depth_12.main_ram_loop[4].use_RAMB18.ram_2k_loop[3].SDP_RAMB18_9x2048' Port 'A' is 0. Skip BRAM Register Optimization on the port
INFO: [Physopt 32-614] Property 'READ_WIDTH_A' on BRAM cell 'system_i/iq_0/inst/core/transform/fft/U0/i_synth/non_native_flt_non_ssr_fft.xfft_inst/non_floating_point.arch_d.xfft_inst/pe_gen[0].natural_order_input.PE/FB_1.BF_1/MEM/blk_ram.use_bram_only.mem/depth_13_s6_depth_12.need_extra_rams.extra_ram_loop[0].use_RAMB18.SDP_RAMB18_2x8192' Port 'A' is 0. Skip BRAM Register Optimization on the port
INFO: [Physopt 32-614] Property 'READ_WIDTH_A' on BRAM cell 'system_i/iq_0/inst/core/transform/fft/U0/i_synth/non_native_flt_non_ssr_fft.xfft_inst/non_floating_point.arch_d.xfft_inst/pe_gen[0].natural_order_input.PE/FB_1.BF_1/MEM/blk_ram.use_bram_only.mem/depth_13_s6_depth_12.need_extra_rams.extra_ram_loop[1].use_RAMB18.SDP_RAMB18_2x8192' Port 'A' is 0. Skip BRAM Register Optimization on the port
INFO: [Physopt 32-614] Property 'READ_WIDTH_A' on BRAM cell 'system_i/iq_0/inst/core/transform/fft/U0/i_synth/non_native_flt_non_ssr_fft.xfft_inst/non_floating_point.arch_d.xfft_inst/pe_gen[0].natural_order_input.PE/FB_1.BF_1/MEM/blk_ram.use_bram_only.mem/depth_13_s6_depth_12.need_extra_rams.extra_ram_loop[2].use_RAMB18.SDP_RAMB18_2x8192' Port 'A' is 0. Skip BRAM Register Optimization on the port
INFO: [Physopt 32-614] Property 'READ_WIDTH_A' on BRAM cell 'system_i/iq_0/inst/core/transform/fft/U0/i_synth/non_native_flt_non_ssr_fft.xfft_inst/non_floating_point.arch_d.xfft_inst/pe_gen[0].natural_order_input.PE/hasbf2.FB_2.BF_2/MEM/blk_ram.use_bram_only.mem/depth_12_s6_depth_11.main_ram_loop[0].use_RAMB18.ram_2k_loop[0].SDP_RAMB18_9x2048' Port 'A' is 0. Skip BRAM Register Optimization on the port
INFO: [Physopt 32-614] Property 'READ_WIDTH_A' on BRAM cell 'system_i/iq_0/inst/core/transform/fft/U0/i_synth/non_native_flt_non_ssr_fft.xfft_inst/non_floating_point.arch_d.xfft_inst/pe_gen[0].natural_order_input.PE/hasbf2.FB_2.BF_2/MEM/blk_ram.use_bram_only.mem/depth_12_s6_depth_11.main_ram_loop[0].use_RAMB18.ram_2k_loop[1].SDP_RAMB18_9x2048' Port 'A' is 0. Skip BRAM Register Optimization on the port
INFO: [Physopt 32-614] Property 'READ_WIDTH_A' on BRAM cell 'system_i/iq_0/inst/core/transform/fft/U0/i_synth/non_native_flt_non_ssr_fft.xfft_inst/non_floating_point.arch_d.xfft_inst/pe_gen[0].natural_order_input.PE/hasbf2.FB_2.BF_2/MEM/blk_ram.use_bram_only.mem/depth_12_s6_depth_11.main_ram_loop[1].use_RAMB18.ram_2k_loop[0].SDP_RAMB18_9x2048' Port 'A' is 0. Skip BRAM Register Optimization on the port
INFO: [Physopt 32-614] Property 'READ_WIDTH_A' on BRAM cell 'system_i/iq_0/inst/core/transform/fft/U0/i_synth/non_native_flt_non_ssr_fft.xfft_inst/non_floating_point.arch_d.xfft_inst/pe_gen[0].natural_order_input.PE/hasbf2.FB_2.BF_2/MEM/blk_ram.use_bram_only.mem/depth_12_s6_depth_11.main_ram_loop[1].use_RAMB18.ram_2k_loop[1].SDP_RAMB18_9x2048' Port 'A' is 0. Skip BRAM Register Optimization on the port
INFO: [Physopt 32-614] Property 'READ_WIDTH_A' on BRAM cell 'system_i/iq_0/inst/core/transform/fft/U0/i_synth/non_native_flt_non_ssr_fft.xfft_inst/non_floating_point.arch_d.xfft_inst/pe_gen[0].natural_order_input.PE/hasbf2.FB_2.BF_2/MEM/blk_ram.use_bram_only.mem/depth_12_s6_depth_11.main_ram_loop[2].use_RAMB18.ram_2k_loop[0].SDP_RAMB18_9x2048' Port 'A' is 0. Skip BRAM Register Optimization on the port
INFO: [Physopt 32-614] Property 'READ_WIDTH_A' on BRAM cell 'system_i/iq_0/inst/core/transform/fft/U0/i_synth/non_native_flt_non_ssr_fft.xfft_inst/non_floating_point.arch_d.xfft_inst/pe_gen[0].natural_order_input.PE/hasbf2.FB_2.BF_2/MEM/blk_ram.use_bram_only.mem/depth_12_s6_depth_11.main_ram_loop[2].use_RAMB18.ram_2k_loop[1].SDP_RAMB18_9x2048' Port 'A' is 0. Skip BRAM Register Optimization on the port
INFO: [Physopt 32-614] Property 'READ_WIDTH_A' on BRAM cell 'system_i/iq_0/inst/core/transform/fft/U0/i_synth/non_native_flt_non_ssr_fft.xfft_inst/non_floating_point.arch_d.xfft_inst/pe_gen[0].natural_order_input.PE/hasbf2.FB_2.BF_2/MEM/blk_ram.use_bram_only.mem/depth_12_s6_depth_11.main_ram_loop[3].use_RAMB18.ram_2k_loop[0].SDP_RAMB18_9x2048' Port 'A' is 0. Skip BRAM Register Optimization on the port
INFO: [Physopt 32-614] Property 'READ_WIDTH_A' on BRAM cell 'system_i/iq_0/inst/core/transform/fft/U0/i_synth/non_native_flt_non_ssr_fft.xfft_inst/non_floating_point.arch_d.xfft_inst/pe_gen[0].natural_order_input.PE/hasbf2.FB_2.BF_2/MEM/blk_ram.use_bram_only.mem/depth_12_s6_depth_11.main_ram_loop[3].use_RAMB18.ram_2k_loop[1].SDP_RAMB18_9x2048' Port 'A' is 0. Skip BRAM Register Optimization on the port
INFO: [Physopt 32-614] Property 'READ_WIDTH_A' on BRAM cell 'system_i/iq_0/inst/core/transform/fft/U0/i_synth/non_native_flt_non_ssr_fft.xfft_inst/non_floating_point.arch_d.xfft_inst/pe_gen[0].natural_order_input.PE/hasbf2.FB_2.BF_2/MEM/blk_ram.use_bram_only.mem/depth_12_s6_depth_11.main_ram_loop[4].use_RAMB18.ram_2k_loop[0].SDP_RAMB18_9x2048' Port 'A' is 0. Skip BRAM Register Optimization on the port
INFO: [Physopt 32-614] Property 'READ_WIDTH_A' on BRAM cell 'system_i/iq_0/inst/core/transform/fft/U0/i_synth/non_native_flt_non_ssr_fft.xfft_inst/non_floating_point.arch_d.xfft_inst/pe_gen[0].natural_order_input.PE/hasbf2.FB_2.BF_2/MEM/blk_ram.use_bram_only.mem/depth_12_s6_depth_11.main_ram_loop[4].use_RAMB18.ram_2k_loop[1].SDP_RAMB18_9x2048' Port 'A' is 0. Skip BRAM Register Optimization on the port
INFO: [Physopt 32-614] Property 'READ_WIDTH_A' on BRAM cell 'system_i/iq_0/inst/core/transform/fft/U0/i_synth/non_native_flt_non_ssr_fft.xfft_inst/non_floating_point.arch_d.xfft_inst/pe_gen[0].natural_order_input.PE/hasbf2.FB_2.BF_2/MEM/blk_ram.use_bram_only.mem/depth_12_s6_depth_11.need_extra_rams.extra_ram_loop[0].use_RAMB18.SDP_RAMB18_4x4096' Port 'A' is 0. Skip BRAM Register Optimization on the port
INFO: [Physopt 32-614] Property 'READ_WIDTH_A' on BRAM cell 'system_i/iq_0/inst/core/transform/fft/U0/i_synth/non_native_flt_non_ssr_fft.xfft_inst/non_floating_point.arch_d.xfft_inst/pe_gen[0].natural_order_input.PE/hasbf2.FB_2.BF_2/MEM/blk_ram.use_bram_only.mem/depth_12_s6_depth_11.need_extra_rams.extra_ram_loop[1].use_RAMB18.SDP_RAMB18_4x4096' Port 'A' is 0. Skip BRAM Register Optimization on the port
INFO: [Physopt 32-614] Property 'READ_WIDTH_A' on BRAM cell 'system_i/iq_0/inst/core/transform/fft/U0/i_synth/non_native_flt_non_ssr_fft.xfft_inst/non_floating_point.arch_d.xfft_inst/pe_gen[1].natural_order_input.PE/FB_1.BF_1/MEM/blk_ram.use_bram_only.mem/depth_11.ram_loop[0].use_RAMB18.SDP_RAMB18_9x2048' Port 'A' is 0. Skip BRAM Register Optimization on the port
INFO: [Physopt 32-614] Property 'READ_WIDTH_A' on BRAM cell 'system_i/iq_0/inst/core/transform/fft/U0/i_synth/non_native_flt_non_ssr_fft.xfft_inst/non_floating_point.arch_d.xfft_inst/pe_gen[1].natural_order_input.PE/FB_1.BF_1/MEM/blk_ram.use_bram_only.mem/depth_11.ram_loop[1].use_RAMB18.SDP_RAMB18_9x2048' Port 'A' is 0. Skip BRAM Register Optimization on the port
INFO: [Physopt 32-614] Property 'READ_WIDTH_A' on BRAM cell 'system_i/iq_0/inst/core/transform/fft/U0/i_synth/non_native_flt_non_ssr_fft.xfft_inst/non_floating_point.arch_d.xfft_inst/pe_gen[1].natural_order_input.PE/FB_1.BF_1/MEM/blk_ram.use_bram_only.mem/depth_11.ram_loop[2].use_RAMB18.SDP_RAMB18_9x2048' Port 'A' is 0. Skip BRAM Register Optimization on the port
INFO: [Physopt 32-614] Property 'READ_WIDTH_A' on BRAM cell 'system_i/iq_0/inst/core/transform/fft/U0/i_synth/non_native_flt_non_ssr_fft.xfft_inst/non_floating_point.arch_d.xfft_inst/pe_gen[1].natural_order_input.PE/FB_1.BF_1/MEM/blk_ram.use_bram_only.mem/depth_11.ram_loop[3].use_RAMB18.SDP_RAMB18_9x2048' Port 'A' is 0. Skip BRAM Register Optimization on the port
INFO: [Physopt 32-614] Property 'READ_WIDTH_A' on BRAM cell 'system_i/iq_0/inst/core/transform/fft/U0/i_synth/non_native_flt_non_ssr_fft.xfft_inst/non_floating_point.arch_d.xfft_inst/pe_gen[1].natural_order_input.PE/FB_1.BF_1/MEM/blk_ram.use_bram_only.mem/depth_11.ram_loop[4].use_RAMB18.SDP_RAMB18_9x2048' Port 'A' is 0. Skip BRAM Register Optimization on the port
INFO: [Physopt 32-614] Property 'READ_WIDTH_A' on BRAM cell 'system_i/iq_0/inst/core/transform/fft/U0/i_synth/non_native_flt_non_ssr_fft.xfft_inst/non_floating_point.arch_d.xfft_inst/pe_gen[1].natural_order_input.PE/FB_1.BF_1/MEM/blk_ram.use_bram_only.mem/depth_11.ram_loop[5].use_RAMB18.SDP_RAMB18_9x2048' Port 'A' is 0. Skip BRAM Register Optimization on the port
INFO: [Physopt 32-614] Property 'READ_WIDTH_A' on BRAM cell 'system_i/iq_0/inst/core/transform/fft/U0/i_synth/non_native_flt_non_ssr_fft.xfft_inst/non_floating_point.arch_d.xfft_inst/pe_gen[1].natural_order_input.PE/hasbf2.FB_2.BF_2/MEM/blk_ram.use_bram_only.mem/depth_10.ram_loop[0].use_RAMB18.SDP_RAMB18_18x1024' Port 'A' is 0. Skip BRAM Register Optimization on the port
INFO: [Physopt 32-614] Property 'READ_WIDTH_A' on BRAM cell 'system_i/iq_0/inst/core/transform/fft/U0/i_synth/non_native_flt_non_ssr_fft.xfft_inst/non_floating_point.arch_d.xfft_inst/pe_gen[1].natural_order_input.PE/hasbf2.FB_2.BF_2/MEM/blk_ram.use_bram_only.mem/depth_10.ram_loop[1].use_RAMB18.SDP_RAMB18_18x1024' Port 'A' is 0. Skip BRAM Register Optimization on the port
INFO: [Physopt 32-614] Property 'READ_WIDTH_A' on BRAM cell 'system_i/iq_0/inst/core/transform/fft/U0/i_synth/non_native_flt_non_ssr_fft.xfft_inst/non_floating_point.arch_d.xfft_inst/pe_gen[1].natural_order_input.PE/hasbf2.FB_2.BF_2/MEM/blk_ram.use_bram_only.mem/depth_10.ram_loop[2].use_RAMB18.SDP_RAMB18_18x1024' Port 'A' is 0. Skip BRAM Register Optimization on the port
INFO: [Physopt 32-526] No candidate cells for BRAM register optimization found in the design
INFO: [Physopt 32-775] End 1 Pass. Optimized 0 net or cell. Created 0 new cell, deleted 0 existing cell and moved 0 existing cell
Phase 20 BRAM Register Optimization | Checksum: 1bda58ff0

Time (s): cpu = 00:04:21 ; elapsed = 00:02:00 . Memory (MB): peak = 2648.457 ; gain = 0.000

Phase 21 URAM Register Optimization
INFO: [Physopt 32-846] No candidate cells for URAM register optimization found in the design
INFO: [Physopt 32-775] End 1 Pass. Optimized 0 net or cell. Created 0 new cell, deleted 0 existing cell and moved 0 existing cell
INFO: [Physopt 32-846] No candidate cells for URAM register optimization found in the design
INFO: [Physopt 32-775] End 1 Pass. Optimized 0 net or cell. Created 0 new cell, deleted 0 existing cell and moved 0 existing cell
Phase 21 URAM Register Optimization | Checksum: 1bda58ff0

Time (s): cpu = 00:04:21 ; elapsed = 00:02:00 . Memory (MB): peak = 2648.457 ; gain = 0.000

Phase 22 Shift Register Optimization
INFO: [Physopt 32-1401] No candidate cells found for Shift Register optimization.
INFO: [Physopt 32-677] No candidate cells for Shift Register optimization found in the design
INFO: [Physopt 32-775] End 1 Pass. Optimized 0 net or cell. Created 0 new cell, deleted 0 existing cell and moved 0 existing cell
Phase 22 Shift Register Optimization | Checksum: 1bda58ff0

Time (s): cpu = 00:04:21 ; elapsed = 00:02:00 . Memory (MB): peak = 2648.457 ; gain = 0.000

Phase 23 DSP Register Optimization
INFO: [Physopt 32-456] No candidate cells for DSP register optimization found in the design.
INFO: [Physopt 32-775] End 1 Pass. Optimized 0 net or cell. Created 0 new cell, deleted 0 existing cell and moved 0 existing cell
Phase 23 DSP Register Optimization | Checksum: 1bda58ff0

Time (s): cpu = 00:04:21 ; elapsed = 00:02:00 . Memory (MB): peak = 2648.457 ; gain = 0.000

Phase 24 BRAM Register Optimization
INFO: [Physopt 32-614] Property 'READ_WIDTH_A' on BRAM cell 'system_i/iq_0/inst/core/transform/fft/U0/i_synth/non_native_flt_non_ssr_fft.xfft_inst/non_floating_point.arch_d.xfft_inst/pe_gen[0].natural_order_input.PE/FB_1.BF_1/MEM/blk_ram.use_bram_only.mem/depth_13_s6_depth_12.main_ram_loop[0].use_RAMB18.ram_2k_loop[0].SDP_RAMB18_9x2048' Port 'A' is 0. Skip BRAM Register Optimization on the port
INFO: [Physopt 32-614] Property 'READ_WIDTH_A' on BRAM cell 'system_i/iq_0/inst/core/transform/fft/U0/i_synth/non_native_flt_non_ssr_fft.xfft_inst/non_floating_point.arch_d.xfft_inst/pe_gen[0].natural_order_input.PE/FB_1.BF_1/MEM/blk_ram.use_bram_only.mem/depth_13_s6_depth_12.main_ram_loop[0].use_RAMB18.ram_2k_loop[1].SDP_RAMB18_9x2048' Port 'A' is 0. Skip BRAM Register Optimization on the port
INFO: [Physopt 32-614] Property 'READ_WIDTH_A' on BRAM cell 'system_i/iq_0/inst/core/transform/fft/U0/i_synth/non_native_flt_non_ssr_fft.xfft_inst/non_floating_point.arch_d.xfft_inst/pe_gen[0].natural_order_input.PE/FB_1.BF_1/MEM/blk_ram.use_bram_only.mem/depth_13_s6_depth_12.main_ram_loop[0].use_RAMB18.ram_2k_loop[2].SDP_RAMB18_9x2048' Port 'A' is 0. Skip BRAM Register Optimization on the port
INFO: [Physopt 32-614] Property 'READ_WIDTH_A' on BRAM cell 'system_i/iq_0/inst/core/transform/fft/U0/i_synth/non_native_flt_non_ssr_fft.xfft_inst/non_floating_point.arch_d.xfft_inst/pe_gen[0].natural_order_input.PE/FB_1.BF_1/MEM/blk_ram.use_bram_only.mem/depth_13_s6_depth_12.main_ram_loop[0].use_RAMB18.ram_2k_loop[3].SDP_RAMB18_9x2048' Port 'A' is 0. Skip BRAM Register Optimization on the port
INFO: [Physopt 32-614] Property 'READ_WIDTH_A' on BRAM cell 'system_i/iq_0/inst/core/transform/fft/U0/i_synth/non_native_flt_non_ssr_fft.xfft_inst/non_floating_point.arch_d.xfft_inst/pe_gen[0].natural_order_input.PE/FB_1.BF_1/MEM/blk_ram.use_bram_only.mem/depth_13_s6_depth_12.main_ram_loop[1].use_RAMB18.ram_2k_loop[0].SDP_RAMB18_9x2048' Port 'A' is 0. Skip BRAM Register Optimization on the port
INFO: [Physopt 32-614] Property 'READ_WIDTH_A' on BRAM cell 'system_i/iq_0/inst/core/transform/fft/U0/i_synth/non_native_flt_non_ssr_fft.xfft_inst/non_floating_point.arch_d.xfft_inst/pe_gen[0].natural_order_input.PE/FB_1.BF_1/MEM/blk_ram.use_bram_only.mem/depth_13_s6_depth_12.main_ram_loop[1].use_RAMB18.ram_2k_loop[1].SDP_RAMB18_9x2048' Port 'A' is 0. Skip BRAM Register Optimization on the port
INFO: [Physopt 32-614] Property 'READ_WIDTH_A' on BRAM cell 'system_i/iq_0/inst/core/transform/fft/U0/i_synth/non_native_flt_non_ssr_fft.xfft_inst/non_floating_point.arch_d.xfft_inst/pe_gen[0].natural_order_input.PE/FB_1.BF_1/MEM/blk_ram.use_bram_only.mem/depth_13_s6_depth_12.main_ram_loop[1].use_RAMB18.ram_2k_loop[2].SDP_RAMB18_9x2048' Port 'A' is 0. Skip BRAM Register Optimization on the port
INFO: [Physopt 32-614] Property 'READ_WIDTH_A' on BRAM cell 'system_i/iq_0/inst/core/transform/fft/U0/i_synth/non_native_flt_non_ssr_fft.xfft_inst/non_floating_point.arch_d.xfft_inst/pe_gen[0].natural_order_input.PE/FB_1.BF_1/MEM/blk_ram.use_bram_only.mem/depth_13_s6_depth_12.main_ram_loop[1].use_RAMB18.ram_2k_loop[3].SDP_RAMB18_9x2048' Port 'A' is 0. Skip BRAM Register Optimization on the port
INFO: [Physopt 32-614] Property 'READ_WIDTH_A' on BRAM cell 'system_i/iq_0/inst/core/transform/fft/U0/i_synth/non_native_flt_non_ssr_fft.xfft_inst/non_floating_point.arch_d.xfft_inst/pe_gen[0].natural_order_input.PE/FB_1.BF_1/MEM/blk_ram.use_bram_only.mem/depth_13_s6_depth_12.main_ram_loop[2].use_RAMB18.ram_2k_loop[0].SDP_RAMB18_9x2048' Port 'A' is 0. Skip BRAM Register Optimization on the port
INFO: [Physopt 32-614] Property 'READ_WIDTH_A' on BRAM cell 'system_i/iq_0/inst/core/transform/fft/U0/i_synth/non_native_flt_non_ssr_fft.xfft_inst/non_floating_point.arch_d.xfft_inst/pe_gen[0].natural_order_input.PE/FB_1.BF_1/MEM/blk_ram.use_bram_only.mem/depth_13_s6_depth_12.main_ram_loop[2].use_RAMB18.ram_2k_loop[1].SDP_RAMB18_9x2048' Port 'A' is 0. Skip BRAM Register Optimization on the port
INFO: [Physopt 32-614] Property 'READ_WIDTH_A' on BRAM cell 'system_i/iq_0/inst/core/transform/fft/U0/i_synth/non_native_flt_non_ssr_fft.xfft_inst/non_floating_point.arch_d.xfft_inst/pe_gen[0].natural_order_input.PE/FB_1.BF_1/MEM/blk_ram.use_bram_only.mem/depth_13_s6_depth_12.main_ram_loop[2].use_RAMB18.ram_2k_loop[2].SDP_RAMB18_9x2048' Port 'A' is 0. Skip BRAM Register Optimization on the port
INFO: [Physopt 32-614] Property 'READ_WIDTH_A' on BRAM cell 'system_i/iq_0/inst/core/transform/fft/U0/i_synth/non_native_flt_non_ssr_fft.xfft_inst/non_floating_point.arch_d.xfft_inst/pe_gen[0].natural_order_input.PE/FB_1.BF_1/MEM/blk_ram.use_bram_only.mem/depth_13_s6_depth_12.main_ram_loop[2].use_RAMB18.ram_2k_loop[3].SDP_RAMB18_9x2048' Port 'A' is 0. Skip BRAM Register Optimization on the port
INFO: [Physopt 32-614] Property 'READ_WIDTH_A' on BRAM cell 'system_i/iq_0/inst/core/transform/fft/U0/i_synth/non_native_flt_non_ssr_fft.xfft_inst/non_floating_point.arch_d.xfft_inst/pe_gen[0].natural_order_input.PE/FB_1.BF_1/MEM/blk_ram.use_bram_only.mem/depth_13_s6_depth_12.main_ram_loop[3].use_RAMB18.ram_2k_loop[0].SDP_RAMB18_9x2048' Port 'A' is 0. Skip BRAM Register Optimization on the port
INFO: [Physopt 32-614] Property 'READ_WIDTH_A' on BRAM cell 'system_i/iq_0/inst/core/transform/fft/U0/i_synth/non_native_flt_non_ssr_fft.xfft_inst/non_floating_point.arch_d.xfft_inst/pe_gen[0].natural_order_input.PE/FB_1.BF_1/MEM/blk_ram.use_bram_only.mem/depth_13_s6_depth_12.main_ram_loop[3].use_RAMB18.ram_2k_loop[1].SDP_RAMB18_9x2048' Port 'A' is 0. Skip BRAM Register Optimization on the port
INFO: [Physopt 32-614] Property 'READ_WIDTH_A' on BRAM cell 'system_i/iq_0/inst/core/transform/fft/U0/i_synth/non_native_flt_non_ssr_fft.xfft_inst/non_floating_point.arch_d.xfft_inst/pe_gen[0].natural_order_input.PE/FB_1.BF_1/MEM/blk_ram.use_bram_only.mem/depth_13_s6_depth_12.main_ram_loop[3].use_RAMB18.ram_2k_loop[2].SDP_RAMB18_9x2048' Port 'A' is 0. Skip BRAM Register Optimization on the port
INFO: [Physopt 32-614] Property 'READ_WIDTH_A' on BRAM cell 'system_i/iq_0/inst/core/transform/fft/U0/i_synth/non_native_flt_non_ssr_fft.xfft_inst/non_floating_point.arch_d.xfft_inst/pe_gen[0].natural_order_input.PE/FB_1.BF_1/MEM/blk_ram.use_bram_only.mem/depth_13_s6_depth_12.main_ram_loop[3].use_RAMB18.ram_2k_loop[3].SDP_RAMB18_9x2048' Port 'A' is 0. Skip BRAM Register Optimization on the port
INFO: [Physopt 32-614] Property 'READ_WIDTH_A' on BRAM cell 'system_i/iq_0/inst/core/transform/fft/U0/i_synth/non_native_flt_non_ssr_fft.xfft_inst/non_floating_point.arch_d.xfft_inst/pe_gen[0].natural_order_input.PE/FB_1.BF_1/MEM/blk_ram.use_bram_only.mem/depth_13_s6_depth_12.main_ram_loop[4].use_RAMB18.ram_2k_loop[0].SDP_RAMB18_9x2048' Port 'A' is 0. Skip BRAM Register Optimization on the port
INFO: [Physopt 32-614] Property 'READ_WIDTH_A' on BRAM cell 'system_i/iq_0/inst/core/transform/fft/U0/i_synth/non_native_flt_non_ssr_fft.xfft_inst/non_floating_point.arch_d.xfft_inst/pe_gen[0].natural_order_input.PE/FB_1.BF_1/MEM/blk_ram.use_bram_only.mem/depth_13_s6_depth_12.main_ram_loop[4].use_RAMB18.ram_2k_loop[1].SDP_RAMB18_9x2048' Port 'A' is 0. Skip BRAM Register Optimization on the port
INFO: [Physopt 32-614] Property 'READ_WIDTH_A' on BRAM cell 'system_i/iq_0/inst/core/transform/fft/U0/i_synth/non_native_flt_non_ssr_fft.xfft_inst/non_floating_point.arch_d.xfft_inst/pe_gen[0].natural_order_input.PE/FB_1.BF_1/MEM/blk_ram.use_bram_only.mem/depth_13_s6_depth_12.main_ram_loop[4].use_RAMB18.ram_2k_loop[2].SDP_RAMB18_9x2048' Port 'A' is 0. Skip BRAM Register Optimization on the port
INFO: [Physopt 32-614] Property 'READ_WIDTH_A' on BRAM cell 'system_i/iq_0/inst/core/transform/fft/U0/i_synth/non_native_flt_non_ssr_fft.xfft_inst/non_floating_point.arch_d.xfft_inst/pe_gen[0].natural_order_input.PE/FB_1.BF_1/MEM/blk_ram.use_bram_only.mem/depth_13_s6_depth_12.main_ram_loop[4].use_RAMB18.ram_2k_loop[3].SDP_RAMB18_9x2048' Port 'A' is 0. Skip BRAM Register Optimization on the port
INFO: [Physopt 32-614] Property 'READ_WIDTH_A' on BRAM cell 'system_i/iq_0/inst/core/transform/fft/U0/i_synth/non_native_flt_non_ssr_fft.xfft_inst/non_floating_point.arch_d.xfft_inst/pe_gen[0].natural_order_input.PE/FB_1.BF_1/MEM/blk_ram.use_bram_only.mem/depth_13_s6_depth_12.need_extra_rams.extra_ram_loop[0].use_RAMB18.SDP_RAMB18_2x8192' Port 'A' is 0. Skip BRAM Register Optimization on the port
INFO: [Physopt 32-614] Property 'READ_WIDTH_A' on BRAM cell 'system_i/iq_0/inst/core/transform/fft/U0/i_synth/non_native_flt_non_ssr_fft.xfft_inst/non_floating_point.arch_d.xfft_inst/pe_gen[0].natural_order_input.PE/FB_1.BF_1/MEM/blk_ram.use_bram_only.mem/depth_13_s6_depth_12.need_extra_rams.extra_ram_loop[1].use_RAMB18.SDP_RAMB18_2x8192' Port 'A' is 0. Skip BRAM Register Optimization on the port
INFO: [Physopt 32-614] Property 'READ_WIDTH_A' on BRAM cell 'system_i/iq_0/inst/core/transform/fft/U0/i_synth/non_native_flt_non_ssr_fft.xfft_inst/non_floating_point.arch_d.xfft_inst/pe_gen[0].natural_order_input.PE/FB_1.BF_1/MEM/blk_ram.use_bram_only.mem/depth_13_s6_depth_12.need_extra_rams.extra_ram_loop[2].use_RAMB18.SDP_RAMB18_2x8192' Port 'A' is 0. Skip BRAM Register Optimization on the port
INFO: [Physopt 32-614] Property 'READ_WIDTH_A' on BRAM cell 'system_i/iq_0/inst/core/transform/fft/U0/i_synth/non_native_flt_non_ssr_fft.xfft_inst/non_floating_point.arch_d.xfft_inst/pe_gen[0].natural_order_input.PE/hasbf2.FB_2.BF_2/MEM/blk_ram.use_bram_only.mem/depth_12_s6_depth_11.main_ram_loop[0].use_RAMB18.ram_2k_loop[0].SDP_RAMB18_9x2048' Port 'A' is 0. Skip BRAM Register Optimization on the port
INFO: [Physopt 32-614] Property 'READ_WIDTH_A' on BRAM cell 'system_i/iq_0/inst/core/transform/fft/U0/i_synth/non_native_flt_non_ssr_fft.xfft_inst/non_floating_point.arch_d.xfft_inst/pe_gen[0].natural_order_input.PE/hasbf2.FB_2.BF_2/MEM/blk_ram.use_bram_only.mem/depth_12_s6_depth_11.main_ram_loop[0].use_RAMB18.ram_2k_loop[1].SDP_RAMB18_9x2048' Port 'A' is 0. Skip BRAM Register Optimization on the port
INFO: [Physopt 32-614] Property 'READ_WIDTH_A' on BRAM cell 'system_i/iq_0/inst/core/transform/fft/U0/i_synth/non_native_flt_non_ssr_fft.xfft_inst/non_floating_point.arch_d.xfft_inst/pe_gen[0].natural_order_input.PE/hasbf2.FB_2.BF_2/MEM/blk_ram.use_bram_only.mem/depth_12_s6_depth_11.main_ram_loop[1].use_RAMB18.ram_2k_loop[0].SDP_RAMB18_9x2048' Port 'A' is 0. Skip BRAM Register Optimization on the port
INFO: [Physopt 32-614] Property 'READ_WIDTH_A' on BRAM cell 'system_i/iq_0/inst/core/transform/fft/U0/i_synth/non_native_flt_non_ssr_fft.xfft_inst/non_floating_point.arch_d.xfft_inst/pe_gen[0].natural_order_input.PE/hasbf2.FB_2.BF_2/MEM/blk_ram.use_bram_only.mem/depth_12_s6_depth_11.main_ram_loop[1].use_RAMB18.ram_2k_loop[1].SDP_RAMB18_9x2048' Port 'A' is 0. Skip BRAM Register Optimization on the port
INFO: [Physopt 32-614] Property 'READ_WIDTH_A' on BRAM cell 'system_i/iq_0/inst/core/transform/fft/U0/i_synth/non_native_flt_non_ssr_fft.xfft_inst/non_floating_point.arch_d.xfft_inst/pe_gen[0].natural_order_input.PE/hasbf2.FB_2.BF_2/MEM/blk_ram.use_bram_only.mem/depth_12_s6_depth_11.main_ram_loop[2].use_RAMB18.ram_2k_loop[0].SDP_RAMB18_9x2048' Port 'A' is 0. Skip BRAM Register Optimization on the port
INFO: [Physopt 32-614] Property 'READ_WIDTH_A' on BRAM cell 'system_i/iq_0/inst/core/transform/fft/U0/i_synth/non_native_flt_non_ssr_fft.xfft_inst/non_floating_point.arch_d.xfft_inst/pe_gen[0].natural_order_input.PE/hasbf2.FB_2.BF_2/MEM/blk_ram.use_bram_only.mem/depth_12_s6_depth_11.main_ram_loop[2].use_RAMB18.ram_2k_loop[1].SDP_RAMB18_9x2048' Port 'A' is 0. Skip BRAM Register Optimization on the port
INFO: [Physopt 32-614] Property 'READ_WIDTH_A' on BRAM cell 'system_i/iq_0/inst/core/transform/fft/U0/i_synth/non_native_flt_non_ssr_fft.xfft_inst/non_floating_point.arch_d.xfft_inst/pe_gen[0].natural_order_input.PE/hasbf2.FB_2.BF_2/MEM/blk_ram.use_bram_only.mem/depth_12_s6_depth_11.main_ram_loop[3].use_RAMB18.ram_2k_loop[0].SDP_RAMB18_9x2048' Port 'A' is 0. Skip BRAM Register Optimization on the port
INFO: [Physopt 32-614] Property 'READ_WIDTH_A' on BRAM cell 'system_i/iq_0/inst/core/transform/fft/U0/i_synth/non_native_flt_non_ssr_fft.xfft_inst/non_floating_point.arch_d.xfft_inst/pe_gen[0].natural_order_input.PE/hasbf2.FB_2.BF_2/MEM/blk_ram.use_bram_only.mem/depth_12_s6_depth_11.main_ram_loop[3].use_RAMB18.ram_2k_loop[1].SDP_RAMB18_9x2048' Port 'A' is 0. Skip BRAM Register Optimization on the port
INFO: [Physopt 32-614] Property 'READ_WIDTH_A' on BRAM cell 'system_i/iq_0/inst/core/transform/fft/U0/i_synth/non_native_flt_non_ssr_fft.xfft_inst/non_floating_point.arch_d.xfft_inst/pe_gen[0].natural_order_input.PE/hasbf2.FB_2.BF_2/MEM/blk_ram.use_bram_only.mem/depth_12_s6_depth_11.main_ram_loop[4].use_RAMB18.ram_2k_loop[0].SDP_RAMB18_9x2048' Port 'A' is 0. Skip BRAM Register Optimization on the port
INFO: [Physopt 32-614] Property 'READ_WIDTH_A' on BRAM cell 'system_i/iq_0/inst/core/transform/fft/U0/i_synth/non_native_flt_non_ssr_fft.xfft_inst/non_floating_point.arch_d.xfft_inst/pe_gen[0].natural_order_input.PE/hasbf2.FB_2.BF_2/MEM/blk_ram.use_bram_only.mem/depth_12_s6_depth_11.main_ram_loop[4].use_RAMB18.ram_2k_loop[1].SDP_RAMB18_9x2048' Port 'A' is 0. Skip BRAM Register Optimization on the port
INFO: [Physopt 32-614] Property 'READ_WIDTH_A' on BRAM cell 'system_i/iq_0/inst/core/transform/fft/U0/i_synth/non_native_flt_non_ssr_fft.xfft_inst/non_floating_point.arch_d.xfft_inst/pe_gen[0].natural_order_input.PE/hasbf2.FB_2.BF_2/MEM/blk_ram.use_bram_only.mem/depth_12_s6_depth_11.need_extra_rams.extra_ram_loop[0].use_RAMB18.SDP_RAMB18_4x4096' Port 'A' is 0. Skip BRAM Register Optimization on the port
INFO: [Physopt 32-614] Property 'READ_WIDTH_A' on BRAM cell 'system_i/iq_0/inst/core/transform/fft/U0/i_synth/non_native_flt_non_ssr_fft.xfft_inst/non_floating_point.arch_d.xfft_inst/pe_gen[0].natural_order_input.PE/hasbf2.FB_2.BF_2/MEM/blk_ram.use_bram_only.mem/depth_12_s6_depth_11.need_extra_rams.extra_ram_loop[1].use_RAMB18.SDP_RAMB18_4x4096' Port 'A' is 0. Skip BRAM Register Optimization on the port
INFO: [Physopt 32-614] Property 'READ_WIDTH_A' on BRAM cell 'system_i/iq_0/inst/core/transform/fft/U0/i_synth/non_native_flt_non_ssr_fft.xfft_inst/non_floating_point.arch_d.xfft_inst/pe_gen[1].natural_order_input.PE/FB_1.BF_1/MEM/blk_ram.use_bram_only.mem/depth_11.ram_loop[0].use_RAMB18.SDP_RAMB18_9x2048' Port 'A' is 0. Skip BRAM Register Optimization on the port
INFO: [Physopt 32-614] Property 'READ_WIDTH_A' on BRAM cell 'system_i/iq_0/inst/core/transform/fft/U0/i_synth/non_native_flt_non_ssr_fft.xfft_inst/non_floating_point.arch_d.xfft_inst/pe_gen[1].natural_order_input.PE/FB_1.BF_1/MEM/blk_ram.use_bram_only.mem/depth_11.ram_loop[1].use_RAMB18.SDP_RAMB18_9x2048' Port 'A' is 0. Skip BRAM Register Optimization on the port
INFO: [Physopt 32-614] Property 'READ_WIDTH_A' on BRAM cell 'system_i/iq_0/inst/core/transform/fft/U0/i_synth/non_native_flt_non_ssr_fft.xfft_inst/non_floating_point.arch_d.xfft_inst/pe_gen[1].natural_order_input.PE/FB_1.BF_1/MEM/blk_ram.use_bram_only.mem/depth_11.ram_loop[2].use_RAMB18.SDP_RAMB18_9x2048' Port 'A' is 0. Skip BRAM Register Optimization on the port
INFO: [Physopt 32-614] Property 'READ_WIDTH_A' on BRAM cell 'system_i/iq_0/inst/core/transform/fft/U0/i_synth/non_native_flt_non_ssr_fft.xfft_inst/non_floating_point.arch_d.xfft_inst/pe_gen[1].natural_order_input.PE/FB_1.BF_1/MEM/blk_ram.use_bram_only.mem/depth_11.ram_loop[3].use_RAMB18.SDP_RAMB18_9x2048' Port 'A' is 0. Skip BRAM Register Optimization on the port
INFO: [Physopt 32-614] Property 'READ_WIDTH_A' on BRAM cell 'system_i/iq_0/inst/core/transform/fft/U0/i_synth/non_native_flt_non_ssr_fft.xfft_inst/non_floating_point.arch_d.xfft_inst/pe_gen[1].natural_order_input.PE/FB_1.BF_1/MEM/blk_ram.use_bram_only.mem/depth_11.ram_loop[4].use_RAMB18.SDP_RAMB18_9x2048' Port 'A' is 0. Skip BRAM Register Optimization on the port
INFO: [Physopt 32-614] Property 'READ_WIDTH_A' on BRAM cell 'system_i/iq_0/inst/core/transform/fft/U0/i_synth/non_native_flt_non_ssr_fft.xfft_inst/non_floating_point.arch_d.xfft_inst/pe_gen[1].natural_order_input.PE/FB_1.BF_1/MEM/blk_ram.use_bram_only.mem/depth_11.ram_loop[5].use_RAMB18.SDP_RAMB18_9x2048' Port 'A' is 0. Skip BRAM Register Optimization on the port
INFO: [Physopt 32-614] Property 'READ_WIDTH_A' on BRAM cell 'system_i/iq_0/inst/core/transform/fft/U0/i_synth/non_native_flt_non_ssr_fft.xfft_inst/non_floating_point.arch_d.xfft_inst/pe_gen[1].natural_order_input.PE/hasbf2.FB_2.BF_2/MEM/blk_ram.use_bram_only.mem/depth_10.ram_loop[0].use_RAMB18.SDP_RAMB18_18x1024' Port 'A' is 0. Skip BRAM Register Optimization on the port
INFO: [Physopt 32-614] Property 'READ_WIDTH_A' on BRAM cell 'system_i/iq_0/inst/core/transform/fft/U0/i_synth/non_native_flt_non_ssr_fft.xfft_inst/non_floating_point.arch_d.xfft_inst/pe_gen[1].natural_order_input.PE/hasbf2.FB_2.BF_2/MEM/blk_ram.use_bram_only.mem/depth_10.ram_loop[1].use_RAMB18.SDP_RAMB18_18x1024' Port 'A' is 0. Skip BRAM Register Optimization on the port
INFO: [Physopt 32-614] Property 'READ_WIDTH_A' on BRAM cell 'system_i/iq_0/inst/core/transform/fft/U0/i_synth/non_native_flt_non_ssr_fft.xfft_inst/non_floating_point.arch_d.xfft_inst/pe_gen[1].natural_order_input.PE/hasbf2.FB_2.BF_2/MEM/blk_ram.use_bram_only.mem/depth_10.ram_loop[2].use_RAMB18.SDP_RAMB18_18x1024' Port 'A' is 0. Skip BRAM Register Optimization on the port
INFO: [Physopt 32-526] No candidate cells for BRAM register optimization found in the design
INFO: [Physopt 32-775] End 1 Pass. Optimized 0 net or cell. Created 0 new cell, deleted 0 existing cell and moved 0 existing cell
Phase 24 BRAM Register Optimization | Checksum: 1bda58ff0

Time (s): cpu = 00:04:21 ; elapsed = 00:02:00 . Memory (MB): peak = 2648.457 ; gain = 0.000

Phase 25 URAM Register Optimization
INFO: [Physopt 32-846] No candidate cells for URAM register optimization found in the design
INFO: [Physopt 32-775] End 1 Pass. Optimized 0 net or cell. Created 0 new cell, deleted 0 existing cell and moved 0 existing cell
INFO: [Physopt 32-846] No candidate cells for URAM register optimization found in the design
INFO: [Physopt 32-775] End 1 Pass. Optimized 0 net or cell. Created 0 new cell, deleted 0 existing cell and moved 0 existing cell
Phase 25 URAM Register Optimization | Checksum: 1bda58ff0

Time (s): cpu = 00:04:21 ; elapsed = 00:02:00 . Memory (MB): peak = 2648.457 ; gain = 0.000

Phase 26 Shift Register Optimization
INFO: [Physopt 32-1401] No candidate cells found for Shift Register optimization.
INFO: [Physopt 32-677] No candidate cells for Shift Register optimization found in the design
INFO: [Physopt 32-775] End 1 Pass. Optimized 0 net or cell. Created 0 new cell, deleted 0 existing cell and moved 0 existing cell
Phase 26 Shift Register Optimization | Checksum: 1bda58ff0

Time (s): cpu = 00:04:21 ; elapsed = 00:02:00 . Memory (MB): peak = 2648.457 ; gain = 0.000

Phase 27 Critical Pin Optimization
INFO: [Physopt 32-606] Identified 100 candidate nets for critical-pin optimization.
INFO: [Physopt 32-608] Optimized 44 nets.  Swapped 991 pins.
INFO: [Physopt 32-775] End 1 Pass. Optimized 44 nets or cells. Created 0 new cell, deleted 0 existing cell and moved 991 existing cells
INFO: [Physopt 32-619] Estimated Timing Summary | WNS=-0.024 | TNS=-0.142 |
Netlist sorting complete. Time (s): cpu = 00:00:00 ; elapsed = 00:00:00.066 . Memory (MB): peak = 2648.457 ; gain = 0.000
Phase 27 Critical Pin Optimization | Checksum: 1bda58ff0

Time (s): cpu = 00:04:22 ; elapsed = 00:02:01 . Memory (MB): peak = 2648.457 ; gain = 0.000

Phase 28 Very High Fanout Optimization
INFO: [Physopt 32-1132] Very high fanout net 'system_i/iq_0/inst/core/bursts/mem_reg_0_15_0_5_i_1_n_0' is not considered as a candidate in VHFN optimization. The fanout considered for this optimization is changed from 352 to 45 due to a timing constraint or macro primitives that prevent optimization on all of the loads. To force replication, set the FORCE_MAX_FANOUT property on the net to a number less than 45.
INFO: [Physopt 32-1132] Very high fanout net 'system_i/iq_0/inst/core/bursts/rp_reg[0]' is not considered as a candidate in VHFN optimization. The fanout considered for this optimization is changed from 268 to 137 due to a timing constraint or macro primitives that prevent optimization on all of the loads. To force replication, set the FORCE_MAX_FANOUT property on the net to a number less than 137.
INFO: [Physopt 32-1132] Very high fanout net 'system_i/iq_0/inst/core/bursts/rp_reg[1]' is not considered as a candidate in VHFN optimization. The fanout considered for this optimization is changed from 267 to 136 due to a timing constraint or macro primitives that prevent optimization on all of the loads. To force replication, set the FORCE_MAX_FANOUT property on the net to a number less than 136.
INFO: [Physopt 32-1132] Very high fanout net 'system_i/iq_0/inst/core/bursts/rp_reg[2]' is not considered as a candidate in VHFN optimization. The fanout considered for this optimization is changed from 266 to 135 due to a timing constraint or macro primitives that prevent optimization on all of the loads. To force replication, set the FORCE_MAX_FANOUT property on the net to a number less than 135.
INFO: [Physopt 32-1132] Very high fanout net 'system_i/iq_0/inst/core/bursts/rp_reg[3]' is not considered as a candidate in VHFN optimization. The fanout considered for this optimization is changed from 265 to 134 due to a timing constraint or macro primitives that prevent optimization on all of the loads. To force replication, set the FORCE_MAX_FANOUT property on the net to a number less than 134.
INFO: [Physopt 32-1132] Very high fanout net 'system_i/iq_0/inst/core/bursts/wp_reg[0]' is not considered as a candidate in VHFN optimization. The fanout considered for this optimization is changed from 356 to 49 due to a timing constraint or macro primitives that prevent optimization on all of the loads. To force replication, set the FORCE_MAX_FANOUT property on the net to a number less than 49.
INFO: [Physopt 32-1132] Very high fanout net 'system_i/iq_0/inst/core/bursts/wp_reg[1]' is not considered as a candidate in VHFN optimization. The fanout considered for this optimization is changed from 355 to 48 due to a timing constraint or macro primitives that prevent optimization on all of the loads. To force replication, set the FORCE_MAX_FANOUT property on the net to a number less than 48.
INFO: [Physopt 32-1132] Very high fanout net 'system_i/iq_0/inst/core/bursts/wp_reg[2]' is not considered as a candidate in VHFN optimization. The fanout considered for this optimization is changed from 354 to 47 due to a timing constraint or macro primitives that prevent optimization on all of the loads. To force replication, set the FORCE_MAX_FANOUT property on the net to a number less than 47.
INFO: [Physopt 32-1132] Very high fanout net 'system_i/iq_0/inst/core/bursts/wp_reg[3]' is not considered as a candidate in VHFN optimization. The fanout considered for this optimization is changed from 353 to 46 due to a timing constraint or macro primitives that prevent optimization on all of the loads. To force replication, set the FORCE_MAX_FANOUT property on the net to a number less than 46.
INFO: [Physopt 32-1132] Very high fanout net 'system_i/iq_0/inst/core/contexts/mem_reg_0_15_0_5_i_1__0_n_0' is not considered as a candidate in VHFN optimization. The fanout considered for this optimization is changed from 256 to 33 due to a timing constraint or macro primitives that prevent optimization on all of the loads. To force replication, set the FORCE_MAX_FANOUT property on the net to a number less than 33.
INFO: [Physopt 32-1132] Very high fanout net 'system_i/iq_0/inst/core/contexts/wp_reg_n_0_[0]' is not considered as a candidate in VHFN optimization. The fanout considered for this optimization is changed from 260 to 37 due to a timing constraint or macro primitives that prevent optimization on all of the loads. To force replication, set the FORCE_MAX_FANOUT property on the net to a number less than 37.
INFO: [Physopt 32-1132] Very high fanout net 'system_i/iq_0/inst/core/contexts/wp_reg_n_0_[1]' is not considered as a candidate in VHFN optimization. The fanout considered for this optimization is changed from 259 to 36 due to a timing constraint or macro primitives that prevent optimization on all of the loads. To force replication, set the FORCE_MAX_FANOUT property on the net to a number less than 36.
INFO: [Physopt 32-1132] Very high fanout net 'system_i/iq_0/inst/core/contexts/wp_reg_n_0_[2]' is not considered as a candidate in VHFN optimization. The fanout considered for this optimization is changed from 258 to 35 due to a timing constraint or macro primitives that prevent optimization on all of the loads. To force replication, set the FORCE_MAX_FANOUT property on the net to a number less than 35.
INFO: [Physopt 32-1132] Very high fanout net 'system_i/iq_0/inst/core/contexts/wp_reg_n_0_[3]' is not considered as a candidate in VHFN optimization. The fanout considered for this optimization is changed from 257 to 34 due to a timing constraint or macro primitives that prevent optimization on all of the loads. To force replication, set the FORCE_MAX_FANOUT property on the net to a number less than 34.
INFO: [Physopt 32-1132] Very high fanout net 'system_i/iq_0/inst/core/freq_cdc/gnuram_async_fifo.xpm_fifo_base_inst/wrp_inst/Q[0]' is not considered as a candidate in VHFN optimization. The fanout considered for this optimization is changed from 269 to 39 due to a timing constraint or macro primitives that prevent optimization on all of the loads. To force replication, set the FORCE_MAX_FANOUT property on the net to a number less than 39.
INFO: [Physopt 32-1132] Very high fanout net 'system_i/iq_0/inst/core/freq_cdc/gnuram_async_fifo.xpm_fifo_base_inst/wrp_inst/Q[1]' is not considered as a candidate in VHFN optimization. The fanout considered for this optimization is changed from 269 to 39 due to a timing constraint or macro primitives that prevent optimization on all of the loads. To force replication, set the FORCE_MAX_FANOUT property on the net to a number less than 39.
INFO: [Physopt 32-1132] Very high fanout net 'system_i/iq_0/inst/core/freq_cdc/gnuram_async_fifo.xpm_fifo_base_inst/wrp_inst/Q[2]' is not considered as a candidate in VHFN optimization. The fanout considered for this optimization is changed from 268 to 38 due to a timing constraint or macro primitives that prevent optimization on all of the loads. To force replication, set the FORCE_MAX_FANOUT property on the net to a number less than 38.
INFO: [Physopt 32-1132] Very high fanout net 'system_i/iq_0/inst/core/freq_cdc/gnuram_async_fifo.xpm_fifo_base_inst/wrp_inst/Q[3]' is not considered as a candidate in VHFN optimization. The fanout considered for this optimization is changed from 267 to 37 due to a timing constraint or macro primitives that prevent optimization on all of the loads. To force replication, set the FORCE_MAX_FANOUT property on the net to a number less than 37.
INFO: [Physopt 32-1132] Very high fanout net 'system_i/iq_0/inst/core/freq_cdc/gnuram_async_fifo.xpm_fifo_base_inst/xpm_fifo_rst_inst/E[0]' is not considered as a candidate in VHFN optimization. The fanout considered for this optimization is changed from 277 to 47 due to a timing constraint or macro primitives that prevent optimization on all of the loads. To force replication, set the FORCE_MAX_FANOUT property on the net to a number less than 47.
INFO: [Physopt 32-1132] Very high fanout net 'system_i/iq_0/inst/core/sm/deferred/written_reg[3]_rep_n_0' is not considered as a candidate in VHFN optimization. The fanout considered for this optimization is changed from 563 to 116 due to a timing constraint or macro primitives that prevent optimization on all of the loads. To force replication, set the FORCE_MAX_FANOUT property on the net to a number less than 116.
INFO: [Physopt 32-1132] Very high fanout net 'system_i/iq_0/inst/core/sm/deferred/written_reg[3]_rep__0_n_0' is not considered as a candidate in VHFN optimization. The fanout considered for this optimization is changed from 575 to 116 due to a timing constraint or macro primitives that prevent optimization on all of the loads. To force replication, set the FORCE_MAX_FANOUT property on the net to a number less than 116.
INFO: [Physopt 32-1132] Very high fanout net 'system_i/iq_0/inst/core/sm/deferred/written_reg[3]_rep__1_n_0' is not considered as a candidate in VHFN optimization. The fanout considered for this optimization is changed from 575 to 116 due to a timing constraint or macro primitives that prevent optimization on all of the loads. To force replication, set the FORCE_MAX_FANOUT property on the net to a number less than 116.
INFO: [Physopt 32-1132] Very high fanout net 'system_i/iq_0/inst/core/sm/deferred/written_reg[3]_rep__2_n_0' is not considered as a candidate in VHFN optimization. The fanout considered for this optimization is changed from 575 to 116 due to a timing constraint or macro primitives that prevent optimization on all of the loads. To force replication, set the FORCE_MAX_FANOUT property on the net to a number less than 116.
INFO: [Physopt 32-1132] Very high fanout net 'system_i/iq_0/inst/core/sm/deferred/written_reg[3]_rep__3_n_0' is not considered as a candidate in VHFN optimization. The fanout considered for this optimization is changed from 575 to 116 due to a timing constraint or macro primitives that prevent optimization on all of the loads. To force replication, set the FORCE_MAX_FANOUT property on the net to a number less than 116.
INFO: [Physopt 32-1132] Very high fanout net 'system_i/iq_0/inst/core/sm/deferred/written_reg[3]_rep__4_n_0' is not considered as a candidate in VHFN optimization. The fanout considered for this optimization is changed from 575 to 116 due to a timing constraint or macro primitives that prevent optimization on all of the loads. To force replication, set the FORCE_MAX_FANOUT property on the net to a number less than 116.
INFO: [Physopt 32-1132] Very high fanout net 'system_i/iq_0/inst/core/sm/deferred/written_reg[3]_rep__5_n_0' is not considered as a candidate in VHFN optimization. The fanout considered for this optimization is changed from 575 to 116 due to a timing constraint or macro primitives that prevent optimization on all of the loads. To force replication, set the FORCE_MAX_FANOUT property on the net to a number less than 116.
INFO: [Physopt 32-1132] Very high fanout net 'system_i/iq_0/inst/core/sm/deferred/written_reg[4]_rep_n_0' is not considered as a candidate in VHFN optimization. The fanout considered for this optimization is changed from 573 to 118 due to a timing constraint or macro primitives that prevent optimization on all of the loads. To force replication, set the FORCE_MAX_FANOUT property on the net to a number less than 118.
INFO: [Physopt 32-1132] Very high fanout net 'system_i/iq_0/inst/core/sm/deferred/written_reg[4]_rep__0_n_0' is not considered as a candidate in VHFN optimization. The fanout considered for this optimization is changed from 585 to 118 due to a timing constraint or macro primitives that prevent optimization on all of the loads. To force replication, set the FORCE_MAX_FANOUT property on the net to a number less than 118.
INFO: [Physopt 32-1132] Very high fanout net 'system_i/iq_0/inst/core/sm/deferred/written_reg[4]_rep__1_n_0' is not considered as a candidate in VHFN optimization. The fanout considered for this optimization is changed from 585 to 118 due to a timing constraint or macro primitives that prevent optimization on all of the loads. To force replication, set the FORCE_MAX_FANOUT property on the net to a number less than 118.
INFO: [Physopt 32-1132] Very high fanout net 'system_i/iq_0/inst/core/sm/deferred/written_reg[4]_rep__2_n_0' is not considered as a candidate in VHFN optimization. The fanout considered for this optimization is changed from 585 to 118 due to a timing constraint or macro primitives that prevent optimization on all of the loads. To force replication, set the FORCE_MAX_FANOUT property on the net to a number less than 118.
INFO: [Physopt 32-1132] Very high fanout net 'system_i/iq_0/inst/core/sm/deferred/written_reg[4]_rep__3_n_0' is not considered as a candidate in VHFN optimization. The fanout considered for this optimization is changed from 585 to 118 due to a timing constraint or macro primitives that prevent optimization on all of the loads. To force replication, set the FORCE_MAX_FANOUT property on the net to a number less than 118.
INFO: [Physopt 32-1132] Very high fanout net 'system_i/iq_0/inst/core/sm/deferred/written_reg[4]_rep__4_n_0' is not considered as a candidate in VHFN optimization. The fanout considered for this optimization is changed from 585 to 118 due to a timing constraint or macro primitives that prevent optimization on all of the loads. To force replication, set the FORCE_MAX_FANOUT property on the net to a number less than 118.
INFO: [Physopt 32-1132] Very high fanout net 'system_i/iq_0/inst/core/sm/deferred/written_reg[4]_rep__5_n_0' is not considered as a candidate in VHFN optimization. The fanout considered for this optimization is changed from 585 to 118 due to a timing constraint or macro primitives that prevent optimization on all of the loads. To force replication, set the FORCE_MAX_FANOUT property on the net to a number less than 118.
INFO: [Physopt 32-1132] Very high fanout net 'system_i/iq_0/inst/core/sm/deferred/written_reg[5]_rep_n_0' is not considered as a candidate in VHFN optimization. The fanout considered for this optimization is changed from 573 to 118 due to a timing constraint or macro primitives that prevent optimization on all of the loads. To force replication, set the FORCE_MAX_FANOUT property on the net to a number less than 118.
INFO: [Physopt 32-1132] Very high fanout net 'system_i/iq_0/inst/core/sm/deferred/written_reg[5]_rep__0_n_0' is not considered as a candidate in VHFN optimization. The fanout considered for this optimization is changed from 585 to 118 due to a timing constraint or macro primitives that prevent optimization on all of the loads. To force replication, set the FORCE_MAX_FANOUT property on the net to a number less than 118.
INFO: [Physopt 32-1132] Very high fanout net 'system_i/iq_0/inst/core/sm/deferred/written_reg[5]_rep__1_n_0' is not considered as a candidate in VHFN optimization. The fanout considered for this optimization is changed from 585 to 118 due to a timing constraint or macro primitives that prevent optimization on all of the loads. To force replication, set the FORCE_MAX_FANOUT property on the net to a number less than 118.
INFO: [Physopt 32-1132] Very high fanout net 'system_i/iq_0/inst/core/sm/deferred/written_reg[5]_rep__2_n_0' is not considered as a candidate in VHFN optimization. The fanout considered for this optimization is changed from 585 to 118 due to a timing constraint or macro primitives that prevent optimization on all of the loads. To force replication, set the FORCE_MAX_FANOUT property on the net to a number less than 118.
INFO: [Physopt 32-1132] Very high fanout net 'system_i/iq_0/inst/core/sm/deferred/written_reg[5]_rep__3_n_0' is not considered as a candidate in VHFN optimization. The fanout considered for this optimization is changed from 585 to 118 due to a timing constraint or macro primitives that prevent optimization on all of the loads. To force replication, set the FORCE_MAX_FANOUT property on the net to a number less than 118.
INFO: [Physopt 32-1132] Very high fanout net 'system_i/iq_0/inst/core/sm/deferred/written_reg[5]_rep__4_n_0' is not considered as a candidate in VHFN optimization. The fanout considered for this optimization is changed from 585 to 118 due to a timing constraint or macro primitives that prevent optimization on all of the loads. To force replication, set the FORCE_MAX_FANOUT property on the net to a number less than 118.
INFO: [Physopt 32-1132] Very high fanout net 'system_i/iq_0/inst/core/sm/deferred/written_reg[5]_rep__5_n_0' is not considered as a candidate in VHFN optimization. The fanout considered for this optimization is changed from 577 to 118 due to a timing constraint or macro primitives that prevent optimization on all of the loads. To force replication, set the FORCE_MAX_FANOUT property on the net to a number less than 118.
INFO: [Physopt 32-1408] Pass 1. Identified 13 candidate nets for high-fanout optimization.
INFO: [Physopt 32-81] Processed net system_i/iq_0/inst/core/rb/divide/run_state_reg[1]. Replicated 11 times.
INFO: [Physopt 32-572] Net system_i/iq_0/inst/core/transform/index_reg[13]_6 was not replicated.
Resolution: phys_opt_design can be forced to replicate a net driver using the option -force_replication_on_nets <list of net objects>.
INFO: [Physopt 32-572] Net system_i/iq_0/inst/core/sm/deferred/written_reg_n_0_[0] was not replicated.
Resolution: phys_opt_design can be forced to replicate a net driver using the option -force_replication_on_nets <list of net objects>.
INFO: [Physopt 32-572] Net system_i/iq_0/inst/core/input_fifo/gnuram_async_fifo.xpm_fifo_base_inst/rdp_inst/E[0] was not replicated.
Resolution: phys_opt_design can be forced to replicate a net driver using the option -force_replication_on_nets <list of net objects>.
INFO: [Physopt 32-232] Optimized 1 net. Created 11 new instances.
INFO: [Physopt 32-775] End 1 Pass. Optimized 1 net or cell. Created 11 new cells, deleted 0 existing cell and moved 0 existing cell
INFO: [Physopt 32-619] Estimated Timing Summary | WNS=-0.024 | TNS=-0.142 |
Netlist sorting complete. Time (s): cpu = 00:00:00 ; elapsed = 00:00:00.197 . Memory (MB): peak = 2648.457 ; gain = 0.000
Phase 28 Very High Fanout Optimization | Checksum: 175efe057

Time (s): cpu = 00:05:06 ; elapsed = 00:02:20 . Memory (MB): peak = 2648.457 ; gain = 0.000

Phase 29 Single Cell Placement Optimization
INFO: [Physopt 32-660] Identified 250 candidate nets for placement-based optimization.
INFO: [Physopt 32-662] Processed net system_i/iq_0/inst/core/transform/index_reg[13]_24.  Did not re-place instance system_i/iq_0/inst/core/transform/g0_b4_i_1
INFO: [Physopt 32-662] Processed net system_i/iq_0/inst/core/transform/g0_b0_i_8_n_0.  Did not re-place instance system_i/iq_0/inst/core/transform/g0_b0_i_8
INFO: [Physopt 32-662] Processed net system_i/iq_0/inst/core/transform/index_reg[0]_rep_n_0.  Did not re-place instance system_i/iq_0/inst/core/transform/index_reg[0]_rep
INFO: [Physopt 32-662] Processed net system_i/iq_0/inst/core/transform/p_0_out_inferred__1/g0_b0_i_15_n_0.  Did not re-place instance system_i/iq_0/inst/core/transform/p_0_out_inferred__1/g0_b0_i_15
INFO: [Physopt 32-662] Processed net system_i/iq_0/inst/core/g7_b4_n_0.  Did not re-place instance system_i/iq_0/inst/core/g7_b4
INFO: [Physopt 32-662] Processed net system_i/iq_0/inst/core/transform/g0_b0_i_22_n_0.  Did not re-place instance system_i/iq_0/inst/core/transform/g0_b0_i_22
INFO: [Physopt 32-662] Processed net system_i/iq_0/inst/core/transform/p_0_out[4].  Did not re-place instance system_i/iq_0/inst/core/transform/rom_value[0][4]_i_1
INFO: [Physopt 32-662] Processed net system_i/iq_0/inst/core/transform/rom_value_reg[0]_54[4].  Did not re-place instance system_i/iq_0/inst/core/transform/rom_value_reg[0][4]
INFO: [Physopt 32-662] Processed net system_i/iq_0/inst/core/transform/index_reg[13]_18.  Did not re-place instance system_i/iq_0/inst/core/transform/g0_b4_i_3
INFO: [Physopt 32-662] Processed net system_i/iq_0/inst/core/transform/p_0_out_inferred__6/rom_value[6][4]_i_1_n_0.  Did not re-place instance system_i/iq_0/inst/core/transform/p_0_out_inferred__6/rom_value[6][4]_i_1
INFO: [Physopt 32-662] Processed net system_i/iq_0/inst/core/transform/p_0_out_inferred__6/rom_value[6][4]_i_8_n_0.  Did not re-place instance system_i/iq_0/inst/core/transform/p_0_out_inferred__6/rom_value[6][4]_i_8
INFO: [Physopt 32-662] Processed net system_i/iq_0/inst/core/transform/rom_value_reg[6]_60[4].  Did not re-place instance system_i/iq_0/inst/core/transform/rom_value_reg[6][4]
INFO: [Physopt 32-662] Processed net system_i/iq_0/inst/core/transform/index_reg[13]_1.  Did not re-place instance system_i/iq_0/inst/core/transform/g3_b8_i_1
INFO: [Physopt 32-662] Processed net system_i/iq_0/inst/core/transform/rom_value[3][13]_i_3_n_0.  Did not re-place instance system_i/iq_0/inst/core/transform/rom_value[3][13]_i_3
INFO: [Physopt 32-662] Processed net system_i/iq_0/inst/core/transform/p_0_out_inferred__7/rom_value[7][10]_i_1_n_0.  Did not re-place instance system_i/iq_0/inst/core/transform/p_0_out_inferred__7/rom_value[7][10]_i_1
INFO: [Physopt 32-662] Processed net system_i/iq_0/inst/core/transform/p_0_out_inferred__7/rom_value[7][10]_i_3_n_0.  Did not re-place instance system_i/iq_0/inst/core/transform/p_0_out_inferred__7/rom_value[7][10]_i_3
INFO: [Physopt 32-662] Processed net system_i/iq_0/inst/core/transform/rom_value_reg[7]_61[10].  Did not re-place instance system_i/iq_0/inst/core/transform/rom_value_reg[7][10]
INFO: [Physopt 32-662] Processed net system_i/iq_0/inst/core/rb/E[0].  Did not re-place instance system_i/iq_0/inst/core/rb/host_errors[19]_i_1
INFO: [Physopt 32-662] Processed net system_i/iq_0/inst/core/rb/host_errors[19]_i_4_n_0.  Did not re-place instance system_i/iq_0/inst/core/rb/host_errors[19]_i_4
INFO: [Physopt 32-662] Processed net system_i/iq_0/inst/core/rb/host_errors[19]_i_11_n_0.  Did not re-place instance system_i/iq_0/inst/core/rb/host_errors[19]_i_11
INFO: [Physopt 32-662] Processed net system_i/iq_0/inst/core/rb/completed_reg[28]_0[0].  Did not re-place instance system_i/iq_0/inst/core/rb/host_errors[19]_i_28
INFO: [Physopt 32-662] Processed net system_i/iq_0/inst/core/rb/host_errors[19]_i_17_n_0.  Did not re-place instance system_i/iq_0/inst/core/rb/host_errors[19]_i_17
INFO: [Physopt 32-662] Processed net system_i/iq_0/inst/core/rb/host_errors[19]_i_6_n_0.  Did not re-place instance system_i/iq_0/inst/core/rb/host_errors[19]_i_6
INFO: [Physopt 32-663] Processed net system_i/iq_0/inst/freq_ring/dropped[0]_repN.  Re-placed instance system_i/iq_0/inst/freq_ring/dropped_reg[2]_replica
INFO: [Physopt 32-662] Processed net system_i/iq_0/inst/freq_ring/host_errors[19]_i_95_n_0.  Did not re-place instance system_i/iq_0/inst/freq_ring/host_errors[19]_i_95
INFO: [Physopt 32-662] Processed net system_i/iq_0/inst/host_errors_reg_n_0_[19].  Did not re-place instance system_i/iq_0/inst/host_errors_reg[19]
INFO: [Physopt 32-662] Processed net system_i/iq_0/inst/data1[8].  Did not re-place instance system_i/iq_0/inst/host_errors_reg[8]
INFO: [Physopt 32-662] Processed net system_i/iq_0/inst/data1[9].  Did not re-place instance system_i/iq_0/inst/host_errors_reg[9]
INFO: [Physopt 32-662] Processed net system_i/iq_0/inst/data1[12].  Did not re-place instance system_i/iq_0/inst/host_errors_reg[12]
INFO: [Physopt 32-662] Processed net system_i/iq_0/inst/core/transform/index_reg[13]_15.  Did not re-place instance system_i/iq_0/inst/core/transform/g0_b2_i_3
INFO: [Physopt 32-662] Processed net system_i/iq_0/inst/core/rb/completed_reg[15]_0[0].  Did not re-place instance system_i/iq_0/inst/core/rb/host_errors[19]_i_36
INFO: [Physopt 32-662] Processed net system_i/iq_0/inst/core/transform/p_0_out_inferred__6/rom_value[6][4]_i_9_n_0.  Did not re-place instance system_i/iq_0/inst/core/transform/p_0_out_inferred__6/rom_value[6][4]_i_9
INFO: [Physopt 32-662] Processed net system_i/iq_0/inst/core/transform/rom_value[3][11]_i_4_n_0.  Did not re-place instance system_i/iq_0/inst/core/transform/rom_value[3][11]_i_4
INFO: [Physopt 32-662] Processed net system_i/iq_0/inst/core/transform/p_0_out_inferred__7/rom_value[7][10]_i_2_n_0.  Did not re-place instance system_i/iq_0/inst/core/transform/p_0_out_inferred__7/rom_value[7][10]_i_2
INFO: [Physopt 32-662] Processed net system_i/iq_0/inst/bank_length0[31]_i_3_n_0.  Did not re-place instance system_i/iq_0/inst/bank_length0[31]_i_3
INFO: [Physopt 32-662] Processed net system_i/iq_0/inst/bank_length03_out[7].  Did not re-place instance system_i/iq_0/inst/bank_length0[7]_i_1
INFO: [Physopt 32-662] Processed net system_i/iq_0/inst/loader_crc_state[10]_i_2_n_0.  Did not re-place instance system_i/iq_0/inst/loader_crc_state[10]_i_2
INFO: [Physopt 32-662] Processed net system_i/iq_0/inst/loader_transfers[0]_i_3_n_0.  Did not re-place instance system_i/iq_0/inst/loader_transfers[0]_i_3
INFO: [Physopt 32-662] Processed net system_i/iq_0/inst/loader_errors[7]_i_42_n_0.  Did not re-place instance system_i/iq_0/inst/loader_errors[7]_i_42
INFO: [Physopt 32-662] Processed net system_i/iq_0/inst/loader_crc_state[10]_i_3_n_0.  Did not re-place instance system_i/iq_0/inst/loader_crc_state[10]_i_3
INFO: [Physopt 32-662] Processed net system_i/iq_0/inst/loader_errors[7]_i_31_n_0.  Did not re-place instance system_i/iq_0/inst/loader_errors[7]_i_31
INFO: [Physopt 32-662] Processed net system_i/iq_0/inst/loader_word_reg_n_0_[18].  Did not re-place instance system_i/iq_0/inst/loader_word_reg[18]
INFO: [Physopt 32-662] Processed net system_i/iq_0/inst/bank_length0_reg_n_0_[4].  Did not re-place instance system_i/iq_0/inst/bank_length0_reg[4]
INFO: [Physopt 32-662] Processed net system_i/iq_0/inst/freq_ring/host_errors[19]_i_34_n_0.  Did not re-place instance system_i/iq_0/inst/freq_ring/host_errors[19]_i_34
INFO: [Physopt 32-662] Processed net system_i/iq_0/inst/core/transform/p_0_out_inferred__6/rom_value[6][5]_i_1_n_0.  Did not re-place instance system_i/iq_0/inst/core/transform/p_0_out_inferred__6/rom_value[6][5]_i_1
INFO: [Physopt 32-662] Processed net system_i/iq_0/inst/core/transform/p_0_out_inferred__6/rom_value[6][5]_i_8_n_0.  Did not re-place instance system_i/iq_0/inst/core/transform/p_0_out_inferred__6/rom_value[6][5]_i_8
INFO: [Physopt 32-662] Processed net system_i/iq_0/inst/core/transform/rom_value_reg[6]_60[5].  Did not re-place instance system_i/iq_0/inst/core/transform/rom_value_reg[6][5]
INFO: [Physopt 32-662] Processed net system_i/iq_0/inst/bank_length03_out[31].  Did not re-place instance system_i/iq_0/inst/bank_length0[31]_i_1
INFO: [Physopt 32-662] Processed net system_i/iq_0/inst/bank_length0_reg_n_0_[29].  Did not re-place instance system_i/iq_0/inst/bank_length0_reg[29]
INFO: [Physopt 32-662] Processed net system_i/iq_0/inst/core/transform/p_0_out_inferred__3/rom_value[3][9]_i_1_n_0.  Did not re-place instance system_i/iq_0/inst/core/transform/p_0_out_inferred__3/rom_value[3][9]_i_1
INFO: [Physopt 32-662] Processed net system_i/iq_0/inst/core/transform/p_0_out_inferred__3/rom_value[3][9]_i_4_n_0.  Did not re-place instance system_i/iq_0/inst/core/transform/p_0_out_inferred__3/rom_value[3][9]_i_4
INFO: [Physopt 32-663] Processed net system_i/iq_0/inst/core/transform/p_0_out_inferred__3/rom_value[3][9]_i_5_n_0.  Re-placed instance system_i/iq_0/inst/core/transform/p_0_out_inferred__3/rom_value[3][9]_i_5
INFO: [Physopt 32-662] Processed net system_i/iq_0/inst/core/transform/rom_value_reg[3]_57[9].  Did not re-place instance system_i/iq_0/inst/core/transform/rom_value_reg[3][9]
INFO: [Physopt 32-662] Processed net system_i/iq_0/inst/bank1/mem_reg_0_0_0_i_18_n_0.  Did not re-place instance system_i/iq_0/inst/bank1/mem_reg_0_0_0_i_18
INFO: [Physopt 32-663] Processed net system_i/iq_0/inst/bank1/loader_received_reg[14][10].  Re-placed instance system_i/iq_0/inst/bank1/mem_reg_1_0_0_i_5
INFO: [Physopt 32-663] Processed net system_i/iq_0/inst/loader_expected_reg_n_0_[1].  Re-placed instance system_i/iq_0/inst/loader_expected_reg[1]
INFO: [Physopt 32-662] Processed net system_i/iq_0/inst/bank1/loader_errors[2]_i_37_n_0.  Did not re-place instance system_i/iq_0/inst/bank1/loader_errors[2]_i_37
INFO: [Physopt 32-662] Processed net system_i/iq_0/inst/core/transform/p_0_out_inferred__2/rom_value[2][2]_i_13_n_0.  Did not re-place instance system_i/iq_0/inst/core/transform/p_0_out_inferred__2/rom_value[2][2]_i_13
INFO: [Physopt 32-662] Processed net system_i/iq_0/inst/core/transform/p_0_out_inferred__2/rom_value[2][2]_i_1_n_0.  Did not re-place instance system_i/iq_0/inst/core/transform/p_0_out_inferred__2/rom_value[2][2]_i_1
INFO: [Physopt 32-662] Processed net system_i/iq_0/inst/core/transform/rom_value_reg[2]_56[2].  Did not re-place instance system_i/iq_0/inst/core/transform/rom_value_reg[2][2]
INFO: [Physopt 32-662] Processed net system_i/iq_0/inst/freq_ring/producer[1]_repN.  Did not re-place instance system_i/iq_0/inst/freq_ring/producer_reg[1]_replica
INFO: [Physopt 32-662] Processed net system_i/iq_0/inst/freq_ring/host_errors[19]_i_96_n_0.  Did not re-place instance system_i/iq_0/inst/freq_ring/host_errors[19]_i_96
INFO: [Physopt 32-662] Processed net system_i/iq_0/inst/loader_crc_byte_reg_n_0_[1].  Did not re-place instance system_i/iq_0/inst/loader_crc_byte_reg[1]
INFO: [Physopt 32-662] Processed net system_i/iq_0/inst/loader_crc_state[30]_i_2_n_0.  Did not re-place instance system_i/iq_0/inst/loader_crc_state[30]_i_2
INFO: [Physopt 32-662] Processed net system_i/iq_0/inst/loader_crc_state[29]_i_2_n_0.  Did not re-place instance system_i/iq_0/inst/loader_crc_state[29]_i_2
INFO: [Physopt 32-662] Processed net system_i/iq_0/inst/loader_crc_state[19]_i_2_n_0.  Did not re-place instance system_i/iq_0/inst/loader_crc_state[19]_i_2
INFO: [Physopt 32-662] Processed net system_i/iq_0/inst/core/transform/p_0_out_inferred__2/rom_value[2][2]_i_12_n_0.  Did not re-place instance system_i/iq_0/inst/core/transform/p_0_out_inferred__2/rom_value[2][2]_i_12
INFO: [Physopt 32-663] Processed net system_i/iq_0/inst/loader_crc_state[30]_i_4_n_0.  Re-placed instance system_i/iq_0/inst/loader_crc_state[30]_i_4
INFO: [Physopt 32-662] Processed net system_i/iq_0/inst/loader_errors[7]_i_25_n_0.  Did not re-place instance system_i/iq_0/inst/loader_errors[7]_i_25
INFO: [Physopt 32-662] Processed net system_i/iq_0/inst/core/transform/p_0_out_inferred__4/rom_value[4][10]_i_6_n_0.  Did not re-place instance system_i/iq_0/inst/core/transform/p_0_out_inferred__4/rom_value[4][10]_i_6
INFO: [Physopt 32-662] Processed net system_i/iq_0/inst/core/transform/p_0_out_inferred__4/rom_value[4][10]_i_1_n_0.  Did not re-place instance system_i/iq_0/inst/core/transform/p_0_out_inferred__4/rom_value[4][10]_i_1
INFO: [Physopt 32-662] Processed net system_i/iq_0/inst/core/transform/p_0_out_inferred__4/rom_value[4][10]_i_2_n_0.  Did not re-place instance system_i/iq_0/inst/core/transform/p_0_out_inferred__4/rom_value[4][10]_i_2
INFO: [Physopt 32-662] Processed net system_i/iq_0/inst/core/transform/rom_value_reg[4]_58[10].  Did not re-place instance system_i/iq_0/inst/core/transform/rom_value_reg[4][10]
INFO: [Physopt 32-662] Processed net system_i/iq_0/inst/core/transform/index_reg[13]_3_repN.  Did not re-place instance system_i/iq_0/inst/core/transform/g6_b8_i_1_replica
INFO: [Physopt 32-662] Processed net system_i/iq_0/inst/core/transform/p_0_out_inferred__3/rom_value[3][5]_i_1_n_0.  Did not re-place instance system_i/iq_0/inst/core/transform/p_0_out_inferred__3/rom_value[3][5]_i_1
INFO: [Physopt 32-662] Processed net system_i/iq_0/inst/core/transform/p_0_out_inferred__3/rom_value[3][5]_i_7_n_0.  Did not re-place instance system_i/iq_0/inst/core/transform/p_0_out_inferred__3/rom_value[3][5]_i_7
INFO: [Physopt 32-662] Processed net system_i/iq_0/inst/core/transform/rom_value_reg[3]_57[5].  Did not re-place instance system_i/iq_0/inst/core/transform/rom_value_reg[3][5]
INFO: [Physopt 32-662] Processed net system_i/iq_0/inst/current_block_id[31]_i_9_n_0.  Did not re-place instance system_i/iq_0/inst/current_block_id[31]_i_9
INFO: [Physopt 32-662] Processed net system_i/iq_0/inst/burst_ring/bank_length1_reg[29].  Did not re-place instance system_i/iq_0/inst/burst_ring/stream_errors[4]_i_6
INFO: [Physopt 32-663] Processed net system_i/iq_0/inst/bank_length1_reg_n_0_[25].  Re-placed instance system_i/iq_0/inst/bank_length1_reg[25]
INFO: [Physopt 32-662] Processed net system_i/iq_0/inst/burst_ring/stream_errors[4]_i_11_n_0.  Did not re-place instance system_i/iq_0/inst/burst_ring/stream_errors[4]_i_11
INFO: [Physopt 32-662] Processed net system_i/iq_0/inst/burst_ring/stream_errors[4]_i_26_n_0.  Did not re-place instance system_i/iq_0/inst/burst_ring/stream_errors[4]_i_26
INFO: [Physopt 32-663] Processed net system_i/iq_0/inst/burst_ring/stream_errors[4]_i_39_n_0.  Re-placed instance system_i/iq_0/inst/burst_ring/stream_errors[4]_i_39
INFO: [Physopt 32-662] Processed net system_i/iq_0/inst/current_block_id2_out[6].  Did not re-place instance system_i/iq_0/inst/current_block_id[6]_i_1
INFO: [Physopt 32-663] Processed net system_i/iq_0/inst/current_block_id[6]_i_3_n_0.  Re-placed instance system_i/iq_0/inst/current_block_id[6]_i_3
INFO: [Physopt 32-662] Processed net system_i/iq_0/inst/current_block_id[6].  Did not re-place instance system_i/iq_0/inst/current_block_id_reg[6]
INFO: [Physopt 32-663] Processed net system_i/iq_0/inst/run_state_reg_n_0_[0].  Re-placed instance system_i/iq_0/inst/run_state_reg[0]
INFO: [Physopt 32-662] Processed net system_i/iq_0/inst/replay_length[2].  Did not re-place instance system_i/iq_0/inst/replay_length_reg[2]
INFO: [Physopt 32-662] Processed net system_i/iq_0/inst/core/final_issue.  Did not re-place instance system_i/iq_0/inst/core/source_finish_i_1
INFO: [Physopt 32-663] Processed net system_i/iq_0/inst/core/run_state_reg[2]_0.  Re-placed instance system_i/iq_0/inst/core/run_state[2]_i_3
INFO: [Physopt 32-662] Processed net system_i/iq_0/inst/burst_ring/run_state_reg[2]_0.  Did not re-place instance system_i/iq_0/inst/burst_ring/run_state[0]_i_1
INFO: [Physopt 32-662] Processed net system_i/iq_0/inst/core/replay_ptr_rep[0]_i_10_n_0.  Did not re-place instance system_i/iq_0/inst/core/replay_ptr_rep[0]_i_10
INFO: [Physopt 32-662] Processed net system_i/iq_0/inst/core/replay_ptr_rep[0]_i_58_n_0.  Did not re-place instance system_i/iq_0/inst/core/replay_ptr_rep[0]_i_58
INFO: [Physopt 32-662] Processed net system_i/iq_0/inst/core/source_finish_i_4_n_0.  Did not re-place instance system_i/iq_0/inst/core/source_finish_i_4
INFO: [Physopt 32-662] Processed net system_i/iq_0/inst/core/source_finish_i_6_n_0.  Did not re-place instance system_i/iq_0/inst/core/source_finish_i_6
INFO: [Physopt 32-662] Processed net system_i/iq_0/inst/core/transform/p_0_out_inferred__7/rom_value[7][4]_i_1_n_0.  Did not re-place instance system_i/iq_0/inst/core/transform/p_0_out_inferred__7/rom_value[7][4]_i_1
INFO: [Physopt 32-662] Processed net system_i/iq_0/inst/core/transform/p_0_out_inferred__7/rom_value[7][4]_i_7_n_0.  Did not re-place instance system_i/iq_0/inst/core/transform/p_0_out_inferred__7/rom_value[7][4]_i_7
INFO: [Physopt 32-662] Processed net system_i/iq_0/inst/core/transform/rom_value_reg[7]_61[4].  Did not re-place instance system_i/iq_0/inst/core/transform/rom_value_reg[7][4]
INFO: [Physopt 32-662] Processed net system_i/iq_0/inst/core/transform/index_reg[13]_25.  Did not re-place instance system_i/iq_0/inst/core/transform/g0_b4_i_2
INFO: [Physopt 32-662] Processed net system_i/iq_0/inst/bank_crc0[7]_i_1_n_0.  Did not re-place instance system_i/iq_0/inst/bank_crc0[7]_i_1
INFO: [Physopt 32-662] Processed net system_i/iq_0/inst/core/transform/p_0_out_inferred__2/rom_value[2][4]_i_1_n_0.  Did not re-place instance system_i/iq_0/inst/core/transform/p_0_out_inferred__2/rom_value[2][4]_i_1
INFO: [Physopt 32-662] Processed net system_i/iq_0/inst/core/transform/p_0_out_inferred__2/rom_value[2][4]_i_9_n_0.  Did not re-place instance system_i/iq_0/inst/core/transform/p_0_out_inferred__2/rom_value[2][4]_i_9
INFO: [Physopt 32-663] Processed net system_i/iq_0/inst/bank_crc0_reg_n_0_[0].  Re-placed instance system_i/iq_0/inst/bank_crc0_reg[0]
INFO: [Physopt 32-663] Processed net system_i/iq_0/inst/bank_crc0_reg_n_0_[1].  Re-placed instance system_i/iq_0/inst/bank_crc0_reg[1]
INFO: [Physopt 32-663] Processed net system_i/iq_0/inst/bank_crc0_reg_n_0_[6].  Re-placed instance system_i/iq_0/inst/bank_crc0_reg[6]
INFO: [Physopt 32-663] Processed net system_i/iq_0/inst/bank_crc0_reg_n_0_[7].  Re-placed instance system_i/iq_0/inst/bank_crc0_reg[7]
INFO: [Physopt 32-662] Processed net system_i/iq_0/inst/core/transform/rom_value_reg[2]_56[4].  Did not re-place instance system_i/iq_0/inst/core/transform/rom_value_reg[2][4]
INFO: [Physopt 32-662] Processed net system_i/iq_0/inst/core/transform/p_0_out_inferred__3/rom_value[3][5]_i_6_n_0.  Did not re-place instance system_i/iq_0/inst/core/transform/p_0_out_inferred__3/rom_value[3][5]_i_6
INFO: [Physopt 32-662] Processed net system_i/iq_0/inst/core/transform/p_0_out_inferred__7/rom_value[7][10]_i_6_n_0.  Did not re-place instance system_i/iq_0/inst/core/transform/p_0_out_inferred__7/rom_value[7][10]_i_6
INFO: [Physopt 32-662] Processed net system_i/iq_0/inst/core/transform/index_reg[13]_5.  Did not re-place instance system_i/iq_0/inst/core/transform/g0_b0_i_5
INFO: [Physopt 32-662] Processed net system_i/iq_0/inst/core/transform/p_0_out_inferred__6/rom_value[6][7]_i_1_n_0.  Did not re-place instance system_i/iq_0/inst/core/transform/p_0_out_inferred__6/rom_value[6][7]_i_1
INFO: [Physopt 32-662] Processed net system_i/iq_0/inst/core/transform/p_0_out_inferred__6/rom_value[6][7]_i_2_n_0.  Did not re-place instance system_i/iq_0/inst/core/transform/p_0_out_inferred__6/rom_value[6][7]_i_2
INFO: [Physopt 32-663] Processed net system_i/iq_0/inst/core/transform/p_0_out_inferred__6/rom_value[6][7]_i_5_n_0.  Re-placed instance system_i/iq_0/inst/core/transform/p_0_out_inferred__6/rom_value[6][7]_i_5
INFO: [Physopt 32-662] Processed net system_i/iq_0/inst/core/transform/p_0_out_inferred__7/rom_value[7][4]_i_6_n_0.  Did not re-place instance system_i/iq_0/inst/core/transform/p_0_out_inferred__7/rom_value[7][4]_i_6
INFO: [Physopt 32-662] Processed net system_i/iq_0/inst/core/transform/rom_value_reg[6]_60[7].  Did not re-place instance system_i/iq_0/inst/core/transform/rom_value_reg[6][7]
INFO: [Physopt 32-662] Processed net system_i/iq_0/inst/bank_length1_reg_n_0_[11].  Did not re-place instance system_i/iq_0/inst/bank_length1_reg[11]
INFO: [Physopt 32-662] Processed net system_i/iq_0/inst/burst_ring/stream_errors[4]_i_41_n_0.  Did not re-place instance system_i/iq_0/inst/burst_ring/stream_errors[4]_i_41
INFO: [Physopt 32-663] Processed net system_i/iq_0/inst/burst_ring/stream_errors[4]_i_57_n_0.  Re-placed instance system_i/iq_0/inst/burst_ring/stream_errors[4]_i_57
INFO: [Physopt 32-662] Processed net system_i/iq_0/inst/core/transform/p_0_out_inferred__6/rom_value[6][10]_i_1_n_0.  Did not re-place instance system_i/iq_0/inst/core/transform/p_0_out_inferred__6/rom_value[6][10]_i_1
INFO: [Physopt 32-662] Processed net system_i/iq_0/inst/core/transform/p_0_out_inferred__6/rom_value[6][10]_i_2_n_0.  Did not re-place instance system_i/iq_0/inst/core/transform/p_0_out_inferred__6/rom_value[6][10]_i_2
INFO: [Physopt 32-662] Processed net system_i/iq_0/inst/core/transform/p_0_out_inferred__6/rom_value[6][10]_i_5_n_0.  Did not re-place instance system_i/iq_0/inst/core/transform/p_0_out_inferred__6/rom_value[6][10]_i_5
INFO: [Physopt 32-662] Processed net system_i/iq_0/inst/core/transform/rom_value_reg[6]_60[10].  Did not re-place instance system_i/iq_0/inst/core/transform/rom_value_reg[6][10]
INFO: [Physopt 32-662] Processed net system_i/iq_0/inst/bank1/loader_errors[2]_i_33_n_0.  Did not re-place instance system_i/iq_0/inst/bank1/loader_errors[2]_i_33
INFO: [Physopt 32-662] Processed net system_i/iq_0/inst/loader_crc_state[12]_i_2_n_0_repN.  Did not re-place instance system_i/iq_0/inst/loader_crc_state[12]_i_2_replica
INFO: [Physopt 32-662] Processed net system_i/iq_0/inst/loader_crc_state[23]_i_3_n_0.  Did not re-place instance system_i/iq_0/inst/loader_crc_state[23]_i_3
INFO: [Physopt 32-662] Processed net system_i/iq_0/inst/freq_ring/producer[0]_repN.  Did not re-place instance system_i/iq_0/inst/freq_ring/producer_reg[0]_replica
INFO: [Physopt 32-662] Processed net system_i/iq_0/inst/loader_crc_state[20]_i_2_n_0.  Did not re-place instance system_i/iq_0/inst/loader_crc_state[20]_i_2
INFO: [Physopt 32-662] Processed net system_i/iq_0/inst/loader_crc_state[12]_i_3_n_0.  Did not re-place instance system_i/iq_0/inst/loader_crc_state[12]_i_3
INFO: [Physopt 32-662] Processed net system_i/iq_0/inst/freq_ring/host_errors[19]_i_97_n_0.  Did not re-place instance system_i/iq_0/inst/freq_ring/host_errors[19]_i_97
INFO: [Physopt 32-662] Processed net system_i/iq_0/inst/loader_word_reg_n_0_[4].  Did not re-place instance system_i/iq_0/inst/loader_word_reg[4]
INFO: [Physopt 32-662] Processed net system_i/iq_0/inst/bank_length03_out[15].  Did not re-place instance system_i/iq_0/inst/bank_length0[15]_i_1
INFO: [Physopt 32-663] Processed net system_i/iq_0/inst/bank_length0_reg_n_0_[10].  Re-placed instance system_i/iq_0/inst/bank_length0_reg[10]
INFO: [Physopt 32-663] Processed net system_i/iq_0/inst/bank_length0_reg_n_0_[11].  Re-placed instance system_i/iq_0/inst/bank_length0_reg[11]
INFO: [Physopt 32-663] Processed net system_i/iq_0/inst/bank_length0_reg_n_0_[13].  Re-placed instance system_i/iq_0/inst/bank_length0_reg[13]
INFO: [Physopt 32-663] Processed net system_i/iq_0/inst/bank_length0_reg_n_0_[12].  Re-placed instance system_i/iq_0/inst/bank_length0_reg[12]
INFO: [Physopt 32-663] Processed net system_i/iq_0/inst/bank_length0_reg_n_0_[8].  Re-placed instance system_i/iq_0/inst/bank_length0_reg[8]
INFO: [Physopt 32-663] Processed net system_i/iq_0/inst/bank_length0_reg_n_0_[9].  Re-placed instance system_i/iq_0/inst/bank_length0_reg[9]
INFO: [Physopt 32-663] Processed net system_i/iq_0/inst/loader_received_reg[3].  Re-placed instance system_i/iq_0/inst/loader_received_reg[3]
INFO: [Physopt 32-662] Processed net system_i/iq_0/inst/bank1/loader_errors[2]_i_36_n_0.  Did not re-place instance system_i/iq_0/inst/bank1/loader_errors[2]_i_36
INFO: [Physopt 32-662] Processed net system_i/iq_0/inst/loader_crc_state[31]_i_4_n_0.  Did not re-place instance system_i/iq_0/inst/loader_crc_state[31]_i_4
INFO: [Physopt 32-662] Processed net system_i/iq_0/inst/loader_crc_state[13]_i_2_n_0.  Did not re-place instance system_i/iq_0/inst/loader_crc_state[13]_i_2
INFO: [Physopt 32-662] Processed net system_i/iq_0/inst/loader_errors[7]_i_39_n_0.  Did not re-place instance system_i/iq_0/inst/loader_errors[7]_i_39
INFO: [Physopt 32-662] Processed net system_i/iq_0/inst/loader_crc_state[13]_i_4_n_0.  Did not re-place instance system_i/iq_0/inst/loader_crc_state[13]_i_4
INFO: [Physopt 32-662] Processed net system_i/iq_0/inst/loader_errors[7]_i_30_n_0.  Did not re-place instance system_i/iq_0/inst/loader_errors[7]_i_30
INFO: [Physopt 32-662] Processed net system_i/iq_0/inst/loader_word_reg_n_0_[17].  Did not re-place instance system_i/iq_0/inst/loader_word_reg[17]
INFO: [Physopt 32-662] Processed net system_i/iq_0/inst/core/transform/folded1.  Did not re-place instance system_i/iq_0/inst/core/transform/rom_bank[2]_i_4_rewire_rewire
INFO: [Physopt 32-663] Processed net system_i/iq_0/inst/core/transform/index_reg[10].  Re-placed instance system_i/iq_0/inst/core/transform/index_reg[10]
INFO: [Physopt 32-662] Processed net system_i/iq_0/inst/core/transform/g0_b0_i_19_n_0.  Did not re-place instance system_i/iq_0/inst/core/transform/g0_b0_i_19
INFO: [Physopt 32-662] Processed net system_i/iq_0/inst/core/transform/rom_bank[2]_i_13_n_0.  Did not re-place instance system_i/iq_0/inst/core/transform/rom_bank[2]_i_13_rewire_rewire
INFO: [Physopt 32-663] Processed net system_i/iq_0/inst/bank_crc0_reg_n_0_[2].  Re-placed instance system_i/iq_0/inst/bank_crc0_reg[2]
INFO: [Physopt 32-663] Processed net system_i/iq_0/inst/bank_crc0_reg_n_0_[3].  Re-placed instance system_i/iq_0/inst/bank_crc0_reg[3]
INFO: [Physopt 32-663] Processed net system_i/iq_0/inst/bank_crc0_reg_n_0_[4].  Re-placed instance system_i/iq_0/inst/bank_crc0_reg[4]
INFO: [Physopt 32-663] Processed net system_i/iq_0/inst/bank_crc0_reg_n_0_[5].  Re-placed instance system_i/iq_0/inst/bank_crc0_reg[5]
INFO: [Physopt 32-662] Processed net system_i/iq_0/inst/loader_errors[7]_i_38_n_0.  Did not re-place instance system_i/iq_0/inst/loader_errors[7]_i_38
INFO: [Physopt 32-662] Processed net system_i/iq_0/inst/bank_length1[31]_i_6_n_0.  Did not re-place instance system_i/iq_0/inst/bank_length1[31]_i_6
INFO: [Physopt 32-662] Processed net system_i/iq_0/inst/bank_crc12_out[15].  Did not re-place instance system_i/iq_0/inst/bank_crc1[15]_i_1
INFO: [Physopt 32-663] Processed net system_i/iq_0/inst/bank_crc1[10].  Re-placed instance system_i/iq_0/inst/bank_crc1_reg[10]
INFO: [Physopt 32-663] Processed net system_i/iq_0/inst/bank_crc1[11].  Re-placed instance system_i/iq_0/inst/bank_crc1_reg[11]
INFO: [Physopt 32-663] Processed net system_i/iq_0/inst/bank_crc1[13].  Re-placed instance system_i/iq_0/inst/bank_crc1_reg[13]
INFO: [Physopt 32-663] Processed net system_i/iq_0/inst/bank_crc1[14].  Re-placed instance system_i/iq_0/inst/bank_crc1_reg[14]
INFO: [Physopt 32-662] Processed net system_i/iq_0/inst/current_block_id2_out[0].  Did not re-place instance system_i/iq_0/inst/current_block_id[0]_i_1
INFO: [Physopt 32-663] Processed net system_i/iq_0/inst/current_block_id[0]_i_3_n_0.  Re-placed instance system_i/iq_0/inst/current_block_id[0]_i_3
INFO: [Physopt 32-662] Processed net system_i/iq_0/inst/current_block_id[0].  Did not re-place instance system_i/iq_0/inst/current_block_id_reg[0]
INFO: [Physopt 32-662] Processed net system_i/iq_0/inst/replay_length[0].  Did not re-place instance system_i/iq_0/inst/replay_length_reg[0]
INFO: [Physopt 32-662] Processed net system_i/iq_0/inst/loader_crc_state[31]_i_6_n_0.  Did not re-place instance system_i/iq_0/inst/loader_crc_state[31]_i_6
INFO: [Physopt 32-662] Processed net system_i/iq_0/inst/core/transform/p_0_out_inferred__3/rom_value[3][5]_i_10_n_0.  Did not re-place instance system_i/iq_0/inst/core/transform/p_0_out_inferred__3/rom_value[3][5]_i_10
INFO: [Physopt 32-662] Processed net system_i/iq_0/inst/core/transform/p_0_out_inferred__7/rom_value[7][6]_i_1_n_0.  Did not re-place instance system_i/iq_0/inst/core/transform/p_0_out_inferred__7/rom_value[7][6]_i_1
INFO: [Physopt 32-662] Processed net system_i/iq_0/inst/core/transform/p_0_out_inferred__7/rom_value[7][6]_i_7_n_0.  Did not re-place instance system_i/iq_0/inst/core/transform/p_0_out_inferred__7/rom_value[7][6]_i_7
INFO: [Physopt 32-662] Processed net system_i/iq_0/inst/loader_crc_state[31]_i_7_n_0.  Did not re-place instance system_i/iq_0/inst/loader_crc_state[31]_i_7
INFO: [Physopt 32-662] Processed net system_i/iq_0/inst/core/transform/rom_value_reg[7]_61[6].  Did not re-place instance system_i/iq_0/inst/core/transform/rom_value_reg[7][6]
INFO: [Physopt 32-663] Processed net system_i/iq_0/inst/bank_length0_reg_n_0_[25].  Re-placed instance system_i/iq_0/inst/bank_length0_reg[25]
INFO: [Physopt 32-662] Processed net system_i/iq_0/inst/loader_errors[7]_i_41_n_0.  Did not re-place instance system_i/iq_0/inst/loader_errors[7]_i_41
INFO: [Physopt 32-662] Processed net system_i/iq_0/inst/core/transform/p_0_out_inferred__2/rom_value[2][1]_i_1_n_0.  Did not re-place instance system_i/iq_0/inst/core/transform/p_0_out_inferred__2/rom_value[2][1]_i_1
INFO: [Physopt 32-662] Processed net system_i/iq_0/inst/core/transform/p_0_out_inferred__2/rom_value[2][1]_i_7_n_0.  Did not re-place instance system_i/iq_0/inst/core/transform/p_0_out_inferred__2/rom_value[2][1]_i_7
INFO: [Physopt 32-663] Processed net system_i/iq_0/inst/bank_length0_reg_n_0_[24].  Re-placed instance system_i/iq_0/inst/bank_length0_reg[24]
INFO: [Physopt 32-663] Processed net system_i/iq_0/inst/bank_length0_reg_n_0_[26].  Re-placed instance system_i/iq_0/inst/bank_length0_reg[26]
INFO: [Physopt 32-663] Processed net system_i/iq_0/inst/bank_length0_reg_n_0_[27].  Re-placed instance system_i/iq_0/inst/bank_length0_reg[27]
INFO: [Physopt 32-662] Processed net system_i/iq_0/inst/bank_length0_reg_n_0_[28].  Did not re-place instance system_i/iq_0/inst/bank_length0_reg[28]
INFO: [Physopt 32-662] Processed net system_i/iq_0/inst/bank_length0_reg_n_0_[30].  Did not re-place instance system_i/iq_0/inst/bank_length0_reg[30]
INFO: [Physopt 32-662] Processed net system_i/iq_0/inst/bank_length0_reg_n_0_[31].  Did not re-place instance system_i/iq_0/inst/bank_length0_reg[31]
INFO: [Physopt 32-662] Processed net system_i/iq_0/inst/core/transform/rom_value_reg[2]_56[1].  Did not re-place instance system_i/iq_0/inst/core/transform/rom_value_reg[2][1]
INFO: [Physopt 32-663] Processed net system_i/iq_0/inst/loader_received_reg[10].  Re-placed instance system_i/iq_0/inst/loader_received_reg[10]
INFO: [Physopt 32-662] Processed net system_i/iq_0/inst/bank1/loader_errors[2]_i_28_n_0.  Did not re-place instance system_i/iq_0/inst/bank1/loader_errors[2]_i_28
INFO: [Physopt 32-662] Processed net system_i/iq_0/inst/bank_length03_out[23].  Did not re-place instance system_i/iq_0/inst/bank_length0[23]_i_1
INFO: [Physopt 32-663] Processed net system_i/iq_0/inst/bank_length0_reg_n_0_[21].  Re-placed instance system_i/iq_0/inst/bank_length0_reg[21]
INFO: [Physopt 32-663] Processed net system_i/iq_0/inst/bank_length0_reg_n_0_[22].  Re-placed instance system_i/iq_0/inst/bank_length0_reg[22]
INFO: [Physopt 32-663] Processed net system_i/iq_0/inst/bank_length0_reg_n_0_[19].  Re-placed instance system_i/iq_0/inst/bank_length0_reg[19]
INFO: [Physopt 32-663] Processed net system_i/iq_0/inst/bank_length0_reg_n_0_[16].  Re-placed instance system_i/iq_0/inst/bank_length0_reg[16]
INFO: [Physopt 32-663] Processed net system_i/iq_0/inst/bank_length0_reg_n_0_[17].  Re-placed instance system_i/iq_0/inst/bank_length0_reg[17]
INFO: [Physopt 32-663] Processed net system_i/iq_0/inst/bank_length0_reg_n_0_[18].  Re-placed instance system_i/iq_0/inst/bank_length0_reg[18]
INFO: [Physopt 32-663] Processed net system_i/iq_0/inst/bank_length0_reg_n_0_[20].  Re-placed instance system_i/iq_0/inst/bank_length0_reg[20]
INFO: [Physopt 32-663] Processed net system_i/iq_0/inst/bank_length0_reg_n_0_[23].  Re-placed instance system_i/iq_0/inst/bank_length0_reg[23]
INFO: [Physopt 32-662] Processed net system_i/iq_0/inst/core/transform/p_0_out_inferred__2/rom_value[2][1]_i_6_n_0.  Did not re-place instance system_i/iq_0/inst/core/transform/p_0_out_inferred__2/rom_value[2][1]_i_6
INFO: [Physopt 32-662] Processed net system_i/iq_0/inst/freq_ring/dropped[6].  Did not re-place instance system_i/iq_0/inst/freq_ring/dropped_reg[8]
INFO: [Physopt 32-662] Processed net system_i/iq_0/inst/freq_ring/host_errors[19]_i_89_n_0.  Did not re-place instance system_i/iq_0/inst/freq_ring/host_errors[19]_i_89
INFO: [Physopt 32-662] Processed net system_i/iq_0/inst/bank_block12_out[15].  Did not re-place instance system_i/iq_0/inst/bank_block1[15]_i_1
INFO: [Physopt 32-662] Processed net system_i/iq_0/inst/core/transform/p_0_out_inferred__2/rom_value[2][4]_i_7_n_0.  Did not re-place instance system_i/iq_0/inst/core/transform/p_0_out_inferred__2/rom_value[2][4]_i_7
INFO: [Physopt 32-663] Processed net system_i/iq_0/inst/bank_block1[8].  Re-placed instance system_i/iq_0/inst/bank_block1_reg[8]
INFO: [Physopt 32-663] Processed net system_i/iq_0/inst/bank_block1[9].  Re-placed instance system_i/iq_0/inst/bank_block1_reg[9]
INFO: [Physopt 32-663] Processed net system_i/iq_0/inst/core/input_fifo/gnuram_async_fifo.xpm_fifo_base_inst/gen_sdpram.xpm_memory_base_inst/gen_wr_a.gen_word_narrow.mem_reg_2240_2303_0_2_i_2_n_0.  Re-placed instance system_i/iq_0/inst/core/input_fifo/gnuram_async_fifo.xpm_fifo_base_inst/gen_sdpram.xpm_memory_base_inst/gen_wr_a.gen_word_narrow.mem_reg_2240_2303_0_2_i_2
INFO: [Common 17-14] Message 'Physopt 32-663' appears 100 times and further instances of the messages will be disabled. Use the Tcl command set_msg_config to change the current settings.
INFO: [Physopt 32-662] Processed net system_i/iq_0/inst/core/input_fifo/gnuram_async_fifo.xpm_fifo_base_inst/gen_sdpram.xpm_memory_base_inst/gen_wr_a.gen_word_narrow.mem_reg_3520_3583_0_2_i_1_n_0.  Did not re-place instance system_i/iq_0/inst/core/input_fifo/gnuram_async_fifo.xpm_fifo_base_inst/gen_sdpram.xpm_memory_base_inst/gen_wr_a.gen_word_narrow.mem_reg_3520_3583_0_2_i_1
INFO: [Physopt 32-662] Processed net system_i/iq_0/inst/core/input_fifo/gnuram_async_fifo.xpm_fifo_base_inst/xpm_fifo_rst_inst/E[0].  Did not re-place instance system_i/iq_0/inst/core/input_fifo/gnuram_async_fifo.xpm_fifo_base_inst/xpm_fifo_rst_inst/gen_sdpram.xpm_memory_base_inst_i_1
INFO: [Physopt 32-662] Processed net system_i/iq_0/inst/core/transform/index_reg[13]_2.  Did not re-place instance system_i/iq_0/inst/core/transform/g3_b8_i_3
INFO: [Physopt 32-662] Processed net system_i/iq_0/inst/bank_block0[15]_i_1_n_0.  Did not re-place instance system_i/iq_0/inst/bank_block0[15]_i_1
INFO: [Physopt 32-662] Processed net system_i/iq_0/inst/freq_ring/freq_dropped[1]_repN.  Did not re-place instance system_i/iq_0/inst/freq_ring/dropped_reg[1]_replica
INFO: [Physopt 32-662] Processed net system_i/iq_0/inst/bank_block0[14].  Did not re-place instance system_i/iq_0/inst/bank_block0_reg[14]
INFO: [Physopt 32-662] Processed net system_i/iq_0/inst/bank_block0[15].  Did not re-place instance system_i/iq_0/inst/bank_block0_reg[15]
INFO: [Physopt 32-662] Processed net system_i/iq_0/inst/data1__0[1].  Did not re-place instance system_i/iq_0/inst/loader_word_reg[9]
INFO: [Physopt 32-662] Processed net system_i/iq_0/inst/core/transform/p_0_out_inferred__6/rom_value[6][4]_i_7_n_0.  Did not re-place instance system_i/iq_0/inst/core/transform/p_0_out_inferred__6/rom_value[6][4]_i_7
INFO: [Physopt 32-662] Processed net system_i/iq_0/inst/loader_crc_state[11]_i_2_n_0.  Did not re-place instance system_i/iq_0/inst/loader_crc_state[11]_i_2
INFO: [Physopt 32-662] Processed net system_i/iq_0/inst/core/transform/p_0_out_inferred__3/rom_value[3][5]_i_13_n_0.  Did not re-place instance system_i/iq_0/inst/core/transform/p_0_out_inferred__3/rom_value[3][5]_i_13
INFO: [Physopt 32-662] Processed net system_i/iq_0/inst/data1__0[3].  Did not re-place instance system_i/iq_0/inst/loader_word_reg[11]
INFO: [Physopt 32-662] Processed net system_i/iq_0/inst/loader_crc_state[11]_i_3_n_0.  Did not re-place instance system_i/iq_0/inst/loader_crc_state[11]_i_3
INFO: [Physopt 32-662] Processed net system_i/iq_0/inst/core/transform/rom_bank[2]_i_14_n_0.  Did not re-place instance system_i/iq_0/inst/core/transform/rom_bank[2]_i_14
INFO: [Physopt 32-662] Processed net system_i/iq_0/inst/loader_crc_state[30]_i_3_n_0.  Did not re-place instance system_i/iq_0/inst/loader_crc_state[30]_i_3
INFO: [Physopt 32-662] Processed net system_i/iq_0/inst/loader_crc_state[30]_i_5_n_0.  Did not re-place instance system_i/iq_0/inst/loader_crc_state[30]_i_5
INFO: [Physopt 32-662] Processed net system_i/iq_0/inst/loader_errors[7]_i_27_n_0.  Did not re-place instance system_i/iq_0/inst/loader_errors[7]_i_27
INFO: [Physopt 32-662] Processed net system_i/iq_0/inst/core/transform/p_0_out_inferred__2/rom_value[2][4]_i_6_n_0.  Did not re-place instance system_i/iq_0/inst/core/transform/p_0_out_inferred__2/rom_value[2][4]_i_6
INFO: [Physopt 32-662] Processed net system_i/iq_0/inst/core/transform/p_0_out_inferred__6/rom_value[6][4]_i_6_n_0.  Did not re-place instance system_i/iq_0/inst/core/transform/p_0_out_inferred__6/rom_value[6][4]_i_6
INFO: [Physopt 32-662] Processed net system_i/iq_0/inst/core/transform/p_0_out_inferred__3/rom_value[3][5]_i_12_n_0.  Did not re-place instance system_i/iq_0/inst/core/transform/p_0_out_inferred__3/rom_value[3][5]_i_12
INFO: [Physopt 32-662] Processed net system_i/iq_0/inst/burst_ring/stream_errors[4]_i_30_n_0.  Did not re-place instance system_i/iq_0/inst/burst_ring/stream_errors[4]_i_30
INFO: [Physopt 32-662] Processed net system_i/iq_0/inst/core/transform/p_0_out_inferred__7/rom_value[7][4]_i_11_n_0.  Did not re-place instance system_i/iq_0/inst/core/transform/p_0_out_inferred__7/rom_value[7][4]_i_11
INFO: [Physopt 32-662] Processed net system_i/iq_0/inst/bank1/loader_errors[2]_i_29_n_0.  Did not re-place instance system_i/iq_0/inst/bank1/loader_errors[2]_i_29
INFO: [Physopt 32-662] Processed net system_i/iq_0/inst/burst_ring/stream_errors[4]_i_42_n_0.  Did not re-place instance system_i/iq_0/inst/burst_ring/stream_errors[4]_i_42
INFO: [Physopt 32-662] Processed net system_i/iq_0/inst/core/transform/p_0_out_inferred__7/rom_value[7][4]_i_10_n_0.  Did not re-place instance system_i/iq_0/inst/core/transform/p_0_out_inferred__7/rom_value[7][4]_i_10
INFO: [Physopt 32-662] Processed net system_i/iq_0/inst/core/transform/p_0_out_inferred__7/rom_value[7][7]_i_1_n_0.  Did not re-place instance system_i/iq_0/inst/core/transform/p_0_out_inferred__7/rom_value[7][7]_i_1
INFO: [Physopt 32-662] Processed net system_i/iq_0/inst/core/transform/p_0_out_inferred__7/rom_value[7][7]_i_7_n_0.  Did not re-place instance system_i/iq_0/inst/core/transform/p_0_out_inferred__7/rom_value[7][7]_i_7
INFO: [Physopt 32-662] Processed net system_i/iq_0/inst/core/transform/rom_value_reg[7]_61[7].  Did not re-place instance system_i/iq_0/inst/core/transform/rom_value_reg[7][7]
INFO: [Physopt 32-662] Processed net system_i/iq_0/inst/core/transform/p_0_out_inferred__6/rom_value[6][3]_i_1_n_0.  Did not re-place instance system_i/iq_0/inst/core/transform/p_0_out_inferred__6/rom_value[6][3]_i_1
INFO: [Physopt 32-662] Processed net system_i/iq_0/inst/core/transform/p_0_out_inferred__6/rom_value[6][3]_i_9_n_0.  Did not re-place instance system_i/iq_0/inst/core/transform/p_0_out_inferred__6/rom_value[6][3]_i_9
INFO: [Physopt 32-662] Processed net system_i/iq_0/inst/core/transform/p_0_out_inferred__7/rom_value[7][7]_i_6_n_0.  Did not re-place instance system_i/iq_0/inst/core/transform/p_0_out_inferred__7/rom_value[7][7]_i_6
INFO: [Physopt 32-662] Processed net system_i/iq_0/inst/core/transform/rom_value_reg[6]_60[3].  Did not re-place instance system_i/iq_0/inst/core/transform/rom_value_reg[6][3]
INFO: [Physopt 32-662] Processed net system_i/iq_0/inst/loader_crc_state[4]_i_2_n_0.  Did not re-place instance system_i/iq_0/inst/loader_crc_state[4]_i_2
INFO: [Physopt 32-662] Processed net system_i/iq_0/inst/loader_crc_state[15]_i_2_n_0.  Did not re-place instance system_i/iq_0/inst/loader_crc_state[15]_i_2
INFO: [Physopt 32-662] Processed net system_i/iq_0/inst/core/rb/host_errors[19]_i_13_n_0.  Did not re-place instance system_i/iq_0/inst/core/rb/host_errors[19]_i_13
INFO: [Physopt 32-661] Optimized 64 nets.  Re-placed 64 instances.
INFO: [Physopt 32-775] End 1 Pass. Optimized 64 nets or cells. Created 0 new cell, deleted 0 existing cell and moved 64 existing cells
INFO: [Physopt 32-619] Estimated Timing Summary | WNS=-0.024 | TNS=-0.078 |
Netlist sorting complete. Time (s): cpu = 00:00:00 ; elapsed = 00:00:00.121 . Memory (MB): peak = 2648.457 ; gain = 0.000
Phase 29 Single Cell Placement Optimization | Checksum: 1c134defc

Time (s): cpu = 00:05:28 ; elapsed = 00:02:30 . Memory (MB): peak = 2648.457 ; gain = 0.000

Phase 30 Multi Cell Placement Optimization
INFO: [Physopt 32-660] Identified 100 candidate nets for placement-based optimization.
INFO: [Physopt 32-662] Processed net system_i/iq_0/inst/core/transform/g0_b0_i_8_n_0.  Did not re-place instance system_i/iq_0/inst/core/transform/g0_b0_i_8/O
INFO: [Physopt 32-662] Processed net system_i/iq_0/inst/core/transform/index_reg[0]_rep_n_0.  Did not re-place instance system_i/iq_0/inst/core/transform/index_reg[0]_rep/Q
INFO: [Physopt 32-662] Processed net system_i/iq_0/inst/core/transform/g0_b0_i_22_n_0.  Did not re-place instance system_i/iq_0/inst/core/transform/g0_b0_i_22/O
INFO: [Physopt 32-662] Processed net system_i/iq_0/inst/core/transform/p_0_out[4].  Did not re-place instance system_i/iq_0/inst/core/transform/rom_value[0][4]_i_1/O
INFO: [Physopt 32-662] Processed net system_i/iq_0/inst/core/transform/p_0_out_inferred__6/rom_value[6][4]_i_1_n_0.  Did not re-place instance system_i/iq_0/inst/core/transform/p_0_out_inferred__6/rom_value[6][4]_i_1/O
INFO: [Physopt 32-662] Processed net system_i/iq_0/inst/core/transform/index_reg[13]_1.  Did not re-place instance system_i/iq_0/inst/core/transform/g3_b8_i_1/O
INFO: [Physopt 32-662] Processed net system_i/iq_0/inst/core/transform/rom_value[3][13]_i_3_n_0.  Did not re-place instance system_i/iq_0/inst/core/transform/rom_value[3][13]_i_3/O
INFO: [Physopt 32-662] Processed net system_i/iq_0/inst/core/transform/p_0_out_inferred__7/rom_value[7][10]_i_1_n_0.  Did not re-place instance system_i/iq_0/inst/core/transform/p_0_out_inferred__7/rom_value[7][10]_i_1/O
INFO: [Physopt 32-662] Processed net system_i/iq_0/inst/core/transform/p_0_out_inferred__7/rom_value[7][10]_i_3_n_0.  Did not re-place instance system_i/iq_0/inst/core/transform/p_0_out_inferred__7/rom_value[7][10]_i_3/O
INFO: [Physopt 32-662] Processed net system_i/iq_0/inst/core/transform/rom_value[3][11]_i_4_n_0.  Did not re-place instance system_i/iq_0/inst/core/transform/rom_value[3][11]_i_4/O
INFO: [Physopt 32-662] Processed net system_i/iq_0/inst/core/transform/p_0_out_inferred__7/rom_value[7][10]_i_2_n_0.  Did not re-place instance system_i/iq_0/inst/core/transform/p_0_out_inferred__7/rom_value[7][10]_i_2/O
INFO: [Physopt 32-662] Processed net system_i/iq_0/inst/bank_length0[31]_i_3_n_0.  Did not re-place instance system_i/iq_0/inst/bank_length0[31]_i_3/O
INFO: [Physopt 32-662] Processed net system_i/iq_0/inst/bank_length03_out[7].  Did not re-place instance system_i/iq_0/inst/bank_length0[7]_i_1/O
INFO: [Physopt 32-662] Processed net system_i/iq_0/inst/loader_crc_state[10]_i_2_n_0.  Did not re-place instance system_i/iq_0/inst/loader_crc_state[10]_i_2/O
INFO: [Physopt 32-662] Processed net system_i/iq_0/inst/loader_transfers[0]_i_3_n_0.  Did not re-place instance system_i/iq_0/inst/loader_transfers[0]_i_3/O
INFO: [Physopt 32-662] Processed net system_i/iq_0/inst/loader_errors[7]_i_42_n_0.  Did not re-place instance system_i/iq_0/inst/loader_errors[7]_i_42/O
INFO: [Physopt 32-662] Processed net system_i/iq_0/inst/loader_crc_state[10]_i_3_n_0.  Did not re-place instance system_i/iq_0/inst/loader_crc_state[10]_i_3/O
INFO: [Physopt 32-662] Processed net system_i/iq_0/inst/loader_word_reg_n_0_[18].  Did not re-place instance system_i/iq_0/inst/loader_word_reg[18]/Q
INFO: [Physopt 32-662] Processed net system_i/iq_0/inst/core/transform/p_0_out_inferred__6/rom_value[6][5]_i_1_n_0.  Did not re-place instance system_i/iq_0/inst/core/transform/p_0_out_inferred__6/rom_value[6][5]_i_1/O
INFO: [Physopt 32-661] Optimized 0 net.  Re-placed 0 instance.
INFO: [Physopt 32-775] End 1 Pass. Optimized 0 net or cell. Created 0 new cell, deleted 0 existing cell and moved 0 existing cell
Netlist sorting complete. Time (s): cpu = 00:00:00 ; elapsed = 00:00:00.069 . Memory (MB): peak = 2648.457 ; gain = 0.000
Phase 30 Multi Cell Placement Optimization | Checksum: 103e5b367

Time (s): cpu = 00:05:37 ; elapsed = 00:02:34 . Memory (MB): peak = 2648.457 ; gain = 0.000

Phase 31 SLR Crossing Optimization
Phase 31 SLR Crossing Optimization | Checksum: 103e5b367

Time (s): cpu = 00:05:37 ; elapsed = 00:02:34 . Memory (MB): peak = 2648.457 ; gain = 0.000

Phase 32 Critical Path Optimization
INFO: [Physopt 32-619] Estimated Timing Summary | WNS=-0.024 | TNS=-0.078 |
INFO: [Physopt 32-702] Processed net system_i/iq_0/inst/core/transform/rom_value_reg[0]_54[4]. Optimizations did not improve timing on the net.
INFO: [Physopt 32-702] Processed net system_i/ps7/inst/FCLK_CLK_unbuffered[1]. Optimizations did not improve timing on the net.
INFO: [Physopt 32-702] Processed net system_i/iq_0/inst/core/transform/rom_value_reg[0][4]_i_2_n_0. Optimizations did not improve timing on the net.
INFO: [Physopt 32-608] Optimized 1 net.  Swapped 24 pins.
INFO: [Physopt 32-735] Processed net system_i/iq_0/inst/core/g7_b4_n_0. Optimization improves timing on the net.
INFO: [Physopt 32-619] Estimated Timing Summary | WNS=-0.021 | TNS=-0.053 |
INFO: [Physopt 32-702] Processed net system_i/iq_0/inst/core/transform/rom_value_reg[6]_60[4]. Optimizations did not improve timing on the net.
INFO: [Physopt 32-702] Processed net system_i/iq_0/inst/core/transform/p_0_out_inferred__6/rom_value_reg[6][4]_i_3_n_0. Optimizations did not improve timing on the net.
INFO: [Physopt 32-608] Optimized 1 net.  Swapped 12 pins.
INFO: [Physopt 32-735] Processed net system_i/iq_0/inst/core/transform/p_0_out_inferred__6/rom_value[6][4]_i_8_n_0. Optimization improves timing on the net.
INFO: [Physopt 32-619] Estimated Timing Summary | WNS=-0.020 | TNS=-0.047 |
INFO: [Physopt 32-702] Processed net system_i/iq_0/inst/core/transform/rom_value_reg[7]_61[10]. Optimizations did not improve timing on the net.
INFO: [Physopt 32-608] Optimized 1 net.  Swapped 24 pins.
INFO: [Physopt 32-735] Processed net system_i/iq_0/inst/core/transform/p_0_out_inferred__7/rom_value[7][10]_i_3_n_0. Optimization improves timing on the net.
INFO: [Physopt 32-619] Estimated Timing Summary | WNS=-0.015 | TNS=-0.041 |
INFO: [Physopt 32-608] Optimized 1 net.  Swapped 12 pins.
INFO: [Physopt 32-735] Processed net system_i/iq_0/inst/core/transform/p_0_out_inferred__6/rom_value[6][4]_i_9_n_0. Optimization improves timing on the net.
INFO: [Physopt 32-619] Estimated Timing Summary | WNS=-0.014 | TNS=-0.026 |
INFO: [Physopt 32-702] Processed net system_i/iq_0/inst/core/transform/p_0_out_inferred__7/rom_value[7][10]_i_2_n_0. Optimizations did not improve timing on the net.
INFO: [Physopt 32-735] Processed net system_i/iq_0/inst/core/transform/rom_value[3][11]_i_4_n_0. Optimization improves timing on the net.
INFO: [Physopt 32-619] Estimated Timing Summary | WNS=-0.011 | TNS=-0.023 |
INFO: [Physopt 32-735] Processed net system_i/iq_0/inst/core/transform/rom_value[3][11]_i_4_n_0. Optimization improves timing on the net.
INFO: [Physopt 32-619] Estimated Timing Summary | WNS=-0.010 | TNS=-0.012 |
INFO: [Physopt 32-735] Processed net system_i/iq_0/inst/bank_length0_reg_n_0_[4]. Optimization improves timing on the net.
INFO: [Physopt 32-619] Estimated Timing Summary | WNS=-0.002 | TNS=-0.002 |
INFO: [Physopt 32-702] Processed net system_i/iq_0/inst/core/transform/rom_value_reg[6]_60[5]. Optimizations did not improve timing on the net.
INFO: [Physopt 32-702] Processed net system_i/iq_0/inst/core/transform/p_0_out_inferred__6/rom_value_reg[6][5]_i_3_n_0. Optimizations did not improve timing on the net.
INFO: [Physopt 32-608] Optimized 1 net.  Swapped 24 pins.
INFO: [Physopt 32-735] Processed net system_i/iq_0/inst/core/transform/p_0_out_inferred__6/rom_value[6][5]_i_8_n_0. Optimization improves timing on the net.
INFO: [Physopt 32-619] Estimated Timing Summary | WNS=0.002 | TNS=0.000 |
INFO: [Physopt 32-619] Estimated Timing Summary | WNS=0.002 | TNS=0.000 |
Netlist sorting complete. Time (s): cpu = 00:00:00 ; elapsed = 00:00:00.057 . Memory (MB): peak = 2648.457 ; gain = 0.000
Phase 32 Critical Path Optimization | Checksum: 103e5b367

Time (s): cpu = 00:05:39 ; elapsed = 00:02:34 . Memory (MB): peak = 2648.457 ; gain = 0.000

Phase 33 Critical Path Optimization
INFO: [Physopt 32-619] Estimated Timing Summary | WNS=0.002 | TNS=0.000 |
INFO: [Physopt 32-619] Estimated Timing Summary | WNS=0.002 | TNS=0.000 |
Netlist sorting complete. Time (s): cpu = 00:00:00 ; elapsed = 00:00:00.057 . Memory (MB): peak = 2648.457 ; gain = 0.000
Phase 33 Critical Path Optimization | Checksum: 103e5b367

Time (s): cpu = 00:05:39 ; elapsed = 00:02:35 . Memory (MB): peak = 2648.457 ; gain = 0.000

Phase 34 BRAM Enable Optimization
Phase 34 BRAM Enable Optimization | Checksum: 103e5b367

Time (s): cpu = 00:05:39 ; elapsed = 00:02:35 . Memory (MB): peak = 2648.457 ; gain = 0.000

Phase 35 Hold Fix Optimization
INFO: [Physopt 32-668] Estimated Timing Summary | WNS=0.002 | TNS=0.000 | WHS=-0.251 | THS=-11.937 |
INFO: [Physopt 32-45] Identified 1 candidate net for hold slack optimization.
INFO: [Physopt 32-234] Optimized 1 net. Inserted 0 new ZHOLD_DELAYs. Calibrated 0 existing ZHOLD_DELAYs. Inserted 1 buffer.

Netlist sorting complete. Time (s): cpu = 00:00:00 ; elapsed = 00:00:00.057 . Memory (MB): peak = 2648.457 ; gain = 0.000
INFO: [Physopt 32-668] Estimated Timing Summary | WNS=0.002 | TNS=0.000 | WHS=-0.240 | THS=-11.686 |
Phase 35 Hold Fix Optimization | Checksum: 1d4bb405f

Time (s): cpu = 00:05:45 ; elapsed = 00:02:37 . Memory (MB): peak = 2648.457 ; gain = 0.000
Netlist sorting complete. Time (s): cpu = 00:00:00 ; elapsed = 00:00:00.051 . Memory (MB): peak = 2648.457 ; gain = 0.000
INFO: [Physopt 32-669] Post Physical Optimization Timing Summary | WNS=0.002 | TNS=0.000 | WHS=-0.240 | THS=-11.686 |

Summary of Physical Synthesis Optimizations
============================================


----------------------------------------------------------------------------------------------------------------------------------------------------------------------
|  Optimization            |  WNS Gain (ns)  |  TNS Gain (ns)  |  Added Cells  |  Removed Cells  |  Optimized Cells/Nets  |  Dont Touch  |  Iterations  |  Elapsed   |
----------------------------------------------------------------------------------------------------------------------------------------------------------------------
|  Fanout                  |          0.000  |          0.453  |            2  |              0  |                     2  |           0  |           3  |  00:00:15  |
|  Single Cell Placement   |          0.000  |          7.168  |            0  |              0  |                   110  |           0  |           4  |  00:00:43  |
|  Multi Cell Placement    |          0.000  |          1.068  |            0  |              0  |                     5  |           0  |           4  |  00:00:35  |
|  Rewire                  |          0.000  |          1.035  |            2  |              0  |                     6  |           1  |           3  |  00:00:05  |
|  Critical Cell           |          0.000  |          0.317  |           13  |              0  |                    13  |           1  |           3  |  00:00:23  |
|  SLR Crossing            |          0.000  |          0.000  |            0  |              0  |                     0  |           0  |           3  |  00:00:00  |
|  DSP Register            |          0.000  |          0.000  |            0  |              0  |                     0  |           0  |           2  |  00:00:00  |
|  BRAM Register           |          0.000  |          0.000  |            0  |              0  |                     0  |           0  |           2  |  00:00:00  |
|  URAM Register           |          0.000  |          0.000  |            0  |              0  |                     0  |           0  |           2  |  00:00:00  |
|  Shift Register          |          0.000  |          0.000  |            0  |              0  |                     0  |           0  |           2  |  00:00:00  |
|  Critical Pin            |          0.215  |          3.203  |            0  |              0  |                    44  |           0  |           1  |  00:00:01  |
|  Very High Fanout        |          0.000  |          0.000  |           11  |              0  |                     1  |           0  |           1  |  00:00:19  |
|  BRAM Enable             |          0.000  |          0.000  |            0  |              0  |                     0  |           0  |           1  |  00:00:00  |
|  Critical Path           |          0.026  |          0.078  |            0  |              0  |                     8  |           0  |           2  |  00:00:01  |
|  Total                   |          0.241  |         13.322  |           28  |              0  |                   189  |           2  |          33  |  00:02:22  |
----------------------------------------------------------------------------------------------------------------------------------------------------------------------


Summary of Hold Fix Optimizations
=================================


--------------------------------------------------------------------------------------------------------------------------------------------------------------
|  Optimization               |  WHS Gain (ns)  |  THS Gain (ns)  |  Added LUTs  |  Added FFs  |  Optimized Nets  |  Dont Touch  |  Iterations  |  Elapsed   |
--------------------------------------------------------------------------------------------------------------------------------------------------------------
|  LUT1 and ZHOLD Insertion   |          0.011  |          0.251  |           1  |          0  |               1  |           0  |           1  |  00:00:01  |
|  Total                      |          0.011  |          0.251  |           1  |          0  |               1  |           0  |           1  |  00:00:01  |
--------------------------------------------------------------------------------------------------------------------------------------------------------------


Netlist sorting complete. Time (s): cpu = 00:00:00 ; elapsed = 00:00:00.062 . Memory (MB): peak = 2648.457 ; gain = 0.000
Ending Physical Synthesis Task | Checksum: 1db26f5d9

Time (s): cpu = 00:05:46 ; elapsed = 00:02:37 . Memory (MB): peak = 2648.457 ; gain = 0.000
INFO: [Common 17-83] Releasing license: Vivado_Implementation
1733 Infos, 0 Warnings, 0 Critical Warnings and 0 Errors encountered.
phys_opt_design completed successfully
phys_opt_design: Time (s): cpu = 00:05:55 ; elapsed = 00:02:42 . Memory (MB): peak = 2648.457 ; gain = 0.000
INFO: [Timing 38-480] Writing timing data to binary archive.
Wrote PlaceDB: Time (s): cpu = 00:00:00 ; elapsed = 00:00:00 . Memory (MB): peak = 2648.457 ; gain = 0.000
Wrote PulsedLatchDB: Time (s): cpu = 00:00:00 ; elapsed = 00:00:00 . Memory (MB): peak = 2648.457 ; gain = 0.000
Writing XDEF routing.
Writing XDEF routing logical nets.
Writing XDEF routing special nets.
Wrote RouteStorage: Time (s): cpu = 00:00:01 ; elapsed = 00:00:00.148 . Memory (MB): peak = 2648.457 ; gain = 0.000
Write ShapeDB Complete: Time (s): cpu = 00:00:01 ; elapsed = 00:00:00.183 . Memory (MB): peak = 2648.457 ; gain = 0.000
Wrote PlaceStorage: Time (s): cpu = 00:00:07 ; elapsed = 00:00:02 . Memory (MB): peak = 2648.457 ; gain = 0.000
Wrote Netlist Cache: Time (s): cpu = 00:00:00 ; elapsed = 00:00:00.097 . Memory (MB): peak = 2648.457 ; gain = 0.000
Wrote Device Cache: Time (s): cpu = 00:00:00 ; elapsed = 00:00:00.017 . Memory (MB): peak = 2648.457 ; gain = 0.000
Write Physdb Complete: Time (s): cpu = 00:00:08 ; elapsed = 00:00:02 . Memory (MB): peak = 2648.457 ; gain = 0.000
INFO: [Common 17-1381] The checkpoint 'D:/fft/fft_phase10_resource_opt/build/board/iq_board.runs/impl_1/system_wrapper_physopt.dcp' has been generated.
write_checkpoint: Time (s): cpu = 00:00:11 ; elapsed = 00:00:06 . Memory (MB): peak = 2648.457 ; gain = 0.000
Command: route_design -directive NoTimingRelaxation
Attempting to get a license for feature 'Vivado_Implementation' and/or device 'xc7z020'
INFO: [Common 17-349] Got license for feature 'Vivado_Implementation' and/or device 'xc7z020'
INFO: [DRC 23-27] Running DRC with 4 threads
INFO: [Vivado_Tcl 4-198] DRC finished with 0 Errors
INFO: [Vivado_Tcl 4-199] Please refer to the DRC report (report_drc) for more information.


Starting Routing Task
INFO: [Route 35-270] Using Router directive 'NoTimingRelaxation'.
INFO: [Route 35-254] Multithreading enabled for route_design using a maximum of 4 CPUs

Phase 1 Build RT Design
Checksum: PlaceDB: 374d8338 ConstDB: 0 ShapeSum: a1666be8 RouteDB: 15f972f0
Post Restoration Checksum: NetGraph: 54400723 | NumContArr: 77737a83 | Constraints: c2a8fa9d | Timing: c2a8fa9d
Phase 1 Build RT Design | Checksum: 2510576e0

Time (s): cpu = 00:00:53 ; elapsed = 00:00:31 . Memory (MB): peak = 2648.457 ; gain = 0.000

Phase 2 Router Initialization

Phase 2.1 Fix Topology Constraints
Phase 2.1 Fix Topology Constraints | Checksum: 2510576e0

Time (s): cpu = 00:00:53 ; elapsed = 00:00:32 . Memory (MB): peak = 2648.457 ; gain = 0.000

Phase 2.2 Pre Route Cleanup
Phase 2.2 Pre Route Cleanup | Checksum: 2510576e0

Time (s): cpu = 00:00:54 ; elapsed = 00:00:32 . Memory (MB): peak = 2648.457 ; gain = 0.000
 Number of Nodes with overlaps = 0

Phase 2.3 Update Timing
Phase 2.3 Update Timing | Checksum: 2d6a9b916

Time (s): cpu = 00:01:27 ; elapsed = 00:00:45 . Memory (MB): peak = 2674.699 ; gain = 26.242
INFO: [Route 35-416] Intermediate Timing Summary | WNS=-0.045 | TNS=-0.182 | WHS=-0.355 | THS=-728.228|


Phase 2.4 Update Timing for Bus Skew

Phase 2.4.1 Update Timing
Phase 2.4.1 Update Timing | Checksum: 21e81cfe8

Time (s): cpu = 00:01:50 ; elapsed = 00:00:55 . Memory (MB): peak = 2738.117 ; gain = 89.660
INFO: [Route 35-416] Intermediate Timing Summary | WNS=-0.045 | TNS=0.000  | WHS=-0.240 | THS=-11.776|

Phase 2.4 Update Timing for Bus Skew | Checksum: 293d271bc

Time (s): cpu = 00:01:50 ; elapsed = 00:00:56 . Memory (MB): peak = 2738.117 ; gain = 89.660

Phase 2.5 Soft Constraint Pins - Fast Budgeting
Phase 2.5 Soft Constraint Pins - Fast Budgeting | Checksum: 293d271bc

Time (s): cpu = 00:01:51 ; elapsed = 00:00:56 . Memory (MB): peak = 2753.105 ; gain = 104.648

Router Utilization Summary
  Global Vertical Routing Utilization    = 0 %
  Global Horizontal Routing Utilization  = 0 %
  Routable Net Status*
  *Does not include unroutable nets such as driverless and loadless.
  Run report_route_status for detailed report.
  Number of Failed Nets               = 47609
    (Failed Nets is the sum of unrouted and partially routed nets)
  Number of Unrouted Nets             = 47609
  Number of Partially Routed Nets     = 0
  Number of Node Overlaps             = 0

Phase 2 Router Initialization | Checksum: 230b50dbd

Time (s): cpu = 00:01:52 ; elapsed = 00:00:57 . Memory (MB): peak = 2753.105 ; gain = 104.648

Phase 3 Global Routing
Phase 3 Global Routing | Checksum: 230b50dbd

Time (s): cpu = 00:01:52 ; elapsed = 00:00:57 . Memory (MB): peak = 2753.105 ; gain = 104.648

Phase 4 Initial Routing

Phase 4.1 Initial Net Routing Pass
Phase 4.1 Initial Net Routing Pass | Checksum: 2d42bb503

Time (s): cpu = 00:02:49 ; elapsed = 00:01:15 . Memory (MB): peak = 2830.293 ; gain = 181.836
Phase 4 Initial Routing | Checksum: 2d42bb503

Time (s): cpu = 00:02:49 ; elapsed = 00:01:15 . Memory (MB): peak = 2830.293 ; gain = 181.836

Phase 5 Rip-up And Reroute

Phase 5.1 Global Iteration 0
 Number of Nodes with overlaps = 9568
 Number of Nodes with overlaps = 4130
 Number of Nodes with overlaps = 2438
 Number of Nodes with overlaps = 1205
 Number of Nodes with overlaps = 625
 Number of Nodes with overlaps = 291
 Number of Nodes with overlaps = 248
 Number of Nodes with overlaps = 91
 Number of Nodes with overlaps = 43
 Number of Nodes with overlaps = 33
 Number of Nodes with overlaps = 21
 Number of Nodes with overlaps = 13
 Number of Nodes with overlaps = 0
INFO: [Route 35-416] Intermediate Timing Summary | WNS=-0.677 | TNS=-56.880| WHS=N/A    | THS=N/A    |

Phase 5.1 Global Iteration 0 | Checksum: 232801b77

Time (s): cpu = 00:07:08 ; elapsed = 00:03:22 . Memory (MB): peak = 2830.293 ; gain = 181.836

Phase 5.2 Global Iteration 1
 Number of Nodes with overlaps = 2350
 Number of Nodes with overlaps = 1138
 Number of Nodes with overlaps = 446
 Number of Nodes with overlaps = 303
 Number of Nodes with overlaps = 78
 Number of Nodes with overlaps = 181
 Number of Nodes with overlaps = 52
 Number of Nodes with overlaps = 37
 Number of Nodes with overlaps = 39
 Number of Nodes with overlaps = 42
 Number of Nodes with overlaps = 8
 Number of Nodes with overlaps = 35
 Number of Nodes with overlaps = 5
 Number of Nodes with overlaps = 8
 Number of Nodes with overlaps = 5
 Number of Nodes with overlaps = 0
INFO: [Route 35-416] Intermediate Timing Summary | WNS=-0.788 | TNS=-45.611| WHS=N/A    | THS=N/A    |

Phase 5.2 Global Iteration 1 | Checksum: 196e70a9c

Time (s): cpu = 00:09:14 ; elapsed = 00:04:33 . Memory (MB): peak = 2830.293 ; gain = 181.836
Phase 5 Rip-up And Reroute | Checksum: 196e70a9c

Time (s): cpu = 00:09:14 ; elapsed = 00:04:33 . Memory (MB): peak = 2830.293 ; gain = 181.836

Phase 6 Delay and Skew Optimization

Phase 6.1 Delay CleanUp

Phase 6.1.1 Update Timing
Phase 6.1.1 Update Timing | Checksum: 1d6d6392b

Time (s): cpu = 00:09:19 ; elapsed = 00:04:35 . Memory (MB): peak = 2830.293 ; gain = 181.836
INFO: [Route 35-416] Intermediate Timing Summary | WNS=-0.633 | TNS=-31.106| WHS=N/A    | THS=N/A    |

 Number of Nodes with overlaps = 0
Phase 6.1 Delay CleanUp | Checksum: 26a1da171

Time (s): cpu = 00:09:21 ; elapsed = 00:04:36 . Memory (MB): peak = 2830.293 ; gain = 181.836

Phase 6.2 Clock Skew Optimization
Phase 6.2 Clock Skew Optimization | Checksum: 26a1da171

Time (s): cpu = 00:09:21 ; elapsed = 00:04:36 . Memory (MB): peak = 2830.293 ; gain = 181.836
Phase 6 Delay and Skew Optimization | Checksum: 26a1da171

Time (s): cpu = 00:09:21 ; elapsed = 00:04:36 . Memory (MB): peak = 2830.293 ; gain = 181.836

Phase 7 Post Hold Fix

Phase 7.1 Hold Fix Iter
INFO: [Route 35-416] Intermediate Timing Summary | WNS=-0.633 | TNS=-30.523| WHS=-0.040 | THS=-0.057 |

Phase 7.1 Hold Fix Iter | Checksum: 1914e79ee

Time (s): cpu = 00:09:27 ; elapsed = 00:04:38 . Memory (MB): peak = 2830.293 ; gain = 181.836

Phase 7.2 Non Free Resource Hold Fix Iter
Phase 7.2 Non Free Resource Hold Fix Iter | Checksum: 208df1f3a

Time (s): cpu = 00:09:27 ; elapsed = 00:04:38 . Memory (MB): peak = 2830.293 ; gain = 181.836
Phase 7 Post Hold Fix | Checksum: 208df1f3a

Time (s): cpu = 00:09:27 ; elapsed = 00:04:38 . Memory (MB): peak = 2830.293 ; gain = 181.836

Phase 8 Timing Verification

Phase 8.1 Update Timing
Phase 8.1 Update Timing | Checksum: 197ca14fd

Time (s): cpu = 00:09:37 ; elapsed = 00:04:41 . Memory (MB): peak = 2830.293 ; gain = 181.836
INFO: [Route 35-416] Intermediate Timing Summary | WNS=-0.633 | TNS=-30.523| WHS=0.050  | THS=0.000  |

Phase 8 Timing Verification | Checksum: 197ca14fd

Time (s): cpu = 00:09:38 ; elapsed = 00:04:41 . Memory (MB): peak = 2830.293 ; gain = 181.836

Phase 9 Route finalize

Router Utilization Summary
  Global Vertical Routing Utilization    = 20.5399 %
  Global Horizontal Routing Utilization  = 24.7816 %
  Routable Net Status*
  *Does not include unroutable nets such as driverless and loadless.
  Run report_route_status for detailed report.
  Number of Failed Nets               = 0
    (Failed Nets is the sum of unrouted and partially routed nets)
  Number of Unrouted Nets             = 0
  Number of Partially Routed Nets     = 0
  Number of Node Overlaps             = 0


--GLOBAL Congestion:
Utilization threshold used for congestion level computation: 0.85
Congestion Report
North Dir 1x1 Area, Max Cong = 97.2973%, Congestion bounded by tiles (Lower Left Tile -> Upper Right Tile):
   INT_R_X37Y89 -> INT_R_X37Y89
   INT_L_X38Y88 -> INT_L_X38Y88
   INT_R_X37Y87 -> INT_R_X37Y87
   INT_R_X39Y87 -> INT_R_X39Y87
   INT_L_X40Y87 -> INT_L_X40Y87
South Dir 1x1 Area, Max Cong = 83.7838%, No Congested Regions.
East Dir 2x2 Area, Max Cong = 86.0294%, Congestion bounded by tiles (Lower Left Tile -> Upper Right Tile):
   INT_L_X38Y88 -> INT_R_X39Y89
   INT_L_X34Y74 -> INT_R_X35Y75
West Dir 4x4 Area, Max Cong = 88.6949%, Congestion bounded by tiles (Lower Left Tile -> Upper Right Tile):
   INT_L_X16Y18 -> INT_R_X19Y21
   INT_L_X16Y14 -> INT_R_X19Y17

------------------------------
Reporting congestion hotspots
------------------------------
Direction: North
----------------
Congested clusters found at Level 0
Effective congestion level: 1 Aspect Ratio: 1 Sparse Ratio: 1.25
Direction: South
----------------
Congested clusters found at Level 0
Effective congestion level: 0 Aspect Ratio: 1 Sparse Ratio: 0
Direction: East
----------------
Congested clusters found at Level 0
Effective congestion level: 2 Aspect Ratio: 0.571429 Sparse Ratio: 0.9375
Direction: West
----------------
Congested clusters found at Level 1
Effective congestion level: 3 Aspect Ratio: 0.571429 Sparse Ratio: 1.1875

Phase 9 Route finalize | Checksum: 197ca14fd

Time (s): cpu = 00:09:38 ; elapsed = 00:04:41 . Memory (MB): peak = 2830.293 ; gain = 181.836

Phase 10 Verifying routed nets

 Verification completed successfully
Phase 10 Verifying routed nets | Checksum: 197ca14fd

Time (s): cpu = 00:09:38 ; elapsed = 00:04:41 . Memory (MB): peak = 2830.293 ; gain = 181.836

Phase 11 Depositing Routes
Phase 11 Depositing Routes | Checksum: 2228aba5a

Time (s): cpu = 00:09:44 ; elapsed = 00:04:45 . Memory (MB): peak = 2830.293 ; gain = 181.836

Phase 12 Incr Placement Change
Netlist sorting complete. Time (s): cpu = 00:00:00 ; elapsed = 00:00:00.071 . Memory (MB): peak = 2830.293 ; gain = 0.000
INFO: [Place 30-746] Post Placement Timing Summary WNS=-0.147. For the most accurate timing information please run report_timing.
Ending IncrPlace Task | Checksum: 151622399

Time (s): cpu = 00:01:47 ; elapsed = 00:01:13 . Memory (MB): peak = 2830.293 ; gain = 0.000
Google Cpuprofiler is only supported on Linux.
Phase 12 Incr Placement Change | Checksum: 151622399

Time (s): cpu = 00:11:31 ; elapsed = 00:05:58 . Memory (MB): peak = 2830.293 ; gain = 181.836

Phase 13 Build RT Design
Checksum: PlaceDB: b7f26eb8 ConstDB: 0 ShapeSum: 1d871aef RouteDB: 7be899f2
Post Restoration Checksum: NetGraph: ab8f154c | NumContArr: 44a0bfaf | Constraints: c2a8fa9d | Timing: c2a8fa9d
Phase 13 Build RT Design | Checksum: 27581ca35

Time (s): cpu = 00:11:58 ; elapsed = 00:06:07 . Memory (MB): peak = 2830.293 ; gain = 181.836

Phase 14 Router Initialization

Phase 14.1 Fix Topology Constraints
Phase 14.1 Fix Topology Constraints | Checksum: 27581ca35

Time (s): cpu = 00:11:58 ; elapsed = 00:06:08 . Memory (MB): peak = 2830.293 ; gain = 181.836

Phase 14.2 Pre Route Cleanup
Phase 14.2 Pre Route Cleanup | Checksum: 2bb2e28df

Time (s): cpu = 00:11:59 ; elapsed = 00:06:08 . Memory (MB): peak = 2830.293 ; gain = 181.836
 Number of Nodes with overlaps = 0

Phase 14.3 Update Timing
Phase 14.3 Update Timing | Checksum: 1be3e0541

Time (s): cpu = 00:12:37 ; elapsed = 00:06:22 . Memory (MB): peak = 2830.293 ; gain = 181.836
INFO: [Route 35-416] Intermediate Timing Summary | WNS=-0.268 | TNS=-6.738 | WHS=-0.355 | THS=-727.060|


Phase 14.4 Update Timing for Bus Skew

Phase 14.4.1 Update Timing
Phase 14.4.1 Update Timing | Checksum: 203548291

Time (s): cpu = 00:12:57 ; elapsed = 00:06:32 . Memory (MB): peak = 2917.254 ; gain = 268.797
INFO: [Route 35-416] Intermediate Timing Summary | WNS=-0.268 | TNS=-1.271 | WHS=0.025  | THS=0.000  |

Phase 14.4 Update Timing for Bus Skew | Checksum: 19062bae5

Time (s): cpu = 00:12:57 ; elapsed = 00:06:32 . Memory (MB): peak = 2917.254 ; gain = 268.797

Phase 14.5 Soft Constraint Pins - Fast Budgeting
Phase 14.5 Soft Constraint Pins - Fast Budgeting | Checksum: 19062bae5

Time (s): cpu = 00:12:58 ; elapsed = 00:06:33 . Memory (MB): peak = 2917.254 ; gain = 268.797

Router Utilization Summary
  Global Vertical Routing Utilization    = 20.5064 %
  Global Horizontal Routing Utilization  = 24.7426 %
  Routable Net Status*
  *Does not include unroutable nets such as driverless and loadless.
  Run report_route_status for detailed report.
  Number of Failed Nets               = 207
    (Failed Nets is the sum of unrouted and partially routed nets)
  Number of Unrouted Nets             = 82
  Number of Partially Routed Nets     = 125
  Number of Node Overlaps             = 0

Phase 14 Router Initialization | Checksum: 19062bae5

Time (s): cpu = 00:12:59 ; elapsed = 00:06:33 . Memory (MB): peak = 2917.254 ; gain = 268.797

Phase 15 Global Routing
Phase 15 Global Routing | Checksum: 19062bae5

Time (s): cpu = 00:12:59 ; elapsed = 00:06:33 . Memory (MB): peak = 2917.254 ; gain = 268.797

Phase 16 Initial Routing

Phase 16.1 Initial Net Routing Pass
Phase 16.1 Initial Net Routing Pass | Checksum: 2396adda4

Time (s): cpu = 00:13:00 ; elapsed = 00:06:33 . Memory (MB): peak = 2917.254 ; gain = 268.797
Phase 16 Initial Routing | Checksum: 2396adda4

Time (s): cpu = 00:13:00 ; elapsed = 00:06:34 . Memory (MB): peak = 2917.254 ; gain = 268.797

Phase 17 Rip-up And Reroute

Phase 17.1 Global Iteration 0
 Number of Nodes with overlaps = 2236
 Number of Nodes with overlaps = 1861
 Number of Nodes with overlaps = 1269
 Number of Nodes with overlaps = 705
 Number of Nodes with overlaps = 456
 Number of Nodes with overlaps = 299
 Number of Nodes with overlaps = 106
 Number of Nodes with overlaps = 132
 Number of Nodes with overlaps = 19
 Number of Nodes with overlaps = 19
 Number of Nodes with overlaps = 37
 Number of Nodes with overlaps = 8
 Number of Nodes with overlaps = 3
 Number of Nodes with overlaps = 11
 Number of Nodes with overlaps = 4
 Number of Nodes with overlaps = 5
 Number of Nodes with overlaps = 2
 Number of Nodes with overlaps = 0
INFO: [Route 35-416] Intermediate Timing Summary | WNS=-0.478 | TNS=-28.285| WHS=N/A    | THS=N/A    |

Phase 17.1 Global Iteration 0 | Checksum: 1bff380c2

Time (s): cpu = 00:14:41 ; elapsed = 00:07:28 . Memory (MB): peak = 2927.582 ; gain = 279.125

Phase 17.2 Global Iteration 1
 Number of Nodes with overlaps = 2997
 Number of Nodes with overlaps = 1490
 Number of Nodes with overlaps = 515
 Number of Nodes with overlaps = 313
 Number of Nodes with overlaps = 267
 Number of Nodes with overlaps = 270
 Number of Nodes with overlaps = 92
 Number of Nodes with overlaps = 40
 Number of Nodes with overlaps = 41
 Number of Nodes with overlaps = 66
 Number of Nodes with overlaps = 42
 Number of Nodes with overlaps = 25
 Number of Nodes with overlaps = 11
 Number of Nodes with overlaps = 15
 Number of Nodes with overlaps = 3
 Number of Nodes with overlaps = 18
 Number of Nodes with overlaps = 6
 Number of Nodes with overlaps = 1
 Number of Nodes with overlaps = 1
 Number of Nodes with overlaps = 1
 Number of Nodes with overlaps = 1
 Number of Nodes with overlaps = 2
 Number of Nodes with overlaps = 0
INFO: [Route 35-416] Intermediate Timing Summary | WNS=-0.506 | TNS=-10.759| WHS=N/A    | THS=N/A    |

Phase 17.2 Global Iteration 1 | Checksum: 1bd024341

Time (s): cpu = 00:17:04 ; elapsed = 00:08:56 . Memory (MB): peak = 2927.582 ; gain = 279.125
Phase 17 Rip-up And Reroute | Checksum: 1bd024341

Time (s): cpu = 00:17:04 ; elapsed = 00:08:56 . Memory (MB): peak = 2927.582 ; gain = 279.125

Phase 18 Delay and Skew Optimization

Phase 18.1 Delay CleanUp

Phase 18.1.1 Update Timing
Phase 18.1.1 Update Timing | Checksum: 22ea19b01

Time (s): cpu = 00:17:10 ; elapsed = 00:08:58 . Memory (MB): peak = 2927.582 ; gain = 279.125
INFO: [Route 35-416] Intermediate Timing Summary | WNS=-0.363 | TNS=-10.338| WHS=N/A    | THS=N/A    |

 Number of Nodes with overlaps = 0
Phase 18.1 Delay CleanUp | Checksum: 1f946296d

Time (s): cpu = 00:17:12 ; elapsed = 00:08:59 . Memory (MB): peak = 2927.582 ; gain = 279.125

Phase 18.2 Clock Skew Optimization
Phase 18.2 Clock Skew Optimization | Checksum: 1f946296d

Time (s): cpu = 00:17:12 ; elapsed = 00:08:59 . Memory (MB): peak = 2927.582 ; gain = 279.125
Phase 18 Delay and Skew Optimization | Checksum: 1f946296d

Time (s): cpu = 00:17:12 ; elapsed = 00:08:59 . Memory (MB): peak = 2927.582 ; gain = 279.125

Phase 19 Post Hold Fix

Phase 19.1 Hold Fix Iter
INFO: [Route 35-416] Intermediate Timing Summary | WNS=-0.351 | TNS=-7.522 | WHS=0.039  | THS=0.000  |

Phase 19.1 Hold Fix Iter | Checksum: 1ccca2719

Time (s): cpu = 00:17:17 ; elapsed = 00:09:00 . Memory (MB): peak = 2927.582 ; gain = 279.125
Phase 19 Post Hold Fix | Checksum: 1ccca2719

Time (s): cpu = 00:17:17 ; elapsed = 00:09:00 . Memory (MB): peak = 2927.582 ; gain = 279.125

Phase 20 Timing Verification

Phase 20.1 Update Timing
Phase 20.1 Update Timing | Checksum: 206bd2842

Time (s): cpu = 00:17:27 ; elapsed = 00:09:03 . Memory (MB): peak = 2927.582 ; gain = 279.125
INFO: [Route 35-416] Intermediate Timing Summary | WNS=-0.351 | TNS=-7.522 | WHS=0.039  | THS=0.000  |

Phase 20 Timing Verification | Checksum: 206bd2842

Time (s): cpu = 00:17:27 ; elapsed = 00:09:03 . Memory (MB): peak = 2927.582 ; gain = 279.125

Phase 21 Route finalize

Router Utilization Summary
  Global Vertical Routing Utilization    = 20.5729 %
  Global Horizontal Routing Utilization  = 24.801 %
  Routable Net Status*
  *Does not include unroutable nets such as driverless and loadless.
  Run report_route_status for detailed report.
  Number of Failed Nets               = 0
    (Failed Nets is the sum of unrouted and partially routed nets)
  Number of Unrouted Nets             = 0
  Number of Partially Routed Nets     = 0
  Number of Node Overlaps             = 0


--GLOBAL Congestion:
Utilization threshold used for congestion level computation: 0.85
Congestion Report
North Dir 2x2 Area, Max Cong = 86.9369%, Congestion bounded by tiles (Lower Left Tile -> Upper Right Tile):
   INT_L_X40Y84 -> INT_R_X41Y85
South Dir 1x1 Area, Max Cong = 83.7838%, No Congested Regions.
East Dir 2x2 Area, Max Cong = 85.2941%, Congestion bounded by tiles (Lower Left Tile -> Upper Right Tile):
   INT_L_X38Y88 -> INT_R_X39Y89
   INT_L_X34Y74 -> INT_R_X35Y75
West Dir 4x4 Area, Max Cong = 88.6949%, Congestion bounded by tiles (Lower Left Tile -> Upper Right Tile):
   INT_L_X16Y18 -> INT_R_X19Y21
   INT_L_X16Y14 -> INT_R_X19Y17

------------------------------
Reporting congestion hotspots
------------------------------
Direction: North
----------------
Congested clusters found at Level 1
Effective congestion level: 1 Aspect Ratio: 1 Sparse Ratio: 1
Direction: South
----------------
Congested clusters found at Level 0
Effective congestion level: 0 Aspect Ratio: 1 Sparse Ratio: 0
Direction: East
----------------
Congested clusters found at Level 0
Effective congestion level: 2 Aspect Ratio: 0.714286 Sparse Ratio: 0.9375
Direction: West
----------------
Congested clusters found at Level 1
Effective congestion level: 3 Aspect Ratio: 0.571429 Sparse Ratio: 1.25

Phase 21 Route finalize | Checksum: 206bd2842

Time (s): cpu = 00:17:28 ; elapsed = 00:09:04 . Memory (MB): peak = 2927.582 ; gain = 279.125

Phase 22 Verifying routed nets

 Verification completed successfully
Phase 22 Verifying routed nets | Checksum: 206bd2842

Time (s): cpu = 00:17:28 ; elapsed = 00:09:04 . Memory (MB): peak = 2927.582 ; gain = 279.125

Phase 23 Depositing Routes
Phase 23 Depositing Routes | Checksum: 24f1fd0e5

Time (s): cpu = 00:17:34 ; elapsed = 00:09:08 . Memory (MB): peak = 2927.582 ; gain = 279.125

Phase 24 Post Process Routing
Phase 24 Post Process Routing | Checksum: 24f1fd0e5

Time (s): cpu = 00:17:34 ; elapsed = 00:09:08 . Memory (MB): peak = 2927.582 ; gain = 279.125

Phase 25 Post Router Timing
INFO: [Route 35-20] Post Routing Timing Summary | WNS=-0.346 | TNS=-7.212 | WHS=0.039  | THS=0.000  |

Phase 25 Post Router Timing | Checksum: 1da0bf7f4

Time (s): cpu = 00:18:05 ; elapsed = 00:09:17 . Memory (MB): peak = 2927.582 ; gain = 279.125
WARNING: [Route 35-39] The design did not meet timing requirements. Please run report_timing_summary for detailed reports.
Resolution: Verify that the timing was met or had small violations at all previous steps (synthesis, placement, power_opt, and phys_opt). Run report_timing_summary and analyze individual timing paths.
INFO: [Route 35-253] TNS is the sum of the worst slack violation on every endpoint in the design. Review the paths with the biggest WNS violations in the timing reports and modify your constraints or your design to improve both WNS and TNS.
Total Elapsed time in route_design: 557.27 secs

Phase 26 Post-Route Event Processing
Phase 26 Post-Route Event Processing | Checksum: 8204b938

Time (s): cpu = 00:18:05 ; elapsed = 00:09:17 . Memory (MB): peak = 2927.582 ; gain = 279.125
INFO: [Route 35-16] Router Completed Successfully
Ending Routing Task | Checksum: 8204b938

Time (s): cpu = 00:18:05 ; elapsed = 00:09:18 . Memory (MB): peak = 2927.582 ; gain = 279.125

Routing Is Done.
INFO: [Common 17-83] Releasing license: Vivado_Implementation
1760 Infos, 1 Warnings, 0 Critical Warnings and 0 Errors encountered.
route_design completed successfully
route_design: Time (s): cpu = 00:18:06 ; elapsed = 00:09:19 . Memory (MB): peak = 2927.582 ; gain = 279.125
INFO: [Vivado 12-24828] Executing command : report_drc -file system_wrapper_drc_routed.rpt -pb system_wrapper_drc_routed.pb -rpx system_wrapper_drc_routed.rpx
Command: report_drc -file system_wrapper_drc_routed.rpt -pb system_wrapper_drc_routed.pb -rpx system_wrapper_drc_routed.rpx
INFO: [IP_Flow 19-1839] IP Catalog is up to date.
INFO: [DRC 23-27] Running DRC with 4 threads
INFO: [Vivado_Tcl 2-168] The results of DRC are in file D:/fft/fft_phase10_resource_opt/build/board/iq_board.runs/impl_1/system_wrapper_drc_routed.rpt.
report_drc completed successfully
report_drc: Time (s): cpu = 00:00:17 ; elapsed = 00:00:06 . Memory (MB): peak = 2927.582 ; gain = 0.000
INFO: [Vivado 12-24828] Executing command : report_methodology -file system_wrapper_methodology_drc_routed.rpt -pb system_wrapper_methodology_drc_routed.pb -rpx system_wrapper_methodology_drc_routed.rpx
Command: report_methodology -file system_wrapper_methodology_drc_routed.rpt -pb system_wrapper_methodology_drc_routed.pb -rpx system_wrapper_methodology_drc_routed.rpx
INFO: [Timing 38-35] Done setting XDC timing constraints.
INFO: [DRC 23-133] Running Methodology with 4 threads
INFO: [Vivado_Tcl 2-1520] The results of Report Methodology are in file D:/fft/fft_phase10_resource_opt/build/board/iq_board.runs/impl_1/system_wrapper_methodology_drc_routed.rpt.
report_methodology completed successfully
report_methodology: Time (s): cpu = 00:00:47 ; elapsed = 00:00:15 . Memory (MB): peak = 2927.582 ; gain = 0.000
INFO: [Vivado 12-24828] Executing command : report_timing_summary -max_paths 10 -routable_nets -report_unconstrained -file system_wrapper_timing_summary_routed.rpt -pb system_wrapper_timing_summary_routed.pb -rpx system_wrapper_timing_summary_routed.rpx
INFO: [Timing 38-35] Done setting XDC timing constraints.
INFO: [Timing 38-91] UpdateTimingParams: Speed grade: -1, Delay Type: min_max.
INFO: [Timing 38-191] Multithreading enabled for timing update using a maximum of 4 CPUs
WARNING: [Timing 38-436] There are set_bus_skew constraint(s) in this design. Please run report_bus_skew to ensure that bus skew requirements are met.
report_timing_summary: Time (s): cpu = 00:00:14 ; elapsed = 00:00:09 . Memory (MB): peak = 2927.582 ; gain = 0.000
INFO: [Vivado 12-24838] Running report commands "report_incremental_reuse, report_route_status" in parallel.
Running report generation with 2 threads.
INFO: [Vivado 12-24828] Executing command : report_incremental_reuse -file system_wrapper_incremental_reuse_routed.rpt
INFO: [Vivado_Tcl 4-1062] Incremental flow is disabled. No incremental reuse Info to report.
INFO: [Vivado 12-24828] Executing command : report_route_status -file system_wrapper_route_status.rpt -pb system_wrapper_route_status.pb
INFO: [Vivado 12-24828] Executing command : report_power -file system_wrapper_power_routed.rpt -pb system_wrapper_power_summary_routed.pb -rpx system_wrapper_power_routed.rpx
Command: report_power -file system_wrapper_power_routed.rpt -pb system_wrapper_power_summary_routed.pb -rpx system_wrapper_power_routed.rpx
Running Vector-less Activity Propagation...

Finished Running Vector-less Activity Propagation
WARNING: [Power 33-332] Found switching activity that implies high-fanout reset nets being asserted for excessive periods of time which may result in inaccurate power analysis.
Resolution: To review and fix problems, please run Power Constraints Advisor in the GUI from Tools > Power Constraints Advisor or run report_power with the -advisory option to generate a text report.
1777 Infos, 3 Warnings, 0 Critical Warnings and 0 Errors encountered.
report_power completed successfully
report_power: Time (s): cpu = 00:00:20 ; elapsed = 00:00:12 . Memory (MB): peak = 2927.582 ; gain = 0.000
INFO: [Vivado 12-24828] Executing command : report_clock_utilization -file system_wrapper_clock_utilization_routed.rpt
INFO: [Vivado 12-24828] Executing command : report_bus_skew -warn_on_violation -file system_wrapper_bus_skew_routed.rpt -pb system_wrapper_bus_skew_routed.pb -rpx system_wrapper_bus_skew_routed.rpx
INFO: [Timing 38-91] UpdateTimingParams: Speed grade: -1, Delay Type: min_max.
INFO: [Timing 38-191] Multithreading enabled for timing update using a maximum of 4 CPUs
generate_parallel_reports: Time (s): cpu = 00:01:42 ; elapsed = 00:00:46 . Memory (MB): peak = 2927.582 ; gain = 0.000
INFO: [Timing 38-480] Writing timing data to binary archive.
Wrote PlaceDB: Time (s): cpu = 00:00:00 ; elapsed = 00:00:00 . Memory (MB): peak = 2927.582 ; gain = 0.000
Wrote PulsedLatchDB: Time (s): cpu = 00:00:00 ; elapsed = 00:00:00 . Memory (MB): peak = 2927.582 ; gain = 0.000
Writing XDEF routing.
Writing XDEF routing logical nets.
Write ShapeDB Complete: Time (s): cpu = 00:00:01 ; elapsed = 00:00:00.217 . Memory (MB): peak = 2927.582 ; gain = 0.000
Writing XDEF routing special nets.
Wrote RouteStorage: Time (s): cpu = 00:00:03 ; elapsed = 00:00:00.686 . Memory (MB): peak = 2927.582 ; gain = 0.000
Wrote PlaceStorage: Time (s): cpu = 00:00:06 ; elapsed = 00:00:02 . Memory (MB): peak = 2927.582 ; gain = 0.000
Wrote Netlist Cache: Time (s): cpu = 00:00:00 ; elapsed = 00:00:00.100 . Memory (MB): peak = 2927.582 ; gain = 0.000
Wrote Device Cache: Time (s): cpu = 00:00:00 ; elapsed = 00:00:00.015 . Memory (MB): peak = 2927.582 ; gain = 0.000
Write Physdb Complete: Time (s): cpu = 00:00:09 ; elapsed = 00:00:03 . Memory (MB): peak = 2927.582 ; gain = 0.000
INFO: [Common 17-1381] The checkpoint 'D:/fft/fft_phase10_resource_opt/build/board/iq_board.runs/impl_1/system_wrapper_routed.dcp' has been generated.
write_checkpoint: Time (s): cpu = 00:00:12 ; elapsed = 00:00:06 . Memory (MB): peak = 2927.582 ; gain = 0.000
Command: phys_opt_design -directive AggressiveExplore
Attempting to get a license for feature 'Vivado_Implementation' and/or device 'xc7z020'
INFO: [Common 17-349] Got license for feature 'Vivado_Implementation' and/or device 'xc7z020'
INFO: [Vivado_Tcl 4-241] Physical synthesis in post route mode 
INFO: [Vivado_Tcl 4-137] Directive used for phys_opt_design is: AggressiveExplore
INFO: [Vivado_Tcl 4-1435] PhysOpt_Tcl_Interface Runtime Before Starting Physical Synthesis Task | CPU: 2.00s |  WALL: 2.22s
INFO: [DRC 23-27] Running DRC with 4 threads
INFO: [Vivado_Tcl 4-198] DRC finished with 0 Errors
INFO: [Vivado_Tcl 4-199] Please refer to the DRC report (report_drc) for more information.
Netlist sorting complete. Time (s): cpu = 00:00:00 ; elapsed = 00:00:00.089 . Memory (MB): peak = 2927.582 ; gain = 0.000

Starting Physical Synthesis Task

Phase 1 Physical Synthesis Initialization
INFO: [Physopt 32-721] Multithreading enabled for phys_opt_design using a maximum of 4 CPUs
INFO: [Physopt 32-668] Current Timing Summary | WNS=-0.346 | TNS=-7.212 | WHS=0.039 | THS=0.000 |
Phase 1 Physical Synthesis Initialization | Checksum: 1ec1b5791

Time (s): cpu = 00:00:35 ; elapsed = 00:00:11 . Memory (MB): peak = 2927.582 ; gain = 0.000

Phase 2 Critical Path Optimization
INFO: [Physopt 32-668] Current Timing Summary | WNS=-0.346 | TNS=-7.212 | WHS=0.039 | THS=0.000 |
INFO: [Physopt 32-953] Path group WNS did not improve. Path group: clk_fpga_1. Processed net: system_i/iq_0/inst/core/transform/rom_value_reg[6]_60[7].
INFO: [Physopt 32-953] Path group WNS did not improve. Path group: clk_fpga_1. Processed net: system_i/ps7/inst/FCLK_CLK_unbuffered[1].
INFO: [Physopt 32-710] Processed net system_i/iq_0/inst/core/transform/p_0_out_inferred__6/rom_value[6][7]_i_1_n_0. Critical path length was reduced through logic transformation on cell system_i/iq_0/inst/core/transform/p_0_out_inferred__6/rom_value[6][7]_i_1_comp.
INFO: [Physopt 32-952] Improved path group WNS = -0.253. Path group: clk_fpga_1. Processed net: system_i/iq_0/inst/core/transform/p_0_out_inferred__6/rom_value[6][7]_i_2_n_0.
INFO: [Physopt 32-953] Path group WNS did not improve. Path group: clk_fpga_1. Processed net: system_i/iq_0/inst/core/transform/rom_value_reg[4]_58[2].
INFO: [Physopt 32-953] Path group WNS did not improve. Path group: clk_fpga_1. Processed net: system_i/iq_0/inst/core/transform/p_0_out_inferred__4/rom_value_reg[4][2]_i_5_n_0.
INFO: [Physopt 32-608] Optimized 1 net.  Swapped 14 pins.
INFO: [Physopt 32-952] Improved path group WNS = -0.244. Path group: clk_fpga_1. Processed net: system_i/iq_0/inst/core/transform/p_0_out_inferred__4/rom_value[4][2]_i_13_n_0.
INFO: [Physopt 32-953] Path group WNS did not improve. Path group: clk_fpga_1. Processed net: system_i/iq_0/inst/core/transform/rom_value_reg[6]_60[10].
INFO: [Physopt 32-608] Optimized 1 net.  Swapped 19 pins.
INFO: [Physopt 32-952] Improved path group WNS = -0.233. Path group: clk_fpga_1. Processed net: system_i/iq_0/inst/core/transform/p_0_out_inferred__6/rom_value[6][10]_i_4_n_0.
INFO: [Physopt 32-953] Path group WNS did not improve. Path group: clk_fpga_1. Processed net: system_i/iq_0/inst/core/transform/rom_value_reg[1]_55[8].
INFO: [Physopt 32-953] Path group WNS did not improve. Path group: clk_fpga_1. Processed net: system_i/iq_0/inst/core/transform/p_0_out_inferred__1/rom_value[1][8]_i_5_n_0.
INFO: [Physopt 32-608] Optimized 1 net.  Swapped 22 pins.
INFO: [Physopt 32-952] Improved path group WNS = -0.230. Path group: clk_fpga_1. Processed net: system_i/iq_0/inst/core/transform/p_0_out_inferred__1/rom_value[1][8]_i_10_n_0.
INFO: [Physopt 32-953] Path group WNS did not improve. Path group: clk_fpga_1. Processed net: system_i/iq_0/inst/core/transform/rom_value_reg[5]_59[8].
INFO: [Physopt 32-953] Path group WNS did not improve. Path group: clk_fpga_1. Processed net: system_i/iq_0/inst/core/transform/p_0_out_inferred__5/rom_value_reg[5][8]_i_4_n_0.
INFO: [Physopt 32-608] Optimized 1 net.  Swapped 24 pins.
INFO: [Physopt 32-952] Improved path group WNS = -0.229. Path group: clk_fpga_1. Processed net: system_i/iq_0/inst/core/transform/p_0_out_inferred__5/rom_value[5][8]_i_11_n_0.
INFO: [Physopt 32-953] Path group WNS did not improve. Path group: clk_fpga_1. Processed net: system_i/iq_0/inst/core/transform/p_0_out_inferred__6/rom_value[6][10]_i_2_n_0.
INFO: [Physopt 32-710] Processed net system_i/iq_0/inst/core/transform/p_0_out_inferred__6/rom_value[6][10]_i_2_n_0. Critical path length was reduced through logic transformation on cell system_i/iq_0/inst/core/transform/p_0_out_inferred__6/rom_value[6][10]_i_2_comp.
INFO: [Physopt 32-952] Improved path group WNS = -0.200. Path group: clk_fpga_1. Processed net: system_i/iq_0/inst/core/transform/p_0_out_inferred__6/rom_value[6][10]_i_5_n_0.
INFO: [Physopt 32-953] Path group WNS did not improve. Path group: clk_fpga_1. Processed net: system_i/iq_0/inst/core/transform/rom_value_reg[0]_54[6].
INFO: [Physopt 32-953] Path group WNS did not improve. Path group: clk_fpga_1. Processed net: system_i/iq_0/inst/core/transform/rom_value_reg[0][6]_i_2_n_0.
INFO: [Physopt 32-953] Path group WNS did not improve. Path group: clk_fpga_1. Processed net: system_i/iq_0/inst/core/transform/rom_value_reg[0][6]_i_4_n_0.
INFO: [Physopt 32-953] Path group WNS did not improve. Path group: clk_fpga_1. Processed net: system_i/iq_0/inst/core/g5_b6_n_0.
INFO: [Physopt 32-608] Optimized 1 net.  Swapped 24 pins.
INFO: [Physopt 32-952] Improved path group WNS = -0.191. Path group: clk_fpga_1. Processed net: system_i/iq_0/inst/core/transform/index_reg[13]_20.
INFO: [Physopt 32-953] Path group WNS did not improve. Path group: clk_fpga_1. Processed net: system_i/iq_0/inst/core/transform/rom_value_reg[4]_58[9].
INFO: [Physopt 32-953] Path group WNS did not improve. Path group: clk_fpga_1. Processed net: system_i/iq_0/inst/core/transform/p_0_out_inferred__4/rom_value_reg[4][9]_i_2_n_0.
INFO: [Physopt 32-608] Optimized 1 net.  Swapped 24 pins.
INFO: [Physopt 32-952] Improved path group WNS = -0.187. Path group: clk_fpga_1. Processed net: system_i/iq_0/inst/core/transform/p_0_out_inferred__4/rom_value[4][9]_i_6_n_0.
INFO: [Physopt 32-953] Path group WNS did not improve. Path group: clk_fpga_1. Processed net: system_i/iq_0/inst/core/transform/rom_value_reg[6]_60[8].
INFO: [Physopt 32-953] Path group WNS did not improve. Path group: clk_fpga_1. Processed net: system_i/iq_0/inst/core/transform/p_0_out_inferred__6/rom_value_reg[6][8]_i_2_n_0.
INFO: [Physopt 32-608] Optimized 1 net.  Swapped 24 pins.
INFO: [Physopt 32-952] Improved path group WNS = -0.183. Path group: clk_fpga_1. Processed net: system_i/iq_0/inst/core/transform/p_0_out_inferred__6/rom_value[6][8]_i_7_n_0.
INFO: [Physopt 32-953] Path group WNS did not improve. Path group: clk_fpga_1. Processed net: system_i/iq_0/inst/core/transform/rom_value_reg[2]_56[1].
INFO: [Physopt 32-953] Path group WNS did not improve. Path group: clk_fpga_1. Processed net: system_i/iq_0/inst/core/transform/p_0_out_inferred__2/rom_value_reg[2][1]_i_2_n_0.
INFO: [Physopt 32-608] Optimized 1 net.  Swapped 24 pins.
INFO: [Physopt 32-952] Improved path group WNS = -0.178. Path group: clk_fpga_1. Processed net: system_i/iq_0/inst/core/transform/p_0_out_inferred__2/rom_value[2][1]_i_7_n_0.
INFO: [Physopt 32-953] Path group WNS did not improve. Path group: clk_fpga_1. Processed net: system_i/iq_0/inst/core/transform/rom_value_reg[0]_54[8].
INFO: [Physopt 32-710] Processed net system_i/iq_0/inst/core/transform/p_0_out[8]. Critical path length was reduced through logic transformation on cell system_i/iq_0/inst/core/transform/rom_value[0][8]_i_2_comp.
INFO: [Physopt 32-952] Improved path group WNS = -0.172. Path group: clk_fpga_1. Processed net: system_i/iq_0/inst/core/g6_b8_n_0.
INFO: [Physopt 32-953] Path group WNS did not improve. Path group: clk_fpga_1. Processed net: system_i/iq_0/inst/core/transform/rom_value_reg[4]_58[4].
INFO: [Physopt 32-953] Path group WNS did not improve. Path group: clk_fpga_1. Processed net: system_i/iq_0/inst/core/transform/p_0_out_inferred__4/rom_value_reg[4][4]_i_5_n_0.
INFO: [Physopt 32-953] Path group WNS did not improve. Path group: clk_fpga_1. Processed net: system_i/iq_0/inst/core/transform/p_0_out_inferred__4/rom_value[4][4]_i_13_n_0.
INFO: [Physopt 32-953] Path group WNS did not improve. Path group: clk_fpga_1. Processed net: system_i/iq_0/inst/core/transform/rom_value[0][8]_i_4_n_0.
INFO: [Physopt 32-953] Path group WNS did not improve. Path group: clk_fpga_1. Processed net: system_i/iq_0/inst/core/transform/quarter_index0[7].
INFO: [Physopt 32-953] Path group WNS did not improve. Path group: clk_fpga_1. Processed net: system_i/iq_0/inst/core/transform/g0_b0_i_19_n_0.
INFO: [Physopt 32-953] Path group WNS did not improve. Path group: clk_fpga_1. Processed net: system_i/iq_0/inst/core/transform/folded1.
INFO: [Physopt 32-953] Path group WNS did not improve. Path group: clk_fpga_1. Processed net: system_i/iq_0/inst/core/transform/rom_bank[2]_i_13_n_0.
INFO: [Physopt 32-608] Optimized 1 net.  Swapped 18 pins.
INFO: [Physopt 32-952] Improved path group WNS = -0.170. Path group: clk_fpga_1. Processed net: system_i/iq_0/inst/core/transform/p_0_out_inferred__4/rom_value[4][4]_i_1_n_0.
INFO: [Physopt 32-953] Path group WNS did not improve. Path group: clk_fpga_1. Processed net: system_i/iq_0/inst/core/transform/rom_value_reg[3]_57[1].
INFO: [Physopt 32-953] Path group WNS did not improve. Path group: clk_fpga_1. Processed net: system_i/iq_0/inst/core/transform/p_0_out_inferred__3/rom_value_reg[3][1]_i_4_n_0.
INFO: [Physopt 32-608] Optimized 1 net.  Swapped 24 pins.
INFO: [Physopt 32-952] Improved path group WNS = -0.161. Path group: clk_fpga_1. Processed net: system_i/iq_0/inst/core/transform/p_0_out_inferred__3/rom_value[3][1]_i_11_n_0.
INFO: [Physopt 32-953] Path group WNS did not improve. Path group: clk_fpga_0. Processed net: system_i/iq_0/inst/bank_length0_reg_n_0_[4].
INFO: [Physopt 32-953] Path group WNS did not improve. Path group: clk_fpga_0. Processed net: system_i/ps7/inst/FCLK_CLK_unbuffered[0].
INFO: [Physopt 32-710] Processed net system_i/iq_0/inst/bank_length03_out[7]. Critical path length was reduced through logic transformation on cell system_i/iq_0/inst/bank_length0[7]_i_1_comp.
INFO: [Physopt 32-952] Improved path group WNS = -0.151. Path group: clk_fpga_0. Processed net: system_i/iq_0/inst/bank_length0[31]_i_3_n_0.
INFO: [Physopt 32-953] Path group WNS did not improve. Path group: clk_fpga_1. Processed net: system_i/iq_0/inst/core/transform/rom_value_reg[1]_55[5].
INFO: [Physopt 32-953] Path group WNS did not improve. Path group: clk_fpga_1. Processed net: system_i/iq_0/inst/core/transform/p_0_out_inferred__1/rom_value_reg[1][5]_i_2_n_0.
INFO: [Physopt 32-953] Path group WNS did not improve. Path group: clk_fpga_1. Processed net: system_i/iq_0/inst/core/transform/p_0_out_inferred__1/rom_value[1][5]_i_7_n_0.
INFO: [Physopt 32-953] Path group WNS did not improve. Path group: clk_fpga_1. Processed net: system_i/iq_0/inst/core/transform/index_reg[13]_6.
INFO: [Physopt 32-952] Improved path group WNS = -0.161. Path group: clk_fpga_1. Processed net: system_i/iq_0/inst/core/transform/g0_b0_i_8_n_0.
INFO: [Physopt 32-953] Path group WNS did not improve. Path group: clk_fpga_1. Processed net: system_i/iq_0/inst/core/transform/g0_b0_i_8_n_0.
INFO: [Physopt 32-953] Path group WNS did not improve. Path group: clk_fpga_1. Processed net: system_i/iq_0/inst/core/transform/g0_b0_i_21_n_0.
INFO: [Physopt 32-953] Path group WNS did not improve. Path group: clk_fpga_1. Processed net: system_i/iq_0/inst/core/transform/folded0[2].
INFO: [Physopt 32-953] Path group WNS did not improve. Path group: clk_fpga_1. Processed net: system_i/iq_0/inst/core/transform/p_0_out_inferred__1/g0_b0_i_15_n_0.
INFO: [Physopt 32-953] Path group WNS did not improve. Path group: clk_fpga_1. Processed net: system_i/iq_0/inst/core/transform/p_0_out_inferred__1/rom_value[1][5]_i_1_n_0.
INFO: [Physopt 32-703] Processed net system_i/iq_0/inst/core/transform/index_reg[0]_rep_n_0. Clock skew was adjusted for instance system_i/iq_0/inst/core/transform/index_reg[0]_rep.
INFO: [Physopt 32-952] Improved path group WNS = -0.093. Path group: clk_fpga_1. Processed net: system_i/iq_0/inst/core/transform/index_reg[0]_rep_n_0.
INFO: [Physopt 32-953] Path group WNS did not improve. Path group: clk_fpga_0. Processed net: system_i/iq_0/inst/data1[12].
INFO: [Physopt 32-953] Path group WNS did not improve. Path group: clk_fpga_0. Processed net: system_i/iq_0/inst/core/rb/host_errors[19]_i_6_n_0.
INFO: [Physopt 32-710] Processed net system_i/iq_0/inst/core/rb/host_errors[19]_i_6_n_0. Critical path length was reduced through logic transformation on cell system_i/iq_0/inst/core/rb/host_errors[19]_i_6_comp.
INFO: [Physopt 32-952] Improved path group WNS = -0.151. Path group: clk_fpga_0. Processed net: system_i/iq_0/inst/core/rb/host_errors[19]_i_16_n_0.
INFO: [Physopt 32-953] Path group WNS did not improve. Path group: clk_fpga_0. Processed net: system_i/iq_0/inst/bank_length0_reg_n_0_[24].
INFO: [Physopt 32-953] Path group WNS did not improve. Path group: clk_fpga_0. Processed net: system_i/iq_0/inst/bank_length0[31]_i_3_n_0.
INFO: [Physopt 32-710] Processed net system_i/iq_0/inst/bank_length0[31]_i_3_n_0. Critical path length was reduced through logic transformation on cell system_i/iq_0/inst/bank_length0[31]_i_3_comp_2.
INFO: [Physopt 32-952] Improved path group WNS = -0.130. Path group: clk_fpga_0. Processed net: system_i/iq_0/inst/loader_transfers[0]_i_3_n_0.
INFO: [Physopt 32-953] Path group WNS did not improve. Path group: clk_fpga_0. Processed net: system_i/iq_0/inst/loader_transfers[0]_i_3_n_0.
INFO: [Physopt 32-953] Path group WNS did not improve. Path group: clk_fpga_0. Processed net: system_i/iq_0/inst/bank_ready2.
INFO: [Physopt 32-953] Path group WNS did not improve. Path group: clk_fpga_0. Processed net: system_i/iq_0/inst/loader_errors[7]_i_31_n_0.
INFO: [Physopt 32-953] Path group WNS did not improve. Path group: clk_fpga_0. Processed net: system_i/iq_0/inst/loader_errors[7]_i_43_n_0.
INFO: [Physopt 32-710] Processed net system_i/iq_0/inst/loader_errors[7]_i_43_n_0. Critical path length was reduced through logic transformation on cell system_i/iq_0/inst/loader_errors[7]_i_43_comp.
INFO: [Physopt 32-735] Processed net system_i/iq_0/inst/loader_crc_state[4]_i_2_n_0. Optimization improves timing on the net.
INFO: [Physopt 32-668] Current Timing Summary | WNS=-0.093 | TNS=-0.976 | WHS=0.034 | THS=0.000 |
INFO: [Physopt 32-953] Path group WNS did not improve. Path group: clk_fpga_1. Processed net: system_i/iq_0/inst/core/transform/rom_value_reg[4]_58[6].
INFO: [Physopt 32-953] Path group WNS did not improve. Path group: clk_fpga_1. Processed net: system_i/iq_0/inst/core/transform/p_0_out_inferred__4/rom_value_reg[4][6]_i_3_n_0.
INFO: [Physopt 32-953] Path group WNS did not improve. Path group: clk_fpga_1. Processed net: system_i/iq_0/inst/core/transform/p_0_out_inferred__4/rom_value[4][6]_i_8_n_0.
INFO: [Physopt 32-953] Path group WNS did not improve. Path group: clk_fpga_1. Processed net: system_i/iq_0/inst/core/transform/rom_value[0][8]_i_3_n_0.
INFO: [Physopt 32-953] Path group WNS did not improve. Path group: clk_fpga_1. Processed net: system_i/iq_0/inst/core/transform/complement0_i_7_n_0.
INFO: [Physopt 32-710] Processed net system_i/iq_0/inst/core/transform/complement0_i_7_n_0. Critical path length was reduced through logic transformation on cell system_i/iq_0/inst/core/transform/complement0_i_7_comp.
INFO: [Physopt 32-952] Improved path group WNS = -0.071. Path group: clk_fpga_1. Processed net: system_i/iq_0/inst/core/transform/folded[9].
INFO: [Physopt 32-953] Path group WNS did not improve. Path group: clk_fpga_1. Processed net: system_i/iq_0/inst/core/transform/rom_value_reg[4]_58[3].
INFO: [Physopt 32-953] Path group WNS did not improve. Path group: clk_fpga_1. Processed net: system_i/iq_0/inst/core/transform/p_0_out_inferred__4/rom_value_reg[4][3]_i_3_n_0.
INFO: [Physopt 32-608] Optimized 1 net.  Swapped 20 pins.
INFO: [Physopt 32-952] Improved path group WNS = -0.070. Path group: clk_fpga_1. Processed net: system_i/iq_0/inst/core/transform/p_0_out_inferred__4/rom_value[4][3]_i_8_n_0.
INFO: [Physopt 32-953] Path group WNS did not improve. Path group: clk_fpga_1. Processed net: system_i/iq_0/inst/core/transform/quarter_index0[8].
INFO: [Physopt 32-953] Path group WNS did not improve. Path group: clk_fpga_1. Processed net: system_i/iq_0/inst/core/transform/p_0_out_inferred__4/rom_value[4][6]_i_1_n_0.
INFO: [Physopt 32-703] Processed net system_i/iq_0/inst/core/transform/index_reg[3]. Clock skew was adjusted for instance system_i/iq_0/inst/core/transform/index_reg[3].
INFO: [Physopt 32-952] Improved path group WNS = -0.065. Path group: clk_fpga_1. Processed net: system_i/iq_0/inst/core/transform/index_reg[3].
INFO: [Physopt 32-710] Processed net system_i/iq_0/inst/core/transform/complement0_i_7_n_0. Critical path length was reduced through logic transformation on cell system_i/iq_0/inst/core/transform/complement0_i_7_comp_1.
INFO: [Physopt 32-952] Improved path group WNS = -0.065. Path group: clk_fpga_1. Processed net: system_i/iq_0/inst/core/transform/folded[10].
INFO: [Physopt 32-703] Processed net system_i/iq_0/inst/core/transform/index_reg[0]_rep_n_0. Clock skew was adjusted for instance system_i/iq_0/inst/core/transform/index_reg[0]_rep.
INFO: [Physopt 32-952] Improved path group WNS = -0.015. Path group: clk_fpga_1. Processed net: system_i/iq_0/inst/core/transform/index_reg[0]_rep_n_0.
INFO: [Physopt 32-703] Processed net system_i/iq_0/inst/core/transform/index_reg[10]. Clock skew was adjusted for instance system_i/iq_0/inst/core/transform/index_reg[10].
INFO: [Physopt 32-952] Improved path group WNS = -0.012. Path group: clk_fpga_1. Processed net: system_i/iq_0/inst/core/transform/index_reg[10].
INFO: [Physopt 32-953] Path group WNS did not improve. Path group: clk_fpga_1. Processed net: system_i/iq_0/inst/core/transform/rom_bank[2]_i_14_n_0.
INFO: [Physopt 32-703] Processed net system_i/iq_0/inst/core/transform/index_reg[11]. Clock skew was adjusted for instance system_i/iq_0/inst/core/transform/index_reg[11].
INFO: [Physopt 32-735] Processed net system_i/iq_0/inst/core/transform/index_reg[11]. Optimization improves timing on the net.
INFO: [Physopt 32-668] Current Timing Summary | WNS=0.008 | TNS=0.000 | WHS=0.039 | THS=0.000 |
INFO: [Physopt 32-668] Current Timing Summary | WNS=0.008 | TNS=0.000 | WHS=0.039 | THS=0.000 |
Netlist sorting complete. Time (s): cpu = 00:00:00 ; elapsed = 00:00:00.054 . Memory (MB): peak = 2947.539 ; gain = 0.000
Phase 2 Critical Path Optimization | Checksum: 1ec1b5791

Time (s): cpu = 00:07:44 ; elapsed = 00:05:08 . Memory (MB): peak = 2947.539 ; gain = 19.957

Phase 3 Hold Fix Optimization
INFO: [Physopt 32-668] Current Timing Summary | WNS=0.008 | TNS=0.000 | WHS=0.039 | THS=0.000 |
INFO: [Physopt 32-1493] The number of hold_fix net fail limit is 5.
INFO: [Physopt 32-66] No high hold slack nets found for hold slack optimization.
INFO: [Physopt 32-668] Current Timing Summary | WNS=0.008 | TNS=0.000 | WHS=0.039 | THS=0.000 |
Phase 3 Hold Fix Optimization | Checksum: 1ec1b5791

Time (s): cpu = 00:07:44 ; elapsed = 00:05:08 . Memory (MB): peak = 2947.539 ; gain = 19.957
Netlist sorting complete. Time (s): cpu = 00:00:01 ; elapsed = 00:00:00.068 . Memory (MB): peak = 2947.539 ; gain = 0.000
INFO: [Physopt 32-669] Post Physical Optimization Timing Summary | WNS=0.008 | TNS=0.000 | WHS=0.039 | THS=0.000 |

Summary of Physical Synthesis Optimizations
============================================


-------------------------------------------------------------------------------------------------------------------------------------------------------------
|  Optimization   |  WNS Gain (ns)  |  TNS Gain (ns)  |  Added Cells  |  Removed Cells  |  Optimized Cells/Nets  |  Dont Touch  |  Iterations  |  Elapsed   |
-------------------------------------------------------------------------------------------------------------------------------------------------------------
|  Critical Path  |          0.355  |          7.212  |            0  |              0  |                    26  |           0  |           1  |  00:04:56  |
-------------------------------------------------------------------------------------------------------------------------------------------------------------


Summary of Hold Fix Optimizations
=================================


--------------------------------------------------------------------------------------------------------------------------------------------------------------
|  Optimization               |  WHS Gain (ns)  |  THS Gain (ns)  |  Added LUTs  |  Added FFs  |  Optimized Nets  |  Dont Touch  |  Iterations  |  Elapsed   |
--------------------------------------------------------------------------------------------------------------------------------------------------------------
|  LUT1 and ZHOLD Insertion   |          0.000  |          0.000  |           0  |          0  |               0  |           0  |           0  |  00:00:00  |
|  Total                      |          0.000  |          0.000  |           0  |          0  |               0  |           0  |           0  |  00:00:00  |
--------------------------------------------------------------------------------------------------------------------------------------------------------------


Netlist sorting complete. Time (s): cpu = 00:00:00 ; elapsed = 00:00:00.069 . Memory (MB): peak = 2947.539 ; gain = 0.000
Ending Physical Synthesis Task | Checksum: 166919589

Time (s): cpu = 00:07:45 ; elapsed = 00:05:09 . Memory (MB): peak = 2947.539 ; gain = 19.957
INFO: [Common 17-83] Releasing license: Vivado_Implementation
1913 Infos, 3 Warnings, 0 Critical Warnings and 0 Errors encountered.
phys_opt_design completed successfully
phys_opt_design: Time (s): cpu = 00:07:49 ; elapsed = 00:05:12 . Memory (MB): peak = 2947.539 ; gain = 19.957
INFO: [Vivado 12-24828] Executing command : report_timing_summary -max_paths 10 -report_unconstrained -warn_on_violation -file system_wrapper_timing_summary_postroute_physopted.rpt -pb system_wrapper_timing_summary_postroute_physopted.pb -rpx system_wrapper_timing_summary_postroute_physopted.rpx
INFO: [Timing 38-91] UpdateTimingParams: Speed grade: -1, Delay Type: min_max.
INFO: [Timing 38-191] Multithreading enabled for timing update using a maximum of 4 CPUs
WARNING: [Timing 38-436] There are set_bus_skew constraint(s) in this design. Please run report_bus_skew to ensure that bus skew requirements are met.
report_timing_summary: Time (s): cpu = 00:00:33 ; elapsed = 00:00:13 . Memory (MB): peak = 2947.539 ; gain = 0.000
INFO: [Vivado 12-24828] Executing command : report_bus_skew -warn_on_violation -file system_wrapper_bus_skew_postroute_physopted.rpt -pb system_wrapper_bus_skew_postroute_physopted.pb -rpx system_wrapper_bus_skew_postroute_physopted.rpx
INFO: [Timing 38-91] UpdateTimingParams: Speed grade: -1, Delay Type: min_max.
INFO: [Timing 38-191] Multithreading enabled for timing update using a maximum of 4 CPUs
generate_parallel_reports: Time (s): cpu = 00:00:33 ; elapsed = 00:00:13 . Memory (MB): peak = 2947.539 ; gain = 0.000
INFO: [Timing 38-480] Writing timing data to binary archive.
Wrote PlaceDB: Time (s): cpu = 00:00:00 ; elapsed = 00:00:00 . Memory (MB): peak = 2947.539 ; gain = 0.000
Wrote PulsedLatchDB: Time (s): cpu = 00:00:00 ; elapsed = 00:00:00 . Memory (MB): peak = 2947.539 ; gain = 0.000
Writing XDEF routing.
Writing XDEF routing logical nets.
Write ShapeDB Complete: Time (s): cpu = 00:00:01 ; elapsed = 00:00:00.195 . Memory (MB): peak = 2947.539 ; gain = 0.000
Writing XDEF routing special nets.
Wrote RouteStorage: Time (s): cpu = 00:00:03 ; elapsed = 00:00:00.661 . Memory (MB): peak = 2947.539 ; gain = 0.000
Wrote PlaceStorage: Time (s): cpu = 00:00:06 ; elapsed = 00:00:02 . Memory (MB): peak = 2947.539 ; gain = 0.000
Wrote Netlist Cache: Time (s): cpu = 00:00:00 ; elapsed = 00:00:00.101 . Memory (MB): peak = 2947.539 ; gain = 0.000
Wrote Device Cache: Time (s): cpu = 00:00:00 ; elapsed = 00:00:00.015 . Memory (MB): peak = 2947.539 ; gain = 0.000
Write Physdb Complete: Time (s): cpu = 00:00:09 ; elapsed = 00:00:03 . Memory (MB): peak = 2947.539 ; gain = 0.000
INFO: [Common 17-1381] The checkpoint 'D:/fft/fft_phase10_resource_opt/build/board/iq_board.runs/impl_1/system_wrapper_postroute_physopt.dcp' has been generated.
write_checkpoint: Time (s): cpu = 00:00:12 ; elapsed = 00:00:06 . Memory (MB): peak = 2947.539 ; gain = 0.000
INFO: [Memdata 28-167] Found XPM memory block system_i/iq_0/inst/core/input_fifo/gnuram_async_fifo.xpm_fifo_base_inst/gen_sdpram.xpm_memory_base_inst with a P_MEMORY_PRIMITIVE property set to distributed. A value of block is required. You will not be able to use the updatemem program to update the bitstream with new data for the system_i/iq_0/inst/core/input_fifo/gnuram_async_fifo.xpm_fifo_base_inst/gen_sdpram.xpm_memory_base_inst block.
INFO: [Memdata 28-167] Found XPM memory block system_i/iq_0/inst/core/freq_cdc/gnuram_async_fifo.xpm_fifo_base_inst/gen_sdpram.xpm_memory_base_inst with a P_MEMORY_PRIMITIVE property set to distributed. A value of block is required. You will not be able to use the updatemem program to update the bitstream with new data for the system_i/iq_0/inst/core/freq_cdc/gnuram_async_fifo.xpm_fifo_base_inst/gen_sdpram.xpm_memory_base_inst block.
INFO: [Memdata 28-208] The XPM instance: <system_i/axi_dma_0/U0/I_PRMRY_DATAMOVER/GEN_MM2S_FULL.I_MM2S_FULL_WRAPPER/GEN_INCLUDE_MM2S_SF.I_RD_SF/I_DATA_FIFO/BLK_MEM.I_SYNC_FIFOGEN_FIFO/xpm_fifo_base_inst/gen_sdpram.xpm_memory_base_inst> is part of IP: <system_i/axi_dma_0>. This XPM instance will be excluded from the .mmi because updatemem is prohibited from making changes to an XPM that is part of an IP.
Command: write_bitstream -force system_wrapper.bit
Attempting to get a license for feature 'Vivado_Implementation' and/or device 'xc7z020'
INFO: [Common 17-349] Got license for feature 'Vivado_Implementation' and/or device 'xc7z020'
Running DRC as a precondition to command write_bitstream
INFO: [IP_Flow 19-1839] IP Catalog is up to date.
INFO: [DRC 23-27] Running DRC with 4 threads
INFO: [Vivado 12-3199] DRC finished with 0 Errors
INFO: [Vivado 12-3200] Please refer to the DRC report (report_drc) for more information.
Integrating Hard IP ELF/MEM with the PDI.
INFO: [Designutils 20-2272] Running write_bitstream with 4 threads.
Initializing bitstream generation complete. Time (s): cpu = 00:00:01 ; elapsed = 00:00:01 . Memory (MB): peak = 2947.539 ; gain = 0.000
Loading data files...
Loading site data...
Loading route data...
Processing options...
Creating bitmap...
Creating bitstream...
Writing bitstream ./system_wrapper.bit...
Generate Bitstream complete. Time (s): cpu = 00:00:40 ; elapsed = 00:00:17 . Memory (MB): peak = 3056.598 ; gain = 109.059
INFO: [Vivado 12-1842] Bitgen Completed Successfully.
INFO: [Common 17-83] Releasing license: Vivado_Implementation
1932 Infos, 4 Warnings, 0 Critical Warnings and 0 Errors encountered.
write_bitstream completed successfully
write_bitstream: Time (s): cpu = 00:00:58 ; elapsed = 00:00:33 . Memory (MB): peak = 3056.598 ; gain = 109.059
INFO: [Common 17-206] Exiting Vivado at Fri Oct  9 14:06:35 2026...
[Fri Oct  9 14:06:40 2026] impl_1 finished
wait_on_runs: Time (s): cpu = 00:00:04 ; elapsed = 00:26:09 . Memory (MB): peak = 817.812 ; gain = 0.000
INFO: [Device 21-403] Loading part xc7z020clg400-1
Netlist sorting complete. Time (s): cpu = 00:00:01 ; elapsed = 00:00:00.462 . Memory (MB): peak = 1160.945 ; gain = 0.000
INFO: [Netlist 29-17] Analyzing 5496 Unisim elements for replacement
INFO: [Netlist 29-28] Unisim Transformation completed in 2 CPU seconds
INFO: [Project 1-479] Netlist was created with Vivado 2026.1
INFO: [Project 1-570] Preparing netlist for logic optimization
Read ShapeDB Complete: Time (s): cpu = 00:00:00 ; elapsed = 00:00:00.195 . Memory (MB): peak = 1336.047 ; gain = 11.648
INFO: [Timing 38-478] Restoring timing data from binary archive.
INFO: [Timing 38-479] Binary timing data restore complete.
INFO: [Project 1-856] Restoring constraints from binary archive.
INFO: [Project 1-853] Binary constraint restore complete.
INFO: [Designutils 20-5722] Start Reading Physical Databases.
Reading placement.
Read Netlist Cache: Time (s): cpu = 00:00:00 ; elapsed = 00:00:00.068 . Memory (MB): peak = 2033.277 ; gain = 0.000
Reading placer database...
Read Device Cache: Time (s): cpu = 00:00:00 ; elapsed = 00:00:00.010 . Memory (MB): peak = 2033.277 ; gain = 0.000
Read PlaceDB: Time (s): cpu = 00:00:00 ; elapsed = 00:00:00 . Memory (MB): peak = 2033.277 ; gain = 0.000
Read placeStorage: Time (s): cpu = 00:00:01 ; elapsed = 00:00:01 . Memory (MB): peak = 2075.965 ; gain = 42.688
Read PulsedLatchDB: Time (s): cpu = 00:00:00 ; elapsed = 00:00:00 . Memory (MB): peak = 2075.965 ; gain = 0.000
Reading routing.
Read RouteStorage: Time (s): cpu = 00:00:01 ; elapsed = 00:00:00.598 . Memory (MB): peak = 2075.965 ; gain = 0.000
Read Physdb Files: Time (s): cpu = 00:00:02 ; elapsed = 00:00:02 . Memory (MB): peak = 2075.965 ; gain = 42.688
Restored from archive | CPU: 3.000000 secs | Memory: 0.000000 MB |
Finished XDEF File Restore: Time (s): cpu = 00:00:02 ; elapsed = 00:00:02 . Memory (MB): peak = 2075.965 ; gain = 42.688
Netlist sorting complete. Time (s): cpu = 00:00:00 ; elapsed = 00:00:00.061 . Memory (MB): peak = 2129.082 ; gain = 0.000
INFO: [Project 1-111] Unisim Transformation Summary:
  A total of 1758 instances were transformed.
  RAM16X1D => RAM32X1D (RAMD32(x2)): 1 instance 
  RAM16X1S => RAM32X1S (RAMS32): 32 instances
  RAM32M => RAM32M (RAMD32(x6), RAMS32(x2)): 135 instances
  RAM32X1D => RAM32X1D (RAMD32(x2)): 3 instances
  RAM64M => RAM64M (RAMD64E(x4)): 1544 instances
  RAM64X1S => RAM64X1S (RAMS64E): 35 instances
  SRLC32E => SRL16E: 8 instances

open_run: Time (s): cpu = 00:00:24 ; elapsed = 00:00:26 . Memory (MB): peak = 2129.082 ; gain = 1311.270
INFO: [Timing 38-91] UpdateTimingParams: Speed grade: -1, Delay Type: min_max.
INFO: [Timing 38-191] Multithreading enabled for timing update using a maximum of 4 CPUs
WARNING: [Timing 38-436] There are set_bus_skew constraint(s) in this design. Please run report_bus_skew to ensure that bus skew requirements are met.
report_timing_summary: Time (s): cpu = 00:00:34 ; elapsed = 00:00:14 . Memory (MB): peak = 2326.566 ; gain = 197.484
Command: report_drc -file D:/fft/fft_phase10_resource_opt/reports/drc.rpt
INFO: [IP_Flow 19-1839] IP Catalog is up to date.
INFO: [DRC 23-27] Running DRC with 4 threads
INFO: [Vivado_Tcl 2-168] The results of DRC are in file D:/fft/fft_phase10_resource_opt/reports/drc.rpt.
report_drc completed successfully
report_drc: Time (s): cpu = 00:00:17 ; elapsed = 00:00:07 . Memory (MB): peak = 2471.742 ; gain = 145.176
INFO: [Timing 38-91] UpdateTimingParams: Speed grade: -1, Delay Type: min_max.
INFO: [Timing 38-191] Multithreading enabled for timing update using a maximum of 4 CPUs
INFO: [Timing 38-314] The report_cdc command only analyzes and reports clock domain crossing paths where clocks have been defined on both source and destination sides. Ports with no input delay constraint are skipped. Please run check_timing to verify there are no missing clock definitions in your design, nor any unconstrained input port.
INFO: [Timing 38-91] UpdateTimingParams: Speed grade: -1, Delay Type: max.
INFO: [Timing 38-191] Multithreading enabled for timing update using a maximum of 4 CPUs
WARNING: [Timing 38-164] This design has multiple clocks. Inter clock paths are considered valid unless explicitly excluded by timing constraints such as set_clock_groups or set_false_path.
INFO: [Timing 38-91] UpdateTimingParams: Speed grade: -1, Delay Type: min_max.
INFO: [Timing 38-191] Multithreading enabled for timing update using a maximum of 4 CPUs
INFO: [Timing 38-91] UpdateTimingParams: Speed grade: -1, Delay Type: max.
INFO: [Timing 38-191] Multithreading enabled for timing update using a maximum of 4 CPUs
INFO: [Timing 38-78] ReportTimingParams: -max_paths 20 -nworst 1 -delay_type max -sort_by slack.
Command: report_methodology -file D:/fft/fft_phase10_resource_opt/reports/methodology.rpt
INFO: [Timing 38-35] Done setting XDC timing constraints.
INFO: [DRC 23-133] Running Methodology with 4 threads
INFO: [Vivado_Tcl 2-1520] The results of Report Methodology are in file D:/fft/fft_phase10_resource_opt/reports/methodology.rpt.
report_methodology completed successfully
report_methodology: Time (s): cpu = 00:00:25 ; elapsed = 00:00:08 . Memory (MB): peak = 2471.742 ; gain = 0.000
INFO: [Timing 38-35] Done setting XDC timing constraints.
FINAL_SETUP_SLACK_NS=0.008 HOLD_SLACK_NS=0.039
INFO: [Project 1-1918] Creating Hardware Platform: D:/fft/fft_phase10_resource_opt/artifacts/iq_analyzer.xsa ...
WARNING: [Project 1-645] Board images not set in Hardware Platform.
INFO: [Project 1-1943] The Hardware Platform can be used for Hardware
INFO: [Project 1-1941] Successfully created Hardware Platform: D:/fft/fft_phase10_resource_opt/artifacts/iq_analyzer.xsa
INFO: [Hsi 55-2053] elapsed time for repository (D:/VivadoMM/2026.1/Vivado/data/embeddedsw) loading 4 seconds
write_hw_platform: Time (s): cpu = 00:00:11 ; elapsed = 00:00:16 . Memory (MB): peak = 2751.160 ; gain = 279.418
INFO: [Common 17-206] Exiting Vivado at Fri Oct  9 14:08:06 2026...
BUILD_IDENTITY_PASS fee5b8547053d9807159a1aa1bd5482c
HARDWARE_PROVENANCE_PASS
Completed stage: Hardware
