kind,flags_raw,flags,epoch,id,config_id,sample_rate_hz,sequence,detector_mode,length_semantics,start_confirmed,end_confirmed,start_sample,end_sample_exclusive,length_samples,length_us,peak_codes,rms_codes,raw_energy
burst,1024,DETECTOR_TIMEOUT,1,0,3,125000000,0,threshold,门限突发长度,True,False,0,1048576,1048576,8388.608,8192.0,8192.0,70368744177664
burst,1024,DETECTOR_TIMEOUT,1,1,3,125000000,1,threshold,门限突发长度,True,False,1048576,2097152,1048576,8388.608,8192.0,8192.0,70368744177664
burst,1024,DETECTOR_TIMEOUT,1,2,3,125000000,2,threshold,门限突发长度,True,False,2097152,3145728,1048576,8388.608,8192.0,8192.0,70368744177664
burst,1024,DETECTOR_TIMEOUT,1,3,3,125000000,3,threshold,门限突发长度,True,False,3145728,4194304,1048576,8388.608,8192.0,8192.0,70368744177664
burst,1024,DETECTOR_TIMEOUT,1,4,3,125000000,4,threshold,门限突发长度,True,False,4194304,5242880,1048576,8388.608,8192.0,8192.0,70368744177664
burst,1024,DETECTOR_TIMEOUT,1,5,3,125000000,5,threshold,门限突发长度,True,False,5242880,6291456,1048576,8388.608,8192.0,8192.0,70368744177664
burst,1024,DETECTOR_TIMEOUT,1,6,3,125000000,6,threshold,门限突发长度,True,False,6291456,7340032,1048576,8388.608,8192.0,8192.0,70368744177664
burst,1024,DETECTOR_TIMEOUT,1,7,3,125000000,7,threshold,门限突发长度,True,False,7340032,8388608,1048576,8388.608,8192.0,8192.0,70368744177664
burst,1024,DETECTOR_TIMEOUT,1,8,3,125000000,8,threshold,门限突发长度,True,False,8388608,9437184,1048576,8388.608,8192.0,8192.0,70368744177664
burst,1024,DETECTOR_TIMEOUT,1,9,3,125000000,9,threshold,门限突发长度,True,False,9437184,10485760,1048576,8388.608,8192.0,8192.0,70368744177664
burst,1024,DETECTOR_TIMEOUT,1,10,3,125000000,10,threshold,门限突发长度,True,False,10485760,11534336,1048576,8388.608,8192.0,8192.0,70368744177664
burst,1024,DETECTOR_TIMEOUT,1,11,3,125000000,11,threshold,门限突发长度,True,False,11534336,12582912,1048576,8388.608,8192.0,8192.0,70368744177664
burst,1024,DETECTOR_TIMEOUT,1,12,3,125000000,12,threshold,门限突发长度,True,False,12582912,13631488,1048576,8388.608,8192.0,8192.0,70368744177664
burst,1024,DETECTOR_TIMEOUT,1,13,3,125000000,13,threshold,门限突发长度,True,False,13631488,14680064,1048576,8388.608,8192.0,8192.0,70368744177664
burst,1024,DETECTOR_TIMEOUT,1,14,3,125000000,14,threshold,门限突发长度,True,False,14680064,15728640,1048576,8388.608,8192.0,8192.0,70368744177664
burst,1024,DETECTOR_TIMEOUT,1,15,3,125000000,15,threshold,门限突发长度,True,False,15728640,16777216,1048576,8388.608,8192.0,8192.0,70368744177664
burst,1024,DETECTOR_TIMEOUT,1,16,3,125000000,16,threshold,门限突发长度,True,False,16777216,17825792,1048576,8388.608,8192.0,8192.0,70368744177664
burst,1024,DETECTOR_TIMEOUT,1,17,3,125000000,17,threshold,门限突发长度,True,False,17825792,18874368,1048576,8388.608,8192.0,8192.0,70368744177664
burst,1024,DETECTOR_TIMEOUT,1,18,3,125000000,18,threshold,门限突发长度,True,False,18874368,19922944,1048576,8388.608,8192.0,8192.0,70368744177664
burst,1024,DETECTOR_TIMEOUT,1,19,3,125000000,19,threshold,门限突发长度,True,False,19922944,20971520,1048576,8388.608,8192.0,8192.0,70368744177664
burst,1024,DETECTOR_TIMEOUT,1,20,3,125000000,20,threshold,门限突发长度,True,False,20971520,22020096,1048576,8388.608,8192.0,8192.0,70368744177664
burst,1024,DETECTOR_TIMEOUT,1,21,3,125000000,21,threshold,门限突发长度,True,False,22020096,23068672,1048576,8388.608,8192.0,8192.0,70368744177664
burst,1024,DETECTOR_TIMEOUT,1,22,3,125000000,22,threshold,门限突发长度,True,False,23068672,24117248,1048576,8388.608,8192.0,8192.0,70368744177664
burst,1024,DETECTOR_TIMEOUT,1,23,3,125000000,23,threshold,门限突发长度,True,False,24117248,25165824,1048576,8388.608,8192.0,8192.0,70368744177664
burst,1024,DETECTOR_TIMEOUT,1,24,3,125000000,24,threshold,门限突发长度,True,False,25165824,26214400,1048576,8388.608,8192.0,8192.0,70368744177664
burst,1024,DETECTOR_TIMEOUT,1,25,3,125000000,25,threshold,门限突发长度,True,False,26214400,27262976,1048576,8388.608,8192.0,8192.0,70368744177664
burst,1024,DETECTOR_TIMEOUT,1,26,3,125000000,26,threshold,门限突发长度,True,False,27262976,28311552,1048576,8388.608,8192.0,8192.0,70368744177664
burst,1024,DETECTOR_TIMEOUT,1,27,3,125000000,27,threshold,门限突发长度,True,False,28311552,29360128,1048576,8388.608,8192.0,8192.0,70368744177664
burst,1024,DETECTOR_TIMEOUT,1,28,3,125000000,28,threshold,门限突发长度,True,False,29360128,30408704,1048576,8388.608,8192.0,8192.0,70368744177664
burst,1024,DETECTOR_TIMEOUT,1,29,3,125000000,29,threshold,门限突发长度,True,False,30408704,31457280,1048576,8388.608,8192.0,8192.0,70368744177664
burst,1024,DETECTOR_TIMEOUT,1,30,3,125000000,30,threshold,门限突发长度,True,False,31457280,32505856,1048576,8388.608,8192.0,8192.0,70368744177664
burst,1024,DETECTOR_TIMEOUT,1,31,3,125000000,31,threshold,门限突发长度,True,False,32505856,33554432,1048576,8388.608,8192.0,8192.0,70368744177664
burst,1024,DETECTOR_TIMEOUT,1,32,3,125000000,32,threshold,门限突发长度,True,False,33554432,34603008,1048576,8388.608,8192.0,8192.0,70368744177664
burst,1024,DETECTOR_TIMEOUT,1,33,3,125000000,33,threshold,门限突发长度,True,False,34603008,35651584,1048576,8388.608,8192.0,8192.0,70368744177664
burst,1024,DETECTOR_TIMEOUT,1,34,3,125000000,34,threshold,门限突发长度,True,False,35651584,36700160,1048576,8388.608,8192.0,8192.0,70368744177664
burst,1024,DETECTOR_TIMEOUT,1,35,3,125000000,35,threshold,门限突发长度,True,False,36700160,37748736,1048576,8388.608,8192.0,8192.0,70368744177664
burst,1024,DETECTOR_TIMEOUT,1,36,3,125000000,36,threshold,门限突发长度,True,False,37748736,38797312,1048576,8388.608,8192.0,8192.0,70368744177664
burst,1024,DETECTOR_TIMEOUT,1,37,3,125000000,37,threshold,门限突发长度,True,False,38797312,39845888,1048576,8388.608,8192.0,8192.0,70368744177664
burst,1024,DETECTOR_TIMEOUT,1,38,3,125000000,38,threshold,门限突发长度,True,False,39845888,40894464,1048576,8388.608,8192.0,8192.0,70368744177664
burst,1024,DETECTOR_TIMEOUT,1,39,3,125000000,39,threshold,门限突发长度,True,False,40894464,41943040,1048576,8388.608,8192.0,8192.0,70368744177664
burst,1024,DETECTOR_TIMEOUT,1,40,3,125000000,40,threshold,门限突发长度,True,False,41943040,42991616,1048576,8388.608,8192.0,8192.0,70368744177664
burst,1024,DETECTOR_TIMEOUT,1,41,3,125000000,41,threshold,门限突发长度,True,False,42991616,44040192,1048576,8388.608,8192.0,8192.0,70368744177664
burst,1024,DETECTOR_TIMEOUT,1,42,3,125000000,42,threshold,门限突发长度,True,False,44040192,45088768,1048576,8388.608,8192.0,8192.0,70368744177664
burst,1024,DETECTOR_TIMEOUT,1,43,3,125000000,43,threshold,门限突发长度,True,False,45088768,46137344,1048576,8388.608,8192.0,8192.0,70368744177664
burst,1024,DETECTOR_TIMEOUT,1,44,3,125000000,44,threshold,门限突发长度,True,False,46137344,47185920,1048576,8388.608,8192.0,8192.0,70368744177664
burst,1024,DETECTOR_TIMEOUT,1,45,3,125000000,45,threshold,门限突发长度,True,False,47185920,48234496,1048576,8388.608,8192.0,8192.0,70368744177664
burst,1024,DETECTOR_TIMEOUT,1,46,3,125000000,46,threshold,门限突发长度,True,False,48234496,49283072,1048576,8388.608,8192.0,8192.0,70368744177664
burst,1024,DETECTOR_TIMEOUT,1,47,3,125000000,47,threshold,门限突发长度,True,False,49283072,50331648,1048576,8388.608,8192.0,8192.0,70368744177664
burst,1024,DETECTOR_TIMEOUT,1,48,3,125000000,48,threshold,门限突发长度,True,False,50331648,51380224,1048576,8388.608,8192.0,8192.0,70368744177664
burst,1024,DETECTOR_TIMEOUT,1,49,3,125000000,49,threshold,门限突发长度,True,False,51380224,52428800,1048576,8388.608,8192.0,8192.0,70368744177664
burst,1024,DETECTOR_TIMEOUT,1,50,3,125000000,50,threshold,门限突发长度,True,False,52428800,53477376,1048576,8388.608,8192.0,8192.0,70368744177664
burst,1024,DETECTOR_TIMEOUT,1,51,3,125000000,51,threshold,门限突发长度,True,False,53477376,54525952,1048576,8388.608,8192.0,8192.0,70368744177664
burst,1024,DETECTOR_TIMEOUT,1,52,3,125000000,52,threshold,门限突发长度,True,False,54525952,55574528,1048576,8388.608,8192.0,8192.0,70368744177664
burst,1024,DETECTOR_TIMEOUT,1,53,3,125000000,53,threshold,门限突发长度,True,False,55574528,56623104,1048576,8388.608,8192.0,8192.0,70368744177664
burst,1024,DETECTOR_TIMEOUT,1,54,3,125000000,54,threshold,门限突发长度,True,False,56623104,57671680,1048576,8388.608,8192.0,8192.0,70368744177664
burst,1024,DETECTOR_TIMEOUT,1,55,3,125000000,55,threshold,门限突发长度,True,False,57671680,58720256,1048576,8388.608,8192.0,8192.0,70368744177664
burst,1024,DETECTOR_TIMEOUT,1,56,3,125000000,56,threshold,门限突发长度,True,False,58720256,59768832,1048576,8388.608,8192.0,8192.0,70368744177664
burst,1024,DETECTOR_TIMEOUT,1,57,3,125000000,57,threshold,门限突发长度,True,False,59768832,60817408,1048576,8388.608,8192.0,8192.0,70368744177664
burst,1024,DETECTOR_TIMEOUT,1,58,3,125000000,58,threshold,门限突发长度,True,False,60817408,61865984,1048576,8388.608,8192.0,8192.0,70368744177664
burst,1024,DETECTOR_TIMEOUT,1,59,3,125000000,59,threshold,门限突发长度,True,False,61865984,62914560,1048576,8388.608,8192.0,8192.0,70368744177664
burst,1024,DETECTOR_TIMEOUT,1,60,3,125000000,60,threshold,门限突发长度,True,False,62914560,63963136,1048576,8388.608,8192.0,8192.0,70368744177664
burst,1024,DETECTOR_TIMEOUT,1,61,3,125000000,61,threshold,门限突发长度,True,False,63963136,65011712,1048576,8388.608,8192.0,8192.0,70368744177664
burst,1024,DETECTOR_TIMEOUT,1,62,3,125000000,62,threshold,门限突发长度,True,False,65011712,66060288,1048576,8388.608,8192.0,8192.0,70368744177664
burst,1024,DETECTOR_TIMEOUT,1,63,3,125000000,63,threshold,门限突发长度,True,False,66060288,67108864,1048576,8388.608,8192.0,8192.0,70368744177664
burst,1024,DETECTOR_TIMEOUT,1,64,3,125000000,64,threshold,门限突发长度,True,False,67108864,68157440,1048576,8388.608,8192.0,8192.0,70368744177664
burst,1024,DETECTOR_TIMEOUT,1,65,3,125000000,65,threshold,门限突发长度,True,False,68157440,69206016,1048576,8388.608,8192.0,8192.0,70368744177664
burst,1024,DETECTOR_TIMEOUT,1,66,3,125000000,66,threshold,门限突发长度,True,False,69206016,70254592,1048576,8388.608,8192.0,8192.0,70368744177664
burst,1024,DETECTOR_TIMEOUT,1,67,3,125000000,67,threshold,门限突发长度,True,False,70254592,71303168,1048576,8388.608,8192.0,8192.0,70368744177664
burst,1024,DETECTOR_TIMEOUT,1,68,3,125000000,68,threshold,门限突发长度,True,False,71303168,72351744,1048576,8388.608,8192.0,8192.0,70368744177664
burst,1024,DETECTOR_TIMEOUT,1,69,3,125000000,69,threshold,门限突发长度,True,False,72351744,73400320,1048576,8388.608,8192.0,8192.0,70368744177664
burst,1024,DETECTOR_TIMEOUT,1,70,3,125000000,70,threshold,门限突发长度,True,False,73400320,74448896,1048576,8388.608,8192.0,8192.0,70368744177664
burst,1024,DETECTOR_TIMEOUT,1,71,3,125000000,71,threshold,门限突发长度,True,False,74448896,75497472,1048576,8388.608,8192.0,8192.0,70368744177664
burst,1024,DETECTOR_TIMEOUT,1,72,3,125000000,72,threshold,门限突发长度,True,False,75497472,76546048,1048576,8388.608,8192.0,8192.0,70368744177664
burst,1024,DETECTOR_TIMEOUT,1,73,3,125000000,73,threshold,门限突发长度,True,False,76546048,77594624,1048576,8388.608,8192.0,8192.0,70368744177664
burst,1024,DETECTOR_TIMEOUT,1,74,3,125000000,74,threshold,门限突发长度,True,False,77594624,78643200,1048576,8388.608,8192.0,8192.0,70368744177664
burst,1024,DETECTOR_TIMEOUT,1,75,3,125000000,75,threshold,门限突发长度,True,False,78643200,79691776,1048576,8388.608,8192.0,8192.0,70368744177664
burst,1024,DETECTOR_TIMEOUT,1,76,3,125000000,76,threshold,门限突发长度,True,False,79691776,80740352,1048576,8388.608,8192.0,8192.0,70368744177664
burst,1024,DETECTOR_TIMEOUT,1,77,3,125000000,77,threshold,门限突发长度,True,False,80740352,81788928,1048576,8388.608,8192.0,8192.0,70368744177664
burst,1024,DETECTOR_TIMEOUT,1,78,3,125000000,78,threshold,门限突发长度,True,False,81788928,82837504,1048576,8388.608,8192.0,8192.0,70368744177664
burst,1024,DETECTOR_TIMEOUT,1,79,3,125000000,79,threshold,门限突发长度,True,False,82837504,83886080,1048576,8388.608,8192.0,8192.0,70368744177664
burst,1024,DETECTOR_TIMEOUT,1,80,3,125000000,80,threshold,门限突发长度,True,False,83886080,84934656,1048576,8388.608,8192.0,8192.0,70368744177664
burst,1024,DETECTOR_TIMEOUT,1,81,3,125000000,81,threshold,门限突发长度,True,False,84934656,85983232,1048576,8388.608,8192.0,8192.0,70368744177664
burst,1024,DETECTOR_TIMEOUT,1,82,3,125000000,82,threshold,门限突发长度,True,False,85983232,87031808,1048576,8388.608,8192.0,8192.0,70368744177664
burst,1024,DETECTOR_TIMEOUT,1,83,3,125000000,83,threshold,门限突发长度,True,False,87031808,88080384,1048576,8388.608,8192.0,8192.0,70368744177664
burst,1024,DETECTOR_TIMEOUT,1,84,3,125000000,84,threshold,门限突发长度,True,False,88080384,89128960,1048576,8388.608,8192.0,8192.0,70368744177664
burst,1024,DETECTOR_TIMEOUT,1,85,3,125000000,85,threshold,门限突发长度,True,False,89128960,90177536,1048576,8388.608,8192.0,8192.0,70368744177664
burst,1024,DETECTOR_TIMEOUT,1,86,3,125000000,86,threshold,门限突发长度,True,False,90177536,91226112,1048576,8388.608,8192.0,8192.0,70368744177664
burst,1024,DETECTOR_TIMEOUT,1,87,3,125000000,87,threshold,门限突发长度,True,False,91226112,92274688,1048576,8388.608,8192.0,8192.0,70368744177664
burst,1024,DETECTOR_TIMEOUT,1,88,3,125000000,88,threshold,门限突发长度,True,False,92274688,93323264,1048576,8388.608,8192.0,8192.0,70368744177664
burst,1024,DETECTOR_TIMEOUT,1,89,3,125000000,89,threshold,门限突发长度,True,False,93323264,94371840,1048576,8388.608,8192.0,8192.0,70368744177664
burst,1024,DETECTOR_TIMEOUT,1,90,3,125000000,90,threshold,门限突发长度,True,False,94371840,95420416,1048576,8388.608,8192.0,8192.0,70368744177664
burst,1024,DETECTOR_TIMEOUT,1,91,3,125000000,91,threshold,门限突发长度,True,False,95420416,96468992,1048576,8388.608,8192.0,8192.0,70368744177664
burst,1024,DETECTOR_TIMEOUT,1,92,3,125000000,92,threshold,门限突发长度,True,False,96468992,97517568,1048576,8388.608,8192.0,8192.0,70368744177664
burst,1024,DETECTOR_TIMEOUT,1,93,3,125000000,93,threshold,门限突发长度,True,False,97517568,98566144,1048576,8388.608,8192.0,8192.0,70368744177664
burst,1024,DETECTOR_TIMEOUT,1,94,3,125000000,94,threshold,门限突发长度,True,False,98566144,99614720,1048576,8388.608,8192.0,8192.0,70368744177664
burst,1024,DETECTOR_TIMEOUT,1,95,3,125000000,95,threshold,门限突发长度,True,False,99614720,100663296,1048576,8388.608,8192.0,8192.0,70368744177664
burst,1024,DETECTOR_TIMEOUT,1,96,3,125000000,96,threshold,门限突发长度,True,False,100663296,101711872,1048576,8388.608,8192.0,8192.0,70368744177664
burst,1024,DETECTOR_TIMEOUT,1,97,3,125000000,97,threshold,门限突发长度,True,False,101711872,102760448,1048576,8388.608,8192.0,8192.0,70368744177664
burst,1024,DETECTOR_TIMEOUT,1,98,3,125000000,98,threshold,门限突发长度,True,False,102760448,103809024,1048576,8388.608,8192.0,8192.0,70368744177664
burst,1024,DETECTOR_TIMEOUT,1,99,3,125000000,99,threshold,门限突发长度,True,False,103809024,104857600,1048576,8388.608,8192.0,8192.0,70368744177664
burst,1024,DETECTOR_TIMEOUT,1,100,3,125000000,100,threshold,门限突发长度,True,False,104857600,105906176,1048576,8388.608,8192.0,8192.0,70368744177664
burst,1024,DETECTOR_TIMEOUT,1,101,3,125000000,101,threshold,门限突发长度,True,False,105906176,106954752,1048576,8388.608,8192.0,8192.0,70368744177664
burst,1024,DETECTOR_TIMEOUT,1,102,3,125000000,102,threshold,门限突发长度,True,False,106954752,108003328,1048576,8388.608,8192.0,8192.0,70368744177664
burst,1024,DETECTOR_TIMEOUT,1,103,3,125000000,103,threshold,门限突发长度,True,False,108003328,109051904,1048576,8388.608,8192.0,8192.0,70368744177664
burst,1024,DETECTOR_TIMEOUT,1,104,3,125000000,104,threshold,门限突发长度,True,False,109051904,110100480,1048576,8388.608,8192.0,8192.0,70368744177664
burst,1024,DETECTOR_TIMEOUT,1,105,3,125000000,105,threshold,门限突发长度,True,False,110100480,111149056,1048576,8388.608,8192.0,8192.0,70368744177664
burst,1024,DETECTOR_TIMEOUT,1,106,3,125000000,106,threshold,门限突发长度,True,False,111149056,112197632,1048576,8388.608,8192.0,8192.0,70368744177664
burst,1024,DETECTOR_TIMEOUT,1,107,3,125000000,107,threshold,门限突发长度,True,False,112197632,113246208,1048576,8388.608,8192.0,8192.0,70368744177664
burst,1024,DETECTOR_TIMEOUT,1,108,3,125000000,108,threshold,门限突发长度,True,False,113246208,114294784,1048576,8388.608,8192.0,8192.0,70368744177664
burst,1024,DETECTOR_TIMEOUT,1,109,3,125000000,109,threshold,门限突发长度,True,False,114294784,115343360,1048576,8388.608,8192.0,8192.0,70368744177664
burst,1024,DETECTOR_TIMEOUT,1,110,3,125000000,110,threshold,门限突发长度,True,False,115343360,116391936,1048576,8388.608,8192.0,8192.0,70368744177664
burst,1024,DETECTOR_TIMEOUT,1,111,3,125000000,111,threshold,门限突发长度,True,False,116391936,117440512,1048576,8388.608,8192.0,8192.0,70368744177664
burst,1024,DETECTOR_TIMEOUT,1,112,3,125000000,112,threshold,门限突发长度,True,False,117440512,118489088,1048576,8388.608,8192.0,8192.0,70368744177664
burst,1024,DETECTOR_TIMEOUT,1,113,3,125000000,113,threshold,门限突发长度,True,False,118489088,119537664,1048576,8388.608,8192.0,8192.0,70368744177664
burst,1024,DETECTOR_TIMEOUT,1,114,3,125000000,114,threshold,门限突发长度,True,False,119537664,120586240,1048576,8388.608,8192.0,8192.0,70368744177664
burst,1024,DETECTOR_TIMEOUT,1,115,3,125000000,115,threshold,门限突发长度,True,False,120586240,121634816,1048576,8388.608,8192.0,8192.0,70368744177664
burst,1024,DETECTOR_TIMEOUT,1,116,3,125000000,116,threshold,门限突发长度,True,False,121634816,122683392,1048576,8388.608,8192.0,8192.0,70368744177664
burst,1024,DETECTOR_TIMEOUT,1,117,3,125000000,117,threshold,门限突发长度,True,False,122683392,123731968,1048576,8388.608,8192.0,8192.0,70368744177664
burst,1024,DETECTOR_TIMEOUT,1,118,3,125000000,118,threshold,门限突发长度,True,False,123731968,124780544,1048576,8388.608,8192.0,8192.0,70368744177664
burst,1024,DETECTOR_TIMEOUT,1,119,3,125000000,119,threshold,门限突发长度,True,False,124780544,125829120,1048576,8388.608,8192.0,8192.0,70368744177664
burst,1024,DETECTOR_TIMEOUT,1,120,3,125000000,120,threshold,门限突发长度,True,False,125829120,126877696,1048576,8388.608,8192.0,8192.0,70368744177664
burst,1024,DETECTOR_TIMEOUT,1,121,3,125000000,121,threshold,门限突发长度,True,False,126877696,127926272,1048576,8388.608,8192.0,8192.0,70368744177664
burst,1024,DETECTOR_TIMEOUT,1,122,3,125000000,122,threshold,门限突发长度,True,False,127926272,128974848,1048576,8388.608,8192.0,8192.0,70368744177664
burst,1024,DETECTOR_TIMEOUT,1,123,3,125000000,123,threshold,门限突发长度,True,False,128974848,130023424,1048576,8388.608,8192.0,8192.0,70368744177664
burst,1024,DETECTOR_TIMEOUT,1,124,3,125000000,124,threshold,门限突发长度,True,False,130023424,131072000,1048576,8388.608,8192.0,8192.0,70368744177664
burst,1024,DETECTOR_TIMEOUT,1,125,3,125000000,125,threshold,门限突发长度,True,False,131072000,132120576,1048576,8388.608,8192.0,8192.0,70368744177664
burst,1024,DETECTOR_TIMEOUT,1,126,3,125000000,126,threshold,门限突发长度,True,False,132120576,133169152,1048576,8388.608,8192.0,8192.0,70368744177664
burst,1024,DETECTOR_TIMEOUT,1,127,3,125000000,127,threshold,门限突发长度,True,False,133169152,134217728,1048576,8388.608,8192.0,8192.0,70368744177664
burst,1024,DETECTOR_TIMEOUT,1,128,3,125000000,128,threshold,门限突发长度,True,False,134217728,135266304,1048576,8388.608,8192.0,8192.0,70368744177664
burst,1024,DETECTOR_TIMEOUT,1,129,3,125000000,129,threshold,门限突发长度,True,False,135266304,136314880,1048576,8388.608,8192.0,8192.0,70368744177664
burst,1024,DETECTOR_TIMEOUT,1,130,3,125000000,130,threshold,门限突发长度,True,False,136314880,137363456,1048576,8388.608,8192.0,8192.0,70368744177664
burst,1024,DETECTOR_TIMEOUT,1,131,3,125000000,131,threshold,门限突发长度,True,False,137363456,138412032,1048576,8388.608,8192.0,8192.0,70368744177664
burst,1024,DETECTOR_TIMEOUT,1,132,3,125000000,132,threshold,门限突发长度,True,False,138412032,139460608,1048576,8388.608,8192.0,8192.0,70368744177664
burst,1024,DETECTOR_TIMEOUT,1,133,3,125000000,133,threshold,门限突发长度,True,False,139460608,140509184,1048576,8388.608,8192.0,8192.0,70368744177664
burst,1024,DETECTOR_TIMEOUT,1,134,3,125000000,134,threshold,门限突发长度,True,False,140509184,141557760,1048576,8388.608,8192.0,8192.0,70368744177664
burst,1024,DETECTOR_TIMEOUT,1,135,3,125000000,135,threshold,门限突发长度,True,False,141557760,142606336,1048576,8388.608,8192.0,8192.0,70368744177664
burst,1024,DETECTOR_TIMEOUT,1,136,3,125000000,136,threshold,门限突发长度,True,False,142606336,143654912,1048576,8388.608,8192.0,8192.0,70368744177664
burst,1024,DETECTOR_TIMEOUT,1,137,3,125000000,137,threshold,门限突发长度,True,False,143654912,144703488,1048576,8388.608,8192.0,8192.0,70368744177664
burst,1024,DETECTOR_TIMEOUT,1,138,3,125000000,138,threshold,门限突发长度,True,False,144703488,145752064,1048576,8388.608,8192.0,8192.0,70368744177664
burst,1024,DETECTOR_TIMEOUT,1,139,3,125000000,139,threshold,门限突发长度,True,False,145752064,146800640,1048576,8388.608,8192.0,8192.0,70368744177664
burst,1024,DETECTOR_TIMEOUT,1,140,3,125000000,140,threshold,门限突发长度,True,False,146800640,147849216,1048576,8388.608,8192.0,8192.0,70368744177664
burst,1024,DETECTOR_TIMEOUT,1,141,3,125000000,141,threshold,门限突发长度,True,False,147849216,148897792,1048576,8388.608,8192.0,8192.0,70368744177664
burst,1024,DETECTOR_TIMEOUT,1,142,3,125000000,142,threshold,门限突发长度,True,False,148897792,149946368,1048576,8388.608,8192.0,8192.0,70368744177664
burst,1024,DETECTOR_TIMEOUT,1,143,3,125000000,143,threshold,门限突发长度,True,False,149946368,150994944,1048576,8388.608,8192.0,8192.0,70368744177664
burst,1024,DETECTOR_TIMEOUT,1,144,3,125000000,144,threshold,门限突发长度,True,False,150994944,152043520,1048576,8388.608,8192.0,8192.0,70368744177664
burst,1024,DETECTOR_TIMEOUT,1,145,3,125000000,145,threshold,门限突发长度,True,False,152043520,153092096,1048576,8388.608,8192.0,8192.0,70368744177664
burst,1024,DETECTOR_TIMEOUT,1,146,3,125000000,146,threshold,门限突发长度,True,False,153092096,154140672,1048576,8388.608,8192.0,8192.0,70368744177664
burst,1024,DETECTOR_TIMEOUT,1,147,3,125000000,147,threshold,门限突发长度,True,False,154140672,155189248,1048576,8388.608,8192.0,8192.0,70368744177664
burst,1024,DETECTOR_TIMEOUT,1,148,3,125000000,148,threshold,门限突发长度,True,False,155189248,156237824,1048576,8388.608,8192.0,8192.0,70368744177664
burst,1024,DETECTOR_TIMEOUT,1,149,3,125000000,149,threshold,门限突发长度,True,False,156237824,157286400,1048576,8388.608,8192.0,8192.0,70368744177664
burst,1024,DETECTOR_TIMEOUT,1,150,3,125000000,150,threshold,门限突发长度,True,False,157286400,158334976,1048576,8388.608,8192.0,8192.0,70368744177664
burst,1024,DETECTOR_TIMEOUT,1,151,3,125000000,151,threshold,门限突发长度,True,False,158334976,159383552,1048576,8388.608,8192.0,8192.0,70368744177664
burst,1024,DETECTOR_TIMEOUT,1,152,3,125000000,152,threshold,门限突发长度,True,False,159383552,160432128,1048576,8388.608,8192.0,8192.0,70368744177664
burst,1024,DETECTOR_TIMEOUT,1,153,3,125000000,153,threshold,门限突发长度,True,False,160432128,161480704,1048576,8388.608,8192.0,8192.0,70368744177664
burst,1024,DETECTOR_TIMEOUT,1,154,3,125000000,154,threshold,门限突发长度,True,False,161480704,162529280,1048576,8388.608,8192.0,8192.0,70368744177664
burst,1024,DETECTOR_TIMEOUT,1,155,3,125000000,155,threshold,门限突发长度,True,False,162529280,163577856,1048576,8388.608,8192.0,8192.0,70368744177664
burst,1024,DETECTOR_TIMEOUT,1,156,3,125000000,156,threshold,门限突发长度,True,False,163577856,164626432,1048576,8388.608,8192.0,8192.0,70368744177664
burst,1024,DETECTOR_TIMEOUT,1,157,3,125000000,157,threshold,门限突发长度,True,False,164626432,165675008,1048576,8388.608,8192.0,8192.0,70368744177664
burst,1024,DETECTOR_TIMEOUT,1,158,3,125000000,158,threshold,门限突发长度,True,False,165675008,166723584,1048576,8388.608,8192.0,8192.0,70368744177664
burst,1024,DETECTOR_TIMEOUT,1,159,3,125000000,159,threshold,门限突发长度,True,False,166723584,167772160,1048576,8388.608,8192.0,8192.0,70368744177664
burst,1024,DETECTOR_TIMEOUT,1,160,3,125000000,160,threshold,门限突发长度,True,False,167772160,168820736,1048576,8388.608,8192.0,8192.0,70368744177664
burst,1024,DETECTOR_TIMEOUT,1,161,3,125000000,161,threshold,门限突发长度,True,False,168820736,169869312,1048576,8388.608,8192.0,8192.0,70368744177664
burst,1024,DETECTOR_TIMEOUT,1,162,3,125000000,162,threshold,门限突发长度,True,False,169869312,170917888,1048576,8388.608,8192.0,8192.0,70368744177664
burst,1024,DETECTOR_TIMEOUT,1,163,3,125000000,163,threshold,门限突发长度,True,False,170917888,171966464,1048576,8388.608,8192.0,8192.0,70368744177664
burst,1024,DETECTOR_TIMEOUT,1,164,3,125000000,164,threshold,门限突发长度,True,False,171966464,173015040,1048576,8388.608,8192.0,8192.0,70368744177664
burst,1024,DETECTOR_TIMEOUT,1,165,3,125000000,165,threshold,门限突发长度,True,False,173015040,174063616,1048576,8388.608,8192.0,8192.0,70368744177664
burst,1024,DETECTOR_TIMEOUT,1,166,3,125000000,166,threshold,门限突发长度,True,False,174063616,175112192,1048576,8388.608,8192.0,8192.0,70368744177664
burst,1024,DETECTOR_TIMEOUT,1,167,3,125000000,167,threshold,门限突发长度,True,False,175112192,176160768,1048576,8388.608,8192.0,8192.0,70368744177664
burst,1024,DETECTOR_TIMEOUT,1,168,3,125000000,168,threshold,门限突发长度,True,False,176160768,177209344,1048576,8388.608,8192.0,8192.0,70368744177664
burst,1024,DETECTOR_TIMEOUT,1,169,3,125000000,169,threshold,门限突发长度,True,False,177209344,178257920,1048576,8388.608,8192.0,8192.0,70368744177664
burst,1024,DETECTOR_TIMEOUT,1,170,3,125000000,170,threshold,门限突发长度,True,False,178257920,179306496,1048576,8388.608,8192.0,8192.0,70368744177664
burst,1024,DETECTOR_TIMEOUT,1,171,3,125000000,171,threshold,门限突发长度,True,False,179306496,180355072,1048576,8388.608,8192.0,8192.0,70368744177664
burst,1024,DETECTOR_TIMEOUT,1,172,3,125000000,172,threshold,门限突发长度,True,False,180355072,181403648,1048576,8388.608,8192.0,8192.0,70368744177664
burst,1024,DETECTOR_TIMEOUT,1,173,3,125000000,173,threshold,门限突发长度,True,False,181403648,182452224,1048576,8388.608,8192.0,8192.0,70368744177664
burst,1024,DETECTOR_TIMEOUT,1,174,3,125000000,174,threshold,门限突发长度,True,False,182452224,183500800,1048576,8388.608,8192.0,8192.0,70368744177664
burst,1024,DETECTOR_TIMEOUT,1,175,3,125000000,175,threshold,门限突发长度,True,False,183500800,184549376,1048576,8388.608,8192.0,8192.0,70368744177664
burst,1024,DETECTOR_TIMEOUT,1,176,3,125000000,176,threshold,门限突发长度,True,False,184549376,185597952,1048576,8388.608,8192.0,8192.0,70368744177664
burst,1024,DETECTOR_TIMEOUT,1,177,3,125000000,177,threshold,门限突发长度,True,False,185597952,186646528,1048576,8388.608,8192.0,8192.0,70368744177664
burst,1024,DETECTOR_TIMEOUT,1,178,3,125000000,178,threshold,门限突发长度,True,False,186646528,187695104,1048576,8388.608,8192.0,8192.0,70368744177664
burst,1024,DETECTOR_TIMEOUT,1,179,3,125000000,179,threshold,门限突发长度,True,False,187695104,188743680,1048576,8388.608,8192.0,8192.0,70368744177664
burst,1024,DETECTOR_TIMEOUT,1,180,3,125000000,180,threshold,门限突发长度,True,False,188743680,189792256,1048576,8388.608,8192.0,8192.0,70368744177664
burst,1024,DETECTOR_TIMEOUT,1,181,3,125000000,181,threshold,门限突发长度,True,False,189792256,190840832,1048576,8388.608,8192.0,8192.0,70368744177664
burst,1024,DETECTOR_TIMEOUT,1,182,3,125000000,182,threshold,门限突发长度,True,False,190840832,191889408,1048576,8388.608,8192.0,8192.0,70368744177664
burst,1024,DETECTOR_TIMEOUT,1,183,3,125000000,183,threshold,门限突发长度,True,False,191889408,192937984,1048576,8388.608,8192.0,8192.0,70368744177664
burst,1024,DETECTOR_TIMEOUT,1,184,3,125000000,184,threshold,门限突发长度,True,False,192937984,193986560,1048576,8388.608,8192.0,8192.0,70368744177664
burst,1024,DETECTOR_TIMEOUT,1,185,3,125000000,185,threshold,门限突发长度,True,False,193986560,195035136,1048576,8388.608,8192.0,8192.0,70368744177664
burst,1024,DETECTOR_TIMEOUT,1,186,3,125000000,186,threshold,门限突发长度,True,False,195035136,196083712,1048576,8388.608,8192.0,8192.0,70368744177664
burst,1024,DETECTOR_TIMEOUT,1,187,3,125000000,187,threshold,门限突发长度,True,False,196083712,197132288,1048576,8388.608,8192.0,8192.0,70368744177664
burst,1024,DETECTOR_TIMEOUT,1,188,3,125000000,188,threshold,门限突发长度,True,False,197132288,198180864,1048576,8388.608,8192.0,8192.0,70368744177664
burst,1024,DETECTOR_TIMEOUT,1,189,3,125000000,189,threshold,门限突发长度,True,False,198180864,199229440,1048576,8388.608,8192.0,8192.0,70368744177664
burst,1024,DETECTOR_TIMEOUT,1,190,3,125000000,190,threshold,门限突发长度,True,False,199229440,200278016,1048576,8388.608,8192.0,8192.0,70368744177664
burst,1024,DETECTOR_TIMEOUT,1,191,3,125000000,191,threshold,门限突发长度,True,False,200278016,201326592,1048576,8388.608,8192.0,8192.0,70368744177664
burst,1024,DETECTOR_TIMEOUT,1,192,3,125000000,192,threshold,门限突发长度,True,False,201326592,202375168,1048576,8388.608,8192.0,8192.0,70368744177664
burst,1024,DETECTOR_TIMEOUT,1,193,3,125000000,193,threshold,门限突发长度,True,False,202375168,203423744,1048576,8388.608,8192.0,8192.0,70368744177664
burst,1024,DETECTOR_TIMEOUT,1,194,3,125000000,194,threshold,门限突发长度,True,False,203423744,204472320,1048576,8388.608,8192.0,8192.0,70368744177664
burst,1024,DETECTOR_TIMEOUT,1,195,3,125000000,195,threshold,门限突发长度,True,False,204472320,205520896,1048576,8388.608,8192.0,8192.0,70368744177664
burst,1024,DETECTOR_TIMEOUT,1,196,3,125000000,196,threshold,门限突发长度,True,False,205520896,206569472,1048576,8388.608,8192.0,8192.0,70368744177664
burst,1024,DETECTOR_TIMEOUT,1,197,3,125000000,197,threshold,门限突发长度,True,False,206569472,207618048,1048576,8388.608,8192.0,8192.0,70368744177664
burst,1024,DETECTOR_TIMEOUT,1,198,3,125000000,198,threshold,门限突发长度,True,False,207618048,208666624,1048576,8388.608,8192.0,8192.0,70368744177664
burst,1024,DETECTOR_TIMEOUT,1,199,3,125000000,199,threshold,门限突发长度,True,False,208666624,209715200,1048576,8388.608,8192.0,8192.0,70368744177664
burst,1024,DETECTOR_TIMEOUT,1,200,3,125000000,200,threshold,门限突发长度,True,False,209715200,210763776,1048576,8388.608,8192.0,8192.0,70368744177664
burst,1024,DETECTOR_TIMEOUT,1,201,3,125000000,201,threshold,门限突发长度,True,False,210763776,211812352,1048576,8388.608,8192.0,8192.0,70368744177664
burst,1024,DETECTOR_TIMEOUT,1,202,3,125000000,202,threshold,门限突发长度,True,False,211812352,212860928,1048576,8388.608,8192.0,8192.0,70368744177664
burst,1024,DETECTOR_TIMEOUT,1,203,3,125000000,203,threshold,门限突发长度,True,False,212860928,213909504,1048576,8388.608,8192.0,8192.0,70368744177664
burst,1024,DETECTOR_TIMEOUT,1,204,3,125000000,204,threshold,门限突发长度,True,False,213909504,214958080,1048576,8388.608,8192.0,8192.0,70368744177664
burst,1024,DETECTOR_TIMEOUT,1,205,3,125000000,205,threshold,门限突发长度,True,False,214958080,216006656,1048576,8388.608,8192.0,8192.0,70368744177664
burst,1024,DETECTOR_TIMEOUT,1,206,3,125000000,206,threshold,门限突发长度,True,False,216006656,217055232,1048576,8388.608,8192.0,8192.0,70368744177664
burst,1024,DETECTOR_TIMEOUT,1,207,3,125000000,207,threshold,门限突发长度,True,False,217055232,218103808,1048576,8388.608,8192.0,8192.0,70368744177664
burst,1024,DETECTOR_TIMEOUT,1,208,3,125000000,208,threshold,门限突发长度,True,False,218103808,219152384,1048576,8388.608,8192.0,8192.0,70368744177664
burst,1024,DETECTOR_TIMEOUT,1,209,3,125000000,209,threshold,门限突发长度,True,False,219152384,220200960,1048576,8388.608,8192.0,8192.0,70368744177664
burst,1024,DETECTOR_TIMEOUT,1,210,3,125000000,210,threshold,门限突发长度,True,False,220200960,221249536,1048576,8388.608,8192.0,8192.0,70368744177664
burst,1024,DETECTOR_TIMEOUT,1,211,3,125000000,211,threshold,门限突发长度,True,False,221249536,222298112,1048576,8388.608,8192.0,8192.0,70368744177664
burst,1024,DETECTOR_TIMEOUT,1,212,3,125000000,212,threshold,门限突发长度,True,False,222298112,223346688,1048576,8388.608,8192.0,8192.0,70368744177664
burst,1024,DETECTOR_TIMEOUT,1,213,3,125000000,213,threshold,门限突发长度,True,False,223346688,224395264,1048576,8388.608,8192.0,8192.0,70368744177664
burst,1024,DETECTOR_TIMEOUT,1,214,3,125000000,214,threshold,门限突发长度,True,False,224395264,225443840,1048576,8388.608,8192.0,8192.0,70368744177664
burst,1024,DETECTOR_TIMEOUT,1,215,3,125000000,215,threshold,门限突发长度,True,False,225443840,226492416,1048576,8388.608,8192.0,8192.0,70368744177664
burst,1024,DETECTOR_TIMEOUT,1,216,3,125000000,216,threshold,门限突发长度,True,False,226492416,227540992,1048576,8388.608,8192.0,8192.0,70368744177664
burst,1024,DETECTOR_TIMEOUT,1,217,3,125000000,217,threshold,门限突发长度,True,False,227540992,228589568,1048576,8388.608,8192.0,8192.0,70368744177664
burst,1024,DETECTOR_TIMEOUT,1,218,3,125000000,218,threshold,门限突发长度,True,False,228589568,229638144,1048576,8388.608,8192.0,8192.0,70368744177664
burst,1024,DETECTOR_TIMEOUT,1,219,3,125000000,219,threshold,门限突发长度,True,False,229638144,230686720,1048576,8388.608,8192.0,8192.0,70368744177664
burst,1024,DETECTOR_TIMEOUT,1,220,3,125000000,220,threshold,门限突发长度,True,False,230686720,231735296,1048576,8388.608,8192.0,8192.0,70368744177664
burst,1024,DETECTOR_TIMEOUT,1,221,3,125000000,221,threshold,门限突发长度,True,False,231735296,232783872,1048576,8388.608,8192.0,8192.0,70368744177664
burst,1024,DETECTOR_TIMEOUT,1,222,3,125000000,222,threshold,门限突发长度,True,False,232783872,233832448,1048576,8388.608,8192.0,8192.0,70368744177664
burst,1024,DETECTOR_TIMEOUT,1,223,3,125000000,223,threshold,门限突发长度,True,False,233832448,234881024,1048576,8388.608,8192.0,8192.0,70368744177664
burst,1024,DETECTOR_TIMEOUT,1,224,3,125000000,224,threshold,门限突发长度,True,False,234881024,235929600,1048576,8388.608,8192.0,8192.0,70368744177664
burst,1024,DETECTOR_TIMEOUT,1,225,3,125000000,225,threshold,门限突发长度,True,False,235929600,236978176,1048576,8388.608,8192.0,8192.0,70368744177664
burst,1024,DETECTOR_TIMEOUT,1,226,3,125000000,226,threshold,门限突发长度,True,False,236978176,238026752,1048576,8388.608,8192.0,8192.0,70368744177664
burst,1024,DETECTOR_TIMEOUT,1,227,3,125000000,227,threshold,门限突发长度,True,False,238026752,239075328,1048576,8388.608,8192.0,8192.0,70368744177664
burst,1024,DETECTOR_TIMEOUT,1,228,3,125000000,228,threshold,门限突发长度,True,False,239075328,240123904,1048576,8388.608,8192.0,8192.0,70368744177664
burst,1024,DETECTOR_TIMEOUT,1,229,3,125000000,229,threshold,门限突发长度,True,False,240123904,241172480,1048576,8388.608,8192.0,8192.0,70368744177664
burst,1024,DETECTOR_TIMEOUT,1,230,3,125000000,230,threshold,门限突发长度,True,False,241172480,242221056,1048576,8388.608,8192.0,8192.0,70368744177664
burst,1024,DETECTOR_TIMEOUT,1,231,3,125000000,231,threshold,门限突发长度,True,False,242221056,243269632,1048576,8388.608,8192.0,8192.0,70368744177664
burst,1024,DETECTOR_TIMEOUT,1,232,3,125000000,232,threshold,门限突发长度,True,False,243269632,244318208,1048576,8388.608,8192.0,8192.0,70368744177664
burst,1024,DETECTOR_TIMEOUT,1,233,3,125000000,233,threshold,门限突发长度,True,False,244318208,245366784,1048576,8388.608,8192.0,8192.0,70368744177664
burst,1024,DETECTOR_TIMEOUT,1,234,3,125000000,234,threshold,门限突发长度,True,False,245366784,246415360,1048576,8388.608,8192.0,8192.0,70368744177664
burst,1024,DETECTOR_TIMEOUT,1,235,3,125000000,235,threshold,门限突发长度,True,False,246415360,247463936,1048576,8388.608,8192.0,8192.0,70368744177664
burst,1024,DETECTOR_TIMEOUT,1,236,3,125000000,236,threshold,门限突发长度,True,False,247463936,248512512,1048576,8388.608,8192.0,8192.0,70368744177664
burst,1024,DETECTOR_TIMEOUT,1,237,3,125000000,237,threshold,门限突发长度,True,False,248512512,249561088,1048576,8388.608,8192.0,8192.0,70368744177664
burst,1024,DETECTOR_TIMEOUT,1,238,3,125000000,238,threshold,门限突发长度,True,False,249561088,250609664,1048576,8388.608,8192.0,8192.0,70368744177664
burst,1024,DETECTOR_TIMEOUT,1,239,3,125000000,239,threshold,门限突发长度,True,False,250609664,251658240,1048576,8388.608,8192.0,8192.0,70368744177664
burst,1024,DETECTOR_TIMEOUT,1,240,3,125000000,240,threshold,门限突发长度,True,False,251658240,252706816,1048576,8388.608,8192.0,8192.0,70368744177664
burst,1024,DETECTOR_TIMEOUT,1,241,3,125000000,241,threshold,门限突发长度,True,False,252706816,253755392,1048576,8388.608,8192.0,8192.0,70368744177664
burst,1024,DETECTOR_TIMEOUT,1,242,3,125000000,242,threshold,门限突发长度,True,False,253755392,254803968,1048576,8388.608,8192.0,8192.0,70368744177664
burst,1024,DETECTOR_TIMEOUT,1,243,3,125000000,243,threshold,门限突发长度,True,False,254803968,255852544,1048576,8388.608,8192.0,8192.0,70368744177664
burst,1024,DETECTOR_TIMEOUT,1,244,3,125000000,244,threshold,门限突发长度,True,False,255852544,256901120,1048576,8388.608,8192.0,8192.0,70368744177664
burst,1024,DETECTOR_TIMEOUT,1,245,3,125000000,245,threshold,门限突发长度,True,False,256901120,257949696,1048576,8388.608,8192.0,8192.0,70368744177664
burst,1024,DETECTOR_TIMEOUT,1,246,3,125000000,246,threshold,门限突发长度,True,False,257949696,258998272,1048576,8388.608,8192.0,8192.0,70368744177664
burst,1024,DETECTOR_TIMEOUT,1,247,3,125000000,247,threshold,门限突发长度,True,False,258998272,260046848,1048576,8388.608,8192.0,8192.0,70368744177664
burst,1024,DETECTOR_TIMEOUT,1,248,3,125000000,248,threshold,门限突发长度,True,False,260046848,261095424,1048576,8388.608,8192.0,8192.0,70368744177664
burst,1024,DETECTOR_TIMEOUT,1,249,3,125000000,249,threshold,门限突发长度,True,False,261095424,262144000,1048576,8388.608,8192.0,8192.0,70368744177664
burst,1024,DETECTOR_TIMEOUT,1,250,3,125000000,250,threshold,门限突发长度,True,False,262144000,263192576,1048576,8388.608,8192.0,8192.0,70368744177664
burst,1024,DETECTOR_TIMEOUT,1,251,3,125000000,251,threshold,门限突发长度,True,False,263192576,264241152,1048576,8388.608,8192.0,8192.0,70368744177664
burst,1024,DETECTOR_TIMEOUT,1,252,3,125000000,252,threshold,门限突发长度,True,False,264241152,265289728,1048576,8388.608,8192.0,8192.0,70368744177664
burst,1024,DETECTOR_TIMEOUT,1,253,3,125000000,253,threshold,门限突发长度,True,False,265289728,266338304,1048576,8388.608,8192.0,8192.0,70368744177664
burst,1024,DETECTOR_TIMEOUT,1,254,3,125000000,254,threshold,门限突发长度,True,False,266338304,267386880,1048576,8388.608,8192.0,8192.0,70368744177664
burst,1024,DETECTOR_TIMEOUT,1,255,3,125000000,255,threshold,门限突发长度,True,False,267386880,268435456,1048576,8388.608,8192.0,8192.0,70368744177664
burst,1024,DETECTOR_TIMEOUT,1,256,3,125000000,256,threshold,门限突发长度,True,False,268435456,269484032,1048576,8388.608,8192.0,8192.0,70368744177664
burst,1024,DETECTOR_TIMEOUT,1,257,3,125000000,257,threshold,门限突发长度,True,False,269484032,270532608,1048576,8388.608,8192.0,8192.0,70368744177664
burst,1024,DETECTOR_TIMEOUT,1,258,3,125000000,258,threshold,门限突发长度,True,False,270532608,271581184,1048576,8388.608,8192.0,8192.0,70368744177664
burst,1024,DETECTOR_TIMEOUT,1,259,3,125000000,259,threshold,门限突发长度,True,False,271581184,272629760,1048576,8388.608,8192.0,8192.0,70368744177664
burst,1024,DETECTOR_TIMEOUT,1,260,3,125000000,260,threshold,门限突发长度,True,False,272629760,273678336,1048576,8388.608,8192.0,8192.0,70368744177664
burst,1024,DETECTOR_TIMEOUT,1,261,3,125000000,261,threshold,门限突发长度,True,False,273678336,274726912,1048576,8388.608,8192.0,8192.0,70368744177664
burst,1024,DETECTOR_TIMEOUT,1,262,3,125000000,262,threshold,门限突发长度,True,False,274726912,275775488,1048576,8388.608,8192.0,8192.0,70368744177664
burst,1024,DETECTOR_TIMEOUT,1,263,3,125000000,263,threshold,门限突发长度,True,False,275775488,276824064,1048576,8388.608,8192.0,8192.0,70368744177664
burst,1024,DETECTOR_TIMEOUT,1,264,3,125000000,264,threshold,门限突发长度,True,False,276824064,277872640,1048576,8388.608,8192.0,8192.0,70368744177664
burst,1024,DETECTOR_TIMEOUT,1,265,3,125000000,265,threshold,门限突发长度,True,False,277872640,278921216,1048576,8388.608,8192.0,8192.0,70368744177664
burst,1024,DETECTOR_TIMEOUT,1,266,3,125000000,266,threshold,门限突发长度,True,False,278921216,279969792,1048576,8388.608,8192.0,8192.0,70368744177664
burst,1024,DETECTOR_TIMEOUT,1,267,3,125000000,267,threshold,门限突发长度,True,False,279969792,281018368,1048576,8388.608,8192.0,8192.0,70368744177664
burst,1024,DETECTOR_TIMEOUT,1,268,3,125000000,268,threshold,门限突发长度,True,False,281018368,282066944,1048576,8388.608,8192.0,8192.0,70368744177664
burst,1024,DETECTOR_TIMEOUT,1,269,3,125000000,269,threshold,门限突发长度,True,False,282066944,283115520,1048576,8388.608,8192.0,8192.0,70368744177664
burst,1024,DETECTOR_TIMEOUT,1,270,3,125000000,270,threshold,门限突发长度,True,False,283115520,284164096,1048576,8388.608,8192.0,8192.0,70368744177664
burst,1024,DETECTOR_TIMEOUT,1,271,3,125000000,271,threshold,门限突发长度,True,False,284164096,285212672,1048576,8388.608,8192.0,8192.0,70368744177664
burst,1024,DETECTOR_TIMEOUT,1,272,3,125000000,272,threshold,门限突发长度,True,False,285212672,286261248,1048576,8388.608,8192.0,8192.0,70368744177664
burst,1024,DETECTOR_TIMEOUT,1,273,3,125000000,273,threshold,门限突发长度,True,False,286261248,287309824,1048576,8388.608,8192.0,8192.0,70368744177664
burst,1024,DETECTOR_TIMEOUT,1,274,3,125000000,274,threshold,门限突发长度,True,False,287309824,288358400,1048576,8388.608,8192.0,8192.0,70368744177664
burst,1024,DETECTOR_TIMEOUT,1,275,3,125000000,275,threshold,门限突发长度,True,False,288358400,289406976,1048576,8388.608,8192.0,8192.0,70368744177664
burst,1024,DETECTOR_TIMEOUT,1,276,3,125000000,276,threshold,门限突发长度,True,False,289406976,290455552,1048576,8388.608,8192.0,8192.0,70368744177664
burst,1024,DETECTOR_TIMEOUT,1,277,3,125000000,277,threshold,门限突发长度,True,False,290455552,291504128,1048576,8388.608,8192.0,8192.0,70368744177664
burst,1024,DETECTOR_TIMEOUT,1,278,3,125000000,278,threshold,门限突发长度,True,False,291504128,292552704,1048576,8388.608,8192.0,8192.0,70368744177664
burst,1024,DETECTOR_TIMEOUT,1,279,3,125000000,279,threshold,门限突发长度,True,False,292552704,293601280,1048576,8388.608,8192.0,8192.0,70368744177664
burst,1024,DETECTOR_TIMEOUT,1,280,3,125000000,280,threshold,门限突发长度,True,False,293601280,294649856,1048576,8388.608,8192.0,8192.0,70368744177664
burst,1024,DETECTOR_TIMEOUT,1,281,3,125000000,281,threshold,门限突发长度,True,False,294649856,295698432,1048576,8388.608,8192.0,8192.0,70368744177664
burst,1024,DETECTOR_TIMEOUT,1,282,3,125000000,282,threshold,门限突发长度,True,False,295698432,296747008,1048576,8388.608,8192.0,8192.0,70368744177664
burst,1024,DETECTOR_TIMEOUT,1,283,3,125000000,283,threshold,门限突发长度,True,False,296747008,297795584,1048576,8388.608,8192.0,8192.0,70368744177664
burst,1024,DETECTOR_TIMEOUT,1,284,3,125000000,284,threshold,门限突发长度,True,False,297795584,298844160,1048576,8388.608,8192.0,8192.0,70368744177664
burst,1024,DETECTOR_TIMEOUT,1,285,3,125000000,285,threshold,门限突发长度,True,False,298844160,299892736,1048576,8388.608,8192.0,8192.0,70368744177664
burst,1024,DETECTOR_TIMEOUT,1,286,3,125000000,286,threshold,门限突发长度,True,False,299892736,300941312,1048576,8388.608,8192.0,8192.0,70368744177664
burst,1024,DETECTOR_TIMEOUT,1,287,3,125000000,287,threshold,门限突发长度,True,False,300941312,301989888,1048576,8388.608,8192.0,8192.0,70368744177664
burst,1024,DETECTOR_TIMEOUT,1,288,3,125000000,288,threshold,门限突发长度,True,False,301989888,303038464,1048576,8388.608,8192.0,8192.0,70368744177664
burst,1024,DETECTOR_TIMEOUT,1,289,3,125000000,289,threshold,门限突发长度,True,False,303038464,304087040,1048576,8388.608,8192.0,8192.0,70368744177664
burst,1024,DETECTOR_TIMEOUT,1,290,3,125000000,290,threshold,门限突发长度,True,False,304087040,305135616,1048576,8388.608,8192.0,8192.0,70368744177664
burst,1024,DETECTOR_TIMEOUT,1,291,3,125000000,291,threshold,门限突发长度,True,False,305135616,306184192,1048576,8388.608,8192.0,8192.0,70368744177664
burst,1024,DETECTOR_TIMEOUT,1,292,3,125000000,292,threshold,门限突发长度,True,False,306184192,307232768,1048576,8388.608,8192.0,8192.0,70368744177664
burst,1024,DETECTOR_TIMEOUT,1,293,3,125000000,293,threshold,门限突发长度,True,False,307232768,308281344,1048576,8388.608,8192.0,8192.0,70368744177664
burst,1024,DETECTOR_TIMEOUT,1,294,3,125000000,294,threshold,门限突发长度,True,False,308281344,309329920,1048576,8388.608,8192.0,8192.0,70368744177664
burst,1024,DETECTOR_TIMEOUT,1,295,3,125000000,295,threshold,门限突发长度,True,False,309329920,310378496,1048576,8388.608,8192.0,8192.0,70368744177664
burst,1024,DETECTOR_TIMEOUT,1,296,3,125000000,296,threshold,门限突发长度,True,False,310378496,311427072,1048576,8388.608,8192.0,8192.0,70368744177664
burst,1024,DETECTOR_TIMEOUT,1,297,3,125000000,297,threshold,门限突发长度,True,False,311427072,312475648,1048576,8388.608,8192.0,8192.0,70368744177664
burst,1024,DETECTOR_TIMEOUT,1,298,3,125000000,298,threshold,门限突发长度,True,False,312475648,313524224,1048576,8388.608,8192.0,8192.0,70368744177664
burst,1024,DETECTOR_TIMEOUT,1,299,3,125000000,299,threshold,门限突发长度,True,False,313524224,314572800,1048576,8388.608,8192.0,8192.0,70368744177664
burst,1024,DETECTOR_TIMEOUT,1,300,3,125000000,300,threshold,门限突发长度,True,False,314572800,315621376,1048576,8388.608,8192.0,8192.0,70368744177664
burst,1024,DETECTOR_TIMEOUT,1,301,3,125000000,301,threshold,门限突发长度,True,False,315621376,316669952,1048576,8388.608,8192.0,8192.0,70368744177664
burst,1024,DETECTOR_TIMEOUT,1,302,3,125000000,302,threshold,门限突发长度,True,False,316669952,317718528,1048576,8388.608,8192.0,8192.0,70368744177664
burst,1024,DETECTOR_TIMEOUT,1,303,3,125000000,303,threshold,门限突发长度,True,False,317718528,318767104,1048576,8388.608,8192.0,8192.0,70368744177664
burst,1024,DETECTOR_TIMEOUT,1,304,3,125000000,304,threshold,门限突发长度,True,False,318767104,319815680,1048576,8388.608,8192.0,8192.0,70368744177664
burst,1024,DETECTOR_TIMEOUT,1,305,3,125000000,305,threshold,门限突发长度,True,False,319815680,320864256,1048576,8388.608,8192.0,8192.0,70368744177664
burst,1024,DETECTOR_TIMEOUT,1,306,3,125000000,306,threshold,门限突发长度,True,False,320864256,321912832,1048576,8388.608,8192.0,8192.0,70368744177664
burst,1024,DETECTOR_TIMEOUT,1,307,3,125000000,307,threshold,门限突发长度,True,False,321912832,322961408,1048576,8388.608,8192.0,8192.0,70368744177664
burst,1024,DETECTOR_TIMEOUT,1,308,3,125000000,308,threshold,门限突发长度,True,False,322961408,324009984,1048576,8388.608,8192.0,8192.0,70368744177664
burst,1024,DETECTOR_TIMEOUT,1,309,3,125000000,309,threshold,门限突发长度,True,False,324009984,325058560,1048576,8388.608,8192.0,8192.0,70368744177664
burst,1024,DETECTOR_TIMEOUT,1,310,3,125000000,310,threshold,门限突发长度,True,False,325058560,326107136,1048576,8388.608,8192.0,8192.0,70368744177664
burst,1024,DETECTOR_TIMEOUT,1,311,3,125000000,311,threshold,门限突发长度,True,False,326107136,327155712,1048576,8388.608,8192.0,8192.0,70368744177664
burst,1024,DETECTOR_TIMEOUT,1,312,3,125000000,312,threshold,门限突发长度,True,False,327155712,328204288,1048576,8388.608,8192.0,8192.0,70368744177664
burst,1024,DETECTOR_TIMEOUT,1,313,3,125000000,313,threshold,门限突发长度,True,False,328204288,329252864,1048576,8388.608,8192.0,8192.0,70368744177664
burst,1024,DETECTOR_TIMEOUT,1,314,3,125000000,314,threshold,门限突发长度,True,False,329252864,330301440,1048576,8388.608,8192.0,8192.0,70368744177664
burst,1024,DETECTOR_TIMEOUT,1,315,3,125000000,315,threshold,门限突发长度,True,False,330301440,331350016,1048576,8388.608,8192.0,8192.0,70368744177664
burst,1024,DETECTOR_TIMEOUT,1,316,3,125000000,316,threshold,门限突发长度,True,False,331350016,332398592,1048576,8388.608,8192.0,8192.0,70368744177664
burst,1024,DETECTOR_TIMEOUT,1,317,3,125000000,317,threshold,门限突发长度,True,False,332398592,333447168,1048576,8388.608,8192.0,8192.0,70368744177664
burst,1024,DETECTOR_TIMEOUT,1,318,3,125000000,318,threshold,门限突发长度,True,False,333447168,334495744,1048576,8388.608,8192.0,8192.0,70368744177664
burst,1024,DETECTOR_TIMEOUT,1,319,3,125000000,319,threshold,门限突发长度,True,False,334495744,335544320,1048576,8388.608,8192.0,8192.0,70368744177664
burst,1024,DETECTOR_TIMEOUT,1,320,3,125000000,320,threshold,门限突发长度,True,False,335544320,336592896,1048576,8388.608,8192.0,8192.0,70368744177664
burst,1024,DETECTOR_TIMEOUT,1,321,3,125000000,321,threshold,门限突发长度,True,False,336592896,337641472,1048576,8388.608,8192.0,8192.0,70368744177664
burst,1024,DETECTOR_TIMEOUT,1,322,3,125000000,322,threshold,门限突发长度,True,False,337641472,338690048,1048576,8388.608,8192.0,8192.0,70368744177664
burst,1024,DETECTOR_TIMEOUT,1,323,3,125000000,323,threshold,门限突发长度,True,False,338690048,339738624,1048576,8388.608,8192.0,8192.0,70368744177664
burst,1024,DETECTOR_TIMEOUT,1,324,3,125000000,324,threshold,门限突发长度,True,False,339738624,340787200,1048576,8388.608,8192.0,8192.0,70368744177664
burst,1024,DETECTOR_TIMEOUT,1,325,3,125000000,325,threshold,门限突发长度,True,False,340787200,341835776,1048576,8388.608,8192.0,8192.0,70368744177664
burst,1024,DETECTOR_TIMEOUT,1,326,3,125000000,326,threshold,门限突发长度,True,False,341835776,342884352,1048576,8388.608,8192.0,8192.0,70368744177664
burst,1024,DETECTOR_TIMEOUT,1,327,3,125000000,327,threshold,门限突发长度,True,False,342884352,343932928,1048576,8388.608,8192.0,8192.0,70368744177664
burst,1024,DETECTOR_TIMEOUT,1,328,3,125000000,328,threshold,门限突发长度,True,False,343932928,344981504,1048576,8388.608,8192.0,8192.0,70368744177664
burst,1024,DETECTOR_TIMEOUT,1,329,3,125000000,329,threshold,门限突发长度,True,False,344981504,346030080,1048576,8388.608,8192.0,8192.0,70368744177664
burst,1024,DETECTOR_TIMEOUT,1,330,3,125000000,330,threshold,门限突发长度,True,False,346030080,347078656,1048576,8388.608,8192.0,8192.0,70368744177664
burst,1024,DETECTOR_TIMEOUT,1,331,3,125000000,331,threshold,门限突发长度,True,False,347078656,348127232,1048576,8388.608,8192.0,8192.0,70368744177664
burst,1024,DETECTOR_TIMEOUT,1,332,3,125000000,332,threshold,门限突发长度,True,False,348127232,349175808,1048576,8388.608,8192.0,8192.0,70368744177664
burst,1024,DETECTOR_TIMEOUT,1,333,3,125000000,333,threshold,门限突发长度,True,False,349175808,350224384,1048576,8388.608,8192.0,8192.0,70368744177664
burst,1024,DETECTOR_TIMEOUT,1,334,3,125000000,334,threshold,门限突发长度,True,False,350224384,351272960,1048576,8388.608,8192.0,8192.0,70368744177664
burst,1024,DETECTOR_TIMEOUT,1,335,3,125000000,335,threshold,门限突发长度,True,False,351272960,352321536,1048576,8388.608,8192.0,8192.0,70368744177664
burst,1024,DETECTOR_TIMEOUT,1,336,3,125000000,336,threshold,门限突发长度,True,False,352321536,353370112,1048576,8388.608,8192.0,8192.0,70368744177664
burst,1024,DETECTOR_TIMEOUT,1,337,3,125000000,337,threshold,门限突发长度,True,False,353370112,354418688,1048576,8388.608,8192.0,8192.0,70368744177664
burst,1024,DETECTOR_TIMEOUT,1,338,3,125000000,338,threshold,门限突发长度,True,False,354418688,355467264,1048576,8388.608,8192.0,8192.0,70368744177664
burst,1024,DETECTOR_TIMEOUT,1,339,3,125000000,339,threshold,门限突发长度,True,False,355467264,356515840,1048576,8388.608,8192.0,8192.0,70368744177664
burst,1024,DETECTOR_TIMEOUT,1,340,3,125000000,340,threshold,门限突发长度,True,False,356515840,357564416,1048576,8388.608,8192.0,8192.0,70368744177664
burst,1024,DETECTOR_TIMEOUT,1,341,3,125000000,341,threshold,门限突发长度,True,False,357564416,358612992,1048576,8388.608,8192.0,8192.0,70368744177664
burst,1024,DETECTOR_TIMEOUT,1,342,3,125000000,342,threshold,门限突发长度,True,False,358612992,359661568,1048576,8388.608,8192.0,8192.0,70368744177664
burst,1024,DETECTOR_TIMEOUT,1,343,3,125000000,343,threshold,门限突发长度,True,False,359661568,360710144,1048576,8388.608,8192.0,8192.0,70368744177664
burst,1024,DETECTOR_TIMEOUT,1,344,3,125000000,344,threshold,门限突发长度,True,False,360710144,361758720,1048576,8388.608,8192.0,8192.0,70368744177664
burst,1024,DETECTOR_TIMEOUT,1,345,3,125000000,345,threshold,门限突发长度,True,False,361758720,362807296,1048576,8388.608,8192.0,8192.0,70368744177664
burst,1024,DETECTOR_TIMEOUT,1,346,3,125000000,346,threshold,门限突发长度,True,False,362807296,363855872,1048576,8388.608,8192.0,8192.0,70368744177664
burst,1024,DETECTOR_TIMEOUT,1,347,3,125000000,347,threshold,门限突发长度,True,False,363855872,364904448,1048576,8388.608,8192.0,8192.0,70368744177664
burst,1024,DETECTOR_TIMEOUT,1,348,3,125000000,348,threshold,门限突发长度,True,False,364904448,365953024,1048576,8388.608,8192.0,8192.0,70368744177664
burst,1024,DETECTOR_TIMEOUT,1,349,3,125000000,349,threshold,门限突发长度,True,False,365953024,367001600,1048576,8388.608,8192.0,8192.0,70368744177664
burst,1024,DETECTOR_TIMEOUT,1,350,3,125000000,350,threshold,门限突发长度,True,False,367001600,368050176,1048576,8388.608,8192.0,8192.0,70368744177664
burst,1024,DETECTOR_TIMEOUT,1,351,3,125000000,351,threshold,门限突发长度,True,False,368050176,369098752,1048576,8388.608,8192.0,8192.0,70368744177664
burst,1024,DETECTOR_TIMEOUT,1,352,3,125000000,352,threshold,门限突发长度,True,False,369098752,370147328,1048576,8388.608,8192.0,8192.0,70368744177664
burst,1024,DETECTOR_TIMEOUT,1,353,3,125000000,353,threshold,门限突发长度,True,False,370147328,371195904,1048576,8388.608,8192.0,8192.0,70368744177664
burst,1024,DETECTOR_TIMEOUT,1,354,3,125000000,354,threshold,门限突发长度,True,False,371195904,372244480,1048576,8388.608,8192.0,8192.0,70368744177664
burst,1024,DETECTOR_TIMEOUT,1,355,3,125000000,355,threshold,门限突发长度,True,False,372244480,373293056,1048576,8388.608,8192.0,8192.0,70368744177664
burst,1024,DETECTOR_TIMEOUT,1,356,3,125000000,356,threshold,门限突发长度,True,False,373293056,374341632,1048576,8388.608,8192.0,8192.0,70368744177664
burst,1024,DETECTOR_TIMEOUT,1,357,3,125000000,357,threshold,门限突发长度,True,False,374341632,375390208,1048576,8388.608,8192.0,8192.0,70368744177664
burst,1024,DETECTOR_TIMEOUT,1,358,3,125000000,358,threshold,门限突发长度,True,False,375390208,376438784,1048576,8388.608,8192.0,8192.0,70368744177664
burst,1024,DETECTOR_TIMEOUT,1,359,3,125000000,359,threshold,门限突发长度,True,False,376438784,377487360,1048576,8388.608,8192.0,8192.0,70368744177664
burst,1024,DETECTOR_TIMEOUT,1,360,3,125000000,360,threshold,门限突发长度,True,False,377487360,378535936,1048576,8388.608,8192.0,8192.0,70368744177664
burst,1024,DETECTOR_TIMEOUT,1,361,3,125000000,361,threshold,门限突发长度,True,False,378535936,379584512,1048576,8388.608,8192.0,8192.0,70368744177664
burst,1024,DETECTOR_TIMEOUT,1,362,3,125000000,362,threshold,门限突发长度,True,False,379584512,380633088,1048576,8388.608,8192.0,8192.0,70368744177664
burst,1024,DETECTOR_TIMEOUT,1,363,3,125000000,363,threshold,门限突发长度,True,False,380633088,381681664,1048576,8388.608,8192.0,8192.0,70368744177664
burst,1024,DETECTOR_TIMEOUT,1,364,3,125000000,364,threshold,门限突发长度,True,False,381681664,382730240,1048576,8388.608,8192.0,8192.0,70368744177664
burst,1024,DETECTOR_TIMEOUT,1,365,3,125000000,365,threshold,门限突发长度,True,False,382730240,383778816,1048576,8388.608,8192.0,8192.0,70368744177664
burst,1024,DETECTOR_TIMEOUT,1,366,3,125000000,366,threshold,门限突发长度,True,False,383778816,384827392,1048576,8388.608,8192.0,8192.0,70368744177664
burst,1024,DETECTOR_TIMEOUT,1,367,3,125000000,367,threshold,门限突发长度,True,False,384827392,385875968,1048576,8388.608,8192.0,8192.0,70368744177664
burst,1024,DETECTOR_TIMEOUT,1,368,3,125000000,368,threshold,门限突发长度,True,False,385875968,386924544,1048576,8388.608,8192.0,8192.0,70368744177664
burst,1024,DETECTOR_TIMEOUT,1,369,3,125000000,369,threshold,门限突发长度,True,False,386924544,387973120,1048576,8388.608,8192.0,8192.0,70368744177664
burst,1024,DETECTOR_TIMEOUT,1,370,3,125000000,370,threshold,门限突发长度,True,False,387973120,389021696,1048576,8388.608,8192.0,8192.0,70368744177664
burst,1024,DETECTOR_TIMEOUT,1,371,3,125000000,371,threshold,门限突发长度,True,False,389021696,390070272,1048576,8388.608,8192.0,8192.0,70368744177664
burst,1024,DETECTOR_TIMEOUT,1,372,3,125000000,372,threshold,门限突发长度,True,False,390070272,391118848,1048576,8388.608,8192.0,8192.0,70368744177664
burst,1024,DETECTOR_TIMEOUT,1,373,3,125000000,373,threshold,门限突发长度,True,False,391118848,392167424,1048576,8388.608,8192.0,8192.0,70368744177664
burst,1024,DETECTOR_TIMEOUT,1,374,3,125000000,374,threshold,门限突发长度,True,False,392167424,393216000,1048576,8388.608,8192.0,8192.0,70368744177664
burst,1024,DETECTOR_TIMEOUT,1,375,3,125000000,375,threshold,门限突发长度,True,False,393216000,394264576,1048576,8388.608,8192.0,8192.0,70368744177664
burst,1024,DETECTOR_TIMEOUT,1,376,3,125000000,376,threshold,门限突发长度,True,False,394264576,395313152,1048576,8388.608,8192.0,8192.0,70368744177664
burst,1024,DETECTOR_TIMEOUT,1,377,3,125000000,377,threshold,门限突发长度,True,False,395313152,396361728,1048576,8388.608,8192.0,8192.0,70368744177664
burst,1024,DETECTOR_TIMEOUT,1,378,3,125000000,378,threshold,门限突发长度,True,False,396361728,397410304,1048576,8388.608,8192.0,8192.0,70368744177664
burst,1024,DETECTOR_TIMEOUT,1,379,3,125000000,379,threshold,门限突发长度,True,False,397410304,398458880,1048576,8388.608,8192.0,8192.0,70368744177664
burst,1024,DETECTOR_TIMEOUT,1,380,3,125000000,380,threshold,门限突发长度,True,False,398458880,399507456,1048576,8388.608,8192.0,8192.0,70368744177664
burst,1024,DETECTOR_TIMEOUT,1,381,3,125000000,381,threshold,门限突发长度,True,False,399507456,400556032,1048576,8388.608,8192.0,8192.0,70368744177664
burst,1024,DETECTOR_TIMEOUT,1,382,3,125000000,382,threshold,门限突发长度,True,False,400556032,401604608,1048576,8388.608,8192.0,8192.0,70368744177664
burst,1024,DETECTOR_TIMEOUT,1,383,3,125000000,383,threshold,门限突发长度,True,False,401604608,402653184,1048576,8388.608,8192.0,8192.0,70368744177664
burst,1024,DETECTOR_TIMEOUT,1,384,3,125000000,384,threshold,门限突发长度,True,False,402653184,403701760,1048576,8388.608,8192.0,8192.0,70368744177664
burst,1024,DETECTOR_TIMEOUT,1,385,3,125000000,385,threshold,门限突发长度,True,False,403701760,404750336,1048576,8388.608,8192.0,8192.0,70368744177664
burst,1024,DETECTOR_TIMEOUT,1,386,3,125000000,386,threshold,门限突发长度,True,False,404750336,405798912,1048576,8388.608,8192.0,8192.0,70368744177664
burst,1024,DETECTOR_TIMEOUT,1,387,3,125000000,387,threshold,门限突发长度,True,False,405798912,406847488,1048576,8388.608,8192.0,8192.0,70368744177664
burst,1024,DETECTOR_TIMEOUT,1,388,3,125000000,388,threshold,门限突发长度,True,False,406847488,407896064,1048576,8388.608,8192.0,8192.0,70368744177664
burst,1024,DETECTOR_TIMEOUT,1,389,3,125000000,389,threshold,门限突发长度,True,False,407896064,408944640,1048576,8388.608,8192.0,8192.0,70368744177664
burst,1024,DETECTOR_TIMEOUT,1,390,3,125000000,390,threshold,门限突发长度,True,False,408944640,409993216,1048576,8388.608,8192.0,8192.0,70368744177664
burst,1024,DETECTOR_TIMEOUT,1,391,3,125000000,391,threshold,门限突发长度,True,False,409993216,411041792,1048576,8388.608,8192.0,8192.0,70368744177664
burst,1024,DETECTOR_TIMEOUT,1,392,3,125000000,392,threshold,门限突发长度,True,False,411041792,412090368,1048576,8388.608,8192.0,8192.0,70368744177664
burst,1024,DETECTOR_TIMEOUT,1,393,3,125000000,393,threshold,门限突发长度,True,False,412090368,413138944,1048576,8388.608,8192.0,8192.0,70368744177664
burst,1024,DETECTOR_TIMEOUT,1,394,3,125000000,394,threshold,门限突发长度,True,False,413138944,414187520,1048576,8388.608,8192.0,8192.0,70368744177664
burst,1024,DETECTOR_TIMEOUT,1,395,3,125000000,395,threshold,门限突发长度,True,False,414187520,415236096,1048576,8388.608,8192.0,8192.0,70368744177664
burst,1024,DETECTOR_TIMEOUT,1,396,3,125000000,396,threshold,门限突发长度,True,False,415236096,416284672,1048576,8388.608,8192.0,8192.0,70368744177664
burst,1024,DETECTOR_TIMEOUT,1,397,3,125000000,397,threshold,门限突发长度,True,False,416284672,417333248,1048576,8388.608,8192.0,8192.0,70368744177664
burst,1024,DETECTOR_TIMEOUT,1,398,3,125000000,398,threshold,门限突发长度,True,False,417333248,418381824,1048576,8388.608,8192.0,8192.0,70368744177664
burst,1024,DETECTOR_TIMEOUT,1,399,3,125000000,399,threshold,门限突发长度,True,False,418381824,419430400,1048576,8388.608,8192.0,8192.0,70368744177664
burst,1024,DETECTOR_TIMEOUT,1,400,3,125000000,400,threshold,门限突发长度,True,False,419430400,420478976,1048576,8388.608,8192.0,8192.0,70368744177664
burst,1024,DETECTOR_TIMEOUT,1,401,3,125000000,401,threshold,门限突发长度,True,False,420478976,421527552,1048576,8388.608,8192.0,8192.0,70368744177664
burst,1024,DETECTOR_TIMEOUT,1,402,3,125000000,402,threshold,门限突发长度,True,False,421527552,422576128,1048576,8388.608,8192.0,8192.0,70368744177664
burst,1024,DETECTOR_TIMEOUT,1,403,3,125000000,403,threshold,门限突发长度,True,False,422576128,423624704,1048576,8388.608,8192.0,8192.0,70368744177664
burst,1024,DETECTOR_TIMEOUT,1,404,3,125000000,404,threshold,门限突发长度,True,False,423624704,424673280,1048576,8388.608,8192.0,8192.0,70368744177664
burst,1024,DETECTOR_TIMEOUT,1,405,3,125000000,405,threshold,门限突发长度,True,False,424673280,425721856,1048576,8388.608,8192.0,8192.0,70368744177664
burst,1024,DETECTOR_TIMEOUT,1,406,3,125000000,406,threshold,门限突发长度,True,False,425721856,426770432,1048576,8388.608,8192.0,8192.0,70368744177664
burst,1024,DETECTOR_TIMEOUT,1,407,3,125000000,407,threshold,门限突发长度,True,False,426770432,427819008,1048576,8388.608,8192.0,8192.0,70368744177664
burst,1024,DETECTOR_TIMEOUT,1,408,3,125000000,408,threshold,门限突发长度,True,False,427819008,428867584,1048576,8388.608,8192.0,8192.0,70368744177664
burst,1024,DETECTOR_TIMEOUT,1,409,3,125000000,409,threshold,门限突发长度,True,False,428867584,429916160,1048576,8388.608,8192.0,8192.0,70368744177664
burst,1024,DETECTOR_TIMEOUT,1,410,3,125000000,410,threshold,门限突发长度,True,False,429916160,430964736,1048576,8388.608,8192.0,8192.0,70368744177664
burst,1024,DETECTOR_TIMEOUT,1,411,3,125000000,411,threshold,门限突发长度,True,False,430964736,432013312,1048576,8388.608,8192.0,8192.0,70368744177664
burst,1024,DETECTOR_TIMEOUT,1,412,3,125000000,412,threshold,门限突发长度,True,False,432013312,433061888,1048576,8388.608,8192.0,8192.0,70368744177664
burst,1024,DETECTOR_TIMEOUT,1,413,3,125000000,413,threshold,门限突发长度,True,False,433061888,434110464,1048576,8388.608,8192.0,8192.0,70368744177664
burst,1024,DETECTOR_TIMEOUT,1,414,3,125000000,414,threshold,门限突发长度,True,False,434110464,435159040,1048576,8388.608,8192.0,8192.0,70368744177664
burst,1024,DETECTOR_TIMEOUT,1,415,3,125000000,415,threshold,门限突发长度,True,False,435159040,436207616,1048576,8388.608,8192.0,8192.0,70368744177664
burst,1024,DETECTOR_TIMEOUT,1,416,3,125000000,416,threshold,门限突发长度,True,False,436207616,437256192,1048576,8388.608,8192.0,8192.0,70368744177664
burst,1024,DETECTOR_TIMEOUT,1,417,3,125000000,417,threshold,门限突发长度,True,False,437256192,438304768,1048576,8388.608,8192.0,8192.0,70368744177664
burst,1024,DETECTOR_TIMEOUT,1,418,3,125000000,418,threshold,门限突发长度,True,False,438304768,439353344,1048576,8388.608,8192.0,8192.0,70368744177664
burst,1024,DETECTOR_TIMEOUT,1,419,3,125000000,419,threshold,门限突发长度,True,False,439353344,440401920,1048576,8388.608,8192.0,8192.0,70368744177664
burst,1024,DETECTOR_TIMEOUT,1,420,3,125000000,420,threshold,门限突发长度,True,False,440401920,441450496,1048576,8388.608,8192.0,8192.0,70368744177664
burst,1024,DETECTOR_TIMEOUT,1,421,3,125000000,421,threshold,门限突发长度,True,False,441450496,442499072,1048576,8388.608,8192.0,8192.0,70368744177664
burst,1024,DETECTOR_TIMEOUT,1,422,3,125000000,422,threshold,门限突发长度,True,False,442499072,443547648,1048576,8388.608,8192.0,8192.0,70368744177664
burst,1024,DETECTOR_TIMEOUT,1,423,3,125000000,423,threshold,门限突发长度,True,False,443547648,444596224,1048576,8388.608,8192.0,8192.0,70368744177664
burst,1024,DETECTOR_TIMEOUT,1,424,3,125000000,424,threshold,门限突发长度,True,False,444596224,445644800,1048576,8388.608,8192.0,8192.0,70368744177664
burst,1024,DETECTOR_TIMEOUT,1,425,3,125000000,425,threshold,门限突发长度,True,False,445644800,446693376,1048576,8388.608,8192.0,8192.0,70368744177664
burst,1024,DETECTOR_TIMEOUT,1,426,3,125000000,426,threshold,门限突发长度,True,False,446693376,447741952,1048576,8388.608,8192.0,8192.0,70368744177664
burst,1024,DETECTOR_TIMEOUT,1,427,3,125000000,427,threshold,门限突发长度,True,False,447741952,448790528,1048576,8388.608,8192.0,8192.0,70368744177664
burst,1024,DETECTOR_TIMEOUT,1,428,3,125000000,428,threshold,门限突发长度,True,False,448790528,449839104,1048576,8388.608,8192.0,8192.0,70368744177664
burst,1024,DETECTOR_TIMEOUT,1,429,3,125000000,429,threshold,门限突发长度,True,False,449839104,450887680,1048576,8388.608,8192.0,8192.0,70368744177664
burst,1024,DETECTOR_TIMEOUT,1,430,3,125000000,430,threshold,门限突发长度,True,False,450887680,451936256,1048576,8388.608,8192.0,8192.0,70368744177664
burst,1024,DETECTOR_TIMEOUT,1,431,3,125000000,431,threshold,门限突发长度,True,False,451936256,452984832,1048576,8388.608,8192.0,8192.0,70368744177664
burst,1024,DETECTOR_TIMEOUT,1,432,3,125000000,432,threshold,门限突发长度,True,False,452984832,454033408,1048576,8388.608,8192.0,8192.0,70368744177664
burst,1024,DETECTOR_TIMEOUT,1,433,3,125000000,433,threshold,门限突发长度,True,False,454033408,455081984,1048576,8388.608,8192.0,8192.0,70368744177664
burst,1024,DETECTOR_TIMEOUT,1,434,3,125000000,434,threshold,门限突发长度,True,False,455081984,456130560,1048576,8388.608,8192.0,8192.0,70368744177664
burst,1024,DETECTOR_TIMEOUT,1,435,3,125000000,435,threshold,门限突发长度,True,False,456130560,457179136,1048576,8388.608,8192.0,8192.0,70368744177664
burst,1024,DETECTOR_TIMEOUT,1,436,3,125000000,436,threshold,门限突发长度,True,False,457179136,458227712,1048576,8388.608,8192.0,8192.0,70368744177664
burst,1024,DETECTOR_TIMEOUT,1,437,3,125000000,437,threshold,门限突发长度,True,False,458227712,459276288,1048576,8388.608,8192.0,8192.0,70368744177664
burst,1024,DETECTOR_TIMEOUT,1,438,3,125000000,438,threshold,门限突发长度,True,False,459276288,460324864,1048576,8388.608,8192.0,8192.0,70368744177664
burst,1024,DETECTOR_TIMEOUT,1,439,3,125000000,439,threshold,门限突发长度,True,False,460324864,461373440,1048576,8388.608,8192.0,8192.0,70368744177664
burst,1024,DETECTOR_TIMEOUT,1,440,3,125000000,440,threshold,门限突发长度,True,False,461373440,462422016,1048576,8388.608,8192.0,8192.0,70368744177664
burst,1024,DETECTOR_TIMEOUT,1,441,3,125000000,441,threshold,门限突发长度,True,False,462422016,463470592,1048576,8388.608,8192.0,8192.0,70368744177664
burst,1024,DETECTOR_TIMEOUT,1,442,3,125000000,442,threshold,门限突发长度,True,False,463470592,464519168,1048576,8388.608,8192.0,8192.0,70368744177664
burst,1024,DETECTOR_TIMEOUT,1,443,3,125000000,443,threshold,门限突发长度,True,False,464519168,465567744,1048576,8388.608,8192.0,8192.0,70368744177664
burst,1024,DETECTOR_TIMEOUT,1,444,3,125000000,444,threshold,门限突发长度,True,False,465567744,466616320,1048576,8388.608,8192.0,8192.0,70368744177664
burst,1024,DETECTOR_TIMEOUT,1,445,3,125000000,445,threshold,门限突发长度,True,False,466616320,467664896,1048576,8388.608,8192.0,8192.0,70368744177664
burst,1024,DETECTOR_TIMEOUT,1,446,3,125000000,446,threshold,门限突发长度,True,False,467664896,468713472,1048576,8388.608,8192.0,8192.0,70368744177664
burst,1024,DETECTOR_TIMEOUT,1,447,3,125000000,447,threshold,门限突发长度,True,False,468713472,469762048,1048576,8388.608,8192.0,8192.0,70368744177664
burst,1024,DETECTOR_TIMEOUT,1,448,3,125000000,448,threshold,门限突发长度,True,False,469762048,470810624,1048576,8388.608,8192.0,8192.0,70368744177664
burst,1024,DETECTOR_TIMEOUT,1,449,3,125000000,449,threshold,门限突发长度,True,False,470810624,471859200,1048576,8388.608,8192.0,8192.0,70368744177664
burst,1024,DETECTOR_TIMEOUT,1,450,3,125000000,450,threshold,门限突发长度,True,False,471859200,472907776,1048576,8388.608,8192.0,8192.0,70368744177664
burst,1024,DETECTOR_TIMEOUT,1,451,3,125000000,451,threshold,门限突发长度,True,False,472907776,473956352,1048576,8388.608,8192.0,8192.0,70368744177664
burst,1024,DETECTOR_TIMEOUT,1,452,3,125000000,452,threshold,门限突发长度,True,False,473956352,475004928,1048576,8388.608,8192.0,8192.0,70368744177664
burst,1024,DETECTOR_TIMEOUT,1,453,3,125000000,453,threshold,门限突发长度,True,False,475004928,476053504,1048576,8388.608,8192.0,8192.0,70368744177664
burst,1024,DETECTOR_TIMEOUT,1,454,3,125000000,454,threshold,门限突发长度,True,False,476053504,477102080,1048576,8388.608,8192.0,8192.0,70368744177664
burst,1024,DETECTOR_TIMEOUT,1,455,3,125000000,455,threshold,门限突发长度,True,False,477102080,478150656,1048576,8388.608,8192.0,8192.0,70368744177664
burst,1024,DETECTOR_TIMEOUT,1,456,3,125000000,456,threshold,门限突发长度,True,False,478150656,479199232,1048576,8388.608,8192.0,8192.0,70368744177664
burst,1024,DETECTOR_TIMEOUT,1,457,3,125000000,457,threshold,门限突发长度,True,False,479199232,480247808,1048576,8388.608,8192.0,8192.0,70368744177664
burst,1024,DETECTOR_TIMEOUT,1,458,3,125000000,458,threshold,门限突发长度,True,False,480247808,481296384,1048576,8388.608,8192.0,8192.0,70368744177664
burst,1024,DETECTOR_TIMEOUT,1,459,3,125000000,459,threshold,门限突发长度,True,False,481296384,482344960,1048576,8388.608,8192.0,8192.0,70368744177664
burst,1024,DETECTOR_TIMEOUT,1,460,3,125000000,460,threshold,门限突发长度,True,False,482344960,483393536,1048576,8388.608,8192.0,8192.0,70368744177664
burst,1024,DETECTOR_TIMEOUT,1,461,3,125000000,461,threshold,门限突发长度,True,False,483393536,484442112,1048576,8388.608,8192.0,8192.0,70368744177664
burst,1024,DETECTOR_TIMEOUT,1,462,3,125000000,462,threshold,门限突发长度,True,False,484442112,485490688,1048576,8388.608,8192.0,8192.0,70368744177664
burst,1024,DETECTOR_TIMEOUT,1,463,3,125000000,463,threshold,门限突发长度,True,False,485490688,486539264,1048576,8388.608,8192.0,8192.0,70368744177664
burst,1024,DETECTOR_TIMEOUT,1,464,3,125000000,464,threshold,门限突发长度,True,False,486539264,487587840,1048576,8388.608,8192.0,8192.0,70368744177664
burst,1024,DETECTOR_TIMEOUT,1,465,3,125000000,465,threshold,门限突发长度,True,False,487587840,488636416,1048576,8388.608,8192.0,8192.0,70368744177664
burst,1024,DETECTOR_TIMEOUT,1,466,3,125000000,466,threshold,门限突发长度,True,False,488636416,489684992,1048576,8388.608,8192.0,8192.0,70368744177664
burst,1024,DETECTOR_TIMEOUT,1,467,3,125000000,467,threshold,门限突发长度,True,False,489684992,490733568,1048576,8388.608,8192.0,8192.0,70368744177664
burst,1024,DETECTOR_TIMEOUT,1,468,3,125000000,468,threshold,门限突发长度,True,False,490733568,491782144,1048576,8388.608,8192.0,8192.0,70368744177664
burst,1024,DETECTOR_TIMEOUT,1,469,3,125000000,469,threshold,门限突发长度,True,False,491782144,492830720,1048576,8388.608,8192.0,8192.0,70368744177664
burst,1024,DETECTOR_TIMEOUT,1,470,3,125000000,470,threshold,门限突发长度,True,False,492830720,493879296,1048576,8388.608,8192.0,8192.0,70368744177664
burst,1024,DETECTOR_TIMEOUT,1,471,3,125000000,471,threshold,门限突发长度,True,False,493879296,494927872,1048576,8388.608,8192.0,8192.0,70368744177664
burst,1024,DETECTOR_TIMEOUT,1,472,3,125000000,472,threshold,门限突发长度,True,False,494927872,495976448,1048576,8388.608,8192.0,8192.0,70368744177664
burst,1024,DETECTOR_TIMEOUT,1,473,3,125000000,473,threshold,门限突发长度,True,False,495976448,497025024,1048576,8388.608,8192.0,8192.0,70368744177664
burst,1024,DETECTOR_TIMEOUT,1,474,3,125000000,474,threshold,门限突发长度,True,False,497025024,498073600,1048576,8388.608,8192.0,8192.0,70368744177664
burst,1024,DETECTOR_TIMEOUT,1,475,3,125000000,475,threshold,门限突发长度,True,False,498073600,499122176,1048576,8388.608,8192.0,8192.0,70368744177664
burst,1024,DETECTOR_TIMEOUT,1,476,3,125000000,476,threshold,门限突发长度,True,False,499122176,500170752,1048576,8388.608,8192.0,8192.0,70368744177664
burst,1024,DETECTOR_TIMEOUT,1,477,3,125000000,477,threshold,门限突发长度,True,False,500170752,501219328,1048576,8388.608,8192.0,8192.0,70368744177664
burst,1024,DETECTOR_TIMEOUT,1,478,3,125000000,478,threshold,门限突发长度,True,False,501219328,502267904,1048576,8388.608,8192.0,8192.0,70368744177664
burst,1024,DETECTOR_TIMEOUT,1,479,3,125000000,479,threshold,门限突发长度,True,False,502267904,503316480,1048576,8388.608,8192.0,8192.0,70368744177664
burst,1024,DETECTOR_TIMEOUT,1,480,3,125000000,480,threshold,门限突发长度,True,False,503316480,504365056,1048576,8388.608,8192.0,8192.0,70368744177664
burst,1024,DETECTOR_TIMEOUT,1,481,3,125000000,481,threshold,门限突发长度,True,False,504365056,505413632,1048576,8388.608,8192.0,8192.0,70368744177664
burst,1024,DETECTOR_TIMEOUT,1,482,3,125000000,482,threshold,门限突发长度,True,False,505413632,506462208,1048576,8388.608,8192.0,8192.0,70368744177664
burst,1024,DETECTOR_TIMEOUT,1,483,3,125000000,483,threshold,门限突发长度,True,False,506462208,507510784,1048576,8388.608,8192.0,8192.0,70368744177664
burst,1024,DETECTOR_TIMEOUT,1,484,3,125000000,484,threshold,门限突发长度,True,False,507510784,508559360,1048576,8388.608,8192.0,8192.0,70368744177664
burst,1024,DETECTOR_TIMEOUT,1,485,3,125000000,485,threshold,门限突发长度,True,False,508559360,509607936,1048576,8388.608,8192.0,8192.0,70368744177664
burst,1024,DETECTOR_TIMEOUT,1,486,3,125000000,486,threshold,门限突发长度,True,False,509607936,510656512,1048576,8388.608,8192.0,8192.0,70368744177664
burst,1024,DETECTOR_TIMEOUT,1,487,3,125000000,487,threshold,门限突发长度,True,False,510656512,511705088,1048576,8388.608,8192.0,8192.0,70368744177664
burst,1024,DETECTOR_TIMEOUT,1,488,3,125000000,488,threshold,门限突发长度,True,False,511705088,512753664,1048576,8388.608,8192.0,8192.0,70368744177664
burst,1024,DETECTOR_TIMEOUT,1,489,3,125000000,489,threshold,门限突发长度,True,False,512753664,513802240,1048576,8388.608,8192.0,8192.0,70368744177664
burst,1024,DETECTOR_TIMEOUT,1,490,3,125000000,490,threshold,门限突发长度,True,False,513802240,514850816,1048576,8388.608,8192.0,8192.0,70368744177664
burst,1024,DETECTOR_TIMEOUT,1,491,3,125000000,491,threshold,门限突发长度,True,False,514850816,515899392,1048576,8388.608,8192.0,8192.0,70368744177664
burst,1024,DETECTOR_TIMEOUT,1,492,3,125000000,492,threshold,门限突发长度,True,False,515899392,516947968,1048576,8388.608,8192.0,8192.0,70368744177664
burst,1024,DETECTOR_TIMEOUT,1,493,3,125000000,493,threshold,门限突发长度,True,False,516947968,517996544,1048576,8388.608,8192.0,8192.0,70368744177664
burst,1024,DETECTOR_TIMEOUT,1,494,3,125000000,494,threshold,门限突发长度,True,False,517996544,519045120,1048576,8388.608,8192.0,8192.0,70368744177664
burst,1024,DETECTOR_TIMEOUT,1,495,3,125000000,495,threshold,门限突发长度,True,False,519045120,520093696,1048576,8388.608,8192.0,8192.0,70368744177664
burst,1024,DETECTOR_TIMEOUT,1,496,3,125000000,496,threshold,门限突发长度,True,False,520093696,521142272,1048576,8388.608,8192.0,8192.0,70368744177664
burst,1024,DETECTOR_TIMEOUT,1,497,3,125000000,497,threshold,门限突发长度,True,False,521142272,522190848,1048576,8388.608,8192.0,8192.0,70368744177664
burst,1024,DETECTOR_TIMEOUT,1,498,3,125000000,498,threshold,门限突发长度,True,False,522190848,523239424,1048576,8388.608,8192.0,8192.0,70368744177664
burst,1024,DETECTOR_TIMEOUT,1,499,3,125000000,499,threshold,门限突发长度,True,False,523239424,524288000,1048576,8388.608,8192.0,8192.0,70368744177664
burst,1024,DETECTOR_TIMEOUT,1,500,3,125000000,500,threshold,门限突发长度,True,False,524288000,525336576,1048576,8388.608,8192.0,8192.0,70368744177664
burst,1024,DETECTOR_TIMEOUT,1,501,3,125000000,501,threshold,门限突发长度,True,False,525336576,526385152,1048576,8388.608,8192.0,8192.0,70368744177664
burst,1024,DETECTOR_TIMEOUT,1,502,3,125000000,502,threshold,门限突发长度,True,False,526385152,527433728,1048576,8388.608,8192.0,8192.0,70368744177664
burst,1024,DETECTOR_TIMEOUT,1,503,3,125000000,503,threshold,门限突发长度,True,False,527433728,528482304,1048576,8388.608,8192.0,8192.0,70368744177664
burst,1024,DETECTOR_TIMEOUT,1,504,3,125000000,504,threshold,门限突发长度,True,False,528482304,529530880,1048576,8388.608,8192.0,8192.0,70368744177664
burst,1024,DETECTOR_TIMEOUT,1,505,3,125000000,505,threshold,门限突发长度,True,False,529530880,530579456,1048576,8388.608,8192.0,8192.0,70368744177664
burst,1024,DETECTOR_TIMEOUT,1,506,3,125000000,506,threshold,门限突发长度,True,False,530579456,531628032,1048576,8388.608,8192.0,8192.0,70368744177664
burst,1024,DETECTOR_TIMEOUT,1,507,3,125000000,507,threshold,门限突发长度,True,False,531628032,532676608,1048576,8388.608,8192.0,8192.0,70368744177664
burst,1024,DETECTOR_TIMEOUT,1,508,3,125000000,508,threshold,门限突发长度,True,False,532676608,533725184,1048576,8388.608,8192.0,8192.0,70368744177664
burst,1024,DETECTOR_TIMEOUT,1,509,3,125000000,509,threshold,门限突发长度,True,False,533725184,534773760,1048576,8388.608,8192.0,8192.0,70368744177664
burst,1024,DETECTOR_TIMEOUT,1,510,3,125000000,510,threshold,门限突发长度,True,False,534773760,535822336,1048576,8388.608,8192.0,8192.0,70368744177664
burst,1024,DETECTOR_TIMEOUT,1,511,3,125000000,511,threshold,门限突发长度,True,False,535822336,536870912,1048576,8388.608,8192.0,8192.0,70368744177664
burst,1024,DETECTOR_TIMEOUT,1,512,3,125000000,512,threshold,门限突发长度,True,False,536870912,537919488,1048576,8388.608,8192.0,8192.0,70368744177664
burst,1024,DETECTOR_TIMEOUT,1,513,3,125000000,513,threshold,门限突发长度,True,False,537919488,538968064,1048576,8388.608,8192.0,8192.0,70368744177664
burst,1024,DETECTOR_TIMEOUT,1,514,3,125000000,514,threshold,门限突发长度,True,False,538968064,540016640,1048576,8388.608,8192.0,8192.0,70368744177664
burst,1024,DETECTOR_TIMEOUT,1,515,3,125000000,515,threshold,门限突发长度,True,False,540016640,541065216,1048576,8388.608,8192.0,8192.0,70368744177664
burst,1024,DETECTOR_TIMEOUT,1,516,3,125000000,516,threshold,门限突发长度,True,False,541065216,542113792,1048576,8388.608,8192.0,8192.0,70368744177664
burst,1024,DETECTOR_TIMEOUT,1,517,3,125000000,517,threshold,门限突发长度,True,False,542113792,543162368,1048576,8388.608,8192.0,8192.0,70368744177664
burst,1024,DETECTOR_TIMEOUT,1,518,3,125000000,518,threshold,门限突发长度,True,False,543162368,544210944,1048576,8388.608,8192.0,8192.0,70368744177664
burst,1024,DETECTOR_TIMEOUT,1,519,3,125000000,519,threshold,门限突发长度,True,False,544210944,545259520,1048576,8388.608,8192.0,8192.0,70368744177664
burst,1024,DETECTOR_TIMEOUT,1,520,3,125000000,520,threshold,门限突发长度,True,False,545259520,546308096,1048576,8388.608,8192.0,8192.0,70368744177664
burst,1024,DETECTOR_TIMEOUT,1,521,3,125000000,521,threshold,门限突发长度,True,False,546308096,547356672,1048576,8388.608,8192.0,8192.0,70368744177664
burst,1024,DETECTOR_TIMEOUT,1,522,3,125000000,522,threshold,门限突发长度,True,False,547356672,548405248,1048576,8388.608,8192.0,8192.0,70368744177664
burst,1024,DETECTOR_TIMEOUT,1,523,3,125000000,523,threshold,门限突发长度,True,False,548405248,549453824,1048576,8388.608,8192.0,8192.0,70368744177664
burst,1024,DETECTOR_TIMEOUT,1,524,3,125000000,524,threshold,门限突发长度,True,False,549453824,550502400,1048576,8388.608,8192.0,8192.0,70368744177664
burst,1024,DETECTOR_TIMEOUT,1,525,3,125000000,525,threshold,门限突发长度,True,False,550502400,551550976,1048576,8388.608,8192.0,8192.0,70368744177664
burst,1024,DETECTOR_TIMEOUT,1,526,3,125000000,526,threshold,门限突发长度,True,False,551550976,552599552,1048576,8388.608,8192.0,8192.0,70368744177664
burst,1024,DETECTOR_TIMEOUT,1,527,3,125000000,527,threshold,门限突发长度,True,False,552599552,553648128,1048576,8388.608,8192.0,8192.0,70368744177664
burst,1024,DETECTOR_TIMEOUT,1,528,3,125000000,528,threshold,门限突发长度,True,False,553648128,554696704,1048576,8388.608,8192.0,8192.0,70368744177664
burst,1024,DETECTOR_TIMEOUT,1,529,3,125000000,529,threshold,门限突发长度,True,False,554696704,555745280,1048576,8388.608,8192.0,8192.0,70368744177664
burst,1024,DETECTOR_TIMEOUT,1,530,3,125000000,530,threshold,门限突发长度,True,False,555745280,556793856,1048576,8388.608,8192.0,8192.0,70368744177664
burst,1024,DETECTOR_TIMEOUT,1,531,3,125000000,531,threshold,门限突发长度,True,False,556793856,557842432,1048576,8388.608,8192.0,8192.0,70368744177664
burst,1024,DETECTOR_TIMEOUT,1,532,3,125000000,532,threshold,门限突发长度,True,False,557842432,558891008,1048576,8388.608,8192.0,8192.0,70368744177664
burst,1024,DETECTOR_TIMEOUT,1,533,3,125000000,533,threshold,门限突发长度,True,False,558891008,559939584,1048576,8388.608,8192.0,8192.0,70368744177664
burst,1024,DETECTOR_TIMEOUT,1,534,3,125000000,534,threshold,门限突发长度,True,False,559939584,560988160,1048576,8388.608,8192.0,8192.0,70368744177664
burst,1024,DETECTOR_TIMEOUT,1,535,3,125000000,535,threshold,门限突发长度,True,False,560988160,562036736,1048576,8388.608,8192.0,8192.0,70368744177664
burst,1024,DETECTOR_TIMEOUT,1,536,3,125000000,536,threshold,门限突发长度,True,False,562036736,563085312,1048576,8388.608,8192.0,8192.0,70368744177664
burst,1024,DETECTOR_TIMEOUT,1,537,3,125000000,537,threshold,门限突发长度,True,False,563085312,564133888,1048576,8388.608,8192.0,8192.0,70368744177664
burst,1024,DETECTOR_TIMEOUT,1,538,3,125000000,538,threshold,门限突发长度,True,False,564133888,565182464,1048576,8388.608,8192.0,8192.0,70368744177664
burst,1024,DETECTOR_TIMEOUT,1,539,3,125000000,539,threshold,门限突发长度,True,False,565182464,566231040,1048576,8388.608,8192.0,8192.0,70368744177664
burst,1024,DETECTOR_TIMEOUT,1,540,3,125000000,540,threshold,门限突发长度,True,False,566231040,567279616,1048576,8388.608,8192.0,8192.0,70368744177664
burst,1024,DETECTOR_TIMEOUT,1,541,3,125000000,541,threshold,门限突发长度,True,False,567279616,568328192,1048576,8388.608,8192.0,8192.0,70368744177664
burst,1024,DETECTOR_TIMEOUT,1,542,3,125000000,542,threshold,门限突发长度,True,False,568328192,569376768,1048576,8388.608,8192.0,8192.0,70368744177664
burst,1024,DETECTOR_TIMEOUT,1,543,3,125000000,543,threshold,门限突发长度,True,False,569376768,570425344,1048576,8388.608,8192.0,8192.0,70368744177664
burst,1024,DETECTOR_TIMEOUT,1,544,3,125000000,544,threshold,门限突发长度,True,False,570425344,571473920,1048576,8388.608,8192.0,8192.0,70368744177664
burst,1024,DETECTOR_TIMEOUT,1,545,3,125000000,545,threshold,门限突发长度,True,False,571473920,572522496,1048576,8388.608,8192.0,8192.0,70368744177664
burst,1024,DETECTOR_TIMEOUT,1,546,3,125000000,546,threshold,门限突发长度,True,False,572522496,573571072,1048576,8388.608,8192.0,8192.0,70368744177664
burst,1024,DETECTOR_TIMEOUT,1,547,3,125000000,547,threshold,门限突发长度,True,False,573571072,574619648,1048576,8388.608,8192.0,8192.0,70368744177664
burst,1024,DETECTOR_TIMEOUT,1,548,3,125000000,548,threshold,门限突发长度,True,False,574619648,575668224,1048576,8388.608,8192.0,8192.0,70368744177664
burst,1024,DETECTOR_TIMEOUT,1,549,3,125000000,549,threshold,门限突发长度,True,False,575668224,576716800,1048576,8388.608,8192.0,8192.0,70368744177664
burst,1024,DETECTOR_TIMEOUT,1,550,3,125000000,550,threshold,门限突发长度,True,False,576716800,577765376,1048576,8388.608,8192.0,8192.0,70368744177664
burst,1024,DETECTOR_TIMEOUT,1,551,3,125000000,551,threshold,门限突发长度,True,False,577765376,578813952,1048576,8388.608,8192.0,8192.0,70368744177664
burst,1024,DETECTOR_TIMEOUT,1,552,3,125000000,552,threshold,门限突发长度,True,False,578813952,579862528,1048576,8388.608,8192.0,8192.0,70368744177664
burst,1024,DETECTOR_TIMEOUT,1,553,3,125000000,553,threshold,门限突发长度,True,False,579862528,580911104,1048576,8388.608,8192.0,8192.0,70368744177664
burst,1024,DETECTOR_TIMEOUT,1,554,3,125000000,554,threshold,门限突发长度,True,False,580911104,581959680,1048576,8388.608,8192.0,8192.0,70368744177664
burst,1024,DETECTOR_TIMEOUT,1,555,3,125000000,555,threshold,门限突发长度,True,False,581959680,583008256,1048576,8388.608,8192.0,8192.0,70368744177664
burst,1024,DETECTOR_TIMEOUT,1,556,3,125000000,556,threshold,门限突发长度,True,False,583008256,584056832,1048576,8388.608,8192.0,8192.0,70368744177664
burst,1024,DETECTOR_TIMEOUT,1,557,3,125000000,557,threshold,门限突发长度,True,False,584056832,585105408,1048576,8388.608,8192.0,8192.0,70368744177664
burst,1024,DETECTOR_TIMEOUT,1,558,3,125000000,558,threshold,门限突发长度,True,False,585105408,586153984,1048576,8388.608,8192.0,8192.0,70368744177664
burst,1024,DETECTOR_TIMEOUT,1,559,3,125000000,559,threshold,门限突发长度,True,False,586153984,587202560,1048576,8388.608,8192.0,8192.0,70368744177664
burst,1024,DETECTOR_TIMEOUT,1,560,3,125000000,560,threshold,门限突发长度,True,False,587202560,588251136,1048576,8388.608,8192.0,8192.0,70368744177664
burst,1024,DETECTOR_TIMEOUT,1,561,3,125000000,561,threshold,门限突发长度,True,False,588251136,589299712,1048576,8388.608,8192.0,8192.0,70368744177664
burst,1024,DETECTOR_TIMEOUT,1,562,3,125000000,562,threshold,门限突发长度,True,False,589299712,590348288,1048576,8388.608,8192.0,8192.0,70368744177664
burst,1024,DETECTOR_TIMEOUT,1,563,3,125000000,563,threshold,门限突发长度,True,False,590348288,591396864,1048576,8388.608,8192.0,8192.0,70368744177664
burst,1024,DETECTOR_TIMEOUT,1,564,3,125000000,564,threshold,门限突发长度,True,False,591396864,592445440,1048576,8388.608,8192.0,8192.0,70368744177664
burst,1024,DETECTOR_TIMEOUT,1,565,3,125000000,565,threshold,门限突发长度,True,False,592445440,593494016,1048576,8388.608,8192.0,8192.0,70368744177664
burst,1024,DETECTOR_TIMEOUT,1,566,3,125000000,566,threshold,门限突发长度,True,False,593494016,594542592,1048576,8388.608,8192.0,8192.0,70368744177664
burst,1024,DETECTOR_TIMEOUT,1,567,3,125000000,567,threshold,门限突发长度,True,False,594542592,595591168,1048576,8388.608,8192.0,8192.0,70368744177664
burst,1024,DETECTOR_TIMEOUT,1,568,3,125000000,568,threshold,门限突发长度,True,False,595591168,596639744,1048576,8388.608,8192.0,8192.0,70368744177664
burst,1024,DETECTOR_TIMEOUT,1,569,3,125000000,569,threshold,门限突发长度,True,False,596639744,597688320,1048576,8388.608,8192.0,8192.0,70368744177664
burst,1024,DETECTOR_TIMEOUT,1,570,3,125000000,570,threshold,门限突发长度,True,False,597688320,598736896,1048576,8388.608,8192.0,8192.0,70368744177664
burst,1024,DETECTOR_TIMEOUT,1,571,3,125000000,571,threshold,门限突发长度,True,False,598736896,599785472,1048576,8388.608,8192.0,8192.0,70368744177664
burst,1024,DETECTOR_TIMEOUT,1,572,3,125000000,572,threshold,门限突发长度,True,False,599785472,600834048,1048576,8388.608,8192.0,8192.0,70368744177664
burst,1024,DETECTOR_TIMEOUT,1,573,3,125000000,573,threshold,门限突发长度,True,False,600834048,601882624,1048576,8388.608,8192.0,8192.0,70368744177664
burst,1024,DETECTOR_TIMEOUT,1,574,3,125000000,574,threshold,门限突发长度,True,False,601882624,602931200,1048576,8388.608,8192.0,8192.0,70368744177664
burst,1024,DETECTOR_TIMEOUT,1,575,3,125000000,575,threshold,门限突发长度,True,False,602931200,603979776,1048576,8388.608,8192.0,8192.0,70368744177664
burst,1024,DETECTOR_TIMEOUT,1,576,3,125000000,576,threshold,门限突发长度,True,False,603979776,605028352,1048576,8388.608,8192.0,8192.0,70368744177664
burst,1024,DETECTOR_TIMEOUT,1,577,3,125000000,577,threshold,门限突发长度,True,False,605028352,606076928,1048576,8388.608,8192.0,8192.0,70368744177664
burst,1024,DETECTOR_TIMEOUT,1,578,3,125000000,578,threshold,门限突发长度,True,False,606076928,607125504,1048576,8388.608,8192.0,8192.0,70368744177664
burst,1024,DETECTOR_TIMEOUT,1,579,3,125000000,579,threshold,门限突发长度,True,False,607125504,608174080,1048576,8388.608,8192.0,8192.0,70368744177664
burst,1024,DETECTOR_TIMEOUT,1,580,3,125000000,580,threshold,门限突发长度,True,False,608174080,609222656,1048576,8388.608,8192.0,8192.0,70368744177664
burst,1024,DETECTOR_TIMEOUT,1,581,3,125000000,581,threshold,门限突发长度,True,False,609222656,610271232,1048576,8388.608,8192.0,8192.0,70368744177664
burst,1024,DETECTOR_TIMEOUT,1,582,3,125000000,582,threshold,门限突发长度,True,False,610271232,611319808,1048576,8388.608,8192.0,8192.0,70368744177664
burst,1024,DETECTOR_TIMEOUT,1,583,3,125000000,583,threshold,门限突发长度,True,False,611319808,612368384,1048576,8388.608,8192.0,8192.0,70368744177664
burst,1024,DETECTOR_TIMEOUT,1,584,3,125000000,584,threshold,门限突发长度,True,False,612368384,613416960,1048576,8388.608,8192.0,8192.0,70368744177664
burst,1024,DETECTOR_TIMEOUT,1,585,3,125000000,585,threshold,门限突发长度,True,False,613416960,614465536,1048576,8388.608,8192.0,8192.0,70368744177664
burst,1024,DETECTOR_TIMEOUT,1,586,3,125000000,586,threshold,门限突发长度,True,False,614465536,615514112,1048576,8388.608,8192.0,8192.0,70368744177664
burst,1024,DETECTOR_TIMEOUT,1,587,3,125000000,587,threshold,门限突发长度,True,False,615514112,616562688,1048576,8388.608,8192.0,8192.0,70368744177664
burst,1024,DETECTOR_TIMEOUT,1,588,3,125000000,588,threshold,门限突发长度,True,False,616562688,617611264,1048576,8388.608,8192.0,8192.0,70368744177664
burst,1024,DETECTOR_TIMEOUT,1,589,3,125000000,589,threshold,门限突发长度,True,False,617611264,618659840,1048576,8388.608,8192.0,8192.0,70368744177664
burst,1024,DETECTOR_TIMEOUT,1,590,3,125000000,590,threshold,门限突发长度,True,False,618659840,619708416,1048576,8388.608,8192.0,8192.0,70368744177664
burst,1024,DETECTOR_TIMEOUT,1,591,3,125000000,591,threshold,门限突发长度,True,False,619708416,620756992,1048576,8388.608,8192.0,8192.0,70368744177664
burst,1024,DETECTOR_TIMEOUT,1,592,3,125000000,592,threshold,门限突发长度,True,False,620756992,621805568,1048576,8388.608,8192.0,8192.0,70368744177664
burst,1024,DETECTOR_TIMEOUT,1,593,3,125000000,593,threshold,门限突发长度,True,False,621805568,622854144,1048576,8388.608,8192.0,8192.0,70368744177664
burst,1024,DETECTOR_TIMEOUT,1,594,3,125000000,594,threshold,门限突发长度,True,False,622854144,623902720,1048576,8388.608,8192.0,8192.0,70368744177664
burst,1024,DETECTOR_TIMEOUT,1,595,3,125000000,595,threshold,门限突发长度,True,False,623902720,624951296,1048576,8388.608,8192.0,8192.0,70368744177664
burst,1024,DETECTOR_TIMEOUT,1,596,3,125000000,596,threshold,门限突发长度,True,False,624951296,625999872,1048576,8388.608,8192.0,8192.0,70368744177664
burst,1024,DETECTOR_TIMEOUT,1,597,3,125000000,597,threshold,门限突发长度,True,False,625999872,627048448,1048576,8388.608,8192.0,8192.0,70368744177664
burst,1024,DETECTOR_TIMEOUT,1,598,3,125000000,598,threshold,门限突发长度,True,False,627048448,628097024,1048576,8388.608,8192.0,8192.0,70368744177664
burst,1024,DETECTOR_TIMEOUT,1,599,3,125000000,599,threshold,门限突发长度,True,False,628097024,629145600,1048576,8388.608,8192.0,8192.0,70368744177664
burst,1024,DETECTOR_TIMEOUT,1,600,3,125000000,600,threshold,门限突发长度,True,False,629145600,630194176,1048576,8388.608,8192.0,8192.0,70368744177664
burst,1024,DETECTOR_TIMEOUT,1,601,3,125000000,601,threshold,门限突发长度,True,False,630194176,631242752,1048576,8388.608,8192.0,8192.0,70368744177664
burst,1024,DETECTOR_TIMEOUT,1,602,3,125000000,602,threshold,门限突发长度,True,False,631242752,632291328,1048576,8388.608,8192.0,8192.0,70368744177664
burst,1024,DETECTOR_TIMEOUT,1,603,3,125000000,603,threshold,门限突发长度,True,False,632291328,633339904,1048576,8388.608,8192.0,8192.0,70368744177664
burst,1024,DETECTOR_TIMEOUT,1,604,3,125000000,604,threshold,门限突发长度,True,False,633339904,634388480,1048576,8388.608,8192.0,8192.0,70368744177664
burst,1024,DETECTOR_TIMEOUT,1,605,3,125000000,605,threshold,门限突发长度,True,False,634388480,635437056,1048576,8388.608,8192.0,8192.0,70368744177664
burst,1024,DETECTOR_TIMEOUT,1,606,3,125000000,606,threshold,门限突发长度,True,False,635437056,636485632,1048576,8388.608,8192.0,8192.0,70368744177664
burst,1024,DETECTOR_TIMEOUT,1,607,3,125000000,607,threshold,门限突发长度,True,False,636485632,637534208,1048576,8388.608,8192.0,8192.0,70368744177664
burst,1024,DETECTOR_TIMEOUT,1,608,3,125000000,608,threshold,门限突发长度,True,False,637534208,638582784,1048576,8388.608,8192.0,8192.0,70368744177664
burst,1024,DETECTOR_TIMEOUT,1,609,3,125000000,609,threshold,门限突发长度,True,False,638582784,639631360,1048576,8388.608,8192.0,8192.0,70368744177664
burst,1024,DETECTOR_TIMEOUT,1,610,3,125000000,610,threshold,门限突发长度,True,False,639631360,640679936,1048576,8388.608,8192.0,8192.0,70368744177664
burst,1024,DETECTOR_TIMEOUT,1,611,3,125000000,611,threshold,门限突发长度,True,False,640679936,641728512,1048576,8388.608,8192.0,8192.0,70368744177664
burst,1024,DETECTOR_TIMEOUT,1,612,3,125000000,612,threshold,门限突发长度,True,False,641728512,642777088,1048576,8388.608,8192.0,8192.0,70368744177664
burst,1024,DETECTOR_TIMEOUT,1,613,3,125000000,613,threshold,门限突发长度,True,False,642777088,643825664,1048576,8388.608,8192.0,8192.0,70368744177664
burst,1024,DETECTOR_TIMEOUT,1,614,3,125000000,614,threshold,门限突发长度,True,False,643825664,644874240,1048576,8388.608,8192.0,8192.0,70368744177664
burst,1024,DETECTOR_TIMEOUT,1,615,3,125000000,615,threshold,门限突发长度,True,False,644874240,645922816,1048576,8388.608,8192.0,8192.0,70368744177664
burst,1024,DETECTOR_TIMEOUT,1,616,3,125000000,616,threshold,门限突发长度,True,False,645922816,646971392,1048576,8388.608,8192.0,8192.0,70368744177664
burst,1024,DETECTOR_TIMEOUT,1,617,3,125000000,617,threshold,门限突发长度,True,False,646971392,648019968,1048576,8388.608,8192.0,8192.0,70368744177664
burst,1024,DETECTOR_TIMEOUT,1,618,3,125000000,618,threshold,门限突发长度,True,False,648019968,649068544,1048576,8388.608,8192.0,8192.0,70368744177664
burst,1024,DETECTOR_TIMEOUT,1,619,3,125000000,619,threshold,门限突发长度,True,False,649068544,650117120,1048576,8388.608,8192.0,8192.0,70368744177664
burst,1024,DETECTOR_TIMEOUT,1,620,3,125000000,620,threshold,门限突发长度,True,False,650117120,651165696,1048576,8388.608,8192.0,8192.0,70368744177664
burst,1024,DETECTOR_TIMEOUT,1,621,3,125000000,621,threshold,门限突发长度,True,False,651165696,652214272,1048576,8388.608,8192.0,8192.0,70368744177664
burst,1024,DETECTOR_TIMEOUT,1,622,3,125000000,622,threshold,门限突发长度,True,False,652214272,653262848,1048576,8388.608,8192.0,8192.0,70368744177664
burst,1024,DETECTOR_TIMEOUT,1,623,3,125000000,623,threshold,门限突发长度,True,False,653262848,654311424,1048576,8388.608,8192.0,8192.0,70368744177664
burst,1024,DETECTOR_TIMEOUT,1,624,3,125000000,624,threshold,门限突发长度,True,False,654311424,655360000,1048576,8388.608,8192.0,8192.0,70368744177664
burst,1024,DETECTOR_TIMEOUT,1,625,3,125000000,625,threshold,门限突发长度,True,False,655360000,656408576,1048576,8388.608,8192.0,8192.0,70368744177664
burst,1024,DETECTOR_TIMEOUT,1,626,3,125000000,626,threshold,门限突发长度,True,False,656408576,657457152,1048576,8388.608,8192.0,8192.0,70368744177664
burst,1024,DETECTOR_TIMEOUT,1,627,3,125000000,627,threshold,门限突发长度,True,False,657457152,658505728,1048576,8388.608,8192.0,8192.0,70368744177664
burst,1024,DETECTOR_TIMEOUT,1,628,3,125000000,628,threshold,门限突发长度,True,False,658505728,659554304,1048576,8388.608,8192.0,8192.0,70368744177664
burst,1024,DETECTOR_TIMEOUT,1,629,3,125000000,629,threshold,门限突发长度,True,False,659554304,660602880,1048576,8388.608,8192.0,8192.0,70368744177664
burst,1024,DETECTOR_TIMEOUT,1,630,3,125000000,630,threshold,门限突发长度,True,False,660602880,661651456,1048576,8388.608,8192.0,8192.0,70368744177664
burst,1024,DETECTOR_TIMEOUT,1,631,3,125000000,631,threshold,门限突发长度,True,False,661651456,662700032,1048576,8388.608,8192.0,8192.0,70368744177664
burst,1024,DETECTOR_TIMEOUT,1,632,3,125000000,632,threshold,门限突发长度,True,False,662700032,663748608,1048576,8388.608,8192.0,8192.0,70368744177664
burst,1024,DETECTOR_TIMEOUT,1,633,3,125000000,633,threshold,门限突发长度,True,False,663748608,664797184,1048576,8388.608,8192.0,8192.0,70368744177664
burst,1024,DETECTOR_TIMEOUT,1,634,3,125000000,634,threshold,门限突发长度,True,False,664797184,665845760,1048576,8388.608,8192.0,8192.0,70368744177664
burst,1024,DETECTOR_TIMEOUT,1,635,3,125000000,635,threshold,门限突发长度,True,False,665845760,666894336,1048576,8388.608,8192.0,8192.0,70368744177664
burst,1024,DETECTOR_TIMEOUT,1,636,3,125000000,636,threshold,门限突发长度,True,False,666894336,667942912,1048576,8388.608,8192.0,8192.0,70368744177664
burst,1024,DETECTOR_TIMEOUT,1,637,3,125000000,637,threshold,门限突发长度,True,False,667942912,668991488,1048576,8388.608,8192.0,8192.0,70368744177664
burst,1024,DETECTOR_TIMEOUT,1,638,3,125000000,638,threshold,门限突发长度,True,False,668991488,670040064,1048576,8388.608,8192.0,8192.0,70368744177664
burst,1024,DETECTOR_TIMEOUT,1,639,3,125000000,639,threshold,门限突发长度,True,False,670040064,671088640,1048576,8388.608,8192.0,8192.0,70368744177664
burst,1024,DETECTOR_TIMEOUT,1,640,3,125000000,640,threshold,门限突发长度,True,False,671088640,672137216,1048576,8388.608,8192.0,8192.0,70368744177664
burst,1024,DETECTOR_TIMEOUT,1,641,3,125000000,641,threshold,门限突发长度,True,False,672137216,673185792,1048576,8388.608,8192.0,8192.0,70368744177664
burst,1024,DETECTOR_TIMEOUT,1,642,3,125000000,642,threshold,门限突发长度,True,False,673185792,674234368,1048576,8388.608,8192.0,8192.0,70368744177664
burst,1024,DETECTOR_TIMEOUT,1,643,3,125000000,643,threshold,门限突发长度,True,False,674234368,675282944,1048576,8388.608,8192.0,8192.0,70368744177664
burst,1024,DETECTOR_TIMEOUT,1,644,3,125000000,644,threshold,门限突发长度,True,False,675282944,676331520,1048576,8388.608,8192.0,8192.0,70368744177664
burst,1024,DETECTOR_TIMEOUT,1,645,3,125000000,645,threshold,门限突发长度,True,False,676331520,677380096,1048576,8388.608,8192.0,8192.0,70368744177664
burst,1024,DETECTOR_TIMEOUT,1,646,3,125000000,646,threshold,门限突发长度,True,False,677380096,678428672,1048576,8388.608,8192.0,8192.0,70368744177664
burst,1024,DETECTOR_TIMEOUT,1,647,3,125000000,647,threshold,门限突发长度,True,False,678428672,679477248,1048576,8388.608,8192.0,8192.0,70368744177664
burst,1024,DETECTOR_TIMEOUT,1,648,3,125000000,648,threshold,门限突发长度,True,False,679477248,680525824,1048576,8388.608,8192.0,8192.0,70368744177664
burst,1024,DETECTOR_TIMEOUT,1,649,3,125000000,649,threshold,门限突发长度,True,False,680525824,681574400,1048576,8388.608,8192.0,8192.0,70368744177664
burst,1024,DETECTOR_TIMEOUT,1,650,3,125000000,650,threshold,门限突发长度,True,False,681574400,682622976,1048576,8388.608,8192.0,8192.0,70368744177664
burst,1024,DETECTOR_TIMEOUT,1,651,3,125000000,651,threshold,门限突发长度,True,False,682622976,683671552,1048576,8388.608,8192.0,8192.0,70368744177664
burst,1024,DETECTOR_TIMEOUT,1,652,3,125000000,652,threshold,门限突发长度,True,False,683671552,684720128,1048576,8388.608,8192.0,8192.0,70368744177664
burst,1024,DETECTOR_TIMEOUT,1,653,3,125000000,653,threshold,门限突发长度,True,False,684720128,685768704,1048576,8388.608,8192.0,8192.0,70368744177664
burst,1024,DETECTOR_TIMEOUT,1,654,3,125000000,654,threshold,门限突发长度,True,False,685768704,686817280,1048576,8388.608,8192.0,8192.0,70368744177664
burst,1024,DETECTOR_TIMEOUT,1,655,3,125000000,655,threshold,门限突发长度,True,False,686817280,687865856,1048576,8388.608,8192.0,8192.0,70368744177664
burst,1024,DETECTOR_TIMEOUT,1,656,3,125000000,656,threshold,门限突发长度,True,False,687865856,688914432,1048576,8388.608,8192.0,8192.0,70368744177664
burst,1024,DETECTOR_TIMEOUT,1,657,3,125000000,657,threshold,门限突发长度,True,False,688914432,689963008,1048576,8388.608,8192.0,8192.0,70368744177664
burst,1024,DETECTOR_TIMEOUT,1,658,3,125000000,658,threshold,门限突发长度,True,False,689963008,691011584,1048576,8388.608,8192.0,8192.0,70368744177664
burst,1024,DETECTOR_TIMEOUT,1,659,3,125000000,659,threshold,门限突发长度,True,False,691011584,692060160,1048576,8388.608,8192.0,8192.0,70368744177664
burst,1024,DETECTOR_TIMEOUT,1,660,3,125000000,660,threshold,门限突发长度,True,False,692060160,693108736,1048576,8388.608,8192.0,8192.0,70368744177664
burst,1024,DETECTOR_TIMEOUT,1,661,3,125000000,661,threshold,门限突发长度,True,False,693108736,694157312,1048576,8388.608,8192.0,8192.0,70368744177664
burst,1024,DETECTOR_TIMEOUT,1,662,3,125000000,662,threshold,门限突发长度,True,False,694157312,695205888,1048576,8388.608,8192.0,8192.0,70368744177664
burst,1024,DETECTOR_TIMEOUT,1,663,3,125000000,663,threshold,门限突发长度,True,False,695205888,696254464,1048576,8388.608,8192.0,8192.0,70368744177664
burst,1024,DETECTOR_TIMEOUT,1,664,3,125000000,664,threshold,门限突发长度,True,False,696254464,697303040,1048576,8388.608,8192.0,8192.0,70368744177664
burst,1024,DETECTOR_TIMEOUT,1,665,3,125000000,665,threshold,门限突发长度,True,False,697303040,698351616,1048576,8388.608,8192.0,8192.0,70368744177664
burst,1024,DETECTOR_TIMEOUT,1,666,3,125000000,666,threshold,门限突发长度,True,False,698351616,699400192,1048576,8388.608,8192.0,8192.0,70368744177664
burst,1024,DETECTOR_TIMEOUT,1,667,3,125000000,667,threshold,门限突发长度,True,False,699400192,700448768,1048576,8388.608,8192.0,8192.0,70368744177664
burst,1024,DETECTOR_TIMEOUT,1,668,3,125000000,668,threshold,门限突发长度,True,False,700448768,701497344,1048576,8388.608,8192.0,8192.0,70368744177664
burst,1024,DETECTOR_TIMEOUT,1,669,3,125000000,669,threshold,门限突发长度,True,False,701497344,702545920,1048576,8388.608,8192.0,8192.0,70368744177664
burst,1024,DETECTOR_TIMEOUT,1,670,3,125000000,670,threshold,门限突发长度,True,False,702545920,703594496,1048576,8388.608,8192.0,8192.0,70368744177664
burst,1024,DETECTOR_TIMEOUT,1,671,3,125000000,671,threshold,门限突发长度,True,False,703594496,704643072,1048576,8388.608,8192.0,8192.0,70368744177664
burst,1024,DETECTOR_TIMEOUT,1,672,3,125000000,672,threshold,门限突发长度,True,False,704643072,705691648,1048576,8388.608,8192.0,8192.0,70368744177664
burst,1024,DETECTOR_TIMEOUT,1,673,3,125000000,673,threshold,门限突发长度,True,False,705691648,706740224,1048576,8388.608,8192.0,8192.0,70368744177664
burst,1024,DETECTOR_TIMEOUT,1,674,3,125000000,674,threshold,门限突发长度,True,False,706740224,707788800,1048576,8388.608,8192.0,8192.0,70368744177664
burst,1024,DETECTOR_TIMEOUT,1,675,3,125000000,675,threshold,门限突发长度,True,False,707788800,708837376,1048576,8388.608,8192.0,8192.0,70368744177664
burst,1024,DETECTOR_TIMEOUT,1,676,3,125000000,676,threshold,门限突发长度,True,False,708837376,709885952,1048576,8388.608,8192.0,8192.0,70368744177664
burst,1024,DETECTOR_TIMEOUT,1,677,3,125000000,677,threshold,门限突发长度,True,False,709885952,710934528,1048576,8388.608,8192.0,8192.0,70368744177664
burst,1024,DETECTOR_TIMEOUT,1,678,3,125000000,678,threshold,门限突发长度,True,False,710934528,711983104,1048576,8388.608,8192.0,8192.0,70368744177664
burst,1024,DETECTOR_TIMEOUT,1,679,3,125000000,679,threshold,门限突发长度,True,False,711983104,713031680,1048576,8388.608,8192.0,8192.0,70368744177664
burst,1024,DETECTOR_TIMEOUT,1,680,3,125000000,680,threshold,门限突发长度,True,False,713031680,714080256,1048576,8388.608,8192.0,8192.0,70368744177664
burst,1024,DETECTOR_TIMEOUT,1,681,3,125000000,681,threshold,门限突发长度,True,False,714080256,715128832,1048576,8388.608,8192.0,8192.0,70368744177664
burst,1024,DETECTOR_TIMEOUT,1,682,3,125000000,682,threshold,门限突发长度,True,False,715128832,716177408,1048576,8388.608,8192.0,8192.0,70368744177664
burst,1024,DETECTOR_TIMEOUT,1,683,3,125000000,683,threshold,门限突发长度,True,False,716177408,717225984,1048576,8388.608,8192.0,8192.0,70368744177664
burst,1024,DETECTOR_TIMEOUT,1,684,3,125000000,684,threshold,门限突发长度,True,False,717225984,718274560,1048576,8388.608,8192.0,8192.0,70368744177664
burst,1024,DETECTOR_TIMEOUT,1,685,3,125000000,685,threshold,门限突发长度,True,False,718274560,719323136,1048576,8388.608,8192.0,8192.0,70368744177664
burst,1024,DETECTOR_TIMEOUT,1,686,3,125000000,686,threshold,门限突发长度,True,False,719323136,720371712,1048576,8388.608,8192.0,8192.0,70368744177664
burst,1024,DETECTOR_TIMEOUT,1,687,3,125000000,687,threshold,门限突发长度,True,False,720371712,721420288,1048576,8388.608,8192.0,8192.0,70368744177664
burst,1024,DETECTOR_TIMEOUT,1,688,3,125000000,688,threshold,门限突发长度,True,False,721420288,722468864,1048576,8388.608,8192.0,8192.0,70368744177664
burst,1024,DETECTOR_TIMEOUT,1,689,3,125000000,689,threshold,门限突发长度,True,False,722468864,723517440,1048576,8388.608,8192.0,8192.0,70368744177664
burst,1024,DETECTOR_TIMEOUT,1,690,3,125000000,690,threshold,门限突发长度,True,False,723517440,724566016,1048576,8388.608,8192.0,8192.0,70368744177664
burst,1024,DETECTOR_TIMEOUT,1,691,3,125000000,691,threshold,门限突发长度,True,False,724566016,725614592,1048576,8388.608,8192.0,8192.0,70368744177664
burst,1024,DETECTOR_TIMEOUT,1,692,3,125000000,692,threshold,门限突发长度,True,False,725614592,726663168,1048576,8388.608,8192.0,8192.0,70368744177664
burst,1024,DETECTOR_TIMEOUT,1,693,3,125000000,693,threshold,门限突发长度,True,False,726663168,727711744,1048576,8388.608,8192.0,8192.0,70368744177664
burst,1024,DETECTOR_TIMEOUT,1,694,3,125000000,694,threshold,门限突发长度,True,False,727711744,728760320,1048576,8388.608,8192.0,8192.0,70368744177664
burst,1024,DETECTOR_TIMEOUT,1,695,3,125000000,695,threshold,门限突发长度,True,False,728760320,729808896,1048576,8388.608,8192.0,8192.0,70368744177664
burst,1024,DETECTOR_TIMEOUT,1,696,3,125000000,696,threshold,门限突发长度,True,False,729808896,730857472,1048576,8388.608,8192.0,8192.0,70368744177664
burst,1024,DETECTOR_TIMEOUT,1,697,3,125000000,697,threshold,门限突发长度,True,False,730857472,731906048,1048576,8388.608,8192.0,8192.0,70368744177664
burst,1024,DETECTOR_TIMEOUT,1,698,3,125000000,698,threshold,门限突发长度,True,False,731906048,732954624,1048576,8388.608,8192.0,8192.0,70368744177664
burst,1024,DETECTOR_TIMEOUT,1,699,3,125000000,699,threshold,门限突发长度,True,False,732954624,734003200,1048576,8388.608,8192.0,8192.0,70368744177664
burst,1024,DETECTOR_TIMEOUT,1,700,3,125000000,700,threshold,门限突发长度,True,False,734003200,735051776,1048576,8388.608,8192.0,8192.0,70368744177664
burst,1024,DETECTOR_TIMEOUT,1,701,3,125000000,701,threshold,门限突发长度,True,False,735051776,736100352,1048576,8388.608,8192.0,8192.0,70368744177664
burst,1024,DETECTOR_TIMEOUT,1,702,3,125000000,702,threshold,门限突发长度,True,False,736100352,737148928,1048576,8388.608,8192.0,8192.0,70368744177664
burst,1024,DETECTOR_TIMEOUT,1,703,3,125000000,703,threshold,门限突发长度,True,False,737148928,738197504,1048576,8388.608,8192.0,8192.0,70368744177664
burst,1024,DETECTOR_TIMEOUT,1,704,3,125000000,704,threshold,门限突发长度,True,False,738197504,739246080,1048576,8388.608,8192.0,8192.0,70368744177664
burst,1024,DETECTOR_TIMEOUT,1,705,3,125000000,705,threshold,门限突发长度,True,False,739246080,740294656,1048576,8388.608,8192.0,8192.0,70368744177664
burst,1024,DETECTOR_TIMEOUT,1,706,3,125000000,706,threshold,门限突发长度,True,False,740294656,741343232,1048576,8388.608,8192.0,8192.0,70368744177664
burst,1024,DETECTOR_TIMEOUT,1,707,3,125000000,707,threshold,门限突发长度,True,False,741343232,742391808,1048576,8388.608,8192.0,8192.0,70368744177664
burst,1024,DETECTOR_TIMEOUT,1,708,3,125000000,708,threshold,门限突发长度,True,False,742391808,743440384,1048576,8388.608,8192.0,8192.0,70368744177664
burst,1024,DETECTOR_TIMEOUT,1,709,3,125000000,709,threshold,门限突发长度,True,False,743440384,744488960,1048576,8388.608,8192.0,8192.0,70368744177664
burst,1024,DETECTOR_TIMEOUT,1,710,3,125000000,710,threshold,门限突发长度,True,False,744488960,745537536,1048576,8388.608,8192.0,8192.0,70368744177664
burst,1024,DETECTOR_TIMEOUT,1,711,3,125000000,711,threshold,门限突发长度,True,False,745537536,746586112,1048576,8388.608,8192.0,8192.0,70368744177664
burst,1024,DETECTOR_TIMEOUT,1,712,3,125000000,712,threshold,门限突发长度,True,False,746586112,747634688,1048576,8388.608,8192.0,8192.0,70368744177664
burst,1024,DETECTOR_TIMEOUT,1,713,3,125000000,713,threshold,门限突发长度,True,False,747634688,748683264,1048576,8388.608,8192.0,8192.0,70368744177664
burst,1024,DETECTOR_TIMEOUT,1,714,3,125000000,714,threshold,门限突发长度,True,False,748683264,749731840,1048576,8388.608,8192.0,8192.0,70368744177664
burst,1024,DETECTOR_TIMEOUT,1,715,3,125000000,715,threshold,门限突发长度,True,False,749731840,750780416,1048576,8388.608,8192.0,8192.0,70368744177664
burst,1024,DETECTOR_TIMEOUT,1,716,3,125000000,716,threshold,门限突发长度,True,False,750780416,751828992,1048576,8388.608,8192.0,8192.0,70368744177664
burst,1024,DETECTOR_TIMEOUT,1,717,3,125000000,717,threshold,门限突发长度,True,False,751828992,752877568,1048576,8388.608,8192.0,8192.0,70368744177664
burst,1024,DETECTOR_TIMEOUT,1,718,3,125000000,718,threshold,门限突发长度,True,False,752877568,753926144,1048576,8388.608,8192.0,8192.0,70368744177664
burst,1024,DETECTOR_TIMEOUT,1,719,3,125000000,719,threshold,门限突发长度,True,False,753926144,754974720,1048576,8388.608,8192.0,8192.0,70368744177664
burst,1024,DETECTOR_TIMEOUT,1,720,3,125000000,720,threshold,门限突发长度,True,False,754974720,756023296,1048576,8388.608,8192.0,8192.0,70368744177664
burst,1024,DETECTOR_TIMEOUT,1,721,3,125000000,721,threshold,门限突发长度,True,False,756023296,757071872,1048576,8388.608,8192.0,8192.0,70368744177664
burst,1024,DETECTOR_TIMEOUT,1,722,3,125000000,722,threshold,门限突发长度,True,False,757071872,758120448,1048576,8388.608,8192.0,8192.0,70368744177664
burst,1024,DETECTOR_TIMEOUT,1,723,3,125000000,723,threshold,门限突发长度,True,False,758120448,759169024,1048576,8388.608,8192.0,8192.0,70368744177664
burst,1024,DETECTOR_TIMEOUT,1,724,3,125000000,724,threshold,门限突发长度,True,False,759169024,760217600,1048576,8388.608,8192.0,8192.0,70368744177664
burst,1024,DETECTOR_TIMEOUT,1,725,3,125000000,725,threshold,门限突发长度,True,False,760217600,761266176,1048576,8388.608,8192.0,8192.0,70368744177664
burst,1024,DETECTOR_TIMEOUT,1,726,3,125000000,726,threshold,门限突发长度,True,False,761266176,762314752,1048576,8388.608,8192.0,8192.0,70368744177664
burst,1024,DETECTOR_TIMEOUT,1,727,3,125000000,727,threshold,门限突发长度,True,False,762314752,763363328,1048576,8388.608,8192.0,8192.0,70368744177664
burst,1024,DETECTOR_TIMEOUT,1,728,3,125000000,728,threshold,门限突发长度,True,False,763363328,764411904,1048576,8388.608,8192.0,8192.0,70368744177664
burst,1024,DETECTOR_TIMEOUT,1,729,3,125000000,729,threshold,门限突发长度,True,False,764411904,765460480,1048576,8388.608,8192.0,8192.0,70368744177664
burst,1024,DETECTOR_TIMEOUT,1,730,3,125000000,730,threshold,门限突发长度,True,False,765460480,766509056,1048576,8388.608,8192.0,8192.0,70368744177664
burst,1024,DETECTOR_TIMEOUT,1,731,3,125000000,731,threshold,门限突发长度,True,False,766509056,767557632,1048576,8388.608,8192.0,8192.0,70368744177664
burst,1024,DETECTOR_TIMEOUT,1,732,3,125000000,732,threshold,门限突发长度,True,False,767557632,768606208,1048576,8388.608,8192.0,8192.0,70368744177664
burst,1024,DETECTOR_TIMEOUT,1,733,3,125000000,733,threshold,门限突发长度,True,False,768606208,769654784,1048576,8388.608,8192.0,8192.0,70368744177664
burst,1024,DETECTOR_TIMEOUT,1,734,3,125000000,734,threshold,门限突发长度,True,False,769654784,770703360,1048576,8388.608,8192.0,8192.0,70368744177664
burst,1024,DETECTOR_TIMEOUT,1,735,3,125000000,735,threshold,门限突发长度,True,False,770703360,771751936,1048576,8388.608,8192.0,8192.0,70368744177664
burst,1024,DETECTOR_TIMEOUT,1,736,3,125000000,736,threshold,门限突发长度,True,False,771751936,772800512,1048576,8388.608,8192.0,8192.0,70368744177664
burst,1024,DETECTOR_TIMEOUT,1,737,3,125000000,737,threshold,门限突发长度,True,False,772800512,773849088,1048576,8388.608,8192.0,8192.0,70368744177664
burst,1024,DETECTOR_TIMEOUT,1,738,3,125000000,738,threshold,门限突发长度,True,False,773849088,774897664,1048576,8388.608,8192.0,8192.0,70368744177664
burst,1024,DETECTOR_TIMEOUT,1,739,3,125000000,739,threshold,门限突发长度,True,False,774897664,775946240,1048576,8388.608,8192.0,8192.0,70368744177664
burst,1024,DETECTOR_TIMEOUT,1,740,3,125000000,740,threshold,门限突发长度,True,False,775946240,776994816,1048576,8388.608,8192.0,8192.0,70368744177664
burst,1024,DETECTOR_TIMEOUT,1,741,3,125000000,741,threshold,门限突发长度,True,False,776994816,778043392,1048576,8388.608,8192.0,8192.0,70368744177664
burst,1024,DETECTOR_TIMEOUT,1,742,3,125000000,742,threshold,门限突发长度,True,False,778043392,779091968,1048576,8388.608,8192.0,8192.0,70368744177664
burst,1024,DETECTOR_TIMEOUT,1,743,3,125000000,743,threshold,门限突发长度,True,False,779091968,780140544,1048576,8388.608,8192.0,8192.0,70368744177664
burst,1024,DETECTOR_TIMEOUT,1,744,3,125000000,744,threshold,门限突发长度,True,False,780140544,781189120,1048576,8388.608,8192.0,8192.0,70368744177664
burst,1024,DETECTOR_TIMEOUT,1,745,3,125000000,745,threshold,门限突发长度,True,False,781189120,782237696,1048576,8388.608,8192.0,8192.0,70368744177664
burst,1024,DETECTOR_TIMEOUT,1,746,3,125000000,746,threshold,门限突发长度,True,False,782237696,783286272,1048576,8388.608,8192.0,8192.0,70368744177664
burst,1024,DETECTOR_TIMEOUT,1,747,3,125000000,747,threshold,门限突发长度,True,False,783286272,784334848,1048576,8388.608,8192.0,8192.0,70368744177664
burst,1024,DETECTOR_TIMEOUT,1,748,3,125000000,748,threshold,门限突发长度,True,False,784334848,785383424,1048576,8388.608,8192.0,8192.0,70368744177664
burst,1024,DETECTOR_TIMEOUT,1,749,3,125000000,749,threshold,门限突发长度,True,False,785383424,786432000,1048576,8388.608,8192.0,8192.0,70368744177664
burst,1024,DETECTOR_TIMEOUT,1,750,3,125000000,750,threshold,门限突发长度,True,False,786432000,787480576,1048576,8388.608,8192.0,8192.0,70368744177664
burst,1024,DETECTOR_TIMEOUT,1,751,3,125000000,751,threshold,门限突发长度,True,False,787480576,788529152,1048576,8388.608,8192.0,8192.0,70368744177664
burst,1024,DETECTOR_TIMEOUT,1,752,3,125000000,752,threshold,门限突发长度,True,False,788529152,789577728,1048576,8388.608,8192.0,8192.0,70368744177664
burst,1024,DETECTOR_TIMEOUT,1,753,3,125000000,753,threshold,门限突发长度,True,False,789577728,790626304,1048576,8388.608,8192.0,8192.0,70368744177664
burst,1024,DETECTOR_TIMEOUT,1,754,3,125000000,754,threshold,门限突发长度,True,False,790626304,791674880,1048576,8388.608,8192.0,8192.0,70368744177664
burst,1024,DETECTOR_TIMEOUT,1,755,3,125000000,755,threshold,门限突发长度,True,False,791674880,792723456,1048576,8388.608,8192.0,8192.0,70368744177664
burst,1024,DETECTOR_TIMEOUT,1,756,3,125000000,756,threshold,门限突发长度,True,False,792723456,793772032,1048576,8388.608,8192.0,8192.0,70368744177664
burst,1024,DETECTOR_TIMEOUT,1,757,3,125000000,757,threshold,门限突发长度,True,False,793772032,794820608,1048576,8388.608,8192.0,8192.0,70368744177664
burst,1024,DETECTOR_TIMEOUT,1,758,3,125000000,758,threshold,门限突发长度,True,False,794820608,795869184,1048576,8388.608,8192.0,8192.0,70368744177664
burst,1024,DETECTOR_TIMEOUT,1,759,3,125000000,759,threshold,门限突发长度,True,False,795869184,796917760,1048576,8388.608,8192.0,8192.0,70368744177664
burst,1024,DETECTOR_TIMEOUT,1,760,3,125000000,760,threshold,门限突发长度,True,False,796917760,797966336,1048576,8388.608,8192.0,8192.0,70368744177664
burst,1024,DETECTOR_TIMEOUT,1,761,3,125000000,761,threshold,门限突发长度,True,False,797966336,799014912,1048576,8388.608,8192.0,8192.0,70368744177664
burst,1024,DETECTOR_TIMEOUT,1,762,3,125000000,762,threshold,门限突发长度,True,False,799014912,800063488,1048576,8388.608,8192.0,8192.0,70368744177664
burst,1024,DETECTOR_TIMEOUT,1,763,3,125000000,763,threshold,门限突发长度,True,False,800063488,801112064,1048576,8388.608,8192.0,8192.0,70368744177664
burst,1024,DETECTOR_TIMEOUT,1,764,3,125000000,764,threshold,门限突发长度,True,False,801112064,802160640,1048576,8388.608,8192.0,8192.0,70368744177664
burst,1024,DETECTOR_TIMEOUT,1,765,3,125000000,765,threshold,门限突发长度,True,False,802160640,803209216,1048576,8388.608,8192.0,8192.0,70368744177664
burst,1024,DETECTOR_TIMEOUT,1,766,3,125000000,766,threshold,门限突发长度,True,False,803209216,804257792,1048576,8388.608,8192.0,8192.0,70368744177664
burst,1024,DETECTOR_TIMEOUT,1,767,3,125000000,767,threshold,门限突发长度,True,False,804257792,805306368,1048576,8388.608,8192.0,8192.0,70368744177664
burst,1024,DETECTOR_TIMEOUT,1,768,3,125000000,768,threshold,门限突发长度,True,False,805306368,806354944,1048576,8388.608,8192.0,8192.0,70368744177664
burst,1024,DETECTOR_TIMEOUT,1,769,3,125000000,769,threshold,门限突发长度,True,False,806354944,807403520,1048576,8388.608,8192.0,8192.0,70368744177664
burst,1024,DETECTOR_TIMEOUT,1,770,3,125000000,770,threshold,门限突发长度,True,False,807403520,808452096,1048576,8388.608,8192.0,8192.0,70368744177664
burst,1024,DETECTOR_TIMEOUT,1,771,3,125000000,771,threshold,门限突发长度,True,False,808452096,809500672,1048576,8388.608,8192.0,8192.0,70368744177664
burst,1024,DETECTOR_TIMEOUT,1,772,3,125000000,772,threshold,门限突发长度,True,False,809500672,810549248,1048576,8388.608,8192.0,8192.0,70368744177664
burst,1024,DETECTOR_TIMEOUT,1,773,3,125000000,773,threshold,门限突发长度,True,False,810549248,811597824,1048576,8388.608,8192.0,8192.0,70368744177664
burst,1024,DETECTOR_TIMEOUT,1,774,3,125000000,774,threshold,门限突发长度,True,False,811597824,812646400,1048576,8388.608,8192.0,8192.0,70368744177664
burst,1024,DETECTOR_TIMEOUT,1,775,3,125000000,775,threshold,门限突发长度,True,False,812646400,813694976,1048576,8388.608,8192.0,8192.0,70368744177664
burst,1024,DETECTOR_TIMEOUT,1,776,3,125000000,776,threshold,门限突发长度,True,False,813694976,814743552,1048576,8388.608,8192.0,8192.0,70368744177664
burst,1024,DETECTOR_TIMEOUT,1,777,3,125000000,777,threshold,门限突发长度,True,False,814743552,815792128,1048576,8388.608,8192.0,8192.0,70368744177664
burst,1024,DETECTOR_TIMEOUT,1,778,3,125000000,778,threshold,门限突发长度,True,False,815792128,816840704,1048576,8388.608,8192.0,8192.0,70368744177664
burst,1024,DETECTOR_TIMEOUT,1,779,3,125000000,779,threshold,门限突发长度,True,False,816840704,817889280,1048576,8388.608,8192.0,8192.0,70368744177664
burst,1024,DETECTOR_TIMEOUT,1,780,3,125000000,780,threshold,门限突发长度,True,False,817889280,818937856,1048576,8388.608,8192.0,8192.0,70368744177664
burst,1024,DETECTOR_TIMEOUT,1,781,3,125000000,781,threshold,门限突发长度,True,False,818937856,819986432,1048576,8388.608,8192.0,8192.0,70368744177664
burst,1024,DETECTOR_TIMEOUT,1,782,3,125000000,782,threshold,门限突发长度,True,False,819986432,821035008,1048576,8388.608,8192.0,8192.0,70368744177664
burst,1024,DETECTOR_TIMEOUT,1,783,3,125000000,783,threshold,门限突发长度,True,False,821035008,822083584,1048576,8388.608,8192.0,8192.0,70368744177664
burst,1024,DETECTOR_TIMEOUT,1,784,3,125000000,784,threshold,门限突发长度,True,False,822083584,823132160,1048576,8388.608,8192.0,8192.0,70368744177664
burst,1024,DETECTOR_TIMEOUT,1,785,3,125000000,785,threshold,门限突发长度,True,False,823132160,824180736,1048576,8388.608,8192.0,8192.0,70368744177664
burst,1024,DETECTOR_TIMEOUT,1,786,3,125000000,786,threshold,门限突发长度,True,False,824180736,825229312,1048576,8388.608,8192.0,8192.0,70368744177664
burst,1024,DETECTOR_TIMEOUT,1,787,3,125000000,787,threshold,门限突发长度,True,False,825229312,826277888,1048576,8388.608,8192.0,8192.0,70368744177664
burst,1024,DETECTOR_TIMEOUT,1,788,3,125000000,788,threshold,门限突发长度,True,False,826277888,827326464,1048576,8388.608,8192.0,8192.0,70368744177664
burst,1024,DETECTOR_TIMEOUT,1,789,3,125000000,789,threshold,门限突发长度,True,False,827326464,828375040,1048576,8388.608,8192.0,8192.0,70368744177664
burst,1024,DETECTOR_TIMEOUT,1,790,3,125000000,790,threshold,门限突发长度,True,False,828375040,829423616,1048576,8388.608,8192.0,8192.0,70368744177664
burst,1024,DETECTOR_TIMEOUT,1,791,3,125000000,791,threshold,门限突发长度,True,False,829423616,830472192,1048576,8388.608,8192.0,8192.0,70368744177664
burst,1024,DETECTOR_TIMEOUT,1,792,3,125000000,792,threshold,门限突发长度,True,False,830472192,831520768,1048576,8388.608,8192.0,8192.0,70368744177664
burst,1024,DETECTOR_TIMEOUT,1,793,3,125000000,793,threshold,门限突发长度,True,False,831520768,832569344,1048576,8388.608,8192.0,8192.0,70368744177664
burst,1024,DETECTOR_TIMEOUT,1,794,3,125000000,794,threshold,门限突发长度,True,False,832569344,833617920,1048576,8388.608,8192.0,8192.0,70368744177664
burst,1024,DETECTOR_TIMEOUT,1,795,3,125000000,795,threshold,门限突发长度,True,False,833617920,834666496,1048576,8388.608,8192.0,8192.0,70368744177664
burst,1024,DETECTOR_TIMEOUT,1,796,3,125000000,796,threshold,门限突发长度,True,False,834666496,835715072,1048576,8388.608,8192.0,8192.0,70368744177664
burst,1024,DETECTOR_TIMEOUT,1,797,3,125000000,797,threshold,门限突发长度,True,False,835715072,836763648,1048576,8388.608,8192.0,8192.0,70368744177664
burst,1024,DETECTOR_TIMEOUT,1,798,3,125000000,798,threshold,门限突发长度,True,False,836763648,837812224,1048576,8388.608,8192.0,8192.0,70368744177664
burst,1024,DETECTOR_TIMEOUT,1,799,3,125000000,799,threshold,门限突发长度,True,False,837812224,838860800,1048576,8388.608,8192.0,8192.0,70368744177664
burst,1024,DETECTOR_TIMEOUT,1,800,3,125000000,800,threshold,门限突发长度,True,False,838860800,839909376,1048576,8388.608,8192.0,8192.0,70368744177664
burst,1024,DETECTOR_TIMEOUT,1,801,3,125000000,801,threshold,门限突发长度,True,False,839909376,840957952,1048576,8388.608,8192.0,8192.0,70368744177664
burst,1024,DETECTOR_TIMEOUT,1,802,3,125000000,802,threshold,门限突发长度,True,False,840957952,842006528,1048576,8388.608,8192.0,8192.0,70368744177664
burst,1024,DETECTOR_TIMEOUT,1,803,3,125000000,803,threshold,门限突发长度,True,False,842006528,843055104,1048576,8388.608,8192.0,8192.0,70368744177664
burst,1024,DETECTOR_TIMEOUT,1,804,3,125000000,804,threshold,门限突发长度,True,False,843055104,844103680,1048576,8388.608,8192.0,8192.0,70368744177664
burst,1024,DETECTOR_TIMEOUT,1,805,3,125000000,805,threshold,门限突发长度,True,False,844103680,845152256,1048576,8388.608,8192.0,8192.0,70368744177664
burst,1024,DETECTOR_TIMEOUT,1,806,3,125000000,806,threshold,门限突发长度,True,False,845152256,846200832,1048576,8388.608,8192.0,8192.0,70368744177664
burst,1024,DETECTOR_TIMEOUT,1,807,3,125000000,807,threshold,门限突发长度,True,False,846200832,847249408,1048576,8388.608,8192.0,8192.0,70368744177664
burst,1024,DETECTOR_TIMEOUT,1,808,3,125000000,808,threshold,门限突发长度,True,False,847249408,848297984,1048576,8388.608,8192.0,8192.0,70368744177664
burst,1024,DETECTOR_TIMEOUT,1,809,3,125000000,809,threshold,门限突发长度,True,False,848297984,849346560,1048576,8388.608,8192.0,8192.0,70368744177664
burst,1024,DETECTOR_TIMEOUT,1,810,3,125000000,810,threshold,门限突发长度,True,False,849346560,850395136,1048576,8388.608,8192.0,8192.0,70368744177664
burst,1024,DETECTOR_TIMEOUT,1,811,3,125000000,811,threshold,门限突发长度,True,False,850395136,851443712,1048576,8388.608,8192.0,8192.0,70368744177664
burst,1024,DETECTOR_TIMEOUT,1,812,3,125000000,812,threshold,门限突发长度,True,False,851443712,852492288,1048576,8388.608,8192.0,8192.0,70368744177664
burst,1024,DETECTOR_TIMEOUT,1,813,3,125000000,813,threshold,门限突发长度,True,False,852492288,853540864,1048576,8388.608,8192.0,8192.0,70368744177664
burst,1024,DETECTOR_TIMEOUT,1,814,3,125000000,814,threshold,门限突发长度,True,False,853540864,854589440,1048576,8388.608,8192.0,8192.0,70368744177664
burst,1024,DETECTOR_TIMEOUT,1,815,3,125000000,815,threshold,门限突发长度,True,False,854589440,855638016,1048576,8388.608,8192.0,8192.0,70368744177664
burst,1024,DETECTOR_TIMEOUT,1,816,3,125000000,816,threshold,门限突发长度,True,False,855638016,856686592,1048576,8388.608,8192.0,8192.0,70368744177664
burst,1024,DETECTOR_TIMEOUT,1,817,3,125000000,817,threshold,门限突发长度,True,False,856686592,857735168,1048576,8388.608,8192.0,8192.0,70368744177664
burst,1024,DETECTOR_TIMEOUT,1,818,3,125000000,818,threshold,门限突发长度,True,False,857735168,858783744,1048576,8388.608,8192.0,8192.0,70368744177664
burst,1024,DETECTOR_TIMEOUT,1,819,3,125000000,819,threshold,门限突发长度,True,False,858783744,859832320,1048576,8388.608,8192.0,8192.0,70368744177664
burst,1024,DETECTOR_TIMEOUT,1,820,3,125000000,820,threshold,门限突发长度,True,False,859832320,860880896,1048576,8388.608,8192.0,8192.0,70368744177664
burst,1024,DETECTOR_TIMEOUT,1,821,3,125000000,821,threshold,门限突发长度,True,False,860880896,861929472,1048576,8388.608,8192.0,8192.0,70368744177664
burst,1024,DETECTOR_TIMEOUT,1,822,3,125000000,822,threshold,门限突发长度,True,False,861929472,862978048,1048576,8388.608,8192.0,8192.0,70368744177664
burst,1024,DETECTOR_TIMEOUT,1,823,3,125000000,823,threshold,门限突发长度,True,False,862978048,864026624,1048576,8388.608,8192.0,8192.0,70368744177664
burst,1024,DETECTOR_TIMEOUT,1,824,3,125000000,824,threshold,门限突发长度,True,False,864026624,865075200,1048576,8388.608,8192.0,8192.0,70368744177664
burst,1024,DETECTOR_TIMEOUT,1,825,3,125000000,825,threshold,门限突发长度,True,False,865075200,866123776,1048576,8388.608,8192.0,8192.0,70368744177664
burst,1024,DETECTOR_TIMEOUT,1,826,3,125000000,826,threshold,门限突发长度,True,False,866123776,867172352,1048576,8388.608,8192.0,8192.0,70368744177664
burst,1024,DETECTOR_TIMEOUT,1,827,3,125000000,827,threshold,门限突发长度,True,False,867172352,868220928,1048576,8388.608,8192.0,8192.0,70368744177664
burst,1024,DETECTOR_TIMEOUT,1,828,3,125000000,828,threshold,门限突发长度,True,False,868220928,869269504,1048576,8388.608,8192.0,8192.0,70368744177664
burst,1024,DETECTOR_TIMEOUT,1,829,3,125000000,829,threshold,门限突发长度,True,False,869269504,870318080,1048576,8388.608,8192.0,8192.0,70368744177664
burst,1024,DETECTOR_TIMEOUT,1,830,3,125000000,830,threshold,门限突发长度,True,False,870318080,871366656,1048576,8388.608,8192.0,8192.0,70368744177664
burst,1024,DETECTOR_TIMEOUT,1,831,3,125000000,831,threshold,门限突发长度,True,False,871366656,872415232,1048576,8388.608,8192.0,8192.0,70368744177664
burst,1024,DETECTOR_TIMEOUT,1,832,3,125000000,832,threshold,门限突发长度,True,False,872415232,873463808,1048576,8388.608,8192.0,8192.0,70368744177664
burst,1024,DETECTOR_TIMEOUT,1,833,3,125000000,833,threshold,门限突发长度,True,False,873463808,874512384,1048576,8388.608,8192.0,8192.0,70368744177664
burst,1024,DETECTOR_TIMEOUT,1,834,3,125000000,834,threshold,门限突发长度,True,False,874512384,875560960,1048576,8388.608,8192.0,8192.0,70368744177664
burst,1024,DETECTOR_TIMEOUT,1,835,3,125000000,835,threshold,门限突发长度,True,False,875560960,876609536,1048576,8388.608,8192.0,8192.0,70368744177664
burst,1024,DETECTOR_TIMEOUT,1,836,3,125000000,836,threshold,门限突发长度,True,False,876609536,877658112,1048576,8388.608,8192.0,8192.0,70368744177664
burst,1024,DETECTOR_TIMEOUT,1,837,3,125000000,837,threshold,门限突发长度,True,False,877658112,878706688,1048576,8388.608,8192.0,8192.0,70368744177664
burst,1024,DETECTOR_TIMEOUT,1,838,3,125000000,838,threshold,门限突发长度,True,False,878706688,879755264,1048576,8388.608,8192.0,8192.0,70368744177664
burst,1024,DETECTOR_TIMEOUT,1,839,3,125000000,839,threshold,门限突发长度,True,False,879755264,880803840,1048576,8388.608,8192.0,8192.0,70368744177664
burst,1024,DETECTOR_TIMEOUT,1,840,3,125000000,840,threshold,门限突发长度,True,False,880803840,881852416,1048576,8388.608,8192.0,8192.0,70368744177664
burst,1024,DETECTOR_TIMEOUT,1,841,3,125000000,841,threshold,门限突发长度,True,False,881852416,882900992,1048576,8388.608,8192.0,8192.0,70368744177664
burst,1024,DETECTOR_TIMEOUT,1,842,3,125000000,842,threshold,门限突发长度,True,False,882900992,883949568,1048576,8388.608,8192.0,8192.0,70368744177664
burst,1024,DETECTOR_TIMEOUT,1,843,3,125000000,843,threshold,门限突发长度,True,False,883949568,884998144,1048576,8388.608,8192.0,8192.0,70368744177664
burst,1024,DETECTOR_TIMEOUT,1,844,3,125000000,844,threshold,门限突发长度,True,False,884998144,886046720,1048576,8388.608,8192.0,8192.0,70368744177664
burst,1024,DETECTOR_TIMEOUT,1,845,3,125000000,845,threshold,门限突发长度,True,False,886046720,887095296,1048576,8388.608,8192.0,8192.0,70368744177664
burst,1024,DETECTOR_TIMEOUT,1,846,3,125000000,846,threshold,门限突发长度,True,False,887095296,888143872,1048576,8388.608,8192.0,8192.0,70368744177664
burst,1024,DETECTOR_TIMEOUT,1,847,3,125000000,847,threshold,门限突发长度,True,False,888143872,889192448,1048576,8388.608,8192.0,8192.0,70368744177664
burst,1024,DETECTOR_TIMEOUT,1,848,3,125000000,848,threshold,门限突发长度,True,False,889192448,890241024,1048576,8388.608,8192.0,8192.0,70368744177664
burst,1024,DETECTOR_TIMEOUT,1,849,3,125000000,849,threshold,门限突发长度,True,False,890241024,891289600,1048576,8388.608,8192.0,8192.0,70368744177664
burst,1024,DETECTOR_TIMEOUT,1,850,3,125000000,850,threshold,门限突发长度,True,False,891289600,892338176,1048576,8388.608,8192.0,8192.0,70368744177664
burst,1024,DETECTOR_TIMEOUT,1,851,3,125000000,851,threshold,门限突发长度,True,False,892338176,893386752,1048576,8388.608,8192.0,8192.0,70368744177664
burst,1024,DETECTOR_TIMEOUT,1,852,3,125000000,852,threshold,门限突发长度,True,False,893386752,894435328,1048576,8388.608,8192.0,8192.0,70368744177664
burst,1024,DETECTOR_TIMEOUT,1,853,3,125000000,853,threshold,门限突发长度,True,False,894435328,895483904,1048576,8388.608,8192.0,8192.0,70368744177664
burst,1024,DETECTOR_TIMEOUT,1,854,3,125000000,854,threshold,门限突发长度,True,False,895483904,896532480,1048576,8388.608,8192.0,8192.0,70368744177664
burst,1024,DETECTOR_TIMEOUT,1,855,3,125000000,855,threshold,门限突发长度,True,False,896532480,897581056,1048576,8388.608,8192.0,8192.0,70368744177664
burst,1024,DETECTOR_TIMEOUT,1,856,3,125000000,856,threshold,门限突发长度,True,False,897581056,898629632,1048576,8388.608,8192.0,8192.0,70368744177664
burst,1024,DETECTOR_TIMEOUT,1,857,3,125000000,857,threshold,门限突发长度,True,False,898629632,899678208,1048576,8388.608,8192.0,8192.0,70368744177664
burst,1024,DETECTOR_TIMEOUT,1,858,3,125000000,858,threshold,门限突发长度,True,False,899678208,900726784,1048576,8388.608,8192.0,8192.0,70368744177664
burst,1024,DETECTOR_TIMEOUT,1,859,3,125000000,859,threshold,门限突发长度,True,False,900726784,901775360,1048576,8388.608,8192.0,8192.0,70368744177664
burst,1024,DETECTOR_TIMEOUT,1,860,3,125000000,860,threshold,门限突发长度,True,False,901775360,902823936,1048576,8388.608,8192.0,8192.0,70368744177664
burst,1024,DETECTOR_TIMEOUT,1,861,3,125000000,861,threshold,门限突发长度,True,False,902823936,903872512,1048576,8388.608,8192.0,8192.0,70368744177664
burst,1024,DETECTOR_TIMEOUT,1,862,3,125000000,862,threshold,门限突发长度,True,False,903872512,904921088,1048576,8388.608,8192.0,8192.0,70368744177664
burst,1024,DETECTOR_TIMEOUT,1,863,3,125000000,863,threshold,门限突发长度,True,False,904921088,905969664,1048576,8388.608,8192.0,8192.0,70368744177664
burst,1024,DETECTOR_TIMEOUT,1,864,3,125000000,864,threshold,门限突发长度,True,False,905969664,907018240,1048576,8388.608,8192.0,8192.0,70368744177664
burst,1024,DETECTOR_TIMEOUT,1,865,3,125000000,865,threshold,门限突发长度,True,False,907018240,908066816,1048576,8388.608,8192.0,8192.0,70368744177664
burst,1024,DETECTOR_TIMEOUT,1,866,3,125000000,866,threshold,门限突发长度,True,False,908066816,909115392,1048576,8388.608,8192.0,8192.0,70368744177664
burst,1024,DETECTOR_TIMEOUT,1,867,3,125000000,867,threshold,门限突发长度,True,False,909115392,910163968,1048576,8388.608,8192.0,8192.0,70368744177664
burst,1024,DETECTOR_TIMEOUT,1,868,3,125000000,868,threshold,门限突发长度,True,False,910163968,911212544,1048576,8388.608,8192.0,8192.0,70368744177664
burst,1024,DETECTOR_TIMEOUT,1,869,3,125000000,869,threshold,门限突发长度,True,False,911212544,912261120,1048576,8388.608,8192.0,8192.0,70368744177664
burst,1024,DETECTOR_TIMEOUT,1,870,3,125000000,870,threshold,门限突发长度,True,False,912261120,913309696,1048576,8388.608,8192.0,8192.0,70368744177664
burst,1024,DETECTOR_TIMEOUT,1,871,3,125000000,871,threshold,门限突发长度,True,False,913309696,914358272,1048576,8388.608,8192.0,8192.0,70368744177664
burst,1024,DETECTOR_TIMEOUT,1,872,3,125000000,872,threshold,门限突发长度,True,False,914358272,915406848,1048576,8388.608,8192.0,8192.0,70368744177664
burst,1024,DETECTOR_TIMEOUT,1,873,3,125000000,873,threshold,门限突发长度,True,False,915406848,916455424,1048576,8388.608,8192.0,8192.0,70368744177664
burst,1024,DETECTOR_TIMEOUT,1,874,3,125000000,874,threshold,门限突发长度,True,False,916455424,917504000,1048576,8388.608,8192.0,8192.0,70368744177664
burst,1024,DETECTOR_TIMEOUT,1,875,3,125000000,875,threshold,门限突发长度,True,False,917504000,918552576,1048576,8388.608,8192.0,8192.0,70368744177664
burst,1024,DETECTOR_TIMEOUT,1,876,3,125000000,876,threshold,门限突发长度,True,False,918552576,919601152,1048576,8388.608,8192.0,8192.0,70368744177664
burst,1024,DETECTOR_TIMEOUT,1,877,3,125000000,877,threshold,门限突发长度,True,False,919601152,920649728,1048576,8388.608,8192.0,8192.0,70368744177664
burst,1024,DETECTOR_TIMEOUT,1,878,3,125000000,878,threshold,门限突发长度,True,False,920649728,921698304,1048576,8388.608,8192.0,8192.0,70368744177664
burst,1024,DETECTOR_TIMEOUT,1,879,3,125000000,879,threshold,门限突发长度,True,False,921698304,922746880,1048576,8388.608,8192.0,8192.0,70368744177664
burst,1024,DETECTOR_TIMEOUT,1,880,3,125000000,880,threshold,门限突发长度,True,False,922746880,923795456,1048576,8388.608,8192.0,8192.0,70368744177664
burst,1024,DETECTOR_TIMEOUT,1,881,3,125000000,881,threshold,门限突发长度,True,False,923795456,924844032,1048576,8388.608,8192.0,8192.0,70368744177664
burst,1024,DETECTOR_TIMEOUT,1,882,3,125000000,882,threshold,门限突发长度,True,False,924844032,925892608,1048576,8388.608,8192.0,8192.0,70368744177664
burst,1024,DETECTOR_TIMEOUT,1,883,3,125000000,883,threshold,门限突发长度,True,False,925892608,926941184,1048576,8388.608,8192.0,8192.0,70368744177664
burst,1024,DETECTOR_TIMEOUT,1,884,3,125000000,884,threshold,门限突发长度,True,False,926941184,927989760,1048576,8388.608,8192.0,8192.0,70368744177664
burst,1024,DETECTOR_TIMEOUT,1,885,3,125000000,885,threshold,门限突发长度,True,False,927989760,929038336,1048576,8388.608,8192.0,8192.0,70368744177664
burst,1024,DETECTOR_TIMEOUT,1,886,3,125000000,886,threshold,门限突发长度,True,False,929038336,930086912,1048576,8388.608,8192.0,8192.0,70368744177664
burst,1024,DETECTOR_TIMEOUT,1,887,3,125000000,887,threshold,门限突发长度,True,False,930086912,931135488,1048576,8388.608,8192.0,8192.0,70368744177664
burst,1024,DETECTOR_TIMEOUT,1,888,3,125000000,888,threshold,门限突发长度,True,False,931135488,932184064,1048576,8388.608,8192.0,8192.0,70368744177664
burst,1024,DETECTOR_TIMEOUT,1,889,3,125000000,889,threshold,门限突发长度,True,False,932184064,933232640,1048576,8388.608,8192.0,8192.0,70368744177664
burst,1024,DETECTOR_TIMEOUT,1,890,3,125000000,890,threshold,门限突发长度,True,False,933232640,934281216,1048576,8388.608,8192.0,8192.0,70368744177664
burst,1024,DETECTOR_TIMEOUT,1,891,3,125000000,891,threshold,门限突发长度,True,False,934281216,935329792,1048576,8388.608,8192.0,8192.0,70368744177664
burst,1024,DETECTOR_TIMEOUT,1,892,3,125000000,892,threshold,门限突发长度,True,False,935329792,936378368,1048576,8388.608,8192.0,8192.0,70368744177664
burst,1024,DETECTOR_TIMEOUT,1,893,3,125000000,893,threshold,门限突发长度,True,False,936378368,937426944,1048576,8388.608,8192.0,8192.0,70368744177664
burst,1024,DETECTOR_TIMEOUT,1,894,3,125000000,894,threshold,门限突发长度,True,False,937426944,938475520,1048576,8388.608,8192.0,8192.0,70368744177664
burst,1024,DETECTOR_TIMEOUT,1,895,3,125000000,895,threshold,门限突发长度,True,False,938475520,939524096,1048576,8388.608,8192.0,8192.0,70368744177664
burst,1024,DETECTOR_TIMEOUT,1,896,3,125000000,896,threshold,门限突发长度,True,False,939524096,940572672,1048576,8388.608,8192.0,8192.0,70368744177664
burst,1024,DETECTOR_TIMEOUT,1,897,3,125000000,897,threshold,门限突发长度,True,False,940572672,941621248,1048576,8388.608,8192.0,8192.0,70368744177664
burst,1024,DETECTOR_TIMEOUT,1,898,3,125000000,898,threshold,门限突发长度,True,False,941621248,942669824,1048576,8388.608,8192.0,8192.0,70368744177664
burst,1024,DETECTOR_TIMEOUT,1,899,3,125000000,899,threshold,门限突发长度,True,False,942669824,943718400,1048576,8388.608,8192.0,8192.0,70368744177664
burst,1024,DETECTOR_TIMEOUT,1,900,3,125000000,900,threshold,门限突发长度,True,False,943718400,944766976,1048576,8388.608,8192.0,8192.0,70368744177664
burst,1024,DETECTOR_TIMEOUT,1,901,3,125000000,901,threshold,门限突发长度,True,False,944766976,945815552,1048576,8388.608,8192.0,8192.0,70368744177664
burst,1024,DETECTOR_TIMEOUT,1,902,3,125000000,902,threshold,门限突发长度,True,False,945815552,946864128,1048576,8388.608,8192.0,8192.0,70368744177664
burst,1024,DETECTOR_TIMEOUT,1,903,3,125000000,903,threshold,门限突发长度,True,False,946864128,947912704,1048576,8388.608,8192.0,8192.0,70368744177664
burst,1024,DETECTOR_TIMEOUT,1,904,3,125000000,904,threshold,门限突发长度,True,False,947912704,948961280,1048576,8388.608,8192.0,8192.0,70368744177664
burst,1024,DETECTOR_TIMEOUT,1,905,3,125000000,905,threshold,门限突发长度,True,False,948961280,950009856,1048576,8388.608,8192.0,8192.0,70368744177664
burst,1024,DETECTOR_TIMEOUT,1,906,3,125000000,906,threshold,门限突发长度,True,False,950009856,951058432,1048576,8388.608,8192.0,8192.0,70368744177664
burst,1024,DETECTOR_TIMEOUT,1,907,3,125000000,907,threshold,门限突发长度,True,False,951058432,952107008,1048576,8388.608,8192.0,8192.0,70368744177664
burst,1024,DETECTOR_TIMEOUT,1,908,3,125000000,908,threshold,门限突发长度,True,False,952107008,953155584,1048576,8388.608,8192.0,8192.0,70368744177664
burst,1024,DETECTOR_TIMEOUT,1,909,3,125000000,909,threshold,门限突发长度,True,False,953155584,954204160,1048576,8388.608,8192.0,8192.0,70368744177664
burst,1024,DETECTOR_TIMEOUT,1,910,3,125000000,910,threshold,门限突发长度,True,False,954204160,955252736,1048576,8388.608,8192.0,8192.0,70368744177664
burst,1024,DETECTOR_TIMEOUT,1,911,3,125000000,911,threshold,门限突发长度,True,False,955252736,956301312,1048576,8388.608,8192.0,8192.0,70368744177664
burst,1024,DETECTOR_TIMEOUT,1,912,3,125000000,912,threshold,门限突发长度,True,False,956301312,957349888,1048576,8388.608,8192.0,8192.0,70368744177664
burst,1024,DETECTOR_TIMEOUT,1,913,3,125000000,913,threshold,门限突发长度,True,False,957349888,958398464,1048576,8388.608,8192.0,8192.0,70368744177664
burst,1024,DETECTOR_TIMEOUT,1,914,3,125000000,914,threshold,门限突发长度,True,False,958398464,959447040,1048576,8388.608,8192.0,8192.0,70368744177664
burst,1024,DETECTOR_TIMEOUT,1,915,3,125000000,915,threshold,门限突发长度,True,False,959447040,960495616,1048576,8388.608,8192.0,8192.0,70368744177664
burst,1024,DETECTOR_TIMEOUT,1,916,3,125000000,916,threshold,门限突发长度,True,False,960495616,961544192,1048576,8388.608,8192.0,8192.0,70368744177664
burst,1024,DETECTOR_TIMEOUT,1,917,3,125000000,917,threshold,门限突发长度,True,False,961544192,962592768,1048576,8388.608,8192.0,8192.0,70368744177664
burst,1024,DETECTOR_TIMEOUT,1,918,3,125000000,918,threshold,门限突发长度,True,False,962592768,963641344,1048576,8388.608,8192.0,8192.0,70368744177664
burst,1024,DETECTOR_TIMEOUT,1,919,3,125000000,919,threshold,门限突发长度,True,False,963641344,964689920,1048576,8388.608,8192.0,8192.0,70368744177664
burst,1024,DETECTOR_TIMEOUT,1,920,3,125000000,920,threshold,门限突发长度,True,False,964689920,965738496,1048576,8388.608,8192.0,8192.0,70368744177664
burst,1024,DETECTOR_TIMEOUT,1,921,3,125000000,921,threshold,门限突发长度,True,False,965738496,966787072,1048576,8388.608,8192.0,8192.0,70368744177664
burst,1024,DETECTOR_TIMEOUT,1,922,3,125000000,922,threshold,门限突发长度,True,False,966787072,967835648,1048576,8388.608,8192.0,8192.0,70368744177664
burst,1024,DETECTOR_TIMEOUT,1,923,3,125000000,923,threshold,门限突发长度,True,False,967835648,968884224,1048576,8388.608,8192.0,8192.0,70368744177664
burst,1024,DETECTOR_TIMEOUT,1,924,3,125000000,924,threshold,门限突发长度,True,False,968884224,969932800,1048576,8388.608,8192.0,8192.0,70368744177664
burst,1024,DETECTOR_TIMEOUT,1,925,3,125000000,925,threshold,门限突发长度,True,False,969932800,970981376,1048576,8388.608,8192.0,8192.0,70368744177664
burst,1024,DETECTOR_TIMEOUT,1,926,3,125000000,926,threshold,门限突发长度,True,False,970981376,972029952,1048576,8388.608,8192.0,8192.0,70368744177664
burst,1024,DETECTOR_TIMEOUT,1,927,3,125000000,927,threshold,门限突发长度,True,False,972029952,973078528,1048576,8388.608,8192.0,8192.0,70368744177664
burst,1024,DETECTOR_TIMEOUT,1,928,3,125000000,928,threshold,门限突发长度,True,False,973078528,974127104,1048576,8388.608,8192.0,8192.0,70368744177664
burst,1024,DETECTOR_TIMEOUT,1,929,3,125000000,929,threshold,门限突发长度,True,False,974127104,975175680,1048576,8388.608,8192.0,8192.0,70368744177664
burst,1024,DETECTOR_TIMEOUT,1,930,3,125000000,930,threshold,门限突发长度,True,False,975175680,976224256,1048576,8388.608,8192.0,8192.0,70368744177664
burst,1024,DETECTOR_TIMEOUT,1,931,3,125000000,931,threshold,门限突发长度,True,False,976224256,977272832,1048576,8388.608,8192.0,8192.0,70368744177664
burst,1024,DETECTOR_TIMEOUT,1,932,3,125000000,932,threshold,门限突发长度,True,False,977272832,978321408,1048576,8388.608,8192.0,8192.0,70368744177664
burst,1024,DETECTOR_TIMEOUT,1,933,3,125000000,933,threshold,门限突发长度,True,False,978321408,979369984,1048576,8388.608,8192.0,8192.0,70368744177664
burst,1024,DETECTOR_TIMEOUT,1,934,3,125000000,934,threshold,门限突发长度,True,False,979369984,980418560,1048576,8388.608,8192.0,8192.0,70368744177664
burst,1024,DETECTOR_TIMEOUT,1,935,3,125000000,935,threshold,门限突发长度,True,False,980418560,981467136,1048576,8388.608,8192.0,8192.0,70368744177664
burst,1024,DETECTOR_TIMEOUT,1,936,3,125000000,936,threshold,门限突发长度,True,False,981467136,982515712,1048576,8388.608,8192.0,8192.0,70368744177664
burst,1024,DETECTOR_TIMEOUT,1,937,3,125000000,937,threshold,门限突发长度,True,False,982515712,983564288,1048576,8388.608,8192.0,8192.0,70368744177664
burst,1024,DETECTOR_TIMEOUT,1,938,3,125000000,938,threshold,门限突发长度,True,False,983564288,984612864,1048576,8388.608,8192.0,8192.0,70368744177664
burst,1024,DETECTOR_TIMEOUT,1,939,3,125000000,939,threshold,门限突发长度,True,False,984612864,985661440,1048576,8388.608,8192.0,8192.0,70368744177664
burst,1024,DETECTOR_TIMEOUT,1,940,3,125000000,940,threshold,门限突发长度,True,False,985661440,986710016,1048576,8388.608,8192.0,8192.0,70368744177664
burst,1024,DETECTOR_TIMEOUT,1,941,3,125000000,941,threshold,门限突发长度,True,False,986710016,987758592,1048576,8388.608,8192.0,8192.0,70368744177664
burst,1024,DETECTOR_TIMEOUT,1,942,3,125000000,942,threshold,门限突发长度,True,False,987758592,988807168,1048576,8388.608,8192.0,8192.0,70368744177664
burst,1024,DETECTOR_TIMEOUT,1,943,3,125000000,943,threshold,门限突发长度,True,False,988807168,989855744,1048576,8388.608,8192.0,8192.0,70368744177664
burst,1024,DETECTOR_TIMEOUT,1,944,3,125000000,944,threshold,门限突发长度,True,False,989855744,990904320,1048576,8388.608,8192.0,8192.0,70368744177664
burst,1024,DETECTOR_TIMEOUT,1,945,3,125000000,945,threshold,门限突发长度,True,False,990904320,991952896,1048576,8388.608,8192.0,8192.0,70368744177664
burst,1024,DETECTOR_TIMEOUT,1,946,3,125000000,946,threshold,门限突发长度,True,False,991952896,993001472,1048576,8388.608,8192.0,8192.0,70368744177664
burst,1024,DETECTOR_TIMEOUT,1,947,3,125000000,947,threshold,门限突发长度,True,False,993001472,994050048,1048576,8388.608,8192.0,8192.0,70368744177664
burst,1024,DETECTOR_TIMEOUT,1,948,3,125000000,948,threshold,门限突发长度,True,False,994050048,995098624,1048576,8388.608,8192.0,8192.0,70368744177664
burst,1024,DETECTOR_TIMEOUT,1,949,3,125000000,949,threshold,门限突发长度,True,False,995098624,996147200,1048576,8388.608,8192.0,8192.0,70368744177664
burst,1024,DETECTOR_TIMEOUT,1,950,3,125000000,950,threshold,门限突发长度,True,False,996147200,997195776,1048576,8388.608,8192.0,8192.0,70368744177664
burst,1024,DETECTOR_TIMEOUT,1,951,3,125000000,951,threshold,门限突发长度,True,False,997195776,998244352,1048576,8388.608,8192.0,8192.0,70368744177664
burst,1024,DETECTOR_TIMEOUT,1,952,3,125000000,952,threshold,门限突发长度,True,False,998244352,999292928,1048576,8388.608,8192.0,8192.0,70368744177664
burst,1024,DETECTOR_TIMEOUT,1,953,3,125000000,953,threshold,门限突发长度,True,False,999292928,1000341504,1048576,8388.608,8192.0,8192.0,70368744177664
burst,1024,DETECTOR_TIMEOUT,1,954,3,125000000,954,threshold,门限突发长度,True,False,1000341504,1001390080,1048576,8388.608,8192.0,8192.0,70368744177664
burst,1024,DETECTOR_TIMEOUT,1,955,3,125000000,955,threshold,门限突发长度,True,False,1001390080,1002438656,1048576,8388.608,8192.0,8192.0,70368744177664
burst,1024,DETECTOR_TIMEOUT,1,956,3,125000000,956,threshold,门限突发长度,True,False,1002438656,1003487232,1048576,8388.608,8192.0,8192.0,70368744177664
burst,1024,DETECTOR_TIMEOUT,1,957,3,125000000,957,threshold,门限突发长度,True,False,1003487232,1004535808,1048576,8388.608,8192.0,8192.0,70368744177664
burst,1024,DETECTOR_TIMEOUT,1,958,3,125000000,958,threshold,门限突发长度,True,False,1004535808,1005584384,1048576,8388.608,8192.0,8192.0,70368744177664
burst,1024,DETECTOR_TIMEOUT,1,959,3,125000000,959,threshold,门限突发长度,True,False,1005584384,1006632960,1048576,8388.608,8192.0,8192.0,70368744177664
burst,1024,DETECTOR_TIMEOUT,1,960,3,125000000,960,threshold,门限突发长度,True,False,1006632960,1007681536,1048576,8388.608,8192.0,8192.0,70368744177664
burst,1024,DETECTOR_TIMEOUT,1,961,3,125000000,961,threshold,门限突发长度,True,False,1007681536,1008730112,1048576,8388.608,8192.0,8192.0,70368744177664
burst,1024,DETECTOR_TIMEOUT,1,962,3,125000000,962,threshold,门限突发长度,True,False,1008730112,1009778688,1048576,8388.608,8192.0,8192.0,70368744177664
burst,1024,DETECTOR_TIMEOUT,1,963,3,125000000,963,threshold,门限突发长度,True,False,1009778688,1010827264,1048576,8388.608,8192.0,8192.0,70368744177664
burst,1024,DETECTOR_TIMEOUT,1,964,3,125000000,964,threshold,门限突发长度,True,False,1010827264,1011875840,1048576,8388.608,8192.0,8192.0,70368744177664
burst,1024,DETECTOR_TIMEOUT,1,965,3,125000000,965,threshold,门限突发长度,True,False,1011875840,1012924416,1048576,8388.608,8192.0,8192.0,70368744177664
burst,1024,DETECTOR_TIMEOUT,1,966,3,125000000,966,threshold,门限突发长度,True,False,1012924416,1013972992,1048576,8388.608,8192.0,8192.0,70368744177664
burst,1024,DETECTOR_TIMEOUT,1,967,3,125000000,967,threshold,门限突发长度,True,False,1013972992,1015021568,1048576,8388.608,8192.0,8192.0,70368744177664
burst,1024,DETECTOR_TIMEOUT,1,968,3,125000000,968,threshold,门限突发长度,True,False,1015021568,1016070144,1048576,8388.608,8192.0,8192.0,70368744177664
burst,1024,DETECTOR_TIMEOUT,1,969,3,125000000,969,threshold,门限突发长度,True,False,1016070144,1017118720,1048576,8388.608,8192.0,8192.0,70368744177664
burst,1024,DETECTOR_TIMEOUT,1,970,3,125000000,970,threshold,门限突发长度,True,False,1017118720,1018167296,1048576,8388.608,8192.0,8192.0,70368744177664
burst,1024,DETECTOR_TIMEOUT,1,971,3,125000000,971,threshold,门限突发长度,True,False,1018167296,1019215872,1048576,8388.608,8192.0,8192.0,70368744177664
burst,1024,DETECTOR_TIMEOUT,1,972,3,125000000,972,threshold,门限突发长度,True,False,1019215872,1020264448,1048576,8388.608,8192.0,8192.0,70368744177664
burst,1024,DETECTOR_TIMEOUT,1,973,3,125000000,973,threshold,门限突发长度,True,False,1020264448,1021313024,1048576,8388.608,8192.0,8192.0,70368744177664
burst,1024,DETECTOR_TIMEOUT,1,974,3,125000000,974,threshold,门限突发长度,True,False,1021313024,1022361600,1048576,8388.608,8192.0,8192.0,70368744177664
burst,1024,DETECTOR_TIMEOUT,1,975,3,125000000,975,threshold,门限突发长度,True,False,1022361600,1023410176,1048576,8388.608,8192.0,8192.0,70368744177664
burst,1024,DETECTOR_TIMEOUT,1,976,3,125000000,976,threshold,门限突发长度,True,False,1023410176,1024458752,1048576,8388.608,8192.0,8192.0,70368744177664
burst,1024,DETECTOR_TIMEOUT,1,977,3,125000000,977,threshold,门限突发长度,True,False,1024458752,1025507328,1048576,8388.608,8192.0,8192.0,70368744177664
burst,1024,DETECTOR_TIMEOUT,1,978,3,125000000,978,threshold,门限突发长度,True,False,1025507328,1026555904,1048576,8388.608,8192.0,8192.0,70368744177664
burst,1024,DETECTOR_TIMEOUT,1,979,3,125000000,979,threshold,门限突发长度,True,False,1026555904,1027604480,1048576,8388.608,8192.0,8192.0,70368744177664
burst,1024,DETECTOR_TIMEOUT,1,980,3,125000000,980,threshold,门限突发长度,True,False,1027604480,1028653056,1048576,8388.608,8192.0,8192.0,70368744177664
burst,1024,DETECTOR_TIMEOUT,1,981,3,125000000,981,threshold,门限突发长度,True,False,1028653056,1029701632,1048576,8388.608,8192.0,8192.0,70368744177664
burst,1024,DETECTOR_TIMEOUT,1,982,3,125000000,982,threshold,门限突发长度,True,False,1029701632,1030750208,1048576,8388.608,8192.0,8192.0,70368744177664
burst,1024,DETECTOR_TIMEOUT,1,983,3,125000000,983,threshold,门限突发长度,True,False,1030750208,1031798784,1048576,8388.608,8192.0,8192.0,70368744177664
burst,1024,DETECTOR_TIMEOUT,1,984,3,125000000,984,threshold,门限突发长度,True,False,1031798784,1032847360,1048576,8388.608,8192.0,8192.0,70368744177664
burst,1024,DETECTOR_TIMEOUT,1,985,3,125000000,985,threshold,门限突发长度,True,False,1032847360,1033895936,1048576,8388.608,8192.0,8192.0,70368744177664
burst,1024,DETECTOR_TIMEOUT,1,986,3,125000000,986,threshold,门限突发长度,True,False,1033895936,1034944512,1048576,8388.608,8192.0,8192.0,70368744177664
burst,1024,DETECTOR_TIMEOUT,1,987,3,125000000,987,threshold,门限突发长度,True,False,1034944512,1035993088,1048576,8388.608,8192.0,8192.0,70368744177664
burst,1024,DETECTOR_TIMEOUT,1,988,3,125000000,988,threshold,门限突发长度,True,False,1035993088,1037041664,1048576,8388.608,8192.0,8192.0,70368744177664
burst,1024,DETECTOR_TIMEOUT,1,989,3,125000000,989,threshold,门限突发长度,True,False,1037041664,1038090240,1048576,8388.608,8192.0,8192.0,70368744177664
burst,1024,DETECTOR_TIMEOUT,1,990,3,125000000,990,threshold,门限突发长度,True,False,1038090240,1039138816,1048576,8388.608,8192.0,8192.0,70368744177664
burst,1024,DETECTOR_TIMEOUT,1,991,3,125000000,991,threshold,门限突发长度,True,False,1039138816,1040187392,1048576,8388.608,8192.0,8192.0,70368744177664
burst,1024,DETECTOR_TIMEOUT,1,992,3,125000000,992,threshold,门限突发长度,True,False,1040187392,1041235968,1048576,8388.608,8192.0,8192.0,70368744177664
burst,1024,DETECTOR_TIMEOUT,1,993,3,125000000,993,threshold,门限突发长度,True,False,1041235968,1042284544,1048576,8388.608,8192.0,8192.0,70368744177664
burst,1024,DETECTOR_TIMEOUT,1,994,3,125000000,994,threshold,门限突发长度,True,False,1042284544,1043333120,1048576,8388.608,8192.0,8192.0,70368744177664
burst,1024,DETECTOR_TIMEOUT,1,995,3,125000000,995,threshold,门限突发长度,True,False,1043333120,1044381696,1048576,8388.608,8192.0,8192.0,70368744177664
burst,1024,DETECTOR_TIMEOUT,1,996,3,125000000,996,threshold,门限突发长度,True,False,1044381696,1045430272,1048576,8388.608,8192.0,8192.0,70368744177664
burst,1024,DETECTOR_TIMEOUT,1,997,3,125000000,997,threshold,门限突发长度,True,False,1045430272,1046478848,1048576,8388.608,8192.0,8192.0,70368744177664
burst,1024,DETECTOR_TIMEOUT,1,998,3,125000000,998,threshold,门限突发长度,True,False,1046478848,1047527424,1048576,8388.608,8192.0,8192.0,70368744177664
burst,1024,DETECTOR_TIMEOUT,1,999,3,125000000,999,threshold,门限突发长度,True,False,1047527424,1048576000,1048576,8388.608,8192.0,8192.0,70368744177664
burst,1024,DETECTOR_TIMEOUT,1,1000,3,125000000,1000,threshold,门限突发长度,True,False,1048576000,1049624576,1048576,8388.608,8192.0,8192.0,70368744177664
burst,1024,DETECTOR_TIMEOUT,1,1001,3,125000000,1001,threshold,门限突发长度,True,False,1049624576,1050673152,1048576,8388.608,8192.0,8192.0,70368744177664
burst,1024,DETECTOR_TIMEOUT,1,1002,3,125000000,1002,threshold,门限突发长度,True,False,1050673152,1051721728,1048576,8388.608,8192.0,8192.0,70368744177664
burst,1024,DETECTOR_TIMEOUT,1,1003,3,125000000,1003,threshold,门限突发长度,True,False,1051721728,1052770304,1048576,8388.608,8192.0,8192.0,70368744177664
burst,1024,DETECTOR_TIMEOUT,1,1004,3,125000000,1004,threshold,门限突发长度,True,False,1052770304,1053818880,1048576,8388.608,8192.0,8192.0,70368744177664
burst,1024,DETECTOR_TIMEOUT,1,1005,3,125000000,1005,threshold,门限突发长度,True,False,1053818880,1054867456,1048576,8388.608,8192.0,8192.0,70368744177664
burst,1024,DETECTOR_TIMEOUT,1,1006,3,125000000,1006,threshold,门限突发长度,True,False,1054867456,1055916032,1048576,8388.608,8192.0,8192.0,70368744177664
burst,1024,DETECTOR_TIMEOUT,1,1007,3,125000000,1007,threshold,门限突发长度,True,False,1055916032,1056964608,1048576,8388.608,8192.0,8192.0,70368744177664
burst,1024,DETECTOR_TIMEOUT,1,1008,3,125000000,1008,threshold,门限突发长度,True,False,1056964608,1058013184,1048576,8388.608,8192.0,8192.0,70368744177664
burst,1024,DETECTOR_TIMEOUT,1,1009,3,125000000,1009,threshold,门限突发长度,True,False,1058013184,1059061760,1048576,8388.608,8192.0,8192.0,70368744177664
burst,1024,DETECTOR_TIMEOUT,1,1010,3,125000000,1010,threshold,门限突发长度,True,False,1059061760,1060110336,1048576,8388.608,8192.0,8192.0,70368744177664
burst,1024,DETECTOR_TIMEOUT,1,1011,3,125000000,1011,threshold,门限突发长度,True,False,1060110336,1061158912,1048576,8388.608,8192.0,8192.0,70368744177664
burst,1024,DETECTOR_TIMEOUT,1,1012,3,125000000,1012,threshold,门限突发长度,True,False,1061158912,1062207488,1048576,8388.608,8192.0,8192.0,70368744177664
burst,1024,DETECTOR_TIMEOUT,1,1013,3,125000000,1013,threshold,门限突发长度,True,False,1062207488,1063256064,1048576,8388.608,8192.0,8192.0,70368744177664
burst,1024,DETECTOR_TIMEOUT,1,1014,3,125000000,1014,threshold,门限突发长度,True,False,1063256064,1064304640,1048576,8388.608,8192.0,8192.0,70368744177664
burst,1024,DETECTOR_TIMEOUT,1,1015,3,125000000,1015,threshold,门限突发长度,True,False,1064304640,1065353216,1048576,8388.608,8192.0,8192.0,70368744177664
burst,1024,DETECTOR_TIMEOUT,1,1016,3,125000000,1016,threshold,门限突发长度,True,False,1065353216,1066401792,1048576,8388.608,8192.0,8192.0,70368744177664
burst,1024,DETECTOR_TIMEOUT,1,1017,3,125000000,1017,threshold,门限突发长度,True,False,1066401792,1067450368,1048576,8388.608,8192.0,8192.0,70368744177664
burst,1024,DETECTOR_TIMEOUT,1,1018,3,125000000,1018,threshold,门限突发长度,True,False,1067450368,1068498944,1048576,8388.608,8192.0,8192.0,70368744177664
burst,1024,DETECTOR_TIMEOUT,1,1019,3,125000000,1019,threshold,门限突发长度,True,False,1068498944,1069547520,1048576,8388.608,8192.0,8192.0,70368744177664
burst,1024,DETECTOR_TIMEOUT,1,1020,3,125000000,1020,threshold,门限突发长度,True,False,1069547520,1070596096,1048576,8388.608,8192.0,8192.0,70368744177664
burst,1024,DETECTOR_TIMEOUT,1,1021,3,125000000,1021,threshold,门限突发长度,True,False,1070596096,1071644672,1048576,8388.608,8192.0,8192.0,70368744177664
burst,1024,DETECTOR_TIMEOUT,1,1022,3,125000000,1022,threshold,门限突发长度,True,False,1071644672,1072693248,1048576,8388.608,8192.0,8192.0,70368744177664
burst,1024,DETECTOR_TIMEOUT,1,1023,3,125000000,1023,threshold,门限突发长度,True,False,1072693248,1073741824,1048576,8388.608,8192.0,8192.0,70368744177664
burst,1024,DETECTOR_TIMEOUT,1,1024,3,125000000,1024,threshold,门限突发长度,True,False,1073741824,1074790400,1048576,8388.608,8192.0,8192.0,70368744177664
burst,1024,DETECTOR_TIMEOUT,1,1025,3,125000000,1025,threshold,门限突发长度,True,False,1074790400,1075838976,1048576,8388.608,8192.0,8192.0,70368744177664
burst,1024,DETECTOR_TIMEOUT,1,1026,3,125000000,1026,threshold,门限突发长度,True,False,1075838976,1076887552,1048576,8388.608,8192.0,8192.0,70368744177664
burst,1024,DETECTOR_TIMEOUT,1,1027,3,125000000,1027,threshold,门限突发长度,True,False,1076887552,1077936128,1048576,8388.608,8192.0,8192.0,70368744177664
burst,1024,DETECTOR_TIMEOUT,1,1028,3,125000000,1028,threshold,门限突发长度,True,False,1077936128,1078984704,1048576,8388.608,8192.0,8192.0,70368744177664
burst,1024,DETECTOR_TIMEOUT,1,1029,3,125000000,1029,threshold,门限突发长度,True,False,1078984704,1080033280,1048576,8388.608,8192.0,8192.0,70368744177664
burst,1024,DETECTOR_TIMEOUT,1,1030,3,125000000,1030,threshold,门限突发长度,True,False,1080033280,1081081856,1048576,8388.608,8192.0,8192.0,70368744177664
burst,1024,DETECTOR_TIMEOUT,1,1031,3,125000000,1031,threshold,门限突发长度,True,False,1081081856,1082130432,1048576,8388.608,8192.0,8192.0,70368744177664
burst,1024,DETECTOR_TIMEOUT,1,1032,3,125000000,1032,threshold,门限突发长度,True,False,1082130432,1083179008,1048576,8388.608,8192.0,8192.0,70368744177664
burst,1024,DETECTOR_TIMEOUT,1,1033,3,125000000,1033,threshold,门限突发长度,True,False,1083179008,1084227584,1048576,8388.608,8192.0,8192.0,70368744177664
burst,1024,DETECTOR_TIMEOUT,1,1034,3,125000000,1034,threshold,门限突发长度,True,False,1084227584,1085276160,1048576,8388.608,8192.0,8192.0,70368744177664
burst,1024,DETECTOR_TIMEOUT,1,1035,3,125000000,1035,threshold,门限突发长度,True,False,1085276160,1086324736,1048576,8388.608,8192.0,8192.0,70368744177664
burst,1024,DETECTOR_TIMEOUT,1,1036,3,125000000,1036,threshold,门限突发长度,True,False,1086324736,1087373312,1048576,8388.608,8192.0,8192.0,70368744177664
burst,1024,DETECTOR_TIMEOUT,1,1037,3,125000000,1037,threshold,门限突发长度,True,False,1087373312,1088421888,1048576,8388.608,8192.0,8192.0,70368744177664
burst,1024,DETECTOR_TIMEOUT,1,1038,3,125000000,1038,threshold,门限突发长度,True,False,1088421888,1089470464,1048576,8388.608,8192.0,8192.0,70368744177664
burst,1024,DETECTOR_TIMEOUT,1,1039,3,125000000,1039,threshold,门限突发长度,True,False,1089470464,1090519040,1048576,8388.608,8192.0,8192.0,70368744177664
burst,1024,DETECTOR_TIMEOUT,1,1040,3,125000000,1040,threshold,门限突发长度,True,False,1090519040,1091567616,1048576,8388.608,8192.0,8192.0,70368744177664
burst,1024,DETECTOR_TIMEOUT,1,1041,3,125000000,1041,threshold,门限突发长度,True,False,1091567616,1092616192,1048576,8388.608,8192.0,8192.0,70368744177664
burst,1024,DETECTOR_TIMEOUT,1,1042,3,125000000,1042,threshold,门限突发长度,True,False,1092616192,1093664768,1048576,8388.608,8192.0,8192.0,70368744177664
burst,1024,DETECTOR_TIMEOUT,1,1043,3,125000000,1043,threshold,门限突发长度,True,False,1093664768,1094713344,1048576,8388.608,8192.0,8192.0,70368744177664
burst,1024,DETECTOR_TIMEOUT,1,1044,3,125000000,1044,threshold,门限突发长度,True,False,1094713344,1095761920,1048576,8388.608,8192.0,8192.0,70368744177664
burst,1024,DETECTOR_TIMEOUT,1,1045,3,125000000,1045,threshold,门限突发长度,True,False,1095761920,1096810496,1048576,8388.608,8192.0,8192.0,70368744177664
burst,1024,DETECTOR_TIMEOUT,1,1046,3,125000000,1046,threshold,门限突发长度,True,False,1096810496,1097859072,1048576,8388.608,8192.0,8192.0,70368744177664
burst,1024,DETECTOR_TIMEOUT,1,1047,3,125000000,1047,threshold,门限突发长度,True,False,1097859072,1098907648,1048576,8388.608,8192.0,8192.0,70368744177664
burst,1024,DETECTOR_TIMEOUT,1,1048,3,125000000,1048,threshold,门限突发长度,True,False,1098907648,1099956224,1048576,8388.608,8192.0,8192.0,70368744177664
burst,1024,DETECTOR_TIMEOUT,1,1049,3,125000000,1049,threshold,门限突发长度,True,False,1099956224,1101004800,1048576,8388.608,8192.0,8192.0,70368744177664
burst,1024,DETECTOR_TIMEOUT,1,1050,3,125000000,1050,threshold,门限突发长度,True,False,1101004800,1102053376,1048576,8388.608,8192.0,8192.0,70368744177664
burst,1024,DETECTOR_TIMEOUT,1,1051,3,125000000,1051,threshold,门限突发长度,True,False,1102053376,1103101952,1048576,8388.608,8192.0,8192.0,70368744177664
burst,1024,DETECTOR_TIMEOUT,1,1052,3,125000000,1052,threshold,门限突发长度,True,False,1103101952,1104150528,1048576,8388.608,8192.0,8192.0,70368744177664
burst,1024,DETECTOR_TIMEOUT,1,1053,3,125000000,1053,threshold,门限突发长度,True,False,1104150528,1105199104,1048576,8388.608,8192.0,8192.0,70368744177664
burst,1024,DETECTOR_TIMEOUT,1,1054,3,125000000,1054,threshold,门限突发长度,True,False,1105199104,1106247680,1048576,8388.608,8192.0,8192.0,70368744177664
burst,1024,DETECTOR_TIMEOUT,1,1055,3,125000000,1055,threshold,门限突发长度,True,False,1106247680,1107296256,1048576,8388.608,8192.0,8192.0,70368744177664
burst,1024,DETECTOR_TIMEOUT,1,1056,3,125000000,1056,threshold,门限突发长度,True,False,1107296256,1108344832,1048576,8388.608,8192.0,8192.0,70368744177664
burst,1024,DETECTOR_TIMEOUT,1,1057,3,125000000,1057,threshold,门限突发长度,True,False,1108344832,1109393408,1048576,8388.608,8192.0,8192.0,70368744177664
burst,1024,DETECTOR_TIMEOUT,1,1058,3,125000000,1058,threshold,门限突发长度,True,False,1109393408,1110441984,1048576,8388.608,8192.0,8192.0,70368744177664
burst,1024,DETECTOR_TIMEOUT,1,1059,3,125000000,1059,threshold,门限突发长度,True,False,1110441984,1111490560,1048576,8388.608,8192.0,8192.0,70368744177664
burst,1024,DETECTOR_TIMEOUT,1,1060,3,125000000,1060,threshold,门限突发长度,True,False,1111490560,1112539136,1048576,8388.608,8192.0,8192.0,70368744177664
burst,1024,DETECTOR_TIMEOUT,1,1061,3,125000000,1061,threshold,门限突发长度,True,False,1112539136,1113587712,1048576,8388.608,8192.0,8192.0,70368744177664
burst,1024,DETECTOR_TIMEOUT,1,1062,3,125000000,1062,threshold,门限突发长度,True,False,1113587712,1114636288,1048576,8388.608,8192.0,8192.0,70368744177664
burst,1024,DETECTOR_TIMEOUT,1,1063,3,125000000,1063,threshold,门限突发长度,True,False,1114636288,1115684864,1048576,8388.608,8192.0,8192.0,70368744177664
burst,1024,DETECTOR_TIMEOUT,1,1064,3,125000000,1064,threshold,门限突发长度,True,False,1115684864,1116733440,1048576,8388.608,8192.0,8192.0,70368744177664
burst,1024,DETECTOR_TIMEOUT,1,1065,3,125000000,1065,threshold,门限突发长度,True,False,1116733440,1117782016,1048576,8388.608,8192.0,8192.0,70368744177664
burst,1024,DETECTOR_TIMEOUT,1,1066,3,125000000,1066,threshold,门限突发长度,True,False,1117782016,1118830592,1048576,8388.608,8192.0,8192.0,70368744177664
burst,1024,DETECTOR_TIMEOUT,1,1067,3,125000000,1067,threshold,门限突发长度,True,False,1118830592,1119879168,1048576,8388.608,8192.0,8192.0,70368744177664
burst,1024,DETECTOR_TIMEOUT,1,1068,3,125000000,1068,threshold,门限突发长度,True,False,1119879168,1120927744,1048576,8388.608,8192.0,8192.0,70368744177664
burst,1024,DETECTOR_TIMEOUT,1,1069,3,125000000,1069,threshold,门限突发长度,True,False,1120927744,1121976320,1048576,8388.608,8192.0,8192.0,70368744177664
burst,1024,DETECTOR_TIMEOUT,1,1070,3,125000000,1070,threshold,门限突发长度,True,False,1121976320,1123024896,1048576,8388.608,8192.0,8192.0,70368744177664
burst,1024,DETECTOR_TIMEOUT,1,1071,3,125000000,1071,threshold,门限突发长度,True,False,1123024896,1124073472,1048576,8388.608,8192.0,8192.0,70368744177664
burst,1024,DETECTOR_TIMEOUT,1,1072,3,125000000,1072,threshold,门限突发长度,True,False,1124073472,1125122048,1048576,8388.608,8192.0,8192.0,70368744177664
burst,1024,DETECTOR_TIMEOUT,1,1073,3,125000000,1073,threshold,门限突发长度,True,False,1125122048,1126170624,1048576,8388.608,8192.0,8192.0,70368744177664
burst,1024,DETECTOR_TIMEOUT,1,1074,3,125000000,1074,threshold,门限突发长度,True,False,1126170624,1127219200,1048576,8388.608,8192.0,8192.0,70368744177664
burst,1024,DETECTOR_TIMEOUT,1,1075,3,125000000,1075,threshold,门限突发长度,True,False,1127219200,1128267776,1048576,8388.608,8192.0,8192.0,70368744177664
burst,1024,DETECTOR_TIMEOUT,1,1076,3,125000000,1076,threshold,门限突发长度,True,False,1128267776,1129316352,1048576,8388.608,8192.0,8192.0,70368744177664
burst,1024,DETECTOR_TIMEOUT,1,1077,3,125000000,1077,threshold,门限突发长度,True,False,1129316352,1130364928,1048576,8388.608,8192.0,8192.0,70368744177664
burst,1024,DETECTOR_TIMEOUT,1,1078,3,125000000,1078,threshold,门限突发长度,True,False,1130364928,1131413504,1048576,8388.608,8192.0,8192.0,70368744177664
burst,1024,DETECTOR_TIMEOUT,1,1079,3,125000000,1079,threshold,门限突发长度,True,False,1131413504,1132462080,1048576,8388.608,8192.0,8192.0,70368744177664
burst,1024,DETECTOR_TIMEOUT,1,1080,3,125000000,1080,threshold,门限突发长度,True,False,1132462080,1133510656,1048576,8388.608,8192.0,8192.0,70368744177664
burst,1024,DETECTOR_TIMEOUT,1,1081,3,125000000,1081,threshold,门限突发长度,True,False,1133510656,1134559232,1048576,8388.608,8192.0,8192.0,70368744177664
burst,1024,DETECTOR_TIMEOUT,1,1082,3,125000000,1082,threshold,门限突发长度,True,False,1134559232,1135607808,1048576,8388.608,8192.0,8192.0,70368744177664
burst,1024,DETECTOR_TIMEOUT,1,1083,3,125000000,1083,threshold,门限突发长度,True,False,1135607808,1136656384,1048576,8388.608,8192.0,8192.0,70368744177664
burst,1024,DETECTOR_TIMEOUT,1,1084,3,125000000,1084,threshold,门限突发长度,True,False,1136656384,1137704960,1048576,8388.608,8192.0,8192.0,70368744177664
burst,1024,DETECTOR_TIMEOUT,1,1085,3,125000000,1085,threshold,门限突发长度,True,False,1137704960,1138753536,1048576,8388.608,8192.0,8192.0,70368744177664
burst,1024,DETECTOR_TIMEOUT,1,1086,3,125000000,1086,threshold,门限突发长度,True,False,1138753536,1139802112,1048576,8388.608,8192.0,8192.0,70368744177664
burst,1024,DETECTOR_TIMEOUT,1,1087,3,125000000,1087,threshold,门限突发长度,True,False,1139802112,1140850688,1048576,8388.608,8192.0,8192.0,70368744177664
burst,1024,DETECTOR_TIMEOUT,1,1088,3,125000000,1088,threshold,门限突发长度,True,False,1140850688,1141899264,1048576,8388.608,8192.0,8192.0,70368744177664
burst,1024,DETECTOR_TIMEOUT,1,1089,3,125000000,1089,threshold,门限突发长度,True,False,1141899264,1142947840,1048576,8388.608,8192.0,8192.0,70368744177664
burst,1024,DETECTOR_TIMEOUT,1,1090,3,125000000,1090,threshold,门限突发长度,True,False,1142947840,1143996416,1048576,8388.608,8192.0,8192.0,70368744177664
burst,1024,DETECTOR_TIMEOUT,1,1091,3,125000000,1091,threshold,门限突发长度,True,False,1143996416,1145044992,1048576,8388.608,8192.0,8192.0,70368744177664
burst,1024,DETECTOR_TIMEOUT,1,1092,3,125000000,1092,threshold,门限突发长度,True,False,1145044992,1146093568,1048576,8388.608,8192.0,8192.0,70368744177664
burst,1024,DETECTOR_TIMEOUT,1,1093,3,125000000,1093,threshold,门限突发长度,True,False,1146093568,1147142144,1048576,8388.608,8192.0,8192.0,70368744177664
burst,1024,DETECTOR_TIMEOUT,1,1094,3,125000000,1094,threshold,门限突发长度,True,False,1147142144,1148190720,1048576,8388.608,8192.0,8192.0,70368744177664
burst,1024,DETECTOR_TIMEOUT,1,1095,3,125000000,1095,threshold,门限突发长度,True,False,1148190720,1149239296,1048576,8388.608,8192.0,8192.0,70368744177664
burst,1024,DETECTOR_TIMEOUT,1,1096,3,125000000,1096,threshold,门限突发长度,True,False,1149239296,1150287872,1048576,8388.608,8192.0,8192.0,70368744177664
burst,1024,DETECTOR_TIMEOUT,1,1097,3,125000000,1097,threshold,门限突发长度,True,False,1150287872,1151336448,1048576,8388.608,8192.0,8192.0,70368744177664
burst,1024,DETECTOR_TIMEOUT,1,1098,3,125000000,1098,threshold,门限突发长度,True,False,1151336448,1152385024,1048576,8388.608,8192.0,8192.0,70368744177664
burst,1024,DETECTOR_TIMEOUT,1,1099,3,125000000,1099,threshold,门限突发长度,True,False,1152385024,1153433600,1048576,8388.608,8192.0,8192.0,70368744177664
burst,1024,DETECTOR_TIMEOUT,1,1100,3,125000000,1100,threshold,门限突发长度,True,False,1153433600,1154482176,1048576,8388.608,8192.0,8192.0,70368744177664
burst,1024,DETECTOR_TIMEOUT,1,1101,3,125000000,1101,threshold,门限突发长度,True,False,1154482176,1155530752,1048576,8388.608,8192.0,8192.0,70368744177664
burst,1024,DETECTOR_TIMEOUT,1,1102,3,125000000,1102,threshold,门限突发长度,True,False,1155530752,1156579328,1048576,8388.608,8192.0,8192.0,70368744177664
burst,1024,DETECTOR_TIMEOUT,1,1103,3,125000000,1103,threshold,门限突发长度,True,False,1156579328,1157627904,1048576,8388.608,8192.0,8192.0,70368744177664
burst,1024,DETECTOR_TIMEOUT,1,1104,3,125000000,1104,threshold,门限突发长度,True,False,1157627904,1158676480,1048576,8388.608,8192.0,8192.0,70368744177664
burst,1024,DETECTOR_TIMEOUT,1,1105,3,125000000,1105,threshold,门限突发长度,True,False,1158676480,1159725056,1048576,8388.608,8192.0,8192.0,70368744177664
burst,1024,DETECTOR_TIMEOUT,1,1106,3,125000000,1106,threshold,门限突发长度,True,False,1159725056,1160773632,1048576,8388.608,8192.0,8192.0,70368744177664
burst,1024,DETECTOR_TIMEOUT,1,1107,3,125000000,1107,threshold,门限突发长度,True,False,1160773632,1161822208,1048576,8388.608,8192.0,8192.0,70368744177664
burst,1024,DETECTOR_TIMEOUT,1,1108,3,125000000,1108,threshold,门限突发长度,True,False,1161822208,1162870784,1048576,8388.608,8192.0,8192.0,70368744177664
burst,1024,DETECTOR_TIMEOUT,1,1109,3,125000000,1109,threshold,门限突发长度,True,False,1162870784,1163919360,1048576,8388.608,8192.0,8192.0,70368744177664
burst,1024,DETECTOR_TIMEOUT,1,1110,3,125000000,1110,threshold,门限突发长度,True,False,1163919360,1164967936,1048576,8388.608,8192.0,8192.0,70368744177664
burst,1024,DETECTOR_TIMEOUT,1,1111,3,125000000,1111,threshold,门限突发长度,True,False,1164967936,1166016512,1048576,8388.608,8192.0,8192.0,70368744177664
burst,1024,DETECTOR_TIMEOUT,1,1112,3,125000000,1112,threshold,门限突发长度,True,False,1166016512,1167065088,1048576,8388.608,8192.0,8192.0,70368744177664
burst,1024,DETECTOR_TIMEOUT,1,1113,3,125000000,1113,threshold,门限突发长度,True,False,1167065088,1168113664,1048576,8388.608,8192.0,8192.0,70368744177664
burst,1024,DETECTOR_TIMEOUT,1,1114,3,125000000,1114,threshold,门限突发长度,True,False,1168113664,1169162240,1048576,8388.608,8192.0,8192.0,70368744177664
burst,1024,DETECTOR_TIMEOUT,1,1115,3,125000000,1115,threshold,门限突发长度,True,False,1169162240,1170210816,1048576,8388.608,8192.0,8192.0,70368744177664
burst,1024,DETECTOR_TIMEOUT,1,1116,3,125000000,1116,threshold,门限突发长度,True,False,1170210816,1171259392,1048576,8388.608,8192.0,8192.0,70368744177664
burst,1024,DETECTOR_TIMEOUT,1,1117,3,125000000,1117,threshold,门限突发长度,True,False,1171259392,1172307968,1048576,8388.608,8192.0,8192.0,70368744177664
burst,1024,DETECTOR_TIMEOUT,1,1118,3,125000000,1118,threshold,门限突发长度,True,False,1172307968,1173356544,1048576,8388.608,8192.0,8192.0,70368744177664
burst,1024,DETECTOR_TIMEOUT,1,1119,3,125000000,1119,threshold,门限突发长度,True,False,1173356544,1174405120,1048576,8388.608,8192.0,8192.0,70368744177664
burst,1024,DETECTOR_TIMEOUT,1,1120,3,125000000,1120,threshold,门限突发长度,True,False,1174405120,1175453696,1048576,8388.608,8192.0,8192.0,70368744177664
burst,1024,DETECTOR_TIMEOUT,1,1121,3,125000000,1121,threshold,门限突发长度,True,False,1175453696,1176502272,1048576,8388.608,8192.0,8192.0,70368744177664
burst,1024,DETECTOR_TIMEOUT,1,1122,3,125000000,1122,threshold,门限突发长度,True,False,1176502272,1177550848,1048576,8388.608,8192.0,8192.0,70368744177664
burst,1024,DETECTOR_TIMEOUT,1,1123,3,125000000,1123,threshold,门限突发长度,True,False,1177550848,1178599424,1048576,8388.608,8192.0,8192.0,70368744177664
burst,1024,DETECTOR_TIMEOUT,1,1124,3,125000000,1124,threshold,门限突发长度,True,False,1178599424,1179648000,1048576,8388.608,8192.0,8192.0,70368744177664
burst,1024,DETECTOR_TIMEOUT,1,1125,3,125000000,1125,threshold,门限突发长度,True,False,1179648000,1180696576,1048576,8388.608,8192.0,8192.0,70368744177664
burst,1024,DETECTOR_TIMEOUT,1,1126,3,125000000,1126,threshold,门限突发长度,True,False,1180696576,1181745152,1048576,8388.608,8192.0,8192.0,70368744177664
burst,1024,DETECTOR_TIMEOUT,1,1127,3,125000000,1127,threshold,门限突发长度,True,False,1181745152,1182793728,1048576,8388.608,8192.0,8192.0,70368744177664
burst,1024,DETECTOR_TIMEOUT,1,1128,3,125000000,1128,threshold,门限突发长度,True,False,1182793728,1183842304,1048576,8388.608,8192.0,8192.0,70368744177664
burst,1024,DETECTOR_TIMEOUT,1,1129,3,125000000,1129,threshold,门限突发长度,True,False,1183842304,1184890880,1048576,8388.608,8192.0,8192.0,70368744177664
burst,1024,DETECTOR_TIMEOUT,1,1130,3,125000000,1130,threshold,门限突发长度,True,False,1184890880,1185939456,1048576,8388.608,8192.0,8192.0,70368744177664
burst,1024,DETECTOR_TIMEOUT,1,1131,3,125000000,1131,threshold,门限突发长度,True,False,1185939456,1186988032,1048576,8388.608,8192.0,8192.0,70368744177664
burst,1024,DETECTOR_TIMEOUT,1,1132,3,125000000,1132,threshold,门限突发长度,True,False,1186988032,1188036608,1048576,8388.608,8192.0,8192.0,70368744177664
burst,1024,DETECTOR_TIMEOUT,1,1133,3,125000000,1133,threshold,门限突发长度,True,False,1188036608,1189085184,1048576,8388.608,8192.0,8192.0,70368744177664
burst,1024,DETECTOR_TIMEOUT,1,1134,3,125000000,1134,threshold,门限突发长度,True,False,1189085184,1190133760,1048576,8388.608,8192.0,8192.0,70368744177664
burst,1024,DETECTOR_TIMEOUT,1,1135,3,125000000,1135,threshold,门限突发长度,True,False,1190133760,1191182336,1048576,8388.608,8192.0,8192.0,70368744177664
burst,1024,DETECTOR_TIMEOUT,1,1136,3,125000000,1136,threshold,门限突发长度,True,False,1191182336,1192230912,1048576,8388.608,8192.0,8192.0,70368744177664
burst,1024,DETECTOR_TIMEOUT,1,1137,3,125000000,1137,threshold,门限突发长度,True,False,1192230912,1193279488,1048576,8388.608,8192.0,8192.0,70368744177664
burst,1024,DETECTOR_TIMEOUT,1,1138,3,125000000,1138,threshold,门限突发长度,True,False,1193279488,1194328064,1048576,8388.608,8192.0,8192.0,70368744177664
burst,1024,DETECTOR_TIMEOUT,1,1139,3,125000000,1139,threshold,门限突发长度,True,False,1194328064,1195376640,1048576,8388.608,8192.0,8192.0,70368744177664
burst,1024,DETECTOR_TIMEOUT,1,1140,3,125000000,1140,threshold,门限突发长度,True,False,1195376640,1196425216,1048576,8388.608,8192.0,8192.0,70368744177664
burst,1024,DETECTOR_TIMEOUT,1,1141,3,125000000,1141,threshold,门限突发长度,True,False,1196425216,1197473792,1048576,8388.608,8192.0,8192.0,70368744177664
burst,1024,DETECTOR_TIMEOUT,1,1142,3,125000000,1142,threshold,门限突发长度,True,False,1197473792,1198522368,1048576,8388.608,8192.0,8192.0,70368744177664
burst,1024,DETECTOR_TIMEOUT,1,1143,3,125000000,1143,threshold,门限突发长度,True,False,1198522368,1199570944,1048576,8388.608,8192.0,8192.0,70368744177664
burst,1024,DETECTOR_TIMEOUT,1,1144,3,125000000,1144,threshold,门限突发长度,True,False,1199570944,1200619520,1048576,8388.608,8192.0,8192.0,70368744177664
burst,1024,DETECTOR_TIMEOUT,1,1145,3,125000000,1145,threshold,门限突发长度,True,False,1200619520,1201668096,1048576,8388.608,8192.0,8192.0,70368744177664
burst,1024,DETECTOR_TIMEOUT,1,1146,3,125000000,1146,threshold,门限突发长度,True,False,1201668096,1202716672,1048576,8388.608,8192.0,8192.0,70368744177664
burst,1024,DETECTOR_TIMEOUT,1,1147,3,125000000,1147,threshold,门限突发长度,True,False,1202716672,1203765248,1048576,8388.608,8192.0,8192.0,70368744177664
burst,1024,DETECTOR_TIMEOUT,1,1148,3,125000000,1148,threshold,门限突发长度,True,False,1203765248,1204813824,1048576,8388.608,8192.0,8192.0,70368744177664
burst,1024,DETECTOR_TIMEOUT,1,1149,3,125000000,1149,threshold,门限突发长度,True,False,1204813824,1205862400,1048576,8388.608,8192.0,8192.0,70368744177664
burst,1024,DETECTOR_TIMEOUT,1,1150,3,125000000,1150,threshold,门限突发长度,True,False,1205862400,1206910976,1048576,8388.608,8192.0,8192.0,70368744177664
burst,1024,DETECTOR_TIMEOUT,1,1151,3,125000000,1151,threshold,门限突发长度,True,False,1206910976,1207959552,1048576,8388.608,8192.0,8192.0,70368744177664
burst,1024,DETECTOR_TIMEOUT,1,1152,3,125000000,1152,threshold,门限突发长度,True,False,1207959552,1209008128,1048576,8388.608,8192.0,8192.0,70368744177664
burst,1024,DETECTOR_TIMEOUT,1,1153,3,125000000,1153,threshold,门限突发长度,True,False,1209008128,1210056704,1048576,8388.608,8192.0,8192.0,70368744177664
burst,1024,DETECTOR_TIMEOUT,1,1154,3,125000000,1154,threshold,门限突发长度,True,False,1210056704,1211105280,1048576,8388.608,8192.0,8192.0,70368744177664
burst,1024,DETECTOR_TIMEOUT,1,1155,3,125000000,1155,threshold,门限突发长度,True,False,1211105280,1212153856,1048576,8388.608,8192.0,8192.0,70368744177664
burst,1024,DETECTOR_TIMEOUT,1,1156,3,125000000,1156,threshold,门限突发长度,True,False,1212153856,1213202432,1048576,8388.608,8192.0,8192.0,70368744177664
burst,1024,DETECTOR_TIMEOUT,1,1157,3,125000000,1157,threshold,门限突发长度,True,False,1213202432,1214251008,1048576,8388.608,8192.0,8192.0,70368744177664
burst,1024,DETECTOR_TIMEOUT,1,1158,3,125000000,1158,threshold,门限突发长度,True,False,1214251008,1215299584,1048576,8388.608,8192.0,8192.0,70368744177664
burst,1024,DETECTOR_TIMEOUT,1,1159,3,125000000,1159,threshold,门限突发长度,True,False,1215299584,1216348160,1048576,8388.608,8192.0,8192.0,70368744177664
burst,1024,DETECTOR_TIMEOUT,1,1160,3,125000000,1160,threshold,门限突发长度,True,False,1216348160,1217396736,1048576,8388.608,8192.0,8192.0,70368744177664
burst,1024,DETECTOR_TIMEOUT,1,1161,3,125000000,1161,threshold,门限突发长度,True,False,1217396736,1218445312,1048576,8388.608,8192.0,8192.0,70368744177664
burst,1024,DETECTOR_TIMEOUT,1,1162,3,125000000,1162,threshold,门限突发长度,True,False,1218445312,1219493888,1048576,8388.608,8192.0,8192.0,70368744177664
burst,1024,DETECTOR_TIMEOUT,1,1163,3,125000000,1163,threshold,门限突发长度,True,False,1219493888,1220542464,1048576,8388.608,8192.0,8192.0,70368744177664
burst,1024,DETECTOR_TIMEOUT,1,1164,3,125000000,1164,threshold,门限突发长度,True,False,1220542464,1221591040,1048576,8388.608,8192.0,8192.0,70368744177664
burst,1024,DETECTOR_TIMEOUT,1,1165,3,125000000,1165,threshold,门限突发长度,True,False,1221591040,1222639616,1048576,8388.608,8192.0,8192.0,70368744177664
burst,1024,DETECTOR_TIMEOUT,1,1166,3,125000000,1166,threshold,门限突发长度,True,False,1222639616,1223688192,1048576,8388.608,8192.0,8192.0,70368744177664
burst,1024,DETECTOR_TIMEOUT,1,1167,3,125000000,1167,threshold,门限突发长度,True,False,1223688192,1224736768,1048576,8388.608,8192.0,8192.0,70368744177664
burst,1024,DETECTOR_TIMEOUT,1,1168,3,125000000,1168,threshold,门限突发长度,True,False,1224736768,1225785344,1048576,8388.608,8192.0,8192.0,70368744177664
burst,1024,DETECTOR_TIMEOUT,1,1169,3,125000000,1169,threshold,门限突发长度,True,False,1225785344,1226833920,1048576,8388.608,8192.0,8192.0,70368744177664
burst,1024,DETECTOR_TIMEOUT,1,1170,3,125000000,1170,threshold,门限突发长度,True,False,1226833920,1227882496,1048576,8388.608,8192.0,8192.0,70368744177664
burst,1024,DETECTOR_TIMEOUT,1,1171,3,125000000,1171,threshold,门限突发长度,True,False,1227882496,1228931072,1048576,8388.608,8192.0,8192.0,70368744177664
burst,1024,DETECTOR_TIMEOUT,1,1172,3,125000000,1172,threshold,门限突发长度,True,False,1228931072,1229979648,1048576,8388.608,8192.0,8192.0,70368744177664
burst,1024,DETECTOR_TIMEOUT,1,1173,3,125000000,1173,threshold,门限突发长度,True,False,1229979648,1231028224,1048576,8388.608,8192.0,8192.0,70368744177664
burst,1024,DETECTOR_TIMEOUT,1,1174,3,125000000,1174,threshold,门限突发长度,True,False,1231028224,1232076800,1048576,8388.608,8192.0,8192.0,70368744177664
burst,1024,DETECTOR_TIMEOUT,1,1175,3,125000000,1175,threshold,门限突发长度,True,False,1232076800,1233125376,1048576,8388.608,8192.0,8192.0,70368744177664
burst,1024,DETECTOR_TIMEOUT,1,1176,3,125000000,1176,threshold,门限突发长度,True,False,1233125376,1234173952,1048576,8388.608,8192.0,8192.0,70368744177664
burst,1024,DETECTOR_TIMEOUT,1,1177,3,125000000,1177,threshold,门限突发长度,True,False,1234173952,1235222528,1048576,8388.608,8192.0,8192.0,70368744177664
burst,1024,DETECTOR_TIMEOUT,1,1178,3,125000000,1178,threshold,门限突发长度,True,False,1235222528,1236271104,1048576,8388.608,8192.0,8192.0,70368744177664
burst,1024,DETECTOR_TIMEOUT,1,1179,3,125000000,1179,threshold,门限突发长度,True,False,1236271104,1237319680,1048576,8388.608,8192.0,8192.0,70368744177664
burst,1024,DETECTOR_TIMEOUT,1,1180,3,125000000,1180,threshold,门限突发长度,True,False,1237319680,1238368256,1048576,8388.608,8192.0,8192.0,70368744177664
burst,1024,DETECTOR_TIMEOUT,1,1181,3,125000000,1181,threshold,门限突发长度,True,False,1238368256,1239416832,1048576,8388.608,8192.0,8192.0,70368744177664
burst,1024,DETECTOR_TIMEOUT,1,1182,3,125000000,1182,threshold,门限突发长度,True,False,1239416832,1240465408,1048576,8388.608,8192.0,8192.0,70368744177664
burst,1024,DETECTOR_TIMEOUT,1,1183,3,125000000,1183,threshold,门限突发长度,True,False,1240465408,1241513984,1048576,8388.608,8192.0,8192.0,70368744177664
burst,1024,DETECTOR_TIMEOUT,1,1184,3,125000000,1184,threshold,门限突发长度,True,False,1241513984,1242562560,1048576,8388.608,8192.0,8192.0,70368744177664
burst,1024,DETECTOR_TIMEOUT,1,1185,3,125000000,1185,threshold,门限突发长度,True,False,1242562560,1243611136,1048576,8388.608,8192.0,8192.0,70368744177664
burst,1024,DETECTOR_TIMEOUT,1,1186,3,125000000,1186,threshold,门限突发长度,True,False,1243611136,1244659712,1048576,8388.608,8192.0,8192.0,70368744177664
burst,1024,DETECTOR_TIMEOUT,1,1187,3,125000000,1187,threshold,门限突发长度,True,False,1244659712,1245708288,1048576,8388.608,8192.0,8192.0,70368744177664
burst,1024,DETECTOR_TIMEOUT,1,1188,3,125000000,1188,threshold,门限突发长度,True,False,1245708288,1246756864,1048576,8388.608,8192.0,8192.0,70368744177664
burst,1024,DETECTOR_TIMEOUT,1,1189,3,125000000,1189,threshold,门限突发长度,True,False,1246756864,1247805440,1048576,8388.608,8192.0,8192.0,70368744177664
burst,256,CAPTURE_TRUNCATED,1,1190,3,125000000,1190,threshold,门限突发长度,True,False,1247805440,1248329728,524288,4194.304,8192.0,8192.0,35184372088832
