Copyright 1986-2022 Xilinx, Inc. All Rights Reserved. Copyright 2022-2026 Advanced Micro Devices, Inc. All Rights Reserved.
---------------------------------------------------------------------------------------------------------------------------------------------
| Tool Version : Vivado v.2026.1 (win64) Build 6511674 Tue Jun 16 11:02:23 MDT 2026
| Date         : Thu Oct  1 18:34:21 2026
| Host         : LAPTOP-ATE8I1GS running 64-bit major release  (build 9200)
| Command      : report_timing -max_paths 20 -file D:/fft/fft_phase6_125m/reports/worst_paths.rpt
| Design       : system_wrapper
| Device       : 7z020-clg400
| Speed File   : -1  PRODUCTION 1.12 2019-11-22
| Design State : Routed
---------------------------------------------------------------------------------------------------------------------------------------------

Timing Report

Slack (VIOLATED) :        -0.044ns  (required time - arrival time)
  Source:                 system_i/iq_0/inst/replay_mem_reg_0_0_7/CLKBWRCLK
                            (rising edge-triggered cell RAMB36E1 clocked by clk_fpga_0  {rise@0.000ns fall@4.000ns period=8.000ns})
  Destination:            system_i/iq_0/inst/core/tm/ii_reg/A[7]
                            (rising edge-triggered cell DSP48E1 clocked by clk_fpga_0  {rise@0.000ns fall@4.000ns period=8.000ns})
  Path Group:             clk_fpga_0
  Path Type:              Setup (Max at Slow Process Corner)
  Requirement:            8.000ns  (clk_fpga_0 rise@8.000ns - clk_fpga_0 rise@0.000ns)
  Data Path Delay:        4.256ns  (logic 2.454ns (57.661%)  route 1.802ns (42.339%))
  Logic Levels:           0  
  Clock Path Skew:        0.059ns (DCD - SCD + CPR)
    Destination Clock Delay (DCD):    2.874ns = ( 10.874 - 8.000 ) 
    Source Clock Delay      (SCD):    3.044ns
    Clock Pessimism Removal (CPR):    0.229ns
  Clock Uncertainty:      0.125ns  ((TSJ^2 + TIJ^2)^1/2 + DJ) / 2 + PE
    Total System Jitter     (TSJ):    0.071ns
    Total Input Jitter      (TIJ):    0.240ns
    Discrete Jitter          (DJ):    0.000ns
    Phase Error              (PE):    0.000ns

    Location             Delay type                Incr(ns)  Path(ns)    Netlist Resource(s)
  -------------------------------------------------------------------    -------------------
                         (clock clk_fpga_0 rise edge)
                                                      0.000     0.000 r  <hidden>
    PS7_X0Y0             PS7                          0.000     0.000 r  system_i/ps7/inst/PS7_i/FCLKCLK[0]
                         net (fo=1, routed)           1.193     1.193    system_i/ps7/inst/FCLK_CLK_unbuffered[0]
    BUFGCTRL_X0Y16       BUFG (Prop_bufg_I_O)         0.101     1.294 r  system_i/ps7/inst/buffer_fclk_clk_0.FCLK_CLK_0_BUFG/O
                         net (fo=10935, routed)       1.750     3.044    system_i/iq_0/inst/s_axi_aclk
    RAMB36_X3Y12         RAMB36E1                                     r  system_i/iq_0/inst/replay_mem_reg_0_0_7/CLKBWRCLK
  -------------------------------------------------------------------    -------------------
    RAMB36_X3Y12         RAMB36E1 (Prop_ramb36e1_CLKBWRCLK_DOBDO[0])
                                                      2.454     5.498 r  system_i/iq_0/inst/replay_mem_reg_0_0_7/DOBDO[0]
                         net (fo=3, routed)           1.802     7.300    system_i/iq_0/inst/core/tm/replay_q[7]
    DSP48_X3Y22          DSP48E1                                      r  system_i/iq_0/inst/core/tm/ii_reg/A[7]
  -------------------------------------------------------------------    -------------------

                         (clock clk_fpga_0 rise edge)
                                                      8.000     8.000 r  <hidden>
    PS7_X0Y0             PS7                          0.000     8.000 r  system_i/ps7/inst/PS7_i/FCLKCLK[0]
                         net (fo=1, routed)           1.088     9.088    system_i/ps7/inst/FCLK_CLK_unbuffered[0]
    BUFGCTRL_X0Y16       BUFG (Prop_bufg_I_O)         0.091     9.179 r  system_i/ps7/inst/buffer_fclk_clk_0.FCLK_CLK_0_BUFG/O
                         net (fo=10935, routed)       1.695    10.874    system_i/iq_0/inst/core/tm/s_axi_aclk
    DSP48_X3Y22          DSP48E1                                      r  system_i/iq_0/inst/core/tm/ii_reg/CLK
                         clock pessimism              0.229    11.104    <hidden>
                         clock uncertainty           -0.125    10.978    <hidden>
    DSP48_X3Y22          DSP48E1 (Setup_dsp48e1_CLK_A[7])
                                                     -3.722     7.256    system_i/iq_0/inst/core/tm/ii_reg
  -------------------------------------------------------------------
                         required time                          7.256    <hidden>
                         arrival time                          -7.300    <hidden>
  -------------------------------------------------------------------
                         slack                                 -0.044    <hidden>

Slack (MET) :             0.004ns  (required time - arrival time)
  Source:                 system_i/iq_0/inst/freq_ring/producer_reg[1]_replica/C
                            (rising edge-triggered cell FDRE clocked by clk_fpga_0  {rise@0.000ns fall@4.000ns period=8.000ns})
  Destination:            system_i/iq_0/inst/freq_ring/staging_reg[182]/CE
                            (rising edge-triggered cell FDRE clocked by clk_fpga_0  {rise@0.000ns fall@4.000ns period=8.000ns})
  Path Group:             clk_fpga_0
  Path Type:              Setup (Max at Slow Process Corner)
  Requirement:            8.000ns  (clk_fpga_0 rise@8.000ns - clk_fpga_0 rise@0.000ns)
  Data Path Delay:        7.460ns  (logic 2.577ns (34.543%)  route 4.883ns (65.457%))
  Logic Levels:           11  (CARRY4=6 LUT2=1 LUT3=1 LUT4=2 LUT5=1)
  Clock Path Skew:        -0.205ns (DCD - SCD + CPR)
    Destination Clock Delay (DCD):    2.654ns = ( 10.654 - 8.000 ) 
    Source Clock Delay      (SCD):    2.988ns
    Clock Pessimism Removal (CPR):    0.129ns
  Clock Uncertainty:      0.125ns  ((TSJ^2 + TIJ^2)^1/2 + DJ) / 2 + PE
    Total System Jitter     (TSJ):    0.071ns
    Total Input Jitter      (TIJ):    0.240ns
    Discrete Jitter          (DJ):    0.000ns
    Phase Error              (PE):    0.000ns

    Location             Delay type                Incr(ns)  Path(ns)    Netlist Resource(s)
  -------------------------------------------------------------------    -------------------
                         (clock clk_fpga_0 rise edge)
                                                      0.000     0.000 r  <hidden>
    PS7_X0Y0             PS7                          0.000     0.000 r  system_i/ps7/inst/PS7_i/FCLKCLK[0]
                         net (fo=1, routed)           1.193     1.193    system_i/ps7/inst/FCLK_CLK_unbuffered[0]
    BUFGCTRL_X0Y16       BUFG (Prop_bufg_I_O)         0.101     1.294 r  system_i/ps7/inst/buffer_fclk_clk_0.FCLK_CLK_0_BUFG/O
                         net (fo=10935, routed)       1.694     2.988    system_i/iq_0/inst/freq_ring/s_axi_aclk
    SLICE_X55Y77         FDRE                                         r  system_i/iq_0/inst/freq_ring/producer_reg[1]_replica/C
  -------------------------------------------------------------------    -------------------
    SLICE_X55Y77         FDRE (Prop_fdre_C_Q)         0.456     3.444 r  system_i/iq_0/inst/freq_ring/producer_reg[1]_replica/Q
                         net (fo=6, routed)           0.855     4.299    system_i/iq_0/inst/freq_ring/producer[1]_repN
    SLICE_X52Y75         LUT2 (Prop_lut2_I0_O)        0.124     4.423 r  system_i/iq_0/inst/freq_ring/staging[1023]_i_48/O
                         net (fo=1, routed)           0.000     4.423    system_i/iq_0/inst/freq_ring/staging[1023]_i_48_n_0
    SLICE_X52Y75         CARRY4 (Prop_carry4_S[1]_CO[3])
                                                      0.550     4.973 r  system_i/iq_0/inst/freq_ring/staging_reg[1023]_i_41/CO[3]
                         net (fo=1, routed)           0.000     4.973    system_i/iq_0/inst/freq_ring/staging_reg[1023]_i_41_n_0
    SLICE_X52Y76         CARRY4 (Prop_carry4_CI_CO[3])
                                                      0.114     5.087 r  system_i/iq_0/inst/freq_ring/staging_reg[1023]_i_32/CO[3]
                         net (fo=1, routed)           0.000     5.087    system_i/iq_0/inst/freq_ring/staging_reg[1023]_i_32_n_0
    SLICE_X52Y77         CARRY4 (Prop_carry4_CI_CO[3])
                                                      0.114     5.201 r  system_i/iq_0/inst/freq_ring/staging_reg[1023]_i_13/CO[3]
                         net (fo=1, routed)           0.000     5.201    system_i/iq_0/inst/freq_ring/staging_reg[1023]_i_13_n_0
    SLICE_X52Y78         CARRY4 (Prop_carry4_CI_CO[3])
                                                      0.114     5.315 r  system_i/iq_0/inst/freq_ring/staging_reg[1023]_i_14/CO[3]
                         net (fo=1, routed)           0.000     5.315    system_i/iq_0/inst/freq_ring/staging_reg[1023]_i_14_n_0
    SLICE_X52Y79         CARRY4 (Prop_carry4_CI_CO[3])
                                                      0.114     5.429 r  system_i/iq_0/inst/freq_ring/staging_reg[1023]_i_7/CO[3]
                         net (fo=1, routed)           0.000     5.429    system_i/iq_0/inst/freq_ring/staging_reg[1023]_i_7_n_0
    SLICE_X52Y80         CARRY4 (Prop_carry4_CI_O[3])
                                                      0.313     5.742 f  system_i/iq_0/inst/freq_ring/staging_reg[1023]_i_8/O[3]
                         net (fo=1, routed)           0.969     6.711    system_i/iq_0/inst/freq_ring/staging_reg[1023]_i_8_n_4
    SLICE_X44Y80         LUT4 (Prop_lut4_I3_O)        0.306     7.017 f  system_i/iq_0/inst/freq_ring/staging[1023]_i_9/O
                         net (fo=1, routed)           0.158     7.175    system_i/iq_0/inst/freq_ring/staging[1023]_i_9_n_0
    SLICE_X44Y80         LUT5 (Prop_lut5_I4_O)        0.124     7.299 f  system_i/iq_0/inst/freq_ring/staging[1023]_i_4/O
                         net (fo=1, routed)           0.733     8.032    system_i/iq_0/inst/freq_ring/staging[1023]_i_4_n_0
    SLICE_X49Y76         LUT4 (Prop_lut4_I1_O)        0.124     8.156 f  system_i/iq_0/inst/freq_ring/staging[1023]_i_3/O
                         net (fo=4, routed)           0.802     8.958    system_i/iq_0/inst/freq_ring/busy_reg_0
    SLICE_X43Y72         LUT3 (Prop_lut3_I1_O)        0.124     9.082 r  system_i/iq_0/inst/freq_ring/staging[1023]_i_1/O
                         net (fo=1024, routed)        1.366    10.448    system_i/iq_0/inst/freq_ring/staging[1023]_i_1_n_0
    SLICE_X49Y59         FDRE                                         r  system_i/iq_0/inst/freq_ring/staging_reg[182]/CE
  -------------------------------------------------------------------    -------------------

                         (clock clk_fpga_0 rise edge)
                                                      8.000     8.000 r  <hidden>
    PS7_X0Y0             PS7                          0.000     8.000 r  system_i/ps7/inst/PS7_i/FCLKCLK[0]
                         net (fo=1, routed)           1.088     9.088    system_i/ps7/inst/FCLK_CLK_unbuffered[0]
    BUFGCTRL_X0Y16       BUFG (Prop_bufg_I_O)         0.091     9.179 r  system_i/ps7/inst/buffer_fclk_clk_0.FCLK_CLK_0_BUFG/O
                         net (fo=10935, routed)       1.475    10.654    system_i/iq_0/inst/freq_ring/s_axi_aclk
    SLICE_X49Y59         FDRE                                         r  system_i/iq_0/inst/freq_ring/staging_reg[182]/C
                         clock pessimism              0.129    10.783    <hidden>
                         clock uncertainty           -0.125    10.658    <hidden>
    SLICE_X49Y59         FDRE (Setup_fdre_C_CE)      -0.205    10.453    system_i/iq_0/inst/freq_ring/staging_reg[182]
  -------------------------------------------------------------------
                         required time                         10.453    <hidden>
                         arrival time                         -10.448    <hidden>
  -------------------------------------------------------------------
                         slack                                  0.004    <hidden>

Slack (MET) :             0.004ns  (required time - arrival time)
  Source:                 system_i/iq_0/inst/freq_ring/producer_reg[1]_replica/C
                            (rising edge-triggered cell FDRE clocked by clk_fpga_0  {rise@0.000ns fall@4.000ns period=8.000ns})
  Destination:            system_i/iq_0/inst/freq_ring/staging_reg[184]/CE
                            (rising edge-triggered cell FDRE clocked by clk_fpga_0  {rise@0.000ns fall@4.000ns period=8.000ns})
  Path Group:             clk_fpga_0
  Path Type:              Setup (Max at Slow Process Corner)
  Requirement:            8.000ns  (clk_fpga_0 rise@8.000ns - clk_fpga_0 rise@0.000ns)
  Data Path Delay:        7.460ns  (logic 2.577ns (34.543%)  route 4.883ns (65.457%))
  Logic Levels:           11  (CARRY4=6 LUT2=1 LUT3=1 LUT4=2 LUT5=1)
  Clock Path Skew:        -0.205ns (DCD - SCD + CPR)
    Destination Clock Delay (DCD):    2.654ns = ( 10.654 - 8.000 ) 
    Source Clock Delay      (SCD):    2.988ns
    Clock Pessimism Removal (CPR):    0.129ns
  Clock Uncertainty:      0.125ns  ((TSJ^2 + TIJ^2)^1/2 + DJ) / 2 + PE
    Total System Jitter     (TSJ):    0.071ns
    Total Input Jitter      (TIJ):    0.240ns
    Discrete Jitter          (DJ):    0.000ns
    Phase Error              (PE):    0.000ns

    Location             Delay type                Incr(ns)  Path(ns)    Netlist Resource(s)
  -------------------------------------------------------------------    -------------------
                         (clock clk_fpga_0 rise edge)
                                                      0.000     0.000 r  <hidden>
    PS7_X0Y0             PS7                          0.000     0.000 r  system_i/ps7/inst/PS7_i/FCLKCLK[0]
                         net (fo=1, routed)           1.193     1.193    system_i/ps7/inst/FCLK_CLK_unbuffered[0]
    BUFGCTRL_X0Y16       BUFG (Prop_bufg_I_O)         0.101     1.294 r  system_i/ps7/inst/buffer_fclk_clk_0.FCLK_CLK_0_BUFG/O
                         net (fo=10935, routed)       1.694     2.988    system_i/iq_0/inst/freq_ring/s_axi_aclk
    SLICE_X55Y77         FDRE                                         r  system_i/iq_0/inst/freq_ring/producer_reg[1]_replica/C
  -------------------------------------------------------------------    -------------------
    SLICE_X55Y77         FDRE (Prop_fdre_C_Q)         0.456     3.444 r  system_i/iq_0/inst/freq_ring/producer_reg[1]_replica/Q
                         net (fo=6, routed)           0.855     4.299    system_i/iq_0/inst/freq_ring/producer[1]_repN
    SLICE_X52Y75         LUT2 (Prop_lut2_I0_O)        0.124     4.423 r  system_i/iq_0/inst/freq_ring/staging[1023]_i_48/O
                         net (fo=1, routed)           0.000     4.423    system_i/iq_0/inst/freq_ring/staging[1023]_i_48_n_0
    SLICE_X52Y75         CARRY4 (Prop_carry4_S[1]_CO[3])
                                                      0.550     4.973 r  system_i/iq_0/inst/freq_ring/staging_reg[1023]_i_41/CO[3]
                         net (fo=1, routed)           0.000     4.973    system_i/iq_0/inst/freq_ring/staging_reg[1023]_i_41_n_0
    SLICE_X52Y76         CARRY4 (Prop_carry4_CI_CO[3])
                                                      0.114     5.087 r  system_i/iq_0/inst/freq_ring/staging_reg[1023]_i_32/CO[3]
                         net (fo=1, routed)           0.000     5.087    system_i/iq_0/inst/freq_ring/staging_reg[1023]_i_32_n_0
    SLICE_X52Y77         CARRY4 (Prop_carry4_CI_CO[3])
                                                      0.114     5.201 r  system_i/iq_0/inst/freq_ring/staging_reg[1023]_i_13/CO[3]
                         net (fo=1, routed)           0.000     5.201    system_i/iq_0/inst/freq_ring/staging_reg[1023]_i_13_n_0
    SLICE_X52Y78         CARRY4 (Prop_carry4_CI_CO[3])
                                                      0.114     5.315 r  system_i/iq_0/inst/freq_ring/staging_reg[1023]_i_14/CO[3]
                         net (fo=1, routed)           0.000     5.315    system_i/iq_0/inst/freq_ring/staging_reg[1023]_i_14_n_0
    SLICE_X52Y79         CARRY4 (Prop_carry4_CI_CO[3])
                                                      0.114     5.429 r  system_i/iq_0/inst/freq_ring/staging_reg[1023]_i_7/CO[3]
                         net (fo=1, routed)           0.000     5.429    system_i/iq_0/inst/freq_ring/staging_reg[1023]_i_7_n_0
    SLICE_X52Y80         CARRY4 (Prop_carry4_CI_O[3])
                                                      0.313     5.742 f  system_i/iq_0/inst/freq_ring/staging_reg[1023]_i_8/O[3]
                         net (fo=1, routed)           0.969     6.711    system_i/iq_0/inst/freq_ring/staging_reg[1023]_i_8_n_4
    SLICE_X44Y80         LUT4 (Prop_lut4_I3_O)        0.306     7.017 f  system_i/iq_0/inst/freq_ring/staging[1023]_i_9/O
                         net (fo=1, routed)           0.158     7.175    system_i/iq_0/inst/freq_ring/staging[1023]_i_9_n_0
    SLICE_X44Y80         LUT5 (Prop_lut5_I4_O)        0.124     7.299 f  system_i/iq_0/inst/freq_ring/staging[1023]_i_4/O
                         net (fo=1, routed)           0.733     8.032    system_i/iq_0/inst/freq_ring/staging[1023]_i_4_n_0
    SLICE_X49Y76         LUT4 (Prop_lut4_I1_O)        0.124     8.156 f  system_i/iq_0/inst/freq_ring/staging[1023]_i_3/O
                         net (fo=4, routed)           0.802     8.958    system_i/iq_0/inst/freq_ring/busy_reg_0
    SLICE_X43Y72         LUT3 (Prop_lut3_I1_O)        0.124     9.082 r  system_i/iq_0/inst/freq_ring/staging[1023]_i_1/O
                         net (fo=1024, routed)        1.366    10.448    system_i/iq_0/inst/freq_ring/staging[1023]_i_1_n_0
    SLICE_X49Y59         FDRE                                         r  system_i/iq_0/inst/freq_ring/staging_reg[184]/CE
  -------------------------------------------------------------------    -------------------

                         (clock clk_fpga_0 rise edge)
                                                      8.000     8.000 r  <hidden>
    PS7_X0Y0             PS7                          0.000     8.000 r  system_i/ps7/inst/PS7_i/FCLKCLK[0]
                         net (fo=1, routed)           1.088     9.088    system_i/ps7/inst/FCLK_CLK_unbuffered[0]
    BUFGCTRL_X0Y16       BUFG (Prop_bufg_I_O)         0.091     9.179 r  system_i/ps7/inst/buffer_fclk_clk_0.FCLK_CLK_0_BUFG/O
                         net (fo=10935, routed)       1.475    10.654    system_i/iq_0/inst/freq_ring/s_axi_aclk
    SLICE_X49Y59         FDRE                                         r  system_i/iq_0/inst/freq_ring/staging_reg[184]/C
                         clock pessimism              0.129    10.783    <hidden>
                         clock uncertainty           -0.125    10.658    <hidden>
    SLICE_X49Y59         FDRE (Setup_fdre_C_CE)      -0.205    10.453    system_i/iq_0/inst/freq_ring/staging_reg[184]
  -------------------------------------------------------------------
                         required time                         10.453    <hidden>
                         arrival time                         -10.448    <hidden>
  -------------------------------------------------------------------
                         slack                                  0.004    <hidden>

Slack (MET) :             0.004ns  (required time - arrival time)
  Source:                 system_i/iq_0/inst/freq_ring/producer_reg[1]_replica/C
                            (rising edge-triggered cell FDRE clocked by clk_fpga_0  {rise@0.000ns fall@4.000ns period=8.000ns})
  Destination:            system_i/iq_0/inst/freq_ring/staging_reg[240]/CE
                            (rising edge-triggered cell FDRE clocked by clk_fpga_0  {rise@0.000ns fall@4.000ns period=8.000ns})
  Path Group:             clk_fpga_0
  Path Type:              Setup (Max at Slow Process Corner)
  Requirement:            8.000ns  (clk_fpga_0 rise@8.000ns - clk_fpga_0 rise@0.000ns)
  Data Path Delay:        7.460ns  (logic 2.577ns (34.543%)  route 4.883ns (65.457%))
  Logic Levels:           11  (CARRY4=6 LUT2=1 LUT3=1 LUT4=2 LUT5=1)
  Clock Path Skew:        -0.205ns (DCD - SCD + CPR)
    Destination Clock Delay (DCD):    2.654ns = ( 10.654 - 8.000 ) 
    Source Clock Delay      (SCD):    2.988ns
    Clock Pessimism Removal (CPR):    0.129ns
  Clock Uncertainty:      0.125ns  ((TSJ^2 + TIJ^2)^1/2 + DJ) / 2 + PE
    Total System Jitter     (TSJ):    0.071ns
    Total Input Jitter      (TIJ):    0.240ns
    Discrete Jitter          (DJ):    0.000ns
    Phase Error              (PE):    0.000ns

    Location             Delay type                Incr(ns)  Path(ns)    Netlist Resource(s)
  -------------------------------------------------------------------    -------------------
                         (clock clk_fpga_0 rise edge)
                                                      0.000     0.000 r  <hidden>
    PS7_X0Y0             PS7                          0.000     0.000 r  system_i/ps7/inst/PS7_i/FCLKCLK[0]
                         net (fo=1, routed)           1.193     1.193    system_i/ps7/inst/FCLK_CLK_unbuffered[0]
    BUFGCTRL_X0Y16       BUFG (Prop_bufg_I_O)         0.101     1.294 r  system_i/ps7/inst/buffer_fclk_clk_0.FCLK_CLK_0_BUFG/O
                         net (fo=10935, routed)       1.694     2.988    system_i/iq_0/inst/freq_ring/s_axi_aclk
    SLICE_X55Y77         FDRE                                         r  system_i/iq_0/inst/freq_ring/producer_reg[1]_replica/C
  -------------------------------------------------------------------    -------------------
    SLICE_X55Y77         FDRE (Prop_fdre_C_Q)         0.456     3.444 r  system_i/iq_0/inst/freq_ring/producer_reg[1]_replica/Q
                         net (fo=6, routed)           0.855     4.299    system_i/iq_0/inst/freq_ring/producer[1]_repN
    SLICE_X52Y75         LUT2 (Prop_lut2_I0_O)        0.124     4.423 r  system_i/iq_0/inst/freq_ring/staging[1023]_i_48/O
                         net (fo=1, routed)           0.000     4.423    system_i/iq_0/inst/freq_ring/staging[1023]_i_48_n_0
    SLICE_X52Y75         CARRY4 (Prop_carry4_S[1]_CO[3])
                                                      0.550     4.973 r  system_i/iq_0/inst/freq_ring/staging_reg[1023]_i_41/CO[3]
                         net (fo=1, routed)           0.000     4.973    system_i/iq_0/inst/freq_ring/staging_reg[1023]_i_41_n_0
    SLICE_X52Y76         CARRY4 (Prop_carry4_CI_CO[3])
                                                      0.114     5.087 r  system_i/iq_0/inst/freq_ring/staging_reg[1023]_i_32/CO[3]
                         net (fo=1, routed)           0.000     5.087    system_i/iq_0/inst/freq_ring/staging_reg[1023]_i_32_n_0
    SLICE_X52Y77         CARRY4 (Prop_carry4_CI_CO[3])
                                                      0.114     5.201 r  system_i/iq_0/inst/freq_ring/staging_reg[1023]_i_13/CO[3]
                         net (fo=1, routed)           0.000     5.201    system_i/iq_0/inst/freq_ring/staging_reg[1023]_i_13_n_0
    SLICE_X52Y78         CARRY4 (Prop_carry4_CI_CO[3])
                                                      0.114     5.315 r  system_i/iq_0/inst/freq_ring/staging_reg[1023]_i_14/CO[3]
                         net (fo=1, routed)           0.000     5.315    system_i/iq_0/inst/freq_ring/staging_reg[1023]_i_14_n_0
    SLICE_X52Y79         CARRY4 (Prop_carry4_CI_CO[3])
                                                      0.114     5.429 r  system_i/iq_0/inst/freq_ring/staging_reg[1023]_i_7/CO[3]
                         net (fo=1, routed)           0.000     5.429    system_i/iq_0/inst/freq_ring/staging_reg[1023]_i_7_n_0
    SLICE_X52Y80         CARRY4 (Prop_carry4_CI_O[3])
                                                      0.313     5.742 f  system_i/iq_0/inst/freq_ring/staging_reg[1023]_i_8/O[3]
                         net (fo=1, routed)           0.969     6.711    system_i/iq_0/inst/freq_ring/staging_reg[1023]_i_8_n_4
    SLICE_X44Y80         LUT4 (Prop_lut4_I3_O)        0.306     7.017 f  system_i/iq_0/inst/freq_ring/staging[1023]_i_9/O
                         net (fo=1, routed)           0.158     7.175    system_i/iq_0/inst/freq_ring/staging[1023]_i_9_n_0
    SLICE_X44Y80         LUT5 (Prop_lut5_I4_O)        0.124     7.299 f  system_i/iq_0/inst/freq_ring/staging[1023]_i_4/O
                         net (fo=1, routed)           0.733     8.032    system_i/iq_0/inst/freq_ring/staging[1023]_i_4_n_0
    SLICE_X49Y76         LUT4 (Prop_lut4_I1_O)        0.124     8.156 f  system_i/iq_0/inst/freq_ring/staging[1023]_i_3/O
                         net (fo=4, routed)           0.802     8.958    system_i/iq_0/inst/freq_ring/busy_reg_0
    SLICE_X43Y72         LUT3 (Prop_lut3_I1_O)        0.124     9.082 r  system_i/iq_0/inst/freq_ring/staging[1023]_i_1/O
                         net (fo=1024, routed)        1.366    10.448    system_i/iq_0/inst/freq_ring/staging[1023]_i_1_n_0
    SLICE_X49Y59         FDRE                                         r  system_i/iq_0/inst/freq_ring/staging_reg[240]/CE
  -------------------------------------------------------------------    -------------------

                         (clock clk_fpga_0 rise edge)
                                                      8.000     8.000 r  <hidden>
    PS7_X0Y0             PS7                          0.000     8.000 r  system_i/ps7/inst/PS7_i/FCLKCLK[0]
                         net (fo=1, routed)           1.088     9.088    system_i/ps7/inst/FCLK_CLK_unbuffered[0]
    BUFGCTRL_X0Y16       BUFG (Prop_bufg_I_O)         0.091     9.179 r  system_i/ps7/inst/buffer_fclk_clk_0.FCLK_CLK_0_BUFG/O
                         net (fo=10935, routed)       1.475    10.654    system_i/iq_0/inst/freq_ring/s_axi_aclk
    SLICE_X49Y59         FDRE                                         r  system_i/iq_0/inst/freq_ring/staging_reg[240]/C
                         clock pessimism              0.129    10.783    <hidden>
                         clock uncertainty           -0.125    10.658    <hidden>
    SLICE_X49Y59         FDRE (Setup_fdre_C_CE)      -0.205    10.453    system_i/iq_0/inst/freq_ring/staging_reg[240]
  -------------------------------------------------------------------
                         required time                         10.453    <hidden>
                         arrival time                         -10.448    <hidden>
  -------------------------------------------------------------------
                         slack                                  0.004    <hidden>

Slack (MET) :             0.004ns  (required time - arrival time)
  Source:                 system_i/iq_0/inst/freq_ring/producer_reg[1]_replica/C
                            (rising edge-triggered cell FDRE clocked by clk_fpga_0  {rise@0.000ns fall@4.000ns period=8.000ns})
  Destination:            system_i/iq_0/inst/freq_ring/staging_reg[241]/CE
                            (rising edge-triggered cell FDRE clocked by clk_fpga_0  {rise@0.000ns fall@4.000ns period=8.000ns})
  Path Group:             clk_fpga_0
  Path Type:              Setup (Max at Slow Process Corner)
  Requirement:            8.000ns  (clk_fpga_0 rise@8.000ns - clk_fpga_0 rise@0.000ns)
  Data Path Delay:        7.460ns  (logic 2.577ns (34.543%)  route 4.883ns (65.457%))
  Logic Levels:           11  (CARRY4=6 LUT2=1 LUT3=1 LUT4=2 LUT5=1)
  Clock Path Skew:        -0.205ns (DCD - SCD + CPR)
    Destination Clock Delay (DCD):    2.654ns = ( 10.654 - 8.000 ) 
    Source Clock Delay      (SCD):    2.988ns
    Clock Pessimism Removal (CPR):    0.129ns
  Clock Uncertainty:      0.125ns  ((TSJ^2 + TIJ^2)^1/2 + DJ) / 2 + PE
    Total System Jitter     (TSJ):    0.071ns
    Total Input Jitter      (TIJ):    0.240ns
    Discrete Jitter          (DJ):    0.000ns
    Phase Error              (PE):    0.000ns

    Location             Delay type                Incr(ns)  Path(ns)    Netlist Resource(s)
  -------------------------------------------------------------------    -------------------
                         (clock clk_fpga_0 rise edge)
                                                      0.000     0.000 r  <hidden>
    PS7_X0Y0             PS7                          0.000     0.000 r  system_i/ps7/inst/PS7_i/FCLKCLK[0]
                         net (fo=1, routed)           1.193     1.193    system_i/ps7/inst/FCLK_CLK_unbuffered[0]
    BUFGCTRL_X0Y16       BUFG (Prop_bufg_I_O)         0.101     1.294 r  system_i/ps7/inst/buffer_fclk_clk_0.FCLK_CLK_0_BUFG/O
                         net (fo=10935, routed)       1.694     2.988    system_i/iq_0/inst/freq_ring/s_axi_aclk
    SLICE_X55Y77         FDRE                                         r  system_i/iq_0/inst/freq_ring/producer_reg[1]_replica/C
  -------------------------------------------------------------------    -------------------
    SLICE_X55Y77         FDRE (Prop_fdre_C_Q)         0.456     3.444 r  system_i/iq_0/inst/freq_ring/producer_reg[1]_replica/Q
                         net (fo=6, routed)           0.855     4.299    system_i/iq_0/inst/freq_ring/producer[1]_repN
    SLICE_X52Y75         LUT2 (Prop_lut2_I0_O)        0.124     4.423 r  system_i/iq_0/inst/freq_ring/staging[1023]_i_48/O
                         net (fo=1, routed)           0.000     4.423    system_i/iq_0/inst/freq_ring/staging[1023]_i_48_n_0
    SLICE_X52Y75         CARRY4 (Prop_carry4_S[1]_CO[3])
                                                      0.550     4.973 r  system_i/iq_0/inst/freq_ring/staging_reg[1023]_i_41/CO[3]
                         net (fo=1, routed)           0.000     4.973    system_i/iq_0/inst/freq_ring/staging_reg[1023]_i_41_n_0
    SLICE_X52Y76         CARRY4 (Prop_carry4_CI_CO[3])
                                                      0.114     5.087 r  system_i/iq_0/inst/freq_ring/staging_reg[1023]_i_32/CO[3]
                         net (fo=1, routed)           0.000     5.087    system_i/iq_0/inst/freq_ring/staging_reg[1023]_i_32_n_0
    SLICE_X52Y77         CARRY4 (Prop_carry4_CI_CO[3])
                                                      0.114     5.201 r  system_i/iq_0/inst/freq_ring/staging_reg[1023]_i_13/CO[3]
                         net (fo=1, routed)           0.000     5.201    system_i/iq_0/inst/freq_ring/staging_reg[1023]_i_13_n_0
    SLICE_X52Y78         CARRY4 (Prop_carry4_CI_CO[3])
                                                      0.114     5.315 r  system_i/iq_0/inst/freq_ring/staging_reg[1023]_i_14/CO[3]
                         net (fo=1, routed)           0.000     5.315    system_i/iq_0/inst/freq_ring/staging_reg[1023]_i_14_n_0
    SLICE_X52Y79         CARRY4 (Prop_carry4_CI_CO[3])
                                                      0.114     5.429 r  system_i/iq_0/inst/freq_ring/staging_reg[1023]_i_7/CO[3]
                         net (fo=1, routed)           0.000     5.429    system_i/iq_0/inst/freq_ring/staging_reg[1023]_i_7_n_0
    SLICE_X52Y80         CARRY4 (Prop_carry4_CI_O[3])
                                                      0.313     5.742 f  system_i/iq_0/inst/freq_ring/staging_reg[1023]_i_8/O[3]
                         net (fo=1, routed)           0.969     6.711    system_i/iq_0/inst/freq_ring/staging_reg[1023]_i_8_n_4
    SLICE_X44Y80         LUT4 (Prop_lut4_I3_O)        0.306     7.017 f  system_i/iq_0/inst/freq_ring/staging[1023]_i_9/O
                         net (fo=1, routed)           0.158     7.175    system_i/iq_0/inst/freq_ring/staging[1023]_i_9_n_0
    SLICE_X44Y80         LUT5 (Prop_lut5_I4_O)        0.124     7.299 f  system_i/iq_0/inst/freq_ring/staging[1023]_i_4/O
                         net (fo=1, routed)           0.733     8.032    system_i/iq_0/inst/freq_ring/staging[1023]_i_4_n_0
    SLICE_X49Y76         LUT4 (Prop_lut4_I1_O)        0.124     8.156 f  system_i/iq_0/inst/freq_ring/staging[1023]_i_3/O
                         net (fo=4, routed)           0.802     8.958    system_i/iq_0/inst/freq_ring/busy_reg_0
    SLICE_X43Y72         LUT3 (Prop_lut3_I1_O)        0.124     9.082 r  system_i/iq_0/inst/freq_ring/staging[1023]_i_1/O
                         net (fo=1024, routed)        1.366    10.448    system_i/iq_0/inst/freq_ring/staging[1023]_i_1_n_0
    SLICE_X49Y59         FDRE                                         r  system_i/iq_0/inst/freq_ring/staging_reg[241]/CE
  -------------------------------------------------------------------    -------------------

                         (clock clk_fpga_0 rise edge)
                                                      8.000     8.000 r  <hidden>
    PS7_X0Y0             PS7                          0.000     8.000 r  system_i/ps7/inst/PS7_i/FCLKCLK[0]
                         net (fo=1, routed)           1.088     9.088    system_i/ps7/inst/FCLK_CLK_unbuffered[0]
    BUFGCTRL_X0Y16       BUFG (Prop_bufg_I_O)         0.091     9.179 r  system_i/ps7/inst/buffer_fclk_clk_0.FCLK_CLK_0_BUFG/O
                         net (fo=10935, routed)       1.475    10.654    system_i/iq_0/inst/freq_ring/s_axi_aclk
    SLICE_X49Y59         FDRE                                         r  system_i/iq_0/inst/freq_ring/staging_reg[241]/C
                         clock pessimism              0.129    10.783    <hidden>
                         clock uncertainty           -0.125    10.658    <hidden>
    SLICE_X49Y59         FDRE (Setup_fdre_C_CE)      -0.205    10.453    system_i/iq_0/inst/freq_ring/staging_reg[241]
  -------------------------------------------------------------------
                         required time                         10.453    <hidden>
                         arrival time                         -10.448    <hidden>
  -------------------------------------------------------------------
                         slack                                  0.004    <hidden>

Slack (MET) :             0.004ns  (required time - arrival time)
  Source:                 system_i/iq_0/inst/freq_ring/producer_reg[1]_replica/C
                            (rising edge-triggered cell FDRE clocked by clk_fpga_0  {rise@0.000ns fall@4.000ns period=8.000ns})
  Destination:            system_i/iq_0/inst/freq_ring/staging_reg[254]/CE
                            (rising edge-triggered cell FDRE clocked by clk_fpga_0  {rise@0.000ns fall@4.000ns period=8.000ns})
  Path Group:             clk_fpga_0
  Path Type:              Setup (Max at Slow Process Corner)
  Requirement:            8.000ns  (clk_fpga_0 rise@8.000ns - clk_fpga_0 rise@0.000ns)
  Data Path Delay:        7.460ns  (logic 2.577ns (34.543%)  route 4.883ns (65.457%))
  Logic Levels:           11  (CARRY4=6 LUT2=1 LUT3=1 LUT4=2 LUT5=1)
  Clock Path Skew:        -0.205ns (DCD - SCD + CPR)
    Destination Clock Delay (DCD):    2.654ns = ( 10.654 - 8.000 ) 
    Source Clock Delay      (SCD):    2.988ns
    Clock Pessimism Removal (CPR):    0.129ns
  Clock Uncertainty:      0.125ns  ((TSJ^2 + TIJ^2)^1/2 + DJ) / 2 + PE
    Total System Jitter     (TSJ):    0.071ns
    Total Input Jitter      (TIJ):    0.240ns
    Discrete Jitter          (DJ):    0.000ns
    Phase Error              (PE):    0.000ns

    Location             Delay type                Incr(ns)  Path(ns)    Netlist Resource(s)
  -------------------------------------------------------------------    -------------------
                         (clock clk_fpga_0 rise edge)
                                                      0.000     0.000 r  <hidden>
    PS7_X0Y0             PS7                          0.000     0.000 r  system_i/ps7/inst/PS7_i/FCLKCLK[0]
                         net (fo=1, routed)           1.193     1.193    system_i/ps7/inst/FCLK_CLK_unbuffered[0]
    BUFGCTRL_X0Y16       BUFG (Prop_bufg_I_O)         0.101     1.294 r  system_i/ps7/inst/buffer_fclk_clk_0.FCLK_CLK_0_BUFG/O
                         net (fo=10935, routed)       1.694     2.988    system_i/iq_0/inst/freq_ring/s_axi_aclk
    SLICE_X55Y77         FDRE                                         r  system_i/iq_0/inst/freq_ring/producer_reg[1]_replica/C
  -------------------------------------------------------------------    -------------------
    SLICE_X55Y77         FDRE (Prop_fdre_C_Q)         0.456     3.444 r  system_i/iq_0/inst/freq_ring/producer_reg[1]_replica/Q
                         net (fo=6, routed)           0.855     4.299    system_i/iq_0/inst/freq_ring/producer[1]_repN
    SLICE_X52Y75         LUT2 (Prop_lut2_I0_O)        0.124     4.423 r  system_i/iq_0/inst/freq_ring/staging[1023]_i_48/O
                         net (fo=1, routed)           0.000     4.423    system_i/iq_0/inst/freq_ring/staging[1023]_i_48_n_0
    SLICE_X52Y75         CARRY4 (Prop_carry4_S[1]_CO[3])
                                                      0.550     4.973 r  system_i/iq_0/inst/freq_ring/staging_reg[1023]_i_41/CO[3]
                         net (fo=1, routed)           0.000     4.973    system_i/iq_0/inst/freq_ring/staging_reg[1023]_i_41_n_0
    SLICE_X52Y76         CARRY4 (Prop_carry4_CI_CO[3])
                                                      0.114     5.087 r  system_i/iq_0/inst/freq_ring/staging_reg[1023]_i_32/CO[3]
                         net (fo=1, routed)           0.000     5.087    system_i/iq_0/inst/freq_ring/staging_reg[1023]_i_32_n_0
    SLICE_X52Y77         CARRY4 (Prop_carry4_CI_CO[3])
                                                      0.114     5.201 r  system_i/iq_0/inst/freq_ring/staging_reg[1023]_i_13/CO[3]
                         net (fo=1, routed)           0.000     5.201    system_i/iq_0/inst/freq_ring/staging_reg[1023]_i_13_n_0
    SLICE_X52Y78         CARRY4 (Prop_carry4_CI_CO[3])
                                                      0.114     5.315 r  system_i/iq_0/inst/freq_ring/staging_reg[1023]_i_14/CO[3]
                         net (fo=1, routed)           0.000     5.315    system_i/iq_0/inst/freq_ring/staging_reg[1023]_i_14_n_0
    SLICE_X52Y79         CARRY4 (Prop_carry4_CI_CO[3])
                                                      0.114     5.429 r  system_i/iq_0/inst/freq_ring/staging_reg[1023]_i_7/CO[3]
                         net (fo=1, routed)           0.000     5.429    system_i/iq_0/inst/freq_ring/staging_reg[1023]_i_7_n_0
    SLICE_X52Y80         CARRY4 (Prop_carry4_CI_O[3])
                                                      0.313     5.742 f  system_i/iq_0/inst/freq_ring/staging_reg[1023]_i_8/O[3]
                         net (fo=1, routed)           0.969     6.711    system_i/iq_0/inst/freq_ring/staging_reg[1023]_i_8_n_4
    SLICE_X44Y80         LUT4 (Prop_lut4_I3_O)        0.306     7.017 f  system_i/iq_0/inst/freq_ring/staging[1023]_i_9/O
                         net (fo=1, routed)           0.158     7.175    system_i/iq_0/inst/freq_ring/staging[1023]_i_9_n_0
    SLICE_X44Y80         LUT5 (Prop_lut5_I4_O)        0.124     7.299 f  system_i/iq_0/inst/freq_ring/staging[1023]_i_4/O
                         net (fo=1, routed)           0.733     8.032    system_i/iq_0/inst/freq_ring/staging[1023]_i_4_n_0
    SLICE_X49Y76         LUT4 (Prop_lut4_I1_O)        0.124     8.156 f  system_i/iq_0/inst/freq_ring/staging[1023]_i_3/O
                         net (fo=4, routed)           0.802     8.958    system_i/iq_0/inst/freq_ring/busy_reg_0
    SLICE_X43Y72         LUT3 (Prop_lut3_I1_O)        0.124     9.082 r  system_i/iq_0/inst/freq_ring/staging[1023]_i_1/O
                         net (fo=1024, routed)        1.366    10.448    system_i/iq_0/inst/freq_ring/staging[1023]_i_1_n_0
    SLICE_X49Y59         FDRE                                         r  system_i/iq_0/inst/freq_ring/staging_reg[254]/CE
  -------------------------------------------------------------------    -------------------

                         (clock clk_fpga_0 rise edge)
                                                      8.000     8.000 r  <hidden>
    PS7_X0Y0             PS7                          0.000     8.000 r  system_i/ps7/inst/PS7_i/FCLKCLK[0]
                         net (fo=1, routed)           1.088     9.088    system_i/ps7/inst/FCLK_CLK_unbuffered[0]
    BUFGCTRL_X0Y16       BUFG (Prop_bufg_I_O)         0.091     9.179 r  system_i/ps7/inst/buffer_fclk_clk_0.FCLK_CLK_0_BUFG/O
                         net (fo=10935, routed)       1.475    10.654    system_i/iq_0/inst/freq_ring/s_axi_aclk
    SLICE_X49Y59         FDRE                                         r  system_i/iq_0/inst/freq_ring/staging_reg[254]/C
                         clock pessimism              0.129    10.783    <hidden>
                         clock uncertainty           -0.125    10.658    <hidden>
    SLICE_X49Y59         FDRE (Setup_fdre_C_CE)      -0.205    10.453    system_i/iq_0/inst/freq_ring/staging_reg[254]
  -------------------------------------------------------------------
                         required time                         10.453    <hidden>
                         arrival time                         -10.448    <hidden>
  -------------------------------------------------------------------
                         slack                                  0.004    <hidden>

Slack (MET) :             0.004ns  (required time - arrival time)
  Source:                 system_i/iq_0/inst/freq_ring/producer_reg[1]_replica/C
                            (rising edge-triggered cell FDRE clocked by clk_fpga_0  {rise@0.000ns fall@4.000ns period=8.000ns})
  Destination:            system_i/iq_0/inst/freq_ring/staging_reg[255]/CE
                            (rising edge-triggered cell FDRE clocked by clk_fpga_0  {rise@0.000ns fall@4.000ns period=8.000ns})
  Path Group:             clk_fpga_0
  Path Type:              Setup (Max at Slow Process Corner)
  Requirement:            8.000ns  (clk_fpga_0 rise@8.000ns - clk_fpga_0 rise@0.000ns)
  Data Path Delay:        7.460ns  (logic 2.577ns (34.543%)  route 4.883ns (65.457%))
  Logic Levels:           11  (CARRY4=6 LUT2=1 LUT3=1 LUT4=2 LUT5=1)
  Clock Path Skew:        -0.205ns (DCD - SCD + CPR)
    Destination Clock Delay (DCD):    2.654ns = ( 10.654 - 8.000 ) 
    Source Clock Delay      (SCD):    2.988ns
    Clock Pessimism Removal (CPR):    0.129ns
  Clock Uncertainty:      0.125ns  ((TSJ^2 + TIJ^2)^1/2 + DJ) / 2 + PE
    Total System Jitter     (TSJ):    0.071ns
    Total Input Jitter      (TIJ):    0.240ns
    Discrete Jitter          (DJ):    0.000ns
    Phase Error              (PE):    0.000ns

    Location             Delay type                Incr(ns)  Path(ns)    Netlist Resource(s)
  -------------------------------------------------------------------    -------------------
                         (clock clk_fpga_0 rise edge)
                                                      0.000     0.000 r  <hidden>
    PS7_X0Y0             PS7                          0.000     0.000 r  system_i/ps7/inst/PS7_i/FCLKCLK[0]
                         net (fo=1, routed)           1.193     1.193    system_i/ps7/inst/FCLK_CLK_unbuffered[0]
    BUFGCTRL_X0Y16       BUFG (Prop_bufg_I_O)         0.101     1.294 r  system_i/ps7/inst/buffer_fclk_clk_0.FCLK_CLK_0_BUFG/O
                         net (fo=10935, routed)       1.694     2.988    system_i/iq_0/inst/freq_ring/s_axi_aclk
    SLICE_X55Y77         FDRE                                         r  system_i/iq_0/inst/freq_ring/producer_reg[1]_replica/C
  -------------------------------------------------------------------    -------------------
    SLICE_X55Y77         FDRE (Prop_fdre_C_Q)         0.456     3.444 r  system_i/iq_0/inst/freq_ring/producer_reg[1]_replica/Q
                         net (fo=6, routed)           0.855     4.299    system_i/iq_0/inst/freq_ring/producer[1]_repN
    SLICE_X52Y75         LUT2 (Prop_lut2_I0_O)        0.124     4.423 r  system_i/iq_0/inst/freq_ring/staging[1023]_i_48/O
                         net (fo=1, routed)           0.000     4.423    system_i/iq_0/inst/freq_ring/staging[1023]_i_48_n_0
    SLICE_X52Y75         CARRY4 (Prop_carry4_S[1]_CO[3])
                                                      0.550     4.973 r  system_i/iq_0/inst/freq_ring/staging_reg[1023]_i_41/CO[3]
                         net (fo=1, routed)           0.000     4.973    system_i/iq_0/inst/freq_ring/staging_reg[1023]_i_41_n_0
    SLICE_X52Y76         CARRY4 (Prop_carry4_CI_CO[3])
                                                      0.114     5.087 r  system_i/iq_0/inst/freq_ring/staging_reg[1023]_i_32/CO[3]
                         net (fo=1, routed)           0.000     5.087    system_i/iq_0/inst/freq_ring/staging_reg[1023]_i_32_n_0
    SLICE_X52Y77         CARRY4 (Prop_carry4_CI_CO[3])
                                                      0.114     5.201 r  system_i/iq_0/inst/freq_ring/staging_reg[1023]_i_13/CO[3]
                         net (fo=1, routed)           0.000     5.201    system_i/iq_0/inst/freq_ring/staging_reg[1023]_i_13_n_0
    SLICE_X52Y78         CARRY4 (Prop_carry4_CI_CO[3])
                                                      0.114     5.315 r  system_i/iq_0/inst/freq_ring/staging_reg[1023]_i_14/CO[3]
                         net (fo=1, routed)           0.000     5.315    system_i/iq_0/inst/freq_ring/staging_reg[1023]_i_14_n_0
    SLICE_X52Y79         CARRY4 (Prop_carry4_CI_CO[3])
                                                      0.114     5.429 r  system_i/iq_0/inst/freq_ring/staging_reg[1023]_i_7/CO[3]
                         net (fo=1, routed)           0.000     5.429    system_i/iq_0/inst/freq_ring/staging_reg[1023]_i_7_n_0
    SLICE_X52Y80         CARRY4 (Prop_carry4_CI_O[3])
                                                      0.313     5.742 f  system_i/iq_0/inst/freq_ring/staging_reg[1023]_i_8/O[3]
                         net (fo=1, routed)           0.969     6.711    system_i/iq_0/inst/freq_ring/staging_reg[1023]_i_8_n_4
    SLICE_X44Y80         LUT4 (Prop_lut4_I3_O)        0.306     7.017 f  system_i/iq_0/inst/freq_ring/staging[1023]_i_9/O
                         net (fo=1, routed)           0.158     7.175    system_i/iq_0/inst/freq_ring/staging[1023]_i_9_n_0
    SLICE_X44Y80         LUT5 (Prop_lut5_I4_O)        0.124     7.299 f  system_i/iq_0/inst/freq_ring/staging[1023]_i_4/O
                         net (fo=1, routed)           0.733     8.032    system_i/iq_0/inst/freq_ring/staging[1023]_i_4_n_0
    SLICE_X49Y76         LUT4 (Prop_lut4_I1_O)        0.124     8.156 f  system_i/iq_0/inst/freq_ring/staging[1023]_i_3/O
                         net (fo=4, routed)           0.802     8.958    system_i/iq_0/inst/freq_ring/busy_reg_0
    SLICE_X43Y72         LUT3 (Prop_lut3_I1_O)        0.124     9.082 r  system_i/iq_0/inst/freq_ring/staging[1023]_i_1/O
                         net (fo=1024, routed)        1.366    10.448    system_i/iq_0/inst/freq_ring/staging[1023]_i_1_n_0
    SLICE_X49Y59         FDRE                                         r  system_i/iq_0/inst/freq_ring/staging_reg[255]/CE
  -------------------------------------------------------------------    -------------------

                         (clock clk_fpga_0 rise edge)
                                                      8.000     8.000 r  <hidden>
    PS7_X0Y0             PS7                          0.000     8.000 r  system_i/ps7/inst/PS7_i/FCLKCLK[0]
                         net (fo=1, routed)           1.088     9.088    system_i/ps7/inst/FCLK_CLK_unbuffered[0]
    BUFGCTRL_X0Y16       BUFG (Prop_bufg_I_O)         0.091     9.179 r  system_i/ps7/inst/buffer_fclk_clk_0.FCLK_CLK_0_BUFG/O
                         net (fo=10935, routed)       1.475    10.654    system_i/iq_0/inst/freq_ring/s_axi_aclk
    SLICE_X49Y59         FDRE                                         r  system_i/iq_0/inst/freq_ring/staging_reg[255]/C
                         clock pessimism              0.129    10.783    <hidden>
                         clock uncertainty           -0.125    10.658    <hidden>
    SLICE_X49Y59         FDRE (Setup_fdre_C_CE)      -0.205    10.453    system_i/iq_0/inst/freq_ring/staging_reg[255]
  -------------------------------------------------------------------
                         required time                         10.453    <hidden>
                         arrival time                         -10.448    <hidden>
  -------------------------------------------------------------------
                         slack                                  0.004    <hidden>

Slack (MET) :             0.004ns  (required time - arrival time)
  Source:                 system_i/iq_0/inst/freq_ring/producer_reg[1]_replica/C
                            (rising edge-triggered cell FDRE clocked by clk_fpga_0  {rise@0.000ns fall@4.000ns period=8.000ns})
  Destination:            system_i/iq_0/inst/freq_ring/staging_reg[394]/CE
                            (rising edge-triggered cell FDRE clocked by clk_fpga_0  {rise@0.000ns fall@4.000ns period=8.000ns})
  Path Group:             clk_fpga_0
  Path Type:              Setup (Max at Slow Process Corner)
  Requirement:            8.000ns  (clk_fpga_0 rise@8.000ns - clk_fpga_0 rise@0.000ns)
  Data Path Delay:        7.460ns  (logic 2.577ns (34.543%)  route 4.883ns (65.457%))
  Logic Levels:           11  (CARRY4=6 LUT2=1 LUT3=1 LUT4=2 LUT5=1)
  Clock Path Skew:        -0.205ns (DCD - SCD + CPR)
    Destination Clock Delay (DCD):    2.654ns = ( 10.654 - 8.000 ) 
    Source Clock Delay      (SCD):    2.988ns
    Clock Pessimism Removal (CPR):    0.129ns
  Clock Uncertainty:      0.125ns  ((TSJ^2 + TIJ^2)^1/2 + DJ) / 2 + PE
    Total System Jitter     (TSJ):    0.071ns
    Total Input Jitter      (TIJ):    0.240ns
    Discrete Jitter          (DJ):    0.000ns
    Phase Error              (PE):    0.000ns

    Location             Delay type                Incr(ns)  Path(ns)    Netlist Resource(s)
  -------------------------------------------------------------------    -------------------
                         (clock clk_fpga_0 rise edge)
                                                      0.000     0.000 r  <hidden>
    PS7_X0Y0             PS7                          0.000     0.000 r  system_i/ps7/inst/PS7_i/FCLKCLK[0]
                         net (fo=1, routed)           1.193     1.193    system_i/ps7/inst/FCLK_CLK_unbuffered[0]
    BUFGCTRL_X0Y16       BUFG (Prop_bufg_I_O)         0.101     1.294 r  system_i/ps7/inst/buffer_fclk_clk_0.FCLK_CLK_0_BUFG/O
                         net (fo=10935, routed)       1.694     2.988    system_i/iq_0/inst/freq_ring/s_axi_aclk
    SLICE_X55Y77         FDRE                                         r  system_i/iq_0/inst/freq_ring/producer_reg[1]_replica/C
  -------------------------------------------------------------------    -------------------
    SLICE_X55Y77         FDRE (Prop_fdre_C_Q)         0.456     3.444 r  system_i/iq_0/inst/freq_ring/producer_reg[1]_replica/Q
                         net (fo=6, routed)           0.855     4.299    system_i/iq_0/inst/freq_ring/producer[1]_repN
    SLICE_X52Y75         LUT2 (Prop_lut2_I0_O)        0.124     4.423 r  system_i/iq_0/inst/freq_ring/staging[1023]_i_48/O
                         net (fo=1, routed)           0.000     4.423    system_i/iq_0/inst/freq_ring/staging[1023]_i_48_n_0
    SLICE_X52Y75         CARRY4 (Prop_carry4_S[1]_CO[3])
                                                      0.550     4.973 r  system_i/iq_0/inst/freq_ring/staging_reg[1023]_i_41/CO[3]
                         net (fo=1, routed)           0.000     4.973    system_i/iq_0/inst/freq_ring/staging_reg[1023]_i_41_n_0
    SLICE_X52Y76         CARRY4 (Prop_carry4_CI_CO[3])
                                                      0.114     5.087 r  system_i/iq_0/inst/freq_ring/staging_reg[1023]_i_32/CO[3]
                         net (fo=1, routed)           0.000     5.087    system_i/iq_0/inst/freq_ring/staging_reg[1023]_i_32_n_0
    SLICE_X52Y77         CARRY4 (Prop_carry4_CI_CO[3])
                                                      0.114     5.201 r  system_i/iq_0/inst/freq_ring/staging_reg[1023]_i_13/CO[3]
                         net (fo=1, routed)           0.000     5.201    system_i/iq_0/inst/freq_ring/staging_reg[1023]_i_13_n_0
    SLICE_X52Y78         CARRY4 (Prop_carry4_CI_CO[3])
                                                      0.114     5.315 r  system_i/iq_0/inst/freq_ring/staging_reg[1023]_i_14/CO[3]
                         net (fo=1, routed)           0.000     5.315    system_i/iq_0/inst/freq_ring/staging_reg[1023]_i_14_n_0
    SLICE_X52Y79         CARRY4 (Prop_carry4_CI_CO[3])
                                                      0.114     5.429 r  system_i/iq_0/inst/freq_ring/staging_reg[1023]_i_7/CO[3]
                         net (fo=1, routed)           0.000     5.429    system_i/iq_0/inst/freq_ring/staging_reg[1023]_i_7_n_0
    SLICE_X52Y80         CARRY4 (Prop_carry4_CI_O[3])
                                                      0.313     5.742 f  system_i/iq_0/inst/freq_ring/staging_reg[1023]_i_8/O[3]
                         net (fo=1, routed)           0.969     6.711    system_i/iq_0/inst/freq_ring/staging_reg[1023]_i_8_n_4
    SLICE_X44Y80         LUT4 (Prop_lut4_I3_O)        0.306     7.017 f  system_i/iq_0/inst/freq_ring/staging[1023]_i_9/O
                         net (fo=1, routed)           0.158     7.175    system_i/iq_0/inst/freq_ring/staging[1023]_i_9_n_0
    SLICE_X44Y80         LUT5 (Prop_lut5_I4_O)        0.124     7.299 f  system_i/iq_0/inst/freq_ring/staging[1023]_i_4/O
                         net (fo=1, routed)           0.733     8.032    system_i/iq_0/inst/freq_ring/staging[1023]_i_4_n_0
    SLICE_X49Y76         LUT4 (Prop_lut4_I1_O)        0.124     8.156 f  system_i/iq_0/inst/freq_ring/staging[1023]_i_3/O
                         net (fo=4, routed)           0.802     8.958    system_i/iq_0/inst/freq_ring/busy_reg_0
    SLICE_X43Y72         LUT3 (Prop_lut3_I1_O)        0.124     9.082 r  system_i/iq_0/inst/freq_ring/staging[1023]_i_1/O
                         net (fo=1024, routed)        1.366    10.448    system_i/iq_0/inst/freq_ring/staging[1023]_i_1_n_0
    SLICE_X49Y59         FDRE                                         r  system_i/iq_0/inst/freq_ring/staging_reg[394]/CE
  -------------------------------------------------------------------    -------------------

                         (clock clk_fpga_0 rise edge)
                                                      8.000     8.000 r  <hidden>
    PS7_X0Y0             PS7                          0.000     8.000 r  system_i/ps7/inst/PS7_i/FCLKCLK[0]
                         net (fo=1, routed)           1.088     9.088    system_i/ps7/inst/FCLK_CLK_unbuffered[0]
    BUFGCTRL_X0Y16       BUFG (Prop_bufg_I_O)         0.091     9.179 r  system_i/ps7/inst/buffer_fclk_clk_0.FCLK_CLK_0_BUFG/O
                         net (fo=10935, routed)       1.475    10.654    system_i/iq_0/inst/freq_ring/s_axi_aclk
    SLICE_X49Y59         FDRE                                         r  system_i/iq_0/inst/freq_ring/staging_reg[394]/C
                         clock pessimism              0.129    10.783    <hidden>
                         clock uncertainty           -0.125    10.658    <hidden>
    SLICE_X49Y59         FDRE (Setup_fdre_C_CE)      -0.205    10.453    system_i/iq_0/inst/freq_ring/staging_reg[394]
  -------------------------------------------------------------------
                         required time                         10.453    <hidden>
                         arrival time                         -10.448    <hidden>
  -------------------------------------------------------------------
                         slack                                  0.004    <hidden>

Slack (MET) :             0.004ns  (required time - arrival time)
  Source:                 system_i/iq_0/inst/freq_ring/producer_reg[1]_replica/C
                            (rising edge-triggered cell FDRE clocked by clk_fpga_0  {rise@0.000ns fall@4.000ns period=8.000ns})
  Destination:            system_i/iq_0/inst/freq_ring/staging_reg[395]/CE
                            (rising edge-triggered cell FDRE clocked by clk_fpga_0  {rise@0.000ns fall@4.000ns period=8.000ns})
  Path Group:             clk_fpga_0
  Path Type:              Setup (Max at Slow Process Corner)
  Requirement:            8.000ns  (clk_fpga_0 rise@8.000ns - clk_fpga_0 rise@0.000ns)
  Data Path Delay:        7.460ns  (logic 2.577ns (34.543%)  route 4.883ns (65.457%))
  Logic Levels:           11  (CARRY4=6 LUT2=1 LUT3=1 LUT4=2 LUT5=1)
  Clock Path Skew:        -0.205ns (DCD - SCD + CPR)
    Destination Clock Delay (DCD):    2.654ns = ( 10.654 - 8.000 ) 
    Source Clock Delay      (SCD):    2.988ns
    Clock Pessimism Removal (CPR):    0.129ns
  Clock Uncertainty:      0.125ns  ((TSJ^2 + TIJ^2)^1/2 + DJ) / 2 + PE
    Total System Jitter     (TSJ):    0.071ns
    Total Input Jitter      (TIJ):    0.240ns
    Discrete Jitter          (DJ):    0.000ns
    Phase Error              (PE):    0.000ns

    Location             Delay type                Incr(ns)  Path(ns)    Netlist Resource(s)
  -------------------------------------------------------------------    -------------------
                         (clock clk_fpga_0 rise edge)
                                                      0.000     0.000 r  <hidden>
    PS7_X0Y0             PS7                          0.000     0.000 r  system_i/ps7/inst/PS7_i/FCLKCLK[0]
                         net (fo=1, routed)           1.193     1.193    system_i/ps7/inst/FCLK_CLK_unbuffered[0]
    BUFGCTRL_X0Y16       BUFG (Prop_bufg_I_O)         0.101     1.294 r  system_i/ps7/inst/buffer_fclk_clk_0.FCLK_CLK_0_BUFG/O
                         net (fo=10935, routed)       1.694     2.988    system_i/iq_0/inst/freq_ring/s_axi_aclk
    SLICE_X55Y77         FDRE                                         r  system_i/iq_0/inst/freq_ring/producer_reg[1]_replica/C
  -------------------------------------------------------------------    -------------------
    SLICE_X55Y77         FDRE (Prop_fdre_C_Q)         0.456     3.444 r  system_i/iq_0/inst/freq_ring/producer_reg[1]_replica/Q
                         net (fo=6, routed)           0.855     4.299    system_i/iq_0/inst/freq_ring/producer[1]_repN
    SLICE_X52Y75         LUT2 (Prop_lut2_I0_O)        0.124     4.423 r  system_i/iq_0/inst/freq_ring/staging[1023]_i_48/O
                         net (fo=1, routed)           0.000     4.423    system_i/iq_0/inst/freq_ring/staging[1023]_i_48_n_0
    SLICE_X52Y75         CARRY4 (Prop_carry4_S[1]_CO[3])
                                                      0.550     4.973 r  system_i/iq_0/inst/freq_ring/staging_reg[1023]_i_41/CO[3]
                         net (fo=1, routed)           0.000     4.973    system_i/iq_0/inst/freq_ring/staging_reg[1023]_i_41_n_0
    SLICE_X52Y76         CARRY4 (Prop_carry4_CI_CO[3])
                                                      0.114     5.087 r  system_i/iq_0/inst/freq_ring/staging_reg[1023]_i_32/CO[3]
                         net (fo=1, routed)           0.000     5.087    system_i/iq_0/inst/freq_ring/staging_reg[1023]_i_32_n_0
    SLICE_X52Y77         CARRY4 (Prop_carry4_CI_CO[3])
                                                      0.114     5.201 r  system_i/iq_0/inst/freq_ring/staging_reg[1023]_i_13/CO[3]
                         net (fo=1, routed)           0.000     5.201    system_i/iq_0/inst/freq_ring/staging_reg[1023]_i_13_n_0
    SLICE_X52Y78         CARRY4 (Prop_carry4_CI_CO[3])
                                                      0.114     5.315 r  system_i/iq_0/inst/freq_ring/staging_reg[1023]_i_14/CO[3]
                         net (fo=1, routed)           0.000     5.315    system_i/iq_0/inst/freq_ring/staging_reg[1023]_i_14_n_0
    SLICE_X52Y79         CARRY4 (Prop_carry4_CI_CO[3])
                                                      0.114     5.429 r  system_i/iq_0/inst/freq_ring/staging_reg[1023]_i_7/CO[3]
                         net (fo=1, routed)           0.000     5.429    system_i/iq_0/inst/freq_ring/staging_reg[1023]_i_7_n_0
    SLICE_X52Y80         CARRY4 (Prop_carry4_CI_O[3])
                                                      0.313     5.742 f  system_i/iq_0/inst/freq_ring/staging_reg[1023]_i_8/O[3]
                         net (fo=1, routed)           0.969     6.711    system_i/iq_0/inst/freq_ring/staging_reg[1023]_i_8_n_4
    SLICE_X44Y80         LUT4 (Prop_lut4_I3_O)        0.306     7.017 f  system_i/iq_0/inst/freq_ring/staging[1023]_i_9/O
                         net (fo=1, routed)           0.158     7.175    system_i/iq_0/inst/freq_ring/staging[1023]_i_9_n_0
    SLICE_X44Y80         LUT5 (Prop_lut5_I4_O)        0.124     7.299 f  system_i/iq_0/inst/freq_ring/staging[1023]_i_4/O
                         net (fo=1, routed)           0.733     8.032    system_i/iq_0/inst/freq_ring/staging[1023]_i_4_n_0
    SLICE_X49Y76         LUT4 (Prop_lut4_I1_O)        0.124     8.156 f  system_i/iq_0/inst/freq_ring/staging[1023]_i_3/O
                         net (fo=4, routed)           0.802     8.958    system_i/iq_0/inst/freq_ring/busy_reg_0
    SLICE_X43Y72         LUT3 (Prop_lut3_I1_O)        0.124     9.082 r  system_i/iq_0/inst/freq_ring/staging[1023]_i_1/O
                         net (fo=1024, routed)        1.366    10.448    system_i/iq_0/inst/freq_ring/staging[1023]_i_1_n_0
    SLICE_X49Y59         FDRE                                         r  system_i/iq_0/inst/freq_ring/staging_reg[395]/CE
  -------------------------------------------------------------------    -------------------

                         (clock clk_fpga_0 rise edge)
                                                      8.000     8.000 r  <hidden>
    PS7_X0Y0             PS7                          0.000     8.000 r  system_i/ps7/inst/PS7_i/FCLKCLK[0]
                         net (fo=1, routed)           1.088     9.088    system_i/ps7/inst/FCLK_CLK_unbuffered[0]
    BUFGCTRL_X0Y16       BUFG (Prop_bufg_I_O)         0.091     9.179 r  system_i/ps7/inst/buffer_fclk_clk_0.FCLK_CLK_0_BUFG/O
                         net (fo=10935, routed)       1.475    10.654    system_i/iq_0/inst/freq_ring/s_axi_aclk
    SLICE_X49Y59         FDRE                                         r  system_i/iq_0/inst/freq_ring/staging_reg[395]/C
                         clock pessimism              0.129    10.783    <hidden>
                         clock uncertainty           -0.125    10.658    <hidden>
    SLICE_X49Y59         FDRE (Setup_fdre_C_CE)      -0.205    10.453    system_i/iq_0/inst/freq_ring/staging_reg[395]
  -------------------------------------------------------------------
                         required time                         10.453    <hidden>
                         arrival time                         -10.448    <hidden>
  -------------------------------------------------------------------
                         slack                                  0.004    <hidden>

Slack (MET) :             0.028ns  (required time - arrival time)
  Source:                 system_i/iq_0/inst/burst_ring/producer_reg[1]/C
                            (rising edge-triggered cell FDRE clocked by clk_fpga_0  {rise@0.000ns fall@4.000ns period=8.000ns})
  Destination:            system_i/iq_0/inst/burst_consumer_reg[7]/CE
                            (rising edge-triggered cell FDRE clocked by clk_fpga_0  {rise@0.000ns fall@4.000ns period=8.000ns})
  Path Group:             clk_fpga_0
  Path Type:              Setup (Max at Slow Process Corner)
  Requirement:            8.000ns  (clk_fpga_0 rise@8.000ns - clk_fpga_0 rise@0.000ns)
  Data Path Delay:        7.584ns  (logic 3.334ns (43.960%)  route 4.250ns (56.040%))
  Logic Levels:           15  (CARRY4=9 LUT2=1 LUT4=3 LUT5=1 LUT6=1)
  Clock Path Skew:        -0.058ns (DCD - SCD + CPR)
    Destination Clock Delay (DCD):    2.640ns = ( 10.640 - 8.000 ) 
    Source Clock Delay      (SCD):    2.927ns
    Clock Pessimism Removal (CPR):    0.229ns
  Clock Uncertainty:      0.125ns  ((TSJ^2 + TIJ^2)^1/2 + DJ) / 2 + PE
    Total System Jitter     (TSJ):    0.071ns
    Total Input Jitter      (TIJ):    0.240ns
    Discrete Jitter          (DJ):    0.000ns
    Phase Error              (PE):    0.000ns

    Location             Delay type                Incr(ns)  Path(ns)    Netlist Resource(s)
  -------------------------------------------------------------------    -------------------
                         (clock clk_fpga_0 rise edge)
                                                      0.000     0.000 r  <hidden>
    PS7_X0Y0             PS7                          0.000     0.000 r  system_i/ps7/inst/PS7_i/FCLKCLK[0]
                         net (fo=1, routed)           1.193     1.193    system_i/ps7/inst/FCLK_CLK_unbuffered[0]
    BUFGCTRL_X0Y16       BUFG (Prop_bufg_I_O)         0.101     1.294 r  system_i/ps7/inst/buffer_fclk_clk_0.FCLK_CLK_0_BUFG/O
                         net (fo=10935, routed)       1.633     2.927    system_i/iq_0/inst/burst_ring/s_axi_aclk
    SLICE_X43Y76         FDRE                                         r  system_i/iq_0/inst/burst_ring/producer_reg[1]/C
  -------------------------------------------------------------------    -------------------
    SLICE_X43Y76         FDRE (Prop_fdre_C_Q)         0.456     3.383 r  system_i/iq_0/inst/burst_ring/producer_reg[1]/Q
                         net (fo=9, routed)           0.649     4.032    system_i/iq_0/inst/burst_ring/burst_producer[1]
    SLICE_X42Y75         LUT2 (Prop_lut2_I0_O)        0.124     4.156 r  system_i/iq_0/inst/burst_ring/s_axi_bresp[1]_i_196/O
                         net (fo=1, routed)           0.000     4.156    system_i/iq_0/inst/burst_ring/s_axi_bresp[1]_i_196_n_0
    SLICE_X42Y75         CARRY4 (Prop_carry4_S[1]_CO[3])
                                                      0.533     4.689 r  system_i/iq_0/inst/burst_ring/s_axi_bresp_reg[1]_i_155/CO[3]
                         net (fo=1, routed)           0.000     4.689    system_i/iq_0/inst/burst_ring/s_axi_bresp_reg[1]_i_155_n_0
    SLICE_X42Y76         CARRY4 (Prop_carry4_CI_CO[3])
                                                      0.117     4.806 r  system_i/iq_0/inst/burst_ring/s_axi_bresp_reg[1]_i_153/CO[3]
                         net (fo=1, routed)           0.000     4.806    system_i/iq_0/inst/burst_ring/s_axi_bresp_reg[1]_i_153_n_0
    SLICE_X42Y77         CARRY4 (Prop_carry4_CI_CO[3])
                                                      0.117     4.923 r  system_i/iq_0/inst/burst_ring/s_axi_bresp_reg[1]_i_117/CO[3]
                         net (fo=1, routed)           0.000     4.923    system_i/iq_0/inst/burst_ring/s_axi_bresp_reg[1]_i_117_n_0
    SLICE_X42Y78         CARRY4 (Prop_carry4_CI_CO[3])
                                                      0.117     5.040 r  system_i/iq_0/inst/burst_ring/s_axi_bresp_reg[1]_i_115/CO[3]
                         net (fo=1, routed)           0.000     5.040    system_i/iq_0/inst/burst_ring/s_axi_bresp_reg[1]_i_115_n_0
    SLICE_X42Y79         CARRY4 (Prop_carry4_CI_CO[3])
                                                      0.117     5.157 r  system_i/iq_0/inst/burst_ring/s_axi_bresp_reg[1]_i_70/CO[3]
                         net (fo=1, routed)           0.000     5.157    system_i/iq_0/inst/burst_ring/s_axi_bresp_reg[1]_i_70_n_0
    SLICE_X42Y80         CARRY4 (Prop_carry4_CI_CO[3])
                                                      0.117     5.274 r  system_i/iq_0/inst/burst_ring/s_axi_bresp_reg[1]_i_68/CO[3]
                         net (fo=1, routed)           0.000     5.274    system_i/iq_0/inst/burst_ring/s_axi_bresp_reg[1]_i_68_n_0
    SLICE_X42Y81         CARRY4 (Prop_carry4_CI_CO[3])
                                                      0.117     5.391 r  system_i/iq_0/inst/burst_ring/s_axi_bresp_reg[1]_i_46/CO[3]
                         net (fo=1, routed)           0.000     5.391    system_i/iq_0/inst/burst_ring/s_axi_bresp_reg[1]_i_46_n_0
    SLICE_X42Y82         CARRY4 (Prop_carry4_CI_O[3])
                                                      0.315     5.706 r  system_i/iq_0/inst/burst_ring/s_axi_bresp_reg[1]_i_44/O[3]
                         net (fo=2, routed)           0.959     6.665    system_i/iq_0/inst/burst_ring/s_axi_bresp31_out[31]
    SLICE_X40Y80         LUT4 (Prop_lut4_I0_O)        0.307     6.972 r  system_i/iq_0/inst/burst_ring/s_axi_bresp[1]_i_21/O
                         net (fo=1, routed)           0.000     6.972    system_i/iq_0/inst/burst_ring/s_axi_bresp[1]_i_21_n_0
    SLICE_X40Y80         CARRY4 (Prop_carry4_S[3]_CO[3])
                                                      0.401     7.373 r  system_i/iq_0/inst/burst_ring/s_axi_bresp_reg[1]_i_12/CO[3]
                         net (fo=3, routed)           0.776     8.149    system_i/iq_0/inst/burst_ring/s_axi_bresp260_in
    SLICE_X40Y76         LUT5 (Prop_lut5_I0_O)        0.124     8.273 r  system_i/iq_0/inst/burst_ring/burst_consumer[31]_i_6/O
                         net (fo=1, routed)           0.496     8.769    system_i/iq_0/inst/burst_ring/burst_consumer[31]_i_6_n_0
    SLICE_X40Y81         LUT6 (Prop_lut6_I2_O)        0.124     8.893 r  system_i/iq_0/inst/burst_ring/burst_consumer[31]_i_5/O
                         net (fo=10, routed)          0.196     9.090    system_i/iq_0/inst/burst_ring/burst_consumer[31]_i_5_n_0
    SLICE_X40Y81         LUT4 (Prop_lut4_I2_O)        0.124     9.214 r  system_i/iq_0/inst/burst_ring/burst_consumer[31]_i_3/O
                         net (fo=19, routed)          0.356     9.570    system_i/iq_0/inst/burst_ring/burst_consumer[31]_i_3_n_0
    SLICE_X40Y81         LUT4 (Prop_lut4_I0_O)        0.124     9.694 r  system_i/iq_0/inst/burst_ring/burst_consumer[31]_i_1/O
                         net (fo=32, routed)          0.818    10.511    system_i/iq_0/inst/burst_ring_n_116
    SLICE_X44Y75         FDRE                                         r  system_i/iq_0/inst/burst_consumer_reg[7]/CE
  -------------------------------------------------------------------    -------------------

                         (clock clk_fpga_0 rise edge)
                                                      8.000     8.000 r  <hidden>
    PS7_X0Y0             PS7                          0.000     8.000 r  system_i/ps7/inst/PS7_i/FCLKCLK[0]
                         net (fo=1, routed)           1.088     9.088    system_i/ps7/inst/FCLK_CLK_unbuffered[0]
    BUFGCTRL_X0Y16       BUFG (Prop_bufg_I_O)         0.091     9.179 r  system_i/ps7/inst/buffer_fclk_clk_0.FCLK_CLK_0_BUFG/O
                         net (fo=10935, routed)       1.461    10.640    system_i/iq_0/inst/s_axi_aclk
    SLICE_X44Y75         FDRE                                         r  system_i/iq_0/inst/burst_consumer_reg[7]/C
                         clock pessimism              0.229    10.869    <hidden>
                         clock uncertainty           -0.125    10.744    <hidden>
    SLICE_X44Y75         FDRE (Setup_fdre_C_CE)      -0.205    10.539    system_i/iq_0/inst/burst_consumer_reg[7]
  -------------------------------------------------------------------
                         required time                         10.539    <hidden>
                         arrival time                         -10.511    <hidden>
  -------------------------------------------------------------------
                         slack                                  0.028    <hidden>

Slack (MET) :             0.056ns  (required time - arrival time)
  Source:                 system_i/iq_0/inst/freq_ring/producer_reg[1]_replica/C
                            (rising edge-triggered cell FDRE clocked by clk_fpga_0  {rise@0.000ns fall@4.000ns period=8.000ns})
  Destination:            system_i/iq_0/inst/freq_ring/staging_reg[205]/CE
                            (rising edge-triggered cell FDRE clocked by clk_fpga_0  {rise@0.000ns fall@4.000ns period=8.000ns})
  Path Group:             clk_fpga_0
  Path Type:              Setup (Max at Slow Process Corner)
  Requirement:            8.000ns  (clk_fpga_0 rise@8.000ns - clk_fpga_0 rise@0.000ns)
  Data Path Delay:        7.409ns  (logic 2.577ns (34.780%)  route 4.832ns (65.220%))
  Logic Levels:           11  (CARRY4=6 LUT2=1 LUT3=1 LUT4=2 LUT5=1)
  Clock Path Skew:        -0.204ns (DCD - SCD + CPR)
    Destination Clock Delay (DCD):    2.655ns = ( 10.655 - 8.000 ) 
    Source Clock Delay      (SCD):    2.988ns
    Clock Pessimism Removal (CPR):    0.129ns
  Clock Uncertainty:      0.125ns  ((TSJ^2 + TIJ^2)^1/2 + DJ) / 2 + PE
    Total System Jitter     (TSJ):    0.071ns
    Total Input Jitter      (TIJ):    0.240ns
    Discrete Jitter          (DJ):    0.000ns
    Phase Error              (PE):    0.000ns

    Location             Delay type                Incr(ns)  Path(ns)    Netlist Resource(s)
  -------------------------------------------------------------------    -------------------
                         (clock clk_fpga_0 rise edge)
                                                      0.000     0.000 r  <hidden>
    PS7_X0Y0             PS7                          0.000     0.000 r  system_i/ps7/inst/PS7_i/FCLKCLK[0]
                         net (fo=1, routed)           1.193     1.193    system_i/ps7/inst/FCLK_CLK_unbuffered[0]
    BUFGCTRL_X0Y16       BUFG (Prop_bufg_I_O)         0.101     1.294 r  system_i/ps7/inst/buffer_fclk_clk_0.FCLK_CLK_0_BUFG/O
                         net (fo=10935, routed)       1.694     2.988    system_i/iq_0/inst/freq_ring/s_axi_aclk
    SLICE_X55Y77         FDRE                                         r  system_i/iq_0/inst/freq_ring/producer_reg[1]_replica/C
  -------------------------------------------------------------------    -------------------
    SLICE_X55Y77         FDRE (Prop_fdre_C_Q)         0.456     3.444 r  system_i/iq_0/inst/freq_ring/producer_reg[1]_replica/Q
                         net (fo=6, routed)           0.855     4.299    system_i/iq_0/inst/freq_ring/producer[1]_repN
    SLICE_X52Y75         LUT2 (Prop_lut2_I0_O)        0.124     4.423 r  system_i/iq_0/inst/freq_ring/staging[1023]_i_48/O
                         net (fo=1, routed)           0.000     4.423    system_i/iq_0/inst/freq_ring/staging[1023]_i_48_n_0
    SLICE_X52Y75         CARRY4 (Prop_carry4_S[1]_CO[3])
                                                      0.550     4.973 r  system_i/iq_0/inst/freq_ring/staging_reg[1023]_i_41/CO[3]
                         net (fo=1, routed)           0.000     4.973    system_i/iq_0/inst/freq_ring/staging_reg[1023]_i_41_n_0
    SLICE_X52Y76         CARRY4 (Prop_carry4_CI_CO[3])
                                                      0.114     5.087 r  system_i/iq_0/inst/freq_ring/staging_reg[1023]_i_32/CO[3]
                         net (fo=1, routed)           0.000     5.087    system_i/iq_0/inst/freq_ring/staging_reg[1023]_i_32_n_0
    SLICE_X52Y77         CARRY4 (Prop_carry4_CI_CO[3])
                                                      0.114     5.201 r  system_i/iq_0/inst/freq_ring/staging_reg[1023]_i_13/CO[3]
                         net (fo=1, routed)           0.000     5.201    system_i/iq_0/inst/freq_ring/staging_reg[1023]_i_13_n_0
    SLICE_X52Y78         CARRY4 (Prop_carry4_CI_CO[3])
                                                      0.114     5.315 r  system_i/iq_0/inst/freq_ring/staging_reg[1023]_i_14/CO[3]
                         net (fo=1, routed)           0.000     5.315    system_i/iq_0/inst/freq_ring/staging_reg[1023]_i_14_n_0
    SLICE_X52Y79         CARRY4 (Prop_carry4_CI_CO[3])
                                                      0.114     5.429 r  system_i/iq_0/inst/freq_ring/staging_reg[1023]_i_7/CO[3]
                         net (fo=1, routed)           0.000     5.429    system_i/iq_0/inst/freq_ring/staging_reg[1023]_i_7_n_0
    SLICE_X52Y80         CARRY4 (Prop_carry4_CI_O[3])
                                                      0.313     5.742 f  system_i/iq_0/inst/freq_ring/staging_reg[1023]_i_8/O[3]
                         net (fo=1, routed)           0.969     6.711    system_i/iq_0/inst/freq_ring/staging_reg[1023]_i_8_n_4
    SLICE_X44Y80         LUT4 (Prop_lut4_I3_O)        0.306     7.017 f  system_i/iq_0/inst/freq_ring/staging[1023]_i_9/O
                         net (fo=1, routed)           0.158     7.175    system_i/iq_0/inst/freq_ring/staging[1023]_i_9_n_0
    SLICE_X44Y80         LUT5 (Prop_lut5_I4_O)        0.124     7.299 f  system_i/iq_0/inst/freq_ring/staging[1023]_i_4/O
                         net (fo=1, routed)           0.733     8.032    system_i/iq_0/inst/freq_ring/staging[1023]_i_4_n_0
    SLICE_X49Y76         LUT4 (Prop_lut4_I1_O)        0.124     8.156 f  system_i/iq_0/inst/freq_ring/staging[1023]_i_3/O
                         net (fo=4, routed)           0.802     8.958    system_i/iq_0/inst/freq_ring/busy_reg_0
    SLICE_X43Y72         LUT3 (Prop_lut3_I1_O)        0.124     9.082 r  system_i/iq_0/inst/freq_ring/staging[1023]_i_1/O
                         net (fo=1024, routed)        1.315    10.397    system_i/iq_0/inst/freq_ring/staging[1023]_i_1_n_0
    SLICE_X47Y59         FDRE                                         r  system_i/iq_0/inst/freq_ring/staging_reg[205]/CE
  -------------------------------------------------------------------    -------------------

                         (clock clk_fpga_0 rise edge)
                                                      8.000     8.000 r  <hidden>
    PS7_X0Y0             PS7                          0.000     8.000 r  system_i/ps7/inst/PS7_i/FCLKCLK[0]
                         net (fo=1, routed)           1.088     9.088    system_i/ps7/inst/FCLK_CLK_unbuffered[0]
    BUFGCTRL_X0Y16       BUFG (Prop_bufg_I_O)         0.091     9.179 r  system_i/ps7/inst/buffer_fclk_clk_0.FCLK_CLK_0_BUFG/O
                         net (fo=10935, routed)       1.476    10.655    system_i/iq_0/inst/freq_ring/s_axi_aclk
    SLICE_X47Y59         FDRE                                         r  system_i/iq_0/inst/freq_ring/staging_reg[205]/C
                         clock pessimism              0.129    10.784    <hidden>
                         clock uncertainty           -0.125    10.659    <hidden>
    SLICE_X47Y59         FDRE (Setup_fdre_C_CE)      -0.205    10.454    system_i/iq_0/inst/freq_ring/staging_reg[205]
  -------------------------------------------------------------------
                         required time                         10.454    <hidden>
                         arrival time                         -10.397    <hidden>
  -------------------------------------------------------------------
                         slack                                  0.056    <hidden>

Slack (MET) :             0.056ns  (required time - arrival time)
  Source:                 system_i/iq_0/inst/freq_ring/producer_reg[1]_replica/C
                            (rising edge-triggered cell FDRE clocked by clk_fpga_0  {rise@0.000ns fall@4.000ns period=8.000ns})
  Destination:            system_i/iq_0/inst/freq_ring/staging_reg[206]/CE
                            (rising edge-triggered cell FDRE clocked by clk_fpga_0  {rise@0.000ns fall@4.000ns period=8.000ns})
  Path Group:             clk_fpga_0
  Path Type:              Setup (Max at Slow Process Corner)
  Requirement:            8.000ns  (clk_fpga_0 rise@8.000ns - clk_fpga_0 rise@0.000ns)
  Data Path Delay:        7.409ns  (logic 2.577ns (34.780%)  route 4.832ns (65.220%))
  Logic Levels:           11  (CARRY4=6 LUT2=1 LUT3=1 LUT4=2 LUT5=1)
  Clock Path Skew:        -0.204ns (DCD - SCD + CPR)
    Destination Clock Delay (DCD):    2.655ns = ( 10.655 - 8.000 ) 
    Source Clock Delay      (SCD):    2.988ns
    Clock Pessimism Removal (CPR):    0.129ns
  Clock Uncertainty:      0.125ns  ((TSJ^2 + TIJ^2)^1/2 + DJ) / 2 + PE
    Total System Jitter     (TSJ):    0.071ns
    Total Input Jitter      (TIJ):    0.240ns
    Discrete Jitter          (DJ):    0.000ns
    Phase Error              (PE):    0.000ns

    Location             Delay type                Incr(ns)  Path(ns)    Netlist Resource(s)
  -------------------------------------------------------------------    -------------------
                         (clock clk_fpga_0 rise edge)
                                                      0.000     0.000 r  <hidden>
    PS7_X0Y0             PS7                          0.000     0.000 r  system_i/ps7/inst/PS7_i/FCLKCLK[0]
                         net (fo=1, routed)           1.193     1.193    system_i/ps7/inst/FCLK_CLK_unbuffered[0]
    BUFGCTRL_X0Y16       BUFG (Prop_bufg_I_O)         0.101     1.294 r  system_i/ps7/inst/buffer_fclk_clk_0.FCLK_CLK_0_BUFG/O
                         net (fo=10935, routed)       1.694     2.988    system_i/iq_0/inst/freq_ring/s_axi_aclk
    SLICE_X55Y77         FDRE                                         r  system_i/iq_0/inst/freq_ring/producer_reg[1]_replica/C
  -------------------------------------------------------------------    -------------------
    SLICE_X55Y77         FDRE (Prop_fdre_C_Q)         0.456     3.444 r  system_i/iq_0/inst/freq_ring/producer_reg[1]_replica/Q
                         net (fo=6, routed)           0.855     4.299    system_i/iq_0/inst/freq_ring/producer[1]_repN
    SLICE_X52Y75         LUT2 (Prop_lut2_I0_O)        0.124     4.423 r  system_i/iq_0/inst/freq_ring/staging[1023]_i_48/O
                         net (fo=1, routed)           0.000     4.423    system_i/iq_0/inst/freq_ring/staging[1023]_i_48_n_0
    SLICE_X52Y75         CARRY4 (Prop_carry4_S[1]_CO[3])
                                                      0.550     4.973 r  system_i/iq_0/inst/freq_ring/staging_reg[1023]_i_41/CO[3]
                         net (fo=1, routed)           0.000     4.973    system_i/iq_0/inst/freq_ring/staging_reg[1023]_i_41_n_0
    SLICE_X52Y76         CARRY4 (Prop_carry4_CI_CO[3])
                                                      0.114     5.087 r  system_i/iq_0/inst/freq_ring/staging_reg[1023]_i_32/CO[3]
                         net (fo=1, routed)           0.000     5.087    system_i/iq_0/inst/freq_ring/staging_reg[1023]_i_32_n_0
    SLICE_X52Y77         CARRY4 (Prop_carry4_CI_CO[3])
                                                      0.114     5.201 r  system_i/iq_0/inst/freq_ring/staging_reg[1023]_i_13/CO[3]
                         net (fo=1, routed)           0.000     5.201    system_i/iq_0/inst/freq_ring/staging_reg[1023]_i_13_n_0
    SLICE_X52Y78         CARRY4 (Prop_carry4_CI_CO[3])
                                                      0.114     5.315 r  system_i/iq_0/inst/freq_ring/staging_reg[1023]_i_14/CO[3]
                         net (fo=1, routed)           0.000     5.315    system_i/iq_0/inst/freq_ring/staging_reg[1023]_i_14_n_0
    SLICE_X52Y79         CARRY4 (Prop_carry4_CI_CO[3])
                                                      0.114     5.429 r  system_i/iq_0/inst/freq_ring/staging_reg[1023]_i_7/CO[3]
                         net (fo=1, routed)           0.000     5.429    system_i/iq_0/inst/freq_ring/staging_reg[1023]_i_7_n_0
    SLICE_X52Y80         CARRY4 (Prop_carry4_CI_O[3])
                                                      0.313     5.742 f  system_i/iq_0/inst/freq_ring/staging_reg[1023]_i_8/O[3]
                         net (fo=1, routed)           0.969     6.711    system_i/iq_0/inst/freq_ring/staging_reg[1023]_i_8_n_4
    SLICE_X44Y80         LUT4 (Prop_lut4_I3_O)        0.306     7.017 f  system_i/iq_0/inst/freq_ring/staging[1023]_i_9/O
                         net (fo=1, routed)           0.158     7.175    system_i/iq_0/inst/freq_ring/staging[1023]_i_9_n_0
    SLICE_X44Y80         LUT5 (Prop_lut5_I4_O)        0.124     7.299 f  system_i/iq_0/inst/freq_ring/staging[1023]_i_4/O
                         net (fo=1, routed)           0.733     8.032    system_i/iq_0/inst/freq_ring/staging[1023]_i_4_n_0
    SLICE_X49Y76         LUT4 (Prop_lut4_I1_O)        0.124     8.156 f  system_i/iq_0/inst/freq_ring/staging[1023]_i_3/O
                         net (fo=4, routed)           0.802     8.958    system_i/iq_0/inst/freq_ring/busy_reg_0
    SLICE_X43Y72         LUT3 (Prop_lut3_I1_O)        0.124     9.082 r  system_i/iq_0/inst/freq_ring/staging[1023]_i_1/O
                         net (fo=1024, routed)        1.315    10.397    system_i/iq_0/inst/freq_ring/staging[1023]_i_1_n_0
    SLICE_X47Y59         FDRE                                         r  system_i/iq_0/inst/freq_ring/staging_reg[206]/CE
  -------------------------------------------------------------------    -------------------

                         (clock clk_fpga_0 rise edge)
                                                      8.000     8.000 r  <hidden>
    PS7_X0Y0             PS7                          0.000     8.000 r  system_i/ps7/inst/PS7_i/FCLKCLK[0]
                         net (fo=1, routed)           1.088     9.088    system_i/ps7/inst/FCLK_CLK_unbuffered[0]
    BUFGCTRL_X0Y16       BUFG (Prop_bufg_I_O)         0.091     9.179 r  system_i/ps7/inst/buffer_fclk_clk_0.FCLK_CLK_0_BUFG/O
                         net (fo=10935, routed)       1.476    10.655    system_i/iq_0/inst/freq_ring/s_axi_aclk
    SLICE_X47Y59         FDRE                                         r  system_i/iq_0/inst/freq_ring/staging_reg[206]/C
                         clock pessimism              0.129    10.784    <hidden>
                         clock uncertainty           -0.125    10.659    <hidden>
    SLICE_X47Y59         FDRE (Setup_fdre_C_CE)      -0.205    10.454    system_i/iq_0/inst/freq_ring/staging_reg[206]
  -------------------------------------------------------------------
                         required time                         10.454    <hidden>
                         arrival time                         -10.397    <hidden>
  -------------------------------------------------------------------
                         slack                                  0.056    <hidden>

Slack (MET) :             0.056ns  (required time - arrival time)
  Source:                 system_i/iq_0/inst/freq_ring/producer_reg[1]_replica/C
                            (rising edge-triggered cell FDRE clocked by clk_fpga_0  {rise@0.000ns fall@4.000ns period=8.000ns})
  Destination:            system_i/iq_0/inst/freq_ring/staging_reg[207]/CE
                            (rising edge-triggered cell FDRE clocked by clk_fpga_0  {rise@0.000ns fall@4.000ns period=8.000ns})
  Path Group:             clk_fpga_0
  Path Type:              Setup (Max at Slow Process Corner)
  Requirement:            8.000ns  (clk_fpga_0 rise@8.000ns - clk_fpga_0 rise@0.000ns)
  Data Path Delay:        7.409ns  (logic 2.577ns (34.780%)  route 4.832ns (65.220%))
  Logic Levels:           11  (CARRY4=6 LUT2=1 LUT3=1 LUT4=2 LUT5=1)
  Clock Path Skew:        -0.204ns (DCD - SCD + CPR)
    Destination Clock Delay (DCD):    2.655ns = ( 10.655 - 8.000 ) 
    Source Clock Delay      (SCD):    2.988ns
    Clock Pessimism Removal (CPR):    0.129ns
  Clock Uncertainty:      0.125ns  ((TSJ^2 + TIJ^2)^1/2 + DJ) / 2 + PE
    Total System Jitter     (TSJ):    0.071ns
    Total Input Jitter      (TIJ):    0.240ns
    Discrete Jitter          (DJ):    0.000ns
    Phase Error              (PE):    0.000ns

    Location             Delay type                Incr(ns)  Path(ns)    Netlist Resource(s)
  -------------------------------------------------------------------    -------------------
                         (clock clk_fpga_0 rise edge)
                                                      0.000     0.000 r  <hidden>
    PS7_X0Y0             PS7                          0.000     0.000 r  system_i/ps7/inst/PS7_i/FCLKCLK[0]
                         net (fo=1, routed)           1.193     1.193    system_i/ps7/inst/FCLK_CLK_unbuffered[0]
    BUFGCTRL_X0Y16       BUFG (Prop_bufg_I_O)         0.101     1.294 r  system_i/ps7/inst/buffer_fclk_clk_0.FCLK_CLK_0_BUFG/O
                         net (fo=10935, routed)       1.694     2.988    system_i/iq_0/inst/freq_ring/s_axi_aclk
    SLICE_X55Y77         FDRE                                         r  system_i/iq_0/inst/freq_ring/producer_reg[1]_replica/C
  -------------------------------------------------------------------    -------------------
    SLICE_X55Y77         FDRE (Prop_fdre_C_Q)         0.456     3.444 r  system_i/iq_0/inst/freq_ring/producer_reg[1]_replica/Q
                         net (fo=6, routed)           0.855     4.299    system_i/iq_0/inst/freq_ring/producer[1]_repN
    SLICE_X52Y75         LUT2 (Prop_lut2_I0_O)        0.124     4.423 r  system_i/iq_0/inst/freq_ring/staging[1023]_i_48/O
                         net (fo=1, routed)           0.000     4.423    system_i/iq_0/inst/freq_ring/staging[1023]_i_48_n_0
    SLICE_X52Y75         CARRY4 (Prop_carry4_S[1]_CO[3])
                                                      0.550     4.973 r  system_i/iq_0/inst/freq_ring/staging_reg[1023]_i_41/CO[3]
                         net (fo=1, routed)           0.000     4.973    system_i/iq_0/inst/freq_ring/staging_reg[1023]_i_41_n_0
    SLICE_X52Y76         CARRY4 (Prop_carry4_CI_CO[3])
                                                      0.114     5.087 r  system_i/iq_0/inst/freq_ring/staging_reg[1023]_i_32/CO[3]
                         net (fo=1, routed)           0.000     5.087    system_i/iq_0/inst/freq_ring/staging_reg[1023]_i_32_n_0
    SLICE_X52Y77         CARRY4 (Prop_carry4_CI_CO[3])
                                                      0.114     5.201 r  system_i/iq_0/inst/freq_ring/staging_reg[1023]_i_13/CO[3]
                         net (fo=1, routed)           0.000     5.201    system_i/iq_0/inst/freq_ring/staging_reg[1023]_i_13_n_0
    SLICE_X52Y78         CARRY4 (Prop_carry4_CI_CO[3])
                                                      0.114     5.315 r  system_i/iq_0/inst/freq_ring/staging_reg[1023]_i_14/CO[3]
                         net (fo=1, routed)           0.000     5.315    system_i/iq_0/inst/freq_ring/staging_reg[1023]_i_14_n_0
    SLICE_X52Y79         CARRY4 (Prop_carry4_CI_CO[3])
                                                      0.114     5.429 r  system_i/iq_0/inst/freq_ring/staging_reg[1023]_i_7/CO[3]
                         net (fo=1, routed)           0.000     5.429    system_i/iq_0/inst/freq_ring/staging_reg[1023]_i_7_n_0
    SLICE_X52Y80         CARRY4 (Prop_carry4_CI_O[3])
                                                      0.313     5.742 f  system_i/iq_0/inst/freq_ring/staging_reg[1023]_i_8/O[3]
                         net (fo=1, routed)           0.969     6.711    system_i/iq_0/inst/freq_ring/staging_reg[1023]_i_8_n_4
    SLICE_X44Y80         LUT4 (Prop_lut4_I3_O)        0.306     7.017 f  system_i/iq_0/inst/freq_ring/staging[1023]_i_9/O
                         net (fo=1, routed)           0.158     7.175    system_i/iq_0/inst/freq_ring/staging[1023]_i_9_n_0
    SLICE_X44Y80         LUT5 (Prop_lut5_I4_O)        0.124     7.299 f  system_i/iq_0/inst/freq_ring/staging[1023]_i_4/O
                         net (fo=1, routed)           0.733     8.032    system_i/iq_0/inst/freq_ring/staging[1023]_i_4_n_0
    SLICE_X49Y76         LUT4 (Prop_lut4_I1_O)        0.124     8.156 f  system_i/iq_0/inst/freq_ring/staging[1023]_i_3/O
                         net (fo=4, routed)           0.802     8.958    system_i/iq_0/inst/freq_ring/busy_reg_0
    SLICE_X43Y72         LUT3 (Prop_lut3_I1_O)        0.124     9.082 r  system_i/iq_0/inst/freq_ring/staging[1023]_i_1/O
                         net (fo=1024, routed)        1.315    10.397    system_i/iq_0/inst/freq_ring/staging[1023]_i_1_n_0
    SLICE_X47Y59         FDRE                                         r  system_i/iq_0/inst/freq_ring/staging_reg[207]/CE
  -------------------------------------------------------------------    -------------------

                         (clock clk_fpga_0 rise edge)
                                                      8.000     8.000 r  <hidden>
    PS7_X0Y0             PS7                          0.000     8.000 r  system_i/ps7/inst/PS7_i/FCLKCLK[0]
                         net (fo=1, routed)           1.088     9.088    system_i/ps7/inst/FCLK_CLK_unbuffered[0]
    BUFGCTRL_X0Y16       BUFG (Prop_bufg_I_O)         0.091     9.179 r  system_i/ps7/inst/buffer_fclk_clk_0.FCLK_CLK_0_BUFG/O
                         net (fo=10935, routed)       1.476    10.655    system_i/iq_0/inst/freq_ring/s_axi_aclk
    SLICE_X47Y59         FDRE                                         r  system_i/iq_0/inst/freq_ring/staging_reg[207]/C
                         clock pessimism              0.129    10.784    <hidden>
                         clock uncertainty           -0.125    10.659    <hidden>
    SLICE_X47Y59         FDRE (Setup_fdre_C_CE)      -0.205    10.454    system_i/iq_0/inst/freq_ring/staging_reg[207]
  -------------------------------------------------------------------
                         required time                         10.454    <hidden>
                         arrival time                         -10.397    <hidden>
  -------------------------------------------------------------------
                         slack                                  0.056    <hidden>

Slack (MET) :             0.056ns  (required time - arrival time)
  Source:                 system_i/iq_0/inst/freq_ring/producer_reg[1]_replica/C
                            (rising edge-triggered cell FDRE clocked by clk_fpga_0  {rise@0.000ns fall@4.000ns period=8.000ns})
  Destination:            system_i/iq_0/inst/freq_ring/staging_reg[208]/CE
                            (rising edge-triggered cell FDRE clocked by clk_fpga_0  {rise@0.000ns fall@4.000ns period=8.000ns})
  Path Group:             clk_fpga_0
  Path Type:              Setup (Max at Slow Process Corner)
  Requirement:            8.000ns  (clk_fpga_0 rise@8.000ns - clk_fpga_0 rise@0.000ns)
  Data Path Delay:        7.409ns  (logic 2.577ns (34.780%)  route 4.832ns (65.220%))
  Logic Levels:           11  (CARRY4=6 LUT2=1 LUT3=1 LUT4=2 LUT5=1)
  Clock Path Skew:        -0.204ns (DCD - SCD + CPR)
    Destination Clock Delay (DCD):    2.655ns = ( 10.655 - 8.000 ) 
    Source Clock Delay      (SCD):    2.988ns
    Clock Pessimism Removal (CPR):    0.129ns
  Clock Uncertainty:      0.125ns  ((TSJ^2 + TIJ^2)^1/2 + DJ) / 2 + PE
    Total System Jitter     (TSJ):    0.071ns
    Total Input Jitter      (TIJ):    0.240ns
    Discrete Jitter          (DJ):    0.000ns
    Phase Error              (PE):    0.000ns

    Location             Delay type                Incr(ns)  Path(ns)    Netlist Resource(s)
  -------------------------------------------------------------------    -------------------
                         (clock clk_fpga_0 rise edge)
                                                      0.000     0.000 r  <hidden>
    PS7_X0Y0             PS7                          0.000     0.000 r  system_i/ps7/inst/PS7_i/FCLKCLK[0]
                         net (fo=1, routed)           1.193     1.193    system_i/ps7/inst/FCLK_CLK_unbuffered[0]
    BUFGCTRL_X0Y16       BUFG (Prop_bufg_I_O)         0.101     1.294 r  system_i/ps7/inst/buffer_fclk_clk_0.FCLK_CLK_0_BUFG/O
                         net (fo=10935, routed)       1.694     2.988    system_i/iq_0/inst/freq_ring/s_axi_aclk
    SLICE_X55Y77         FDRE                                         r  system_i/iq_0/inst/freq_ring/producer_reg[1]_replica/C
  -------------------------------------------------------------------    -------------------
    SLICE_X55Y77         FDRE (Prop_fdre_C_Q)         0.456     3.444 r  system_i/iq_0/inst/freq_ring/producer_reg[1]_replica/Q
                         net (fo=6, routed)           0.855     4.299    system_i/iq_0/inst/freq_ring/producer[1]_repN
    SLICE_X52Y75         LUT2 (Prop_lut2_I0_O)        0.124     4.423 r  system_i/iq_0/inst/freq_ring/staging[1023]_i_48/O
                         net (fo=1, routed)           0.000     4.423    system_i/iq_0/inst/freq_ring/staging[1023]_i_48_n_0
    SLICE_X52Y75         CARRY4 (Prop_carry4_S[1]_CO[3])
                                                      0.550     4.973 r  system_i/iq_0/inst/freq_ring/staging_reg[1023]_i_41/CO[3]
                         net (fo=1, routed)           0.000     4.973    system_i/iq_0/inst/freq_ring/staging_reg[1023]_i_41_n_0
    SLICE_X52Y76         CARRY4 (Prop_carry4_CI_CO[3])
                                                      0.114     5.087 r  system_i/iq_0/inst/freq_ring/staging_reg[1023]_i_32/CO[3]
                         net (fo=1, routed)           0.000     5.087    system_i/iq_0/inst/freq_ring/staging_reg[1023]_i_32_n_0
    SLICE_X52Y77         CARRY4 (Prop_carry4_CI_CO[3])
                                                      0.114     5.201 r  system_i/iq_0/inst/freq_ring/staging_reg[1023]_i_13/CO[3]
                         net (fo=1, routed)           0.000     5.201    system_i/iq_0/inst/freq_ring/staging_reg[1023]_i_13_n_0
    SLICE_X52Y78         CARRY4 (Prop_carry4_CI_CO[3])
                                                      0.114     5.315 r  system_i/iq_0/inst/freq_ring/staging_reg[1023]_i_14/CO[3]
                         net (fo=1, routed)           0.000     5.315    system_i/iq_0/inst/freq_ring/staging_reg[1023]_i_14_n_0
    SLICE_X52Y79         CARRY4 (Prop_carry4_CI_CO[3])
                                                      0.114     5.429 r  system_i/iq_0/inst/freq_ring/staging_reg[1023]_i_7/CO[3]
                         net (fo=1, routed)           0.000     5.429    system_i/iq_0/inst/freq_ring/staging_reg[1023]_i_7_n_0
    SLICE_X52Y80         CARRY4 (Prop_carry4_CI_O[3])
                                                      0.313     5.742 f  system_i/iq_0/inst/freq_ring/staging_reg[1023]_i_8/O[3]
                         net (fo=1, routed)           0.969     6.711    system_i/iq_0/inst/freq_ring/staging_reg[1023]_i_8_n_4
    SLICE_X44Y80         LUT4 (Prop_lut4_I3_O)        0.306     7.017 f  system_i/iq_0/inst/freq_ring/staging[1023]_i_9/O
                         net (fo=1, routed)           0.158     7.175    system_i/iq_0/inst/freq_ring/staging[1023]_i_9_n_0
    SLICE_X44Y80         LUT5 (Prop_lut5_I4_O)        0.124     7.299 f  system_i/iq_0/inst/freq_ring/staging[1023]_i_4/O
                         net (fo=1, routed)           0.733     8.032    system_i/iq_0/inst/freq_ring/staging[1023]_i_4_n_0
    SLICE_X49Y76         LUT4 (Prop_lut4_I1_O)        0.124     8.156 f  system_i/iq_0/inst/freq_ring/staging[1023]_i_3/O
                         net (fo=4, routed)           0.802     8.958    system_i/iq_0/inst/freq_ring/busy_reg_0
    SLICE_X43Y72         LUT3 (Prop_lut3_I1_O)        0.124     9.082 r  system_i/iq_0/inst/freq_ring/staging[1023]_i_1/O
                         net (fo=1024, routed)        1.315    10.397    system_i/iq_0/inst/freq_ring/staging[1023]_i_1_n_0
    SLICE_X47Y59         FDRE                                         r  system_i/iq_0/inst/freq_ring/staging_reg[208]/CE
  -------------------------------------------------------------------    -------------------

                         (clock clk_fpga_0 rise edge)
                                                      8.000     8.000 r  <hidden>
    PS7_X0Y0             PS7                          0.000     8.000 r  system_i/ps7/inst/PS7_i/FCLKCLK[0]
                         net (fo=1, routed)           1.088     9.088    system_i/ps7/inst/FCLK_CLK_unbuffered[0]
    BUFGCTRL_X0Y16       BUFG (Prop_bufg_I_O)         0.091     9.179 r  system_i/ps7/inst/buffer_fclk_clk_0.FCLK_CLK_0_BUFG/O
                         net (fo=10935, routed)       1.476    10.655    system_i/iq_0/inst/freq_ring/s_axi_aclk
    SLICE_X47Y59         FDRE                                         r  system_i/iq_0/inst/freq_ring/staging_reg[208]/C
                         clock pessimism              0.129    10.784    <hidden>
                         clock uncertainty           -0.125    10.659    <hidden>
    SLICE_X47Y59         FDRE (Setup_fdre_C_CE)      -0.205    10.454    system_i/iq_0/inst/freq_ring/staging_reg[208]
  -------------------------------------------------------------------
                         required time                         10.454    <hidden>
                         arrival time                         -10.397    <hidden>
  -------------------------------------------------------------------
                         slack                                  0.056    <hidden>

Slack (MET) :             0.056ns  (required time - arrival time)
  Source:                 system_i/iq_0/inst/freq_ring/producer_reg[1]_replica/C
                            (rising edge-triggered cell FDRE clocked by clk_fpga_0  {rise@0.000ns fall@4.000ns period=8.000ns})
  Destination:            system_i/iq_0/inst/freq_ring/staging_reg[223]/CE
                            (rising edge-triggered cell FDRE clocked by clk_fpga_0  {rise@0.000ns fall@4.000ns period=8.000ns})
  Path Group:             clk_fpga_0
  Path Type:              Setup (Max at Slow Process Corner)
  Requirement:            8.000ns  (clk_fpga_0 rise@8.000ns - clk_fpga_0 rise@0.000ns)
  Data Path Delay:        7.409ns  (logic 2.577ns (34.780%)  route 4.832ns (65.220%))
  Logic Levels:           11  (CARRY4=6 LUT2=1 LUT3=1 LUT4=2 LUT5=1)
  Clock Path Skew:        -0.204ns (DCD - SCD + CPR)
    Destination Clock Delay (DCD):    2.655ns = ( 10.655 - 8.000 ) 
    Source Clock Delay      (SCD):    2.988ns
    Clock Pessimism Removal (CPR):    0.129ns
  Clock Uncertainty:      0.125ns  ((TSJ^2 + TIJ^2)^1/2 + DJ) / 2 + PE
    Total System Jitter     (TSJ):    0.071ns
    Total Input Jitter      (TIJ):    0.240ns
    Discrete Jitter          (DJ):    0.000ns
    Phase Error              (PE):    0.000ns

    Location             Delay type                Incr(ns)  Path(ns)    Netlist Resource(s)
  -------------------------------------------------------------------    -------------------
                         (clock clk_fpga_0 rise edge)
                                                      0.000     0.000 r  <hidden>
    PS7_X0Y0             PS7                          0.000     0.000 r  system_i/ps7/inst/PS7_i/FCLKCLK[0]
                         net (fo=1, routed)           1.193     1.193    system_i/ps7/inst/FCLK_CLK_unbuffered[0]
    BUFGCTRL_X0Y16       BUFG (Prop_bufg_I_O)         0.101     1.294 r  system_i/ps7/inst/buffer_fclk_clk_0.FCLK_CLK_0_BUFG/O
                         net (fo=10935, routed)       1.694     2.988    system_i/iq_0/inst/freq_ring/s_axi_aclk
    SLICE_X55Y77         FDRE                                         r  system_i/iq_0/inst/freq_ring/producer_reg[1]_replica/C
  -------------------------------------------------------------------    -------------------
    SLICE_X55Y77         FDRE (Prop_fdre_C_Q)         0.456     3.444 r  system_i/iq_0/inst/freq_ring/producer_reg[1]_replica/Q
                         net (fo=6, routed)           0.855     4.299    system_i/iq_0/inst/freq_ring/producer[1]_repN
    SLICE_X52Y75         LUT2 (Prop_lut2_I0_O)        0.124     4.423 r  system_i/iq_0/inst/freq_ring/staging[1023]_i_48/O
                         net (fo=1, routed)           0.000     4.423    system_i/iq_0/inst/freq_ring/staging[1023]_i_48_n_0
    SLICE_X52Y75         CARRY4 (Prop_carry4_S[1]_CO[3])
                                                      0.550     4.973 r  system_i/iq_0/inst/freq_ring/staging_reg[1023]_i_41/CO[3]
                         net (fo=1, routed)           0.000     4.973    system_i/iq_0/inst/freq_ring/staging_reg[1023]_i_41_n_0
    SLICE_X52Y76         CARRY4 (Prop_carry4_CI_CO[3])
                                                      0.114     5.087 r  system_i/iq_0/inst/freq_ring/staging_reg[1023]_i_32/CO[3]
                         net (fo=1, routed)           0.000     5.087    system_i/iq_0/inst/freq_ring/staging_reg[1023]_i_32_n_0
    SLICE_X52Y77         CARRY4 (Prop_carry4_CI_CO[3])
                                                      0.114     5.201 r  system_i/iq_0/inst/freq_ring/staging_reg[1023]_i_13/CO[3]
                         net (fo=1, routed)           0.000     5.201    system_i/iq_0/inst/freq_ring/staging_reg[1023]_i_13_n_0
    SLICE_X52Y78         CARRY4 (Prop_carry4_CI_CO[3])
                                                      0.114     5.315 r  system_i/iq_0/inst/freq_ring/staging_reg[1023]_i_14/CO[3]
                         net (fo=1, routed)           0.000     5.315    system_i/iq_0/inst/freq_ring/staging_reg[1023]_i_14_n_0
    SLICE_X52Y79         CARRY4 (Prop_carry4_CI_CO[3])
                                                      0.114     5.429 r  system_i/iq_0/inst/freq_ring/staging_reg[1023]_i_7/CO[3]
                         net (fo=1, routed)           0.000     5.429    system_i/iq_0/inst/freq_ring/staging_reg[1023]_i_7_n_0
    SLICE_X52Y80         CARRY4 (Prop_carry4_CI_O[3])
                                                      0.313     5.742 f  system_i/iq_0/inst/freq_ring/staging_reg[1023]_i_8/O[3]
                         net (fo=1, routed)           0.969     6.711    system_i/iq_0/inst/freq_ring/staging_reg[1023]_i_8_n_4
    SLICE_X44Y80         LUT4 (Prop_lut4_I3_O)        0.306     7.017 f  system_i/iq_0/inst/freq_ring/staging[1023]_i_9/O
                         net (fo=1, routed)           0.158     7.175    system_i/iq_0/inst/freq_ring/staging[1023]_i_9_n_0
    SLICE_X44Y80         LUT5 (Prop_lut5_I4_O)        0.124     7.299 f  system_i/iq_0/inst/freq_ring/staging[1023]_i_4/O
                         net (fo=1, routed)           0.733     8.032    system_i/iq_0/inst/freq_ring/staging[1023]_i_4_n_0
    SLICE_X49Y76         LUT4 (Prop_lut4_I1_O)        0.124     8.156 f  system_i/iq_0/inst/freq_ring/staging[1023]_i_3/O
                         net (fo=4, routed)           0.802     8.958    system_i/iq_0/inst/freq_ring/busy_reg_0
    SLICE_X43Y72         LUT3 (Prop_lut3_I1_O)        0.124     9.082 r  system_i/iq_0/inst/freq_ring/staging[1023]_i_1/O
                         net (fo=1024, routed)        1.315    10.397    system_i/iq_0/inst/freq_ring/staging[1023]_i_1_n_0
    SLICE_X47Y59         FDRE                                         r  system_i/iq_0/inst/freq_ring/staging_reg[223]/CE
  -------------------------------------------------------------------    -------------------

                         (clock clk_fpga_0 rise edge)
                                                      8.000     8.000 r  <hidden>
    PS7_X0Y0             PS7                          0.000     8.000 r  system_i/ps7/inst/PS7_i/FCLKCLK[0]
                         net (fo=1, routed)           1.088     9.088    system_i/ps7/inst/FCLK_CLK_unbuffered[0]
    BUFGCTRL_X0Y16       BUFG (Prop_bufg_I_O)         0.091     9.179 r  system_i/ps7/inst/buffer_fclk_clk_0.FCLK_CLK_0_BUFG/O
                         net (fo=10935, routed)       1.476    10.655    system_i/iq_0/inst/freq_ring/s_axi_aclk
    SLICE_X47Y59         FDRE                                         r  system_i/iq_0/inst/freq_ring/staging_reg[223]/C
                         clock pessimism              0.129    10.784    <hidden>
                         clock uncertainty           -0.125    10.659    <hidden>
    SLICE_X47Y59         FDRE (Setup_fdre_C_CE)      -0.205    10.454    system_i/iq_0/inst/freq_ring/staging_reg[223]
  -------------------------------------------------------------------
                         required time                         10.454    <hidden>
                         arrival time                         -10.397    <hidden>
  -------------------------------------------------------------------
                         slack                                  0.056    <hidden>

Slack (MET) :             0.056ns  (required time - arrival time)
  Source:                 system_i/iq_0/inst/freq_ring/producer_reg[1]_replica/C
                            (rising edge-triggered cell FDRE clocked by clk_fpga_0  {rise@0.000ns fall@4.000ns period=8.000ns})
  Destination:            system_i/iq_0/inst/freq_ring/staging_reg[224]/CE
                            (rising edge-triggered cell FDRE clocked by clk_fpga_0  {rise@0.000ns fall@4.000ns period=8.000ns})
  Path Group:             clk_fpga_0
  Path Type:              Setup (Max at Slow Process Corner)
  Requirement:            8.000ns  (clk_fpga_0 rise@8.000ns - clk_fpga_0 rise@0.000ns)
  Data Path Delay:        7.409ns  (logic 2.577ns (34.780%)  route 4.832ns (65.220%))
  Logic Levels:           11  (CARRY4=6 LUT2=1 LUT3=1 LUT4=2 LUT5=1)
  Clock Path Skew:        -0.204ns (DCD - SCD + CPR)
    Destination Clock Delay (DCD):    2.655ns = ( 10.655 - 8.000 ) 
    Source Clock Delay      (SCD):    2.988ns
    Clock Pessimism Removal (CPR):    0.129ns
  Clock Uncertainty:      0.125ns  ((TSJ^2 + TIJ^2)^1/2 + DJ) / 2 + PE
    Total System Jitter     (TSJ):    0.071ns
    Total Input Jitter      (TIJ):    0.240ns
    Discrete Jitter          (DJ):    0.000ns
    Phase Error              (PE):    0.000ns

    Location             Delay type                Incr(ns)  Path(ns)    Netlist Resource(s)
  -------------------------------------------------------------------    -------------------
                         (clock clk_fpga_0 rise edge)
                                                      0.000     0.000 r  <hidden>
    PS7_X0Y0             PS7                          0.000     0.000 r  system_i/ps7/inst/PS7_i/FCLKCLK[0]
                         net (fo=1, routed)           1.193     1.193    system_i/ps7/inst/FCLK_CLK_unbuffered[0]
    BUFGCTRL_X0Y16       BUFG (Prop_bufg_I_O)         0.101     1.294 r  system_i/ps7/inst/buffer_fclk_clk_0.FCLK_CLK_0_BUFG/O
                         net (fo=10935, routed)       1.694     2.988    system_i/iq_0/inst/freq_ring/s_axi_aclk
    SLICE_X55Y77         FDRE                                         r  system_i/iq_0/inst/freq_ring/producer_reg[1]_replica/C
  -------------------------------------------------------------------    -------------------
    SLICE_X55Y77         FDRE (Prop_fdre_C_Q)         0.456     3.444 r  system_i/iq_0/inst/freq_ring/producer_reg[1]_replica/Q
                         net (fo=6, routed)           0.855     4.299    system_i/iq_0/inst/freq_ring/producer[1]_repN
    SLICE_X52Y75         LUT2 (Prop_lut2_I0_O)        0.124     4.423 r  system_i/iq_0/inst/freq_ring/staging[1023]_i_48/O
                         net (fo=1, routed)           0.000     4.423    system_i/iq_0/inst/freq_ring/staging[1023]_i_48_n_0
    SLICE_X52Y75         CARRY4 (Prop_carry4_S[1]_CO[3])
                                                      0.550     4.973 r  system_i/iq_0/inst/freq_ring/staging_reg[1023]_i_41/CO[3]
                         net (fo=1, routed)           0.000     4.973    system_i/iq_0/inst/freq_ring/staging_reg[1023]_i_41_n_0
    SLICE_X52Y76         CARRY4 (Prop_carry4_CI_CO[3])
                                                      0.114     5.087 r  system_i/iq_0/inst/freq_ring/staging_reg[1023]_i_32/CO[3]
                         net (fo=1, routed)           0.000     5.087    system_i/iq_0/inst/freq_ring/staging_reg[1023]_i_32_n_0
    SLICE_X52Y77         CARRY4 (Prop_carry4_CI_CO[3])
                                                      0.114     5.201 r  system_i/iq_0/inst/freq_ring/staging_reg[1023]_i_13/CO[3]
                         net (fo=1, routed)           0.000     5.201    system_i/iq_0/inst/freq_ring/staging_reg[1023]_i_13_n_0
    SLICE_X52Y78         CARRY4 (Prop_carry4_CI_CO[3])
                                                      0.114     5.315 r  system_i/iq_0/inst/freq_ring/staging_reg[1023]_i_14/CO[3]
                         net (fo=1, routed)           0.000     5.315    system_i/iq_0/inst/freq_ring/staging_reg[1023]_i_14_n_0
    SLICE_X52Y79         CARRY4 (Prop_carry4_CI_CO[3])
                                                      0.114     5.429 r  system_i/iq_0/inst/freq_ring/staging_reg[1023]_i_7/CO[3]
                         net (fo=1, routed)           0.000     5.429    system_i/iq_0/inst/freq_ring/staging_reg[1023]_i_7_n_0
    SLICE_X52Y80         CARRY4 (Prop_carry4_CI_O[3])
                                                      0.313     5.742 f  system_i/iq_0/inst/freq_ring/staging_reg[1023]_i_8/O[3]
                         net (fo=1, routed)           0.969     6.711    system_i/iq_0/inst/freq_ring/staging_reg[1023]_i_8_n_4
    SLICE_X44Y80         LUT4 (Prop_lut4_I3_O)        0.306     7.017 f  system_i/iq_0/inst/freq_ring/staging[1023]_i_9/O
                         net (fo=1, routed)           0.158     7.175    system_i/iq_0/inst/freq_ring/staging[1023]_i_9_n_0
    SLICE_X44Y80         LUT5 (Prop_lut5_I4_O)        0.124     7.299 f  system_i/iq_0/inst/freq_ring/staging[1023]_i_4/O
                         net (fo=1, routed)           0.733     8.032    system_i/iq_0/inst/freq_ring/staging[1023]_i_4_n_0
    SLICE_X49Y76         LUT4 (Prop_lut4_I1_O)        0.124     8.156 f  system_i/iq_0/inst/freq_ring/staging[1023]_i_3/O
                         net (fo=4, routed)           0.802     8.958    system_i/iq_0/inst/freq_ring/busy_reg_0
    SLICE_X43Y72         LUT3 (Prop_lut3_I1_O)        0.124     9.082 r  system_i/iq_0/inst/freq_ring/staging[1023]_i_1/O
                         net (fo=1024, routed)        1.315    10.397    system_i/iq_0/inst/freq_ring/staging[1023]_i_1_n_0
    SLICE_X47Y59         FDRE                                         r  system_i/iq_0/inst/freq_ring/staging_reg[224]/CE
  -------------------------------------------------------------------    -------------------

                         (clock clk_fpga_0 rise edge)
                                                      8.000     8.000 r  <hidden>
    PS7_X0Y0             PS7                          0.000     8.000 r  system_i/ps7/inst/PS7_i/FCLKCLK[0]
                         net (fo=1, routed)           1.088     9.088    system_i/ps7/inst/FCLK_CLK_unbuffered[0]
    BUFGCTRL_X0Y16       BUFG (Prop_bufg_I_O)         0.091     9.179 r  system_i/ps7/inst/buffer_fclk_clk_0.FCLK_CLK_0_BUFG/O
                         net (fo=10935, routed)       1.476    10.655    system_i/iq_0/inst/freq_ring/s_axi_aclk
    SLICE_X47Y59         FDRE                                         r  system_i/iq_0/inst/freq_ring/staging_reg[224]/C
                         clock pessimism              0.129    10.784    <hidden>
                         clock uncertainty           -0.125    10.659    <hidden>
    SLICE_X47Y59         FDRE (Setup_fdre_C_CE)      -0.205    10.454    system_i/iq_0/inst/freq_ring/staging_reg[224]
  -------------------------------------------------------------------
                         required time                         10.454    <hidden>
                         arrival time                         -10.397    <hidden>
  -------------------------------------------------------------------
                         slack                                  0.056    <hidden>

Slack (MET) :             0.056ns  (required time - arrival time)
  Source:                 system_i/iq_0/inst/freq_ring/producer_reg[1]_replica/C
                            (rising edge-triggered cell FDRE clocked by clk_fpga_0  {rise@0.000ns fall@4.000ns period=8.000ns})
  Destination:            system_i/iq_0/inst/freq_ring/staging_reg[238]/CE
                            (rising edge-triggered cell FDRE clocked by clk_fpga_0  {rise@0.000ns fall@4.000ns period=8.000ns})
  Path Group:             clk_fpga_0
  Path Type:              Setup (Max at Slow Process Corner)
  Requirement:            8.000ns  (clk_fpga_0 rise@8.000ns - clk_fpga_0 rise@0.000ns)
  Data Path Delay:        7.409ns  (logic 2.577ns (34.780%)  route 4.832ns (65.220%))
  Logic Levels:           11  (CARRY4=6 LUT2=1 LUT3=1 LUT4=2 LUT5=1)
  Clock Path Skew:        -0.204ns (DCD - SCD + CPR)
    Destination Clock Delay (DCD):    2.655ns = ( 10.655 - 8.000 ) 
    Source Clock Delay      (SCD):    2.988ns
    Clock Pessimism Removal (CPR):    0.129ns
  Clock Uncertainty:      0.125ns  ((TSJ^2 + TIJ^2)^1/2 + DJ) / 2 + PE
    Total System Jitter     (TSJ):    0.071ns
    Total Input Jitter      (TIJ):    0.240ns
    Discrete Jitter          (DJ):    0.000ns
    Phase Error              (PE):    0.000ns

    Location             Delay type                Incr(ns)  Path(ns)    Netlist Resource(s)
  -------------------------------------------------------------------    -------------------
                         (clock clk_fpga_0 rise edge)
                                                      0.000     0.000 r  <hidden>
    PS7_X0Y0             PS7                          0.000     0.000 r  system_i/ps7/inst/PS7_i/FCLKCLK[0]
                         net (fo=1, routed)           1.193     1.193    system_i/ps7/inst/FCLK_CLK_unbuffered[0]
    BUFGCTRL_X0Y16       BUFG (Prop_bufg_I_O)         0.101     1.294 r  system_i/ps7/inst/buffer_fclk_clk_0.FCLK_CLK_0_BUFG/O
                         net (fo=10935, routed)       1.694     2.988    system_i/iq_0/inst/freq_ring/s_axi_aclk
    SLICE_X55Y77         FDRE                                         r  system_i/iq_0/inst/freq_ring/producer_reg[1]_replica/C
  -------------------------------------------------------------------    -------------------
    SLICE_X55Y77         FDRE (Prop_fdre_C_Q)         0.456     3.444 r  system_i/iq_0/inst/freq_ring/producer_reg[1]_replica/Q
                         net (fo=6, routed)           0.855     4.299    system_i/iq_0/inst/freq_ring/producer[1]_repN
    SLICE_X52Y75         LUT2 (Prop_lut2_I0_O)        0.124     4.423 r  system_i/iq_0/inst/freq_ring/staging[1023]_i_48/O
                         net (fo=1, routed)           0.000     4.423    system_i/iq_0/inst/freq_ring/staging[1023]_i_48_n_0
    SLICE_X52Y75         CARRY4 (Prop_carry4_S[1]_CO[3])
                                                      0.550     4.973 r  system_i/iq_0/inst/freq_ring/staging_reg[1023]_i_41/CO[3]
                         net (fo=1, routed)           0.000     4.973    system_i/iq_0/inst/freq_ring/staging_reg[1023]_i_41_n_0
    SLICE_X52Y76         CARRY4 (Prop_carry4_CI_CO[3])
                                                      0.114     5.087 r  system_i/iq_0/inst/freq_ring/staging_reg[1023]_i_32/CO[3]
                         net (fo=1, routed)           0.000     5.087    system_i/iq_0/inst/freq_ring/staging_reg[1023]_i_32_n_0
    SLICE_X52Y77         CARRY4 (Prop_carry4_CI_CO[3])
                                                      0.114     5.201 r  system_i/iq_0/inst/freq_ring/staging_reg[1023]_i_13/CO[3]
                         net (fo=1, routed)           0.000     5.201    system_i/iq_0/inst/freq_ring/staging_reg[1023]_i_13_n_0
    SLICE_X52Y78         CARRY4 (Prop_carry4_CI_CO[3])
                                                      0.114     5.315 r  system_i/iq_0/inst/freq_ring/staging_reg[1023]_i_14/CO[3]
                         net (fo=1, routed)           0.000     5.315    system_i/iq_0/inst/freq_ring/staging_reg[1023]_i_14_n_0
    SLICE_X52Y79         CARRY4 (Prop_carry4_CI_CO[3])
                                                      0.114     5.429 r  system_i/iq_0/inst/freq_ring/staging_reg[1023]_i_7/CO[3]
                         net (fo=1, routed)           0.000     5.429    system_i/iq_0/inst/freq_ring/staging_reg[1023]_i_7_n_0
    SLICE_X52Y80         CARRY4 (Prop_carry4_CI_O[3])
                                                      0.313     5.742 f  system_i/iq_0/inst/freq_ring/staging_reg[1023]_i_8/O[3]
                         net (fo=1, routed)           0.969     6.711    system_i/iq_0/inst/freq_ring/staging_reg[1023]_i_8_n_4
    SLICE_X44Y80         LUT4 (Prop_lut4_I3_O)        0.306     7.017 f  system_i/iq_0/inst/freq_ring/staging[1023]_i_9/O
                         net (fo=1, routed)           0.158     7.175    system_i/iq_0/inst/freq_ring/staging[1023]_i_9_n_0
    SLICE_X44Y80         LUT5 (Prop_lut5_I4_O)        0.124     7.299 f  system_i/iq_0/inst/freq_ring/staging[1023]_i_4/O
                         net (fo=1, routed)           0.733     8.032    system_i/iq_0/inst/freq_ring/staging[1023]_i_4_n_0
    SLICE_X49Y76         LUT4 (Prop_lut4_I1_O)        0.124     8.156 f  system_i/iq_0/inst/freq_ring/staging[1023]_i_3/O
                         net (fo=4, routed)           0.802     8.958    system_i/iq_0/inst/freq_ring/busy_reg_0
    SLICE_X43Y72         LUT3 (Prop_lut3_I1_O)        0.124     9.082 r  system_i/iq_0/inst/freq_ring/staging[1023]_i_1/O
                         net (fo=1024, routed)        1.315    10.397    system_i/iq_0/inst/freq_ring/staging[1023]_i_1_n_0
    SLICE_X47Y59         FDRE                                         r  system_i/iq_0/inst/freq_ring/staging_reg[238]/CE
  -------------------------------------------------------------------    -------------------

                         (clock clk_fpga_0 rise edge)
                                                      8.000     8.000 r  <hidden>
    PS7_X0Y0             PS7                          0.000     8.000 r  system_i/ps7/inst/PS7_i/FCLKCLK[0]
                         net (fo=1, routed)           1.088     9.088    system_i/ps7/inst/FCLK_CLK_unbuffered[0]
    BUFGCTRL_X0Y16       BUFG (Prop_bufg_I_O)         0.091     9.179 r  system_i/ps7/inst/buffer_fclk_clk_0.FCLK_CLK_0_BUFG/O
                         net (fo=10935, routed)       1.476    10.655    system_i/iq_0/inst/freq_ring/s_axi_aclk
    SLICE_X47Y59         FDRE                                         r  system_i/iq_0/inst/freq_ring/staging_reg[238]/C
                         clock pessimism              0.129    10.784    <hidden>
                         clock uncertainty           -0.125    10.659    <hidden>
    SLICE_X47Y59         FDRE (Setup_fdre_C_CE)      -0.205    10.454    system_i/iq_0/inst/freq_ring/staging_reg[238]
  -------------------------------------------------------------------
                         required time                         10.454    <hidden>
                         arrival time                         -10.397    <hidden>
  -------------------------------------------------------------------
                         slack                                  0.056    <hidden>

Slack (MET) :             0.056ns  (required time - arrival time)
  Source:                 system_i/iq_0/inst/freq_ring/producer_reg[1]_replica/C
                            (rising edge-triggered cell FDRE clocked by clk_fpga_0  {rise@0.000ns fall@4.000ns period=8.000ns})
  Destination:            system_i/iq_0/inst/freq_ring/staging_reg[239]/CE
                            (rising edge-triggered cell FDRE clocked by clk_fpga_0  {rise@0.000ns fall@4.000ns period=8.000ns})
  Path Group:             clk_fpga_0
  Path Type:              Setup (Max at Slow Process Corner)
  Requirement:            8.000ns  (clk_fpga_0 rise@8.000ns - clk_fpga_0 rise@0.000ns)
  Data Path Delay:        7.409ns  (logic 2.577ns (34.780%)  route 4.832ns (65.220%))
  Logic Levels:           11  (CARRY4=6 LUT2=1 LUT3=1 LUT4=2 LUT5=1)
  Clock Path Skew:        -0.204ns (DCD - SCD + CPR)
    Destination Clock Delay (DCD):    2.655ns = ( 10.655 - 8.000 ) 
    Source Clock Delay      (SCD):    2.988ns
    Clock Pessimism Removal (CPR):    0.129ns
  Clock Uncertainty:      0.125ns  ((TSJ^2 + TIJ^2)^1/2 + DJ) / 2 + PE
    Total System Jitter     (TSJ):    0.071ns
    Total Input Jitter      (TIJ):    0.240ns
    Discrete Jitter          (DJ):    0.000ns
    Phase Error              (PE):    0.000ns

    Location             Delay type                Incr(ns)  Path(ns)    Netlist Resource(s)
  -------------------------------------------------------------------    -------------------
                         (clock clk_fpga_0 rise edge)
                                                      0.000     0.000 r  <hidden>
    PS7_X0Y0             PS7                          0.000     0.000 r  system_i/ps7/inst/PS7_i/FCLKCLK[0]
                         net (fo=1, routed)           1.193     1.193    system_i/ps7/inst/FCLK_CLK_unbuffered[0]
    BUFGCTRL_X0Y16       BUFG (Prop_bufg_I_O)         0.101     1.294 r  system_i/ps7/inst/buffer_fclk_clk_0.FCLK_CLK_0_BUFG/O
                         net (fo=10935, routed)       1.694     2.988    system_i/iq_0/inst/freq_ring/s_axi_aclk
    SLICE_X55Y77         FDRE                                         r  system_i/iq_0/inst/freq_ring/producer_reg[1]_replica/C
  -------------------------------------------------------------------    -------------------
    SLICE_X55Y77         FDRE (Prop_fdre_C_Q)         0.456     3.444 r  system_i/iq_0/inst/freq_ring/producer_reg[1]_replica/Q
                         net (fo=6, routed)           0.855     4.299    system_i/iq_0/inst/freq_ring/producer[1]_repN
    SLICE_X52Y75         LUT2 (Prop_lut2_I0_O)        0.124     4.423 r  system_i/iq_0/inst/freq_ring/staging[1023]_i_48/O
                         net (fo=1, routed)           0.000     4.423    system_i/iq_0/inst/freq_ring/staging[1023]_i_48_n_0
    SLICE_X52Y75         CARRY4 (Prop_carry4_S[1]_CO[3])
                                                      0.550     4.973 r  system_i/iq_0/inst/freq_ring/staging_reg[1023]_i_41/CO[3]
                         net (fo=1, routed)           0.000     4.973    system_i/iq_0/inst/freq_ring/staging_reg[1023]_i_41_n_0
    SLICE_X52Y76         CARRY4 (Prop_carry4_CI_CO[3])
                                                      0.114     5.087 r  system_i/iq_0/inst/freq_ring/staging_reg[1023]_i_32/CO[3]
                         net (fo=1, routed)           0.000     5.087    system_i/iq_0/inst/freq_ring/staging_reg[1023]_i_32_n_0
    SLICE_X52Y77         CARRY4 (Prop_carry4_CI_CO[3])
                                                      0.114     5.201 r  system_i/iq_0/inst/freq_ring/staging_reg[1023]_i_13/CO[3]
                         net (fo=1, routed)           0.000     5.201    system_i/iq_0/inst/freq_ring/staging_reg[1023]_i_13_n_0
    SLICE_X52Y78         CARRY4 (Prop_carry4_CI_CO[3])
                                                      0.114     5.315 r  system_i/iq_0/inst/freq_ring/staging_reg[1023]_i_14/CO[3]
                         net (fo=1, routed)           0.000     5.315    system_i/iq_0/inst/freq_ring/staging_reg[1023]_i_14_n_0
    SLICE_X52Y79         CARRY4 (Prop_carry4_CI_CO[3])
                                                      0.114     5.429 r  system_i/iq_0/inst/freq_ring/staging_reg[1023]_i_7/CO[3]
                         net (fo=1, routed)           0.000     5.429    system_i/iq_0/inst/freq_ring/staging_reg[1023]_i_7_n_0
    SLICE_X52Y80         CARRY4 (Prop_carry4_CI_O[3])
                                                      0.313     5.742 f  system_i/iq_0/inst/freq_ring/staging_reg[1023]_i_8/O[3]
                         net (fo=1, routed)           0.969     6.711    system_i/iq_0/inst/freq_ring/staging_reg[1023]_i_8_n_4
    SLICE_X44Y80         LUT4 (Prop_lut4_I3_O)        0.306     7.017 f  system_i/iq_0/inst/freq_ring/staging[1023]_i_9/O
                         net (fo=1, routed)           0.158     7.175    system_i/iq_0/inst/freq_ring/staging[1023]_i_9_n_0
    SLICE_X44Y80         LUT5 (Prop_lut5_I4_O)        0.124     7.299 f  system_i/iq_0/inst/freq_ring/staging[1023]_i_4/O
                         net (fo=1, routed)           0.733     8.032    system_i/iq_0/inst/freq_ring/staging[1023]_i_4_n_0
    SLICE_X49Y76         LUT4 (Prop_lut4_I1_O)        0.124     8.156 f  system_i/iq_0/inst/freq_ring/staging[1023]_i_3/O
                         net (fo=4, routed)           0.802     8.958    system_i/iq_0/inst/freq_ring/busy_reg_0
    SLICE_X43Y72         LUT3 (Prop_lut3_I1_O)        0.124     9.082 r  system_i/iq_0/inst/freq_ring/staging[1023]_i_1/O
                         net (fo=1024, routed)        1.315    10.397    system_i/iq_0/inst/freq_ring/staging[1023]_i_1_n_0
    SLICE_X47Y59         FDRE                                         r  system_i/iq_0/inst/freq_ring/staging_reg[239]/CE
  -------------------------------------------------------------------    -------------------

                         (clock clk_fpga_0 rise edge)
                                                      8.000     8.000 r  <hidden>
    PS7_X0Y0             PS7                          0.000     8.000 r  system_i/ps7/inst/PS7_i/FCLKCLK[0]
                         net (fo=1, routed)           1.088     9.088    system_i/ps7/inst/FCLK_CLK_unbuffered[0]
    BUFGCTRL_X0Y16       BUFG (Prop_bufg_I_O)         0.091     9.179 r  system_i/ps7/inst/buffer_fclk_clk_0.FCLK_CLK_0_BUFG/O
                         net (fo=10935, routed)       1.476    10.655    system_i/iq_0/inst/freq_ring/s_axi_aclk
    SLICE_X47Y59         FDRE                                         r  system_i/iq_0/inst/freq_ring/staging_reg[239]/C
                         clock pessimism              0.129    10.784    <hidden>
                         clock uncertainty           -0.125    10.659    <hidden>
    SLICE_X47Y59         FDRE (Setup_fdre_C_CE)      -0.205    10.454    system_i/iq_0/inst/freq_ring/staging_reg[239]
  -------------------------------------------------------------------
                         required time                         10.454    <hidden>
                         arrival time                         -10.397    <hidden>
  -------------------------------------------------------------------
                         slack                                  0.056    <hidden>

Slack (MET) :             0.061ns  (required time - arrival time)
  Source:                 system_i/iq_0/inst/freq_ring/producer_reg[1]_replica/C
                            (rising edge-triggered cell FDRE clocked by clk_fpga_0  {rise@0.000ns fall@4.000ns period=8.000ns})
  Destination:            system_i/iq_0/inst/freq_ring/staging_reg[637]/CE
                            (rising edge-triggered cell FDRE clocked by clk_fpga_0  {rise@0.000ns fall@4.000ns period=8.000ns})
  Path Group:             clk_fpga_0
  Path Type:              Setup (Max at Slow Process Corner)
  Requirement:            8.000ns  (clk_fpga_0 rise@8.000ns - clk_fpga_0 rise@0.000ns)
  Data Path Delay:        7.405ns  (logic 2.577ns (34.799%)  route 4.828ns (65.201%))
  Logic Levels:           11  (CARRY4=6 LUT2=1 LUT3=1 LUT4=2 LUT5=1)
  Clock Path Skew:        -0.203ns (DCD - SCD + CPR)
    Destination Clock Delay (DCD):    2.656ns = ( 10.656 - 8.000 ) 
    Source Clock Delay      (SCD):    2.988ns
    Clock Pessimism Removal (CPR):    0.129ns
  Clock Uncertainty:      0.125ns  ((TSJ^2 + TIJ^2)^1/2 + DJ) / 2 + PE
    Total System Jitter     (TSJ):    0.071ns
    Total Input Jitter      (TIJ):    0.240ns
    Discrete Jitter          (DJ):    0.000ns
    Phase Error              (PE):    0.000ns

    Location             Delay type                Incr(ns)  Path(ns)    Netlist Resource(s)
  -------------------------------------------------------------------    -------------------
                         (clock clk_fpga_0 rise edge)
                                                      0.000     0.000 r  <hidden>
    PS7_X0Y0             PS7                          0.000     0.000 r  system_i/ps7/inst/PS7_i/FCLKCLK[0]
                         net (fo=1, routed)           1.193     1.193    system_i/ps7/inst/FCLK_CLK_unbuffered[0]
    BUFGCTRL_X0Y16       BUFG (Prop_bufg_I_O)         0.101     1.294 r  system_i/ps7/inst/buffer_fclk_clk_0.FCLK_CLK_0_BUFG/O
                         net (fo=10935, routed)       1.694     2.988    system_i/iq_0/inst/freq_ring/s_axi_aclk
    SLICE_X55Y77         FDRE                                         r  system_i/iq_0/inst/freq_ring/producer_reg[1]_replica/C
  -------------------------------------------------------------------    -------------------
    SLICE_X55Y77         FDRE (Prop_fdre_C_Q)         0.456     3.444 r  system_i/iq_0/inst/freq_ring/producer_reg[1]_replica/Q
                         net (fo=6, routed)           0.855     4.299    system_i/iq_0/inst/freq_ring/producer[1]_repN
    SLICE_X52Y75         LUT2 (Prop_lut2_I0_O)        0.124     4.423 r  system_i/iq_0/inst/freq_ring/staging[1023]_i_48/O
                         net (fo=1, routed)           0.000     4.423    system_i/iq_0/inst/freq_ring/staging[1023]_i_48_n_0
    SLICE_X52Y75         CARRY4 (Prop_carry4_S[1]_CO[3])
                                                      0.550     4.973 r  system_i/iq_0/inst/freq_ring/staging_reg[1023]_i_41/CO[3]
                         net (fo=1, routed)           0.000     4.973    system_i/iq_0/inst/freq_ring/staging_reg[1023]_i_41_n_0
    SLICE_X52Y76         CARRY4 (Prop_carry4_CI_CO[3])
                                                      0.114     5.087 r  system_i/iq_0/inst/freq_ring/staging_reg[1023]_i_32/CO[3]
                         net (fo=1, routed)           0.000     5.087    system_i/iq_0/inst/freq_ring/staging_reg[1023]_i_32_n_0
    SLICE_X52Y77         CARRY4 (Prop_carry4_CI_CO[3])
                                                      0.114     5.201 r  system_i/iq_0/inst/freq_ring/staging_reg[1023]_i_13/CO[3]
                         net (fo=1, routed)           0.000     5.201    system_i/iq_0/inst/freq_ring/staging_reg[1023]_i_13_n_0
    SLICE_X52Y78         CARRY4 (Prop_carry4_CI_CO[3])
                                                      0.114     5.315 r  system_i/iq_0/inst/freq_ring/staging_reg[1023]_i_14/CO[3]
                         net (fo=1, routed)           0.000     5.315    system_i/iq_0/inst/freq_ring/staging_reg[1023]_i_14_n_0
    SLICE_X52Y79         CARRY4 (Prop_carry4_CI_CO[3])
                                                      0.114     5.429 r  system_i/iq_0/inst/freq_ring/staging_reg[1023]_i_7/CO[3]
                         net (fo=1, routed)           0.000     5.429    system_i/iq_0/inst/freq_ring/staging_reg[1023]_i_7_n_0
    SLICE_X52Y80         CARRY4 (Prop_carry4_CI_O[3])
                                                      0.313     5.742 f  system_i/iq_0/inst/freq_ring/staging_reg[1023]_i_8/O[3]
                         net (fo=1, routed)           0.969     6.711    system_i/iq_0/inst/freq_ring/staging_reg[1023]_i_8_n_4
    SLICE_X44Y80         LUT4 (Prop_lut4_I3_O)        0.306     7.017 f  system_i/iq_0/inst/freq_ring/staging[1023]_i_9/O
                         net (fo=1, routed)           0.158     7.175    system_i/iq_0/inst/freq_ring/staging[1023]_i_9_n_0
    SLICE_X44Y80         LUT5 (Prop_lut5_I4_O)        0.124     7.299 f  system_i/iq_0/inst/freq_ring/staging[1023]_i_4/O
                         net (fo=1, routed)           0.733     8.032    system_i/iq_0/inst/freq_ring/staging[1023]_i_4_n_0
    SLICE_X49Y76         LUT4 (Prop_lut4_I1_O)        0.124     8.156 f  system_i/iq_0/inst/freq_ring/staging[1023]_i_3/O
                         net (fo=4, routed)           0.802     8.958    system_i/iq_0/inst/freq_ring/busy_reg_0
    SLICE_X43Y72         LUT3 (Prop_lut3_I1_O)        0.124     9.082 r  system_i/iq_0/inst/freq_ring/staging[1023]_i_1/O
                         net (fo=1024, routed)        1.311    10.393    system_i/iq_0/inst/freq_ring/staging[1023]_i_1_n_0
    SLICE_X41Y59         FDRE                                         r  system_i/iq_0/inst/freq_ring/staging_reg[637]/CE
  -------------------------------------------------------------------    -------------------

                         (clock clk_fpga_0 rise edge)
                                                      8.000     8.000 r  <hidden>
    PS7_X0Y0             PS7                          0.000     8.000 r  system_i/ps7/inst/PS7_i/FCLKCLK[0]
                         net (fo=1, routed)           1.088     9.088    system_i/ps7/inst/FCLK_CLK_unbuffered[0]
    BUFGCTRL_X0Y16       BUFG (Prop_bufg_I_O)         0.091     9.179 r  system_i/ps7/inst/buffer_fclk_clk_0.FCLK_CLK_0_BUFG/O
                         net (fo=10935, routed)       1.477    10.656    system_i/iq_0/inst/freq_ring/s_axi_aclk
    SLICE_X41Y59         FDRE                                         r  system_i/iq_0/inst/freq_ring/staging_reg[637]/C
                         clock pessimism              0.129    10.785    <hidden>
                         clock uncertainty           -0.125    10.660    <hidden>
    SLICE_X41Y59         FDRE (Setup_fdre_C_CE)      -0.205    10.455    system_i/iq_0/inst/freq_ring/staging_reg[637]
  -------------------------------------------------------------------
                         required time                         10.455    <hidden>
                         arrival time                         -10.393    <hidden>
  -------------------------------------------------------------------
                         slack                                  0.061    <hidden>

Slack (MET) :             0.061ns  (required time - arrival time)
  Source:                 system_i/iq_0/inst/freq_ring/producer_reg[1]_replica/C
                            (rising edge-triggered cell FDRE clocked by clk_fpga_0  {rise@0.000ns fall@4.000ns period=8.000ns})
  Destination:            system_i/iq_0/inst/freq_ring/staging_reg[640]/CE
                            (rising edge-triggered cell FDRE clocked by clk_fpga_0  {rise@0.000ns fall@4.000ns period=8.000ns})
  Path Group:             clk_fpga_0
  Path Type:              Setup (Max at Slow Process Corner)
  Requirement:            8.000ns  (clk_fpga_0 rise@8.000ns - clk_fpga_0 rise@0.000ns)
  Data Path Delay:        7.405ns  (logic 2.577ns (34.799%)  route 4.828ns (65.201%))
  Logic Levels:           11  (CARRY4=6 LUT2=1 LUT3=1 LUT4=2 LUT5=1)
  Clock Path Skew:        -0.203ns (DCD - SCD + CPR)
    Destination Clock Delay (DCD):    2.656ns = ( 10.656 - 8.000 ) 
    Source Clock Delay      (SCD):    2.988ns
    Clock Pessimism Removal (CPR):    0.129ns
  Clock Uncertainty:      0.125ns  ((TSJ^2 + TIJ^2)^1/2 + DJ) / 2 + PE
    Total System Jitter     (TSJ):    0.071ns
    Total Input Jitter      (TIJ):    0.240ns
    Discrete Jitter          (DJ):    0.000ns
    Phase Error              (PE):    0.000ns

    Location             Delay type                Incr(ns)  Path(ns)    Netlist Resource(s)
  -------------------------------------------------------------------    -------------------
                         (clock clk_fpga_0 rise edge)
                                                      0.000     0.000 r  <hidden>
    PS7_X0Y0             PS7                          0.000     0.000 r  system_i/ps7/inst/PS7_i/FCLKCLK[0]
                         net (fo=1, routed)           1.193     1.193    system_i/ps7/inst/FCLK_CLK_unbuffered[0]
    BUFGCTRL_X0Y16       BUFG (Prop_bufg_I_O)         0.101     1.294 r  system_i/ps7/inst/buffer_fclk_clk_0.FCLK_CLK_0_BUFG/O
                         net (fo=10935, routed)       1.694     2.988    system_i/iq_0/inst/freq_ring/s_axi_aclk
    SLICE_X55Y77         FDRE                                         r  system_i/iq_0/inst/freq_ring/producer_reg[1]_replica/C
  -------------------------------------------------------------------    -------------------
    SLICE_X55Y77         FDRE (Prop_fdre_C_Q)         0.456     3.444 r  system_i/iq_0/inst/freq_ring/producer_reg[1]_replica/Q
                         net (fo=6, routed)           0.855     4.299    system_i/iq_0/inst/freq_ring/producer[1]_repN
    SLICE_X52Y75         LUT2 (Prop_lut2_I0_O)        0.124     4.423 r  system_i/iq_0/inst/freq_ring/staging[1023]_i_48/O
                         net (fo=1, routed)           0.000     4.423    system_i/iq_0/inst/freq_ring/staging[1023]_i_48_n_0
    SLICE_X52Y75         CARRY4 (Prop_carry4_S[1]_CO[3])
                                                      0.550     4.973 r  system_i/iq_0/inst/freq_ring/staging_reg[1023]_i_41/CO[3]
                         net (fo=1, routed)           0.000     4.973    system_i/iq_0/inst/freq_ring/staging_reg[1023]_i_41_n_0
    SLICE_X52Y76         CARRY4 (Prop_carry4_CI_CO[3])
                                                      0.114     5.087 r  system_i/iq_0/inst/freq_ring/staging_reg[1023]_i_32/CO[3]
                         net (fo=1, routed)           0.000     5.087    system_i/iq_0/inst/freq_ring/staging_reg[1023]_i_32_n_0
    SLICE_X52Y77         CARRY4 (Prop_carry4_CI_CO[3])
                                                      0.114     5.201 r  system_i/iq_0/inst/freq_ring/staging_reg[1023]_i_13/CO[3]
                         net (fo=1, routed)           0.000     5.201    system_i/iq_0/inst/freq_ring/staging_reg[1023]_i_13_n_0
    SLICE_X52Y78         CARRY4 (Prop_carry4_CI_CO[3])
                                                      0.114     5.315 r  system_i/iq_0/inst/freq_ring/staging_reg[1023]_i_14/CO[3]
                         net (fo=1, routed)           0.000     5.315    system_i/iq_0/inst/freq_ring/staging_reg[1023]_i_14_n_0
    SLICE_X52Y79         CARRY4 (Prop_carry4_CI_CO[3])
                                                      0.114     5.429 r  system_i/iq_0/inst/freq_ring/staging_reg[1023]_i_7/CO[3]
                         net (fo=1, routed)           0.000     5.429    system_i/iq_0/inst/freq_ring/staging_reg[1023]_i_7_n_0
    SLICE_X52Y80         CARRY4 (Prop_carry4_CI_O[3])
                                                      0.313     5.742 f  system_i/iq_0/inst/freq_ring/staging_reg[1023]_i_8/O[3]
                         net (fo=1, routed)           0.969     6.711    system_i/iq_0/inst/freq_ring/staging_reg[1023]_i_8_n_4
    SLICE_X44Y80         LUT4 (Prop_lut4_I3_O)        0.306     7.017 f  system_i/iq_0/inst/freq_ring/staging[1023]_i_9/O
                         net (fo=1, routed)           0.158     7.175    system_i/iq_0/inst/freq_ring/staging[1023]_i_9_n_0
    SLICE_X44Y80         LUT5 (Prop_lut5_I4_O)        0.124     7.299 f  system_i/iq_0/inst/freq_ring/staging[1023]_i_4/O
                         net (fo=1, routed)           0.733     8.032    system_i/iq_0/inst/freq_ring/staging[1023]_i_4_n_0
    SLICE_X49Y76         LUT4 (Prop_lut4_I1_O)        0.124     8.156 f  system_i/iq_0/inst/freq_ring/staging[1023]_i_3/O
                         net (fo=4, routed)           0.802     8.958    system_i/iq_0/inst/freq_ring/busy_reg_0
    SLICE_X43Y72         LUT3 (Prop_lut3_I1_O)        0.124     9.082 r  system_i/iq_0/inst/freq_ring/staging[1023]_i_1/O
                         net (fo=1024, routed)        1.311    10.393    system_i/iq_0/inst/freq_ring/staging[1023]_i_1_n_0
    SLICE_X41Y59         FDRE                                         r  system_i/iq_0/inst/freq_ring/staging_reg[640]/CE
  -------------------------------------------------------------------    -------------------

                         (clock clk_fpga_0 rise edge)
                                                      8.000     8.000 r  <hidden>
    PS7_X0Y0             PS7                          0.000     8.000 r  system_i/ps7/inst/PS7_i/FCLKCLK[0]
                         net (fo=1, routed)           1.088     9.088    system_i/ps7/inst/FCLK_CLK_unbuffered[0]
    BUFGCTRL_X0Y16       BUFG (Prop_bufg_I_O)         0.091     9.179 r  system_i/ps7/inst/buffer_fclk_clk_0.FCLK_CLK_0_BUFG/O
                         net (fo=10935, routed)       1.477    10.656    system_i/iq_0/inst/freq_ring/s_axi_aclk
    SLICE_X41Y59         FDRE                                         r  system_i/iq_0/inst/freq_ring/staging_reg[640]/C
                         clock pessimism              0.129    10.785    <hidden>
                         clock uncertainty           -0.125    10.660    <hidden>
    SLICE_X41Y59         FDRE (Setup_fdre_C_CE)      -0.205    10.455    system_i/iq_0/inst/freq_ring/staging_reg[640]
  -------------------------------------------------------------------
                         required time                         10.455    <hidden>
                         arrival time                         -10.393    <hidden>
  -------------------------------------------------------------------
                         slack                                  0.061    <hidden>




